OID_;ULAND;UREGBEZ;UKREIS;UGEMEINDE;UJAHR;UMONAT;USTUNDE;UWOCHENTAG;UKATEGORIE;UART;UTYP1;IstRad;IstPKW;IstFuss;IstKrad;IstSonstige;ULICHTVERH;IstGkfz;LINREFX;LINREFY;XGCSWGS84;YGCSWGS84;UIDENTSTLAE;IstStrassenzustand
23782;5;1;54;36;2021;9;7;6;3;5;3;1;1;0;0;0;0;0;301795,152999220415950;5740436,015995886176825;6,126647534000028;51,779643538000073;5210910515110020000;0
23790;5;3;34;4;2021;6;12;7;3;0;1;1;0;0;0;0;0;0;298788,816456489264965;5639214,548622386530042;6,140272365000044;50,869544796000071;5210626608404280000;0
23794;5;3;34;2;2021;1;7;6;3;4;2;1;1;0;0;0;2;0;295183,356783260591328;5628211,127658633515239;6,095241997000073;50,769454984000049;5210115608100580000;0
23800;5;1;66;36;2021;9;9;5;3;5;3;1;1;0;0;0;0;0;322270,944319925270975;5684471,249151611700654;6,451389396000025;51,283807462000027;5210930514218280000;0
23803;5;1;54;12;2021;6;9;6;3;5;2;1;1;0;0;0;0;0;316061,807999417185783;5711294,138997675850987;6,348546043000056;51,522767608000038;5210618515210820000;0
23810;5;3;34;2;2021;4;14;5;3;5;2;1;0;0;0;0;0;1;299180,421792534179986;5626842,019306313246489;6,152600890000031;50,758555260000037;5210429608200070000;0
23814;5;3;70;40;2021;7;22;3;3;3;6;1;0;0;0;0;2;0;313601,524037040770054;5667146,209170503541827;6,336210504000064;51,125416043000030;5210706610212440000;0
23815;5;3;70;28;2021;2;16;1;2;5;3;1;1;0;0;0;0;0;296674,306756008416414;5647449,317044962197542;6,105674266000051;50,942762980000055;5210214610122080000;0
23817;5;3;34;2;2021;10;9;2;3;5;2;1;1;0;0;0;0;0;294181,498405184596777;5629699,747221339493990;6,080220027000053;50,782469997000078;5211018608100230000;0
23818;5;1;16;0;2021;1;10;5;3;5;3;1;1;0;0;0;0;0;319302,080838189460337;5670760,484739355742931;6,415772718000028;51,159709994000082;5210128506100480000;1
23820;5;1;66;16;2021;1;19;4;3;3;2;1;1;0;0;0;2;0;310326,414286440238357;5688253,974645858630538;6,278297200000054;51,313932105000049;5210113514118590000;0
23823;5;1;66;16;2021;2;11;5;2;0;7;1;0;0;0;0;0;0;307253,172964002937078;5689334,785786271095276;6,233668487000045;51,322606858000029;5210225514117370000;0
23825;5;3;70;4;2021;12;16;5;3;0;6;1;0;0;0;0;0;0;311650,447019030340016;5662388,144665820524096;6,310843450000050;51,082039005000070;5211202610221680000;0
23826;5;3;34;2;2021;7;15;1;3;5;2;1;1;0;0;0;0;0;295052,340999007225037;5627296,912995494902134;6,093895564000036;50,761197898000034;5210704608100180000;1
23829;5;3;34;2;2021;4;11;2;3;5;3;1;1;0;0;0;0;0;294301,088998991064727;5628163,908995367586613;6,082773136000071;50,768718790000037;5210419608100270000;0
23835;5;1;16;0;2021;7;17;7;3;6;4;1;0;1;0;0;0;0;321147,366071945056319;5671385,440065488219261;6,441823774000056;51,165903911000044;5210710506100880000;0
23839;5;3;34;12;2021;7;23;3;3;5;2;1;1;0;0;0;2;0;307551,081999248825014;5633607,181997107341886;6,267597661000025;50,822159980000038;5210706608312380000;0
23842;5;1;16;0;2021;10;7;6;3;5;2;1;1;0;0;0;0;0;321611,904016609303653;5667640,810606775805354;6,450316571000030;51,132409635000045;5211008506100790000;0
23844;5;3;70;40;2021;5;12;6;3;0;2;1;0;0;0;1;0;0;302871,380999187938869;5670196,123996403068304;6,181392374000040;51,149217223000051;5210528610212340000;0
23854;5;1;16;0;2021;2;14;5;2;4;2;1;1;0;0;0;0;0;319740,279273649677634;5674476,859644647687674;6,420169064000049;51,193232815000044;5210225506100790000;0
23860;5;3;70;16;2021;9;15;3;3;5;3;1;1;0;0;0;0;0;295374,158458590507507;5656917,638363143429160;6,081861457000059;51,027336875000060;5210928610111080000;0
23866;5;3;34;12;2021;12;12;6;3;3;5;1;1;0;0;0;0;0;305196,162752350792289;5631038,025564817711711;6,235567120000042;50,798295646000042;5211224608312160000;0
23867;5;3;34;2;2021;11;9;7;3;3;2;1;1;0;0;0;0;0;296824,562402232550085;5628180,042986119166017;6,118503586000031;50,769752838000045;5211127608200850000;1
23869;5;3;34;16;2021;10;15;1;3;6;6;1;0;1;0;0;0;0;295583,154716305434704;5640693,249958965927362;6,093947278000030;50,881700676000037;5211024608416500000;0
23870;5;3;34;2;2021;10;13;3;3;5;2;1;1;0;0;0;0;0;293057,522770577110350;5627331,132569011300802;6,065629719000071;50,760797384000057;5211012608100380000;1
23875;5;1;66;24;2021;6;12;6;3;0;1;1;0;0;0;0;0;0;307704,731339016929269;5677820,698158962652087;6,246334101000059;51,219344000000035;5210625514115180000;1
23877;5;1;16;0;2021;4;10;2;3;0;1;1;0;0;0;0;0;0;321527,107352088205516;5671429,007430141791701;6,447227910000038;51,166413889000069;5210412506100880000;0
23883;5;1;70;52;2021;7;13;5;3;5;3;1;1;0;0;0;0;0;318670,468999460339546;5730753,162997843697667;6,376042567000070;51,698395059000063;5210708518320840000;0
23887;5;1;16;0;2021;10;13;6;3;0;3;1;1;0;0;0;0;0;320915,366196786053479;5671375,344251429662108;6,438513997000030;51,165740638000045;5211001506100350000;0
23891;5;1;66;20;2021;5;13;3;3;1;7;1;1;0;0;0;0;0;301550,817598570138216;5677674,715902561321855;6,158405330000051;51,215927421000060;5210511514124080000;0
23897;5;1;66;16;2021;7;11;7;3;5;3;1;1;0;0;0;0;0;310107,186421729624271;5687607,994946772232652;6,275499116000049;51,308056906000047;5210703514118070000;0
23901;5;3;34;2;2021;9;8;4;3;5;3;1;1;0;0;0;0;0;296440,170842027291656;5623972,966868950054049;6,115384484000060;50,731832376000057;5210908608200050000;0
23907;5;1;54;12;2021;10;17;2;3;5;2;1;1;0;0;0;0;0;312895,946928665041924;5711258,499805629253387;6,302983267000059;51,521407746000079;5211004515210890000;0
23909;5;1;66;16;2021;6;0;1;3;0;1;1;0;0;0;0;2;0;307874,785999281331897;5685950,735996948555112;6,244401187000051;51,292422907000059;5210620514119080000;1
23917;5;1;66;32;2021;6;11;3;3;5;2;1;0;0;0;0;0;1;316752,189765422604978;5684701,251692958176136;6,372221194000076;51,284125053000082;5210601514113090000;0
23921;5;1;16;0;2021;10;15;2;3;0;1;1;0;0;0;0;0;0;320959,983299213461578;5674649,963536329567432;6,437520068000026;51,195171248000065;5211025506100290000;0
23926;5;1;54;12;2021;4;23;6;3;0;3;1;1;0;0;0;2;0;314520,288530229590833;5710924,252655565738678;6,326545756000030;51,518941257000051;5210416515210070000;0
23937;5;3;34;36;2021;5;7;5;3;3;2;1;1;0;0;0;0;0;297397,814999058842659;5633704,781995821744204;6,123576138000033;50,819573675000072;5210520608436060000;0
23958;5;1;54;12;2021;9;13;5;3;3;6;1;1;0;0;0;0;0;314026,551931930705905;5711036,957248838618398;6,319378067000059;51,519791235000071;5210909515210090000;0
23959;5;3;34;2;2021;10;7;3;3;5;3;1;0;0;0;1;0;0;295294,891999012790620;5629228,012995520606637;6,096255746000054;50,778627291000078;5211026608200630000;1
23965;5;1;16;0;2021;10;19;1;2;5;2;1;1;0;0;0;2;0;321659,526984971016645;5669533,459180587902665;6,450059411000041;51,149426833000064;5211031506100490000;1
23973;5;3;34;12;2021;10;14;6;3;5;2;1;1;0;0;0;0;0;309903,680674194358289;5633421,916630081832409;6,301056201000051;50,821272836000048;5211008608312070000;0
23974;5;1;54;64;2021;10;6;4;3;0;3;1;1;0;0;0;2;0;305765,694156678393483;5722227,239709896966815;6,194271780000065;51,617509874000064;5211006515212690000;1
23993;5;3;34;2;2021;2;15;5;3;3;6;1;1;0;0;0;0;0;292426,663582826033235;5628256,602476898580790;6,056174976000023;50,768883737000067;5210211608100170000;0
24004;5;3;58;32;2021;11;6;3;3;5;3;1;1;0;0;0;2;0;315037,852999372407794;5632412,922997795045376;6,374375769000039;50,813871318000054;5211130609132380000;1
24008;5;1;16;0;2021;10;14;5;3;4;6;1;0;0;0;0;0;0;320982,842891396023333;5671368,922605095431209;6,439481294000075;51,165704070000061;5211028506100190000;1
24012;5;3;34;2;2021;6;22;4;3;1;3;1;1;0;0;0;2;0;299810,240600792691112;5627456,945640381425619;6,161184883000033;50,764295988000072;5210616608200070000;0
24026;5;3;70;8;2021;12;9;7;3;5;3;1;1;0;0;0;0;0;288425,928488697856665;5653516,350631203502417;5,984901133000051;50,994278442000052;5211218610112540000;1
24027;5;1;66;32;2021;9;6;4;3;0;7;1;1;0;0;0;2;0;317747,768122863024473;5685067,770338850095868;6,386294831000043;51,287736758000051;5210901514113440000;0
24037;5;3;34;2;2021;9;15;3;3;3;6;1;1;0;0;0;0;0;297394,131932574324310;5627758,398578731343150;6,126802702000020;50,766164996000043;5210921608200880000;0
24043;5;3;34;12;2021;11;16;7;3;5;2;1;1;0;0;0;0;0;308588,761384820565581;5633221,028916835784912;6,282514439000067;50,819035218000067;5211106608312030000;0
24044;5;1;54;4;2021;6;15;1;3;5;2;1;1;0;0;0;0;0;311055,181601666845381;5736352,787703385576606;6,262939761000041;51,746174516000053;5210613515110120000;0
24046;5;1;54;8;2021;10;19;6;3;0;3;1;1;0;0;0;2;0;310343,426999353803694;5746277,624996993690729;6,247216997000066;51,835068208000052;5211029515000290000;0
24047;5;3;34;12;2021;4;11;2;3;5;3;1;1;0;0;0;0;0;307066,121438352391124;5633454,440596312284470;6,260800884000048;50,820626616000027;5210419608312380000;0
24049;5;3;34;4;2021;9;14;5;3;6;7;1;0;1;0;0;0;0;301146,924671866931021;5639671,419010512530804;6,173494944000026;50,874464181000064;5210930608404030000;0
24050;5;3;34;2;2021;9;11;3;2;0;5;1;0;0;0;1;0;0;297986,117902098223567;5631744,938611302524805;6,132995914000048;50,802176798000062;5210914608200070000;0
24061;5;3;34;28;2021;2;11;1;2;5;3;1;1;0;1;0;0;0;311037,440424441359937;5610705,323576515540481;6,328768433000050;50,617578236000043;5210221608328230000;0
24073;5;3;34;2;2021;3;18;3;3;5;2;1;1;0;0;0;0;0;294735,884494704194367;5629616,568132396787405;6,088120234000030;50,781919432000052;5210330608100280000;0
24075;5;1;66;32;2021;9;13;6;2;5;3;1;1;0;0;0;0;0;318238,748999437317252;5682053,811997924000025;6,394860822000055;51,260819957000081;5210903514000980000;0
24076;5;3;70;16;2021;6;15;6;3;0;1;1;0;0;0;0;0;0;295405,371213362552226;5664806,726732270792127;6,077845151000076;51,098197646000074;5210618610111170000;0
24081;5;3;34;12;2021;11;8;6;3;5;3;1;1;0;0;0;1;0;306441,155145191587508;5633701,750003386288881;6,251808248000032;50,822639516000038;5211126608312080000;1
24085;5;1;54;36;2021;11;8;3;3;5;3;1;1;0;0;0;0;0;302076,143999224528670;5740871,763995928689837;6,130467080000074;51,783655989000067;5211123515110070000;0
24093;5;3;70;20;2021;3;8;6;3;0;5;1;1;0;0;0;0;0;302874,675519991666079;5661067,000892397016287;6,186426014000062;51,067225482000026;5210312610221970000;0
24094;5;3;34;2;2021;9;15;3;3;5;2;1;1;0;0;0;0;0;298707,972698042169213;5626759,099665304645896;6,145956279000075;50,757646847000046;5210921608200130000;0
24096;5;3;34;2;2021;2;12;1;2;5;2;1;1;0;0;0;0;0;299391,853999095037580;5627088,925996145233512;6,155460274000063;50,760846036000032;5210221608200550000;0
24097;5;1;54;8;2021;10;7;5;3;0;3;1;1;0;0;0;2;0;315718,450999427586794;5744931,322997547686100;6,325856779000048;51,824775603000035;5211028515000590000;0
24108;5;3;34;2;2021;1;2;1;3;1;5;1;1;0;0;0;2;0;297277,857786379754543;5630899,390331881120801;6,123424346000036;50,794335216000036;5210110608200830000;0
24118;5;1;66;20;2021;12;17;1;3;5;3;1;1;0;0;0;2;0;301868,354250954464078;5677323,939287507906556;6,163139914000055;51,212887303000059;5211205514124080000;1
24119;5;1;54;36;2021;6;14;2;3;4;7;1;0;0;0;0;0;0;301824,031171479262412;5740464,049921210855246;6,127049608000050;51,779905507000080;5210614515110090000;0
24121;5;3;34;2;2021;4;6;3;2;5;3;1;1;0;0;0;0;0;296467,014121873304248;5630053,939910218119621;6,112402489000033;50,786457772000063;5210427608200780000;0
24130;5;3;70;4;2021;6;15;3;3;5;3;1;1;0;0;0;0;0;311813,149674330838025;5659833,554733313620090;6,314492989000030;51,059145786000045;5210622610211080000;1
24148;5;1;54;8;2021;6;10;1;2;8;1;1;0;0;0;0;0;0;304008,098739065229893;5750933,162133261561394;6,152743402000056;51,874688589000073;5210620515111080000;0
24155;5;1;54;28;2021;4;17;5;3;5;2;1;1;0;0;0;0;0;320334,891915660351515;5702186,317908054217696;6,414706972000033;51,442331254000067;5210408515210080000;0
24166;5;3;34;2;2021;10;21;4;2;5;2;1;1;0;0;0;2;0;293866,824187525548041;5629523,245664814487100;6,075861151000026;50,780773055000054;5211027608100570000;0
24172;5;1;16;0;2021;3;16;2;3;0;3;1;1;0;0;0;0;0;319911,843735699541867;5668800,413206240162253;6,425464272000056;51,142294562000075;5210301506100340000;0
24173;5;1;54;36;2021;9;16;4;2;4;6;1;0;0;0;0;0;0;304671,362954387441278;5741473,471879303455353;6,167704423000032;51,789971306000041;5210915515110520000;0
24180;5;1;16;0;2021;2;6;5;3;5;3;1;1;0;0;0;2;0;320940,702471056953073;5671530,076456064358354;6,438798965000046;51,167138567000052;5210218506100790000;0
24184;5;1;54;8;2021;7;11;3;3;0;7;1;0;0;0;0;0;0;304318,719207670539618;5750766,898363729938865;6,157344137000052;51,873304575000077;5210713515111380000;1
24197;5;3;70;32;2021;11;13;2;2;5;3;1;1;0;0;0;0;0;287740,510998886078596;5659478,169993881136179;5,971659057000068;51,047562715000026;5211108610114810000;1
24200;5;1;66;32;2021;10;20;2;3;5;2;1;1;0;0;0;1;0;318904,470999445766211;5681776,863997975364327;6,404532123000024;51,258544014000051;5211011514110080000;0
24202;5;3;70;4;2021;5;20;5;3;0;1;1;0;0;0;0;1;0;311021,234778406098485;5659786,043998500332236;6,303230207000070;51,058458963000078;5210520610211940000;0
24204;5;3;70;4;2021;11;21;3;3;4;6;1;1;0;0;0;2;0;306694,506999250501394;5665137,558996895328164;6,238700476000076;51,105085833000032;5211102610211180000;1
24205;5;1;54;8;2021;5;12;6;3;3;6;1;0;0;0;0;0;0;307610,205660738050938;5747702,893359161913395;6,206803379000064;51,846933226000033;5210514515000770000;0
24207;5;3;34;2;2021;3;20;6;2;4;6;1;0;0;0;1;2;0;299793,522018814459443;5622255,215726500377059;6,163773996000032;50,717568995000079;5210319608200480000;0
24212;5;3;58;24;2021;1;12;5;3;3;3;1;1;0;0;0;0;0;315069,374999376945198;5644216,383997768163681;6,368856754000035;50,919914675000030;5210121609224480000;0
24216;5;3;70;28;2021;11;8;2;3;0;2;1;1;0;0;0;0;0;298752,844999094493687;5643946,548995969817042;6,137155606000022;50,912032474000057;5211101610122180000;0
24218;5;1;54;24;2021;6;15;1;3;0;1;1;0;0;0;0;0;0;315433,478451649658382;5737775,164541525766253;6,325533521000068;51,760408802000029;5210620515110020000;0
24219;5;3;34;2;2021;4;9;4;2;5;3;1;0;0;0;1;0;0;295404,216999016702175;5628772,432995542883873;6,098057833000041;50,774574164000057;5210421608200080000;0
24225;5;1;16;0;2021;11;11;7;3;5;3;1;1;0;0;0;0;0;321655,707728913985193;5669341,194091901183128;6,450100100000043;51,147698457000047;5211120506100090000;0
24228;5;1;66;32;2021;10;6;2;3;0;3;1;1;0;0;0;2;0;315771,678891566582024;5681413,465715626254678;6,359870635000050;51,254276194000056;5211018514111590000;0
24231;5;1;66;32;2021;7;10;5;3;5;3;1;1;0;0;0;0;0;317380,195999426767230;5682115,207997858524323;6,382537793000040;51,261097109000048;5210708514110360000;0
24233;5;3;34;4;2021;12;20;3;3;0;1;1;0;0;0;0;2;0;302771,901106937788427;5638011,234519198536873;6,197457686000064;50,860109244000057;5211207608404680000;0
24234;5;1;66;12;2021;4;15;6;2;5;2;1;1;0;0;0;0;0;320536,610634859651327;5698165,824391052126884;6,419642500000066;51,406280265000078;5210416514210480000;0
24242;5;1;66;24;2021;9;17;6;3;0;1;1;1;0;0;0;0;0;309946,648080407641828;5675876,937563335523009;6,279428991000032;51,202635711000028;5210903514114080000;0
24249;5;1;66;32;2021;4;9;5;3;5;3;1;1;0;0;0;0;0;318299,332999437116086;5680929,535997930914164;6,396299089000024;51,250740110000038;5210415514110080000;0
24252;5;1;54;52;2021;7;2;1;3;2;6;1;1;0;0;0;2;0;308915,209999309852719;5706210,696996988728642;6,248406642000020;51,474739208000074;5210711515210590000;0
24258;5;1;54;4;2021;10;13;5;3;5;2;1;1;0;0;0;0;0;305827,688978253863752;5738246,917166197672486;6,186253532000023;51,761397886000054;5211021515110090000;1
24260;5;1;16;0;2021;3;13;3;3;0;1;1;0;0;0;0;0;0;321076,940164004452527;5668750,739716062322259;6,442127295000034;51,142213615000060;5210302506100380000;0
24261;5;3;34;2;2021;5;9;5;2;5;3;1;0;0;0;1;0;0;299634,360866587609053;5630984,861202020198107;6,156771704000050;50,795922201000053;5210520608200570000;0
24274;5;1;54;36;2021;11;9;2;2;5;3;1;1;0;0;0;0;0;301506,395907063037157;5740180,828862374648452;6,122613027000057;51,777249646000030;5211108515110090000;0
24279;5;1;54;4;2021;5;19;5;2;5;2;1;1;0;0;0;0;0;306728,501999295316637;5738913,937996586784720;6,198919345000036;51,767699681000067;5210527515110590000;0
24280;5;1;16;0;2021;4;14;1;3;5;3;1;1;0;0;0;0;0;319452,194999451749027;5672000,960998034104705;6,417294552000044;51,170900706000054;5210418506100060000;0
24286;5;3;58;24;2021;10;15;3;3;0;7;1;0;0;0;0;0;0;315143,028357493691146;5646346,689460672438145;6,368823327000030;50,939075068000079;5211012609224780000;1
24294;5;3;34;2;2021;4;16;1;3;3;2;1;1;0;0;0;0;0;295183,061999010853469;5628209,171995509415865;6,095238910000035;50,769437315000062;5210404608200070000;0
24299;5;1;66;16;2021;10;10;4;3;5;3;1;1;0;0;0;0;0;308997,226748137734830;5685482,641935341060162;6,260730593000062;51,288596142000074;5211013514119680000;0
24300;5;1;16;0;2021;1;16;5;2;5;2;1;1;0;0;0;1;0;321531,793857068754733;5671421,793693909421563;6,447298451000052;51,166350547000036;5210114506100090000;0
24311;5;1;16;0;2021;9;7;3;3;9;1;1;0;0;0;0;0;0;320938,777364633046091;5669393,675152769312263;6,439834541000039;51,147946099000080;5210928506100090000;0
24313;5;3;34;2;2021;1;9;4;3;3;2;1;0;0;0;0;0;1;299098,476999091915786;5631813,496996082365513;6,148724209000022;50,803179250000028;5210120608200570000;0
24314;5;1;16;0;2021;9;15;2;2;4;7;1;1;0;0;0;0;0;321374,738865692168474;5671417,947003129869699;6,445056335000061;51,166266972000074;5210913506100090000;0
24319;5;1;70;52;2021;12;9;3;3;5;3;1;0;0;0;0;0;1;321385,747999494895339;5728575,036998054012656;6,416405783000073;51,679701090000037;5211221518320780000;0
24326;5;1;54;12;2021;6;9;4;2;9;1;1;0;0;0;0;0;0;313381,899879086762667;5707449,524082651361823;6,311994822000031;51,487356998000052;5210602515210590000;0
24336;5;1;16;0;2021;6;20;4;3;5;3;1;1;0;0;0;0;0;319891,649235564284027;5671211,690578998997808;6,423969315000022;51,163949127000080;5210609506100180000;0
24337;5;3;34;4;2021;3;12;6;3;5;3;1;1;0;0;0;0;0;300670,232089645229280;5639623,423854220658541;6,166754216000072;50,873868920000064;5210326608404310000;0
24340;5;3;58;24;2021;5;6;7;3;8;7;1;0;0;0;0;0;0;315246,028132593259215;5646826,513947237282991;6,370044409000059;50,943418391000080;5210508609224910000;0
24343;5;1;66;24;2021;1;17;6;3;8;6;1;1;0;0;0;2;0;310839,140995210967958;5679494,846918970346451;6,290280990000042;51,235428336000041;5210115514114590000;0
24349;5;1;54;12;2021;3;11;3;3;5;2;1;1;0;0;0;0;0;314887,080989455804229;5709830,086090438067913;6,332400938000035;51,509233813000037;5210316515210020000;0
24350;5;3;34;16;2021;6;21;2;2;0;6;1;0;0;0;0;0;0;296116,268999039195478;5641409,309995582327247;6,101116408000053;50,888320054000076;5210621608416460000;0
24353;5;3;58;4;2021;10;6;6;2;5;2;1;1;0;0;0;2;0;308060,707999261096120;5641291,781997131183743;6,270795679000059;50,891356236000036;5211001609204380000;0
24376;5;3;34;12;2021;5;15;3;3;5;2;1;1;0;0;0;0;0;308530,696374113671482;5630779,170728916302323;6,282964630000038;50,797081612000056;5210504608312080000;0
24381;5;3;70;28;2021;4;12;6;3;5;3;1;1;0;0;0;0;0;296074,526999041438103;5645498,883995549753308;6,098239325000065;50,925034241000048;5210402610122820000;0
24386;5;1;66;36;2021;4;9;1;3;5;3;1;1;0;0;0;0;0;322166,591903997585177;5682183,221092123538256;6,451032861000044;51,263221157000032;5210404514220880000;0
24388;5;3;70;16;2021;9;17;4;1;0;7;1;0;0;0;0;0;0;302307,410376251675189;5655224,969699727371335;6,181527867000057;51,014560015000029;5210908610111030000;0
24402;5;3;34;2;2021;5;14;1;3;5;3;1;1;0;0;0;0;0;296091,690999029204249;5629436,269995646551251;6,107427464000068;50,780778392000059;5210509608200860000;0
24410;5;3;70;12;2021;6;13;3;3;0;3;1;1;0;0;0;0;0;297764,705999079160392;5650609,319995783269405;6,119419418000064;50,971527036000055;5210601610121680000;0
24412;5;3;34;2;2021;12;7;6;3;4;2;1;1;0;0;0;1;0;295052,340999007225037;5627296,912995494902134;6,093895564000036;50,761197898000034;5211217608100530000;0
24422;5;1;16;0;2021;5;4;7;3;5;3;1;0;1;0;0;1;0;320302,516232422553003;5671438,974900567904115;6,429725918000031;51,166120065000030;5210529506100340000;0
24428;5;1;16;0;2021;2;8;2;3;5;3;1;1;0;0;0;0;0;316628,414243007078767;5670216,520243564620614;6,377855413000020;51,153973082000050;5210201506100470000;1
24436;5;3;34;2;2021;12;14;4;3;4;7;1;1;0;0;0;0;0;299772,704999102279544;5628970,921996191143990;6,159829326000022;50,777881270000080;5211222608200270000;0
24448;5;3;34;2;2021;12;1;7;3;0;1;1;0;0;0;0;2;0;294717,641999000683427;5629622,286995425820351;6,087858610000069;50,781964337000034;5211204608100080000;1
24450;5;3;34;2;2021;7;7;1;3;3;2;1;1;0;0;0;0;0;292911,205998967401683;5632741,735995098948479;6,060509940000031;50,809337827000036;5210704608100180000;0
24456;5;1;54;8;2021;9;20;5;3;5;3;1;1;0;0;0;2;0;310765,177205692045391;5746082,811818880960345;6,253437440000027;51,833461646000046;5210923515000470000;0
24457;5;3;34;12;2021;9;14;5;3;5;3;1;1;0;0;0;0;0;303498,770623134449124;5633820,915535954758525;6,210020272000065;50,822718948000045;5210916608312760000;0
24460;5;1;54;36;2021;5;11;6;2;5;3;1;1;0;0;0;0;0;302113,914808084256947;5740752,979990972205997;6,131081662000042;51,782602663000034;5210521515110040000;0
24462;5;1;66;8;2021;5;11;2;2;0;1;1;0;0;0;0;0;0;316906,968999420292675;5688951,385997803881764;6,372257599000022;51,322351967000031;5210531514214890000;1
24466;5;1;16;0;2021;10;7;5;3;5;3;1;1;0;0;0;2;0;320901,913940452039242;5675907,625664560124278;6,436062351000032;51,206450858000039;5211028506100590000;1
24469;5;1;16;0;2021;9;18;6;3;5;2;1;1;0;0;0;0;0;321382,690792427398264;5674589,605349259451032;6,443593558000032;51,194761313000072;5210910506100510000;0
24485;5;3;34;4;2021;10;19;2;2;0;1;1;0;0;0;0;2;0;300099,239587685093284;5639954,674127932637930;6,158467797000071;50,876646911000080;5211004608404280000;0
24495;5;1;54;36;2021;4;10;5;3;0;3;1;1;0;0;0;0;0;301094,773446903564036;5739487,641942907124758;6,117051228000037;51,770878780000032;5210401515110070000;0
24496;5;3;70;40;2021;9;6;5;3;4;2;1;1;0;0;0;0;0;311964,967523270286620;5667758,623879255726933;6,312530727000023;51,130382200000042;5210909610212440000;0
24499;5;1;54;12;2021;1;23;6;3;0;7;1;0;0;0;0;2;0;319121,132036397233605;5711426,416614951565862;6,392528501000072;51,524943732000054;5210122515210950000;0
24501;5;3;70;4;2021;9;8;4;3;0;3;1;1;0;0;0;0;0;311478,971430943347514;5661908,134742463007569;6,308648453000046;51,077671027000065;5210915610211360000;1
24507;5;1;54;36;2021;11;20;7;3;0;1;1;0;0;0;0;2;0;302205,975999227724969;5741912,197995942085981;6,131753838000066;51,793044998000028;5211120515110090000;1
24515;5;3;34;36;2021;10;14;2;3;2;3;1;1;0;0;0;0;0;298795,321223252452910;5632431,756180889904499;6,144088603000057;50,808627044000048;5211004608436330000;0
24519;5;3;34;2;2021;6;18;4;3;0;1;1;0;0;0;0;0;0;295342,913806695491076;5626324,861041136085987;6,098550464000027;50,752570111000068;5210623608200950000;0
24522;5;1;66;24;2021;9;20;1;3;0;3;1;0;0;1;0;1;0;309588,984128644689918;5676649,358543703332543;6,273905472000024;51,209454506000043;5210912514114080000;0
24528;5;3;34;2;2021;12;11;2;2;5;3;1;1;0;0;0;0;0;294744,921561168506742;5628124,027692021802068;6,089081148000048;50,768517783000050;5211213608100270000;1
24532;5;1;16;0;2021;4;9;3;3;5;2;1;1;0;0;0;0;0;318933,073999444954097;5676262,511997990310192;6,407728452000072;51,209018129000071;5210406506100480000;0
24538;5;1;54;16;2021;6;17;3;2;5;3;1;1;0;0;0;0;0;304254,278605150990188;5733761,827104547992349;6,166006259000028;51,720572584000081;5210601515211060000;0
24546;5;3;70;28;2021;2;12;2;3;5;3;1;1;0;0;0;0;0;298752,966241522692144;5643969,773575773462653;6,137144522000028;50,912241106000067;5210222610122370000;0
24550;5;3;34;2;2021;5;8;6;3;5;2;1;1;0;0;0;0;0;295183,061999010853469;5628209,171995509415865;6,095238910000035;50,769437315000062;5210528608100770000;0
24556;5;1;70;52;2021;9;12;5;3;5;3;1;1;0;0;0;0;0;322510,985321408137679;5727236,621685976162553;6,433344374000058;51,668035557000053;5210930518320140000;0
24557;5;1;66;16;2021;12;6;5;3;0;1;1;0;0;0;0;2;0;303625,677999213337898;5689758,467996411025524;6,181439715000067;51,325171477000026;5211216514116470000;0
24559;5;3;58;32;2021;5;12;6;3;5;3;1;1;0;0;0;0;0;313750,949395394884050;5632134,618687611073256;6,356269494000060;50,810958909000078;5210514609132080000;1
24562;5;1;66;32;2021;12;20;3;3;0;7;1;0;0;0;1;2;0;317278,171568371355534;5680058,715097131207585;6,382127020000041;51,242591535000031;5211228514110980000;1
24572;5;3;34;2;2021;10;21;7;3;5;3;1;1;0;0;0;2;0;295997,709999027661979;5628728,917995637282729;6,106488469000055;50,774392355000032;5211030608200950000;1
24582;5;3;34;2;2021;7;15;2;3;5;3;1;0;0;0;1;0;0;295211,733997978270054;5628997,028959019109607;6,095206389000055;50,776523405000034;5210705608100980000;0
24584;5;1;16;0;2021;6;0;2;3;0;1;1;0;0;0;0;2;0;317968,364719744771719;5672344,037025032564998;6,395918322000057;51,173512229000039;5210621506100790000;1
24588;5;1;54;32;2021;7;15;1;3;5;3;1;1;0;0;0;0;0;309064,530999316833913;5714297,600996972993016;6,246175312000048;51,547420792000082;5210711515212620000;0
24590;5;1;16;0;2021;6;12;3;3;0;5;1;0;0;0;1;0;0;321632,531124633736908;5671680,204921863973141;6,448609643000054;51,168703357000027;5210622506100380000;0
24592;5;1;54;16;2021;12;19;3;3;5;3;1;1;0;0;0;2;0;304412,518999251537025;5727586,768996333703399;6,171755454000049;51,665172958000028;5211228515211070000;1
24606;5;3;34;2;2021;9;12;5;3;5;3;1;1;0;0;0;0;0;295795,210999024100602;5629285,855995601043105;6,103310964000059;50,779323160000047;5210930608200470000;0
24610;5;3;70;20;2021;4;18;3;3;0;3;1;1;0;0;0;0;0;309107,503999288193882;5656829,281997187063098;6,277512057000024;51,031267596000077;5210420610221770000;0
24614;5;1;16;0;2021;5;16;3;2;0;1;1;0;0;0;0;0;0;321960,798999486491084;5672891,646998200565577;6,452700297000035;51,179688419000058;5210511506100490000;1