OID_;ULAND;UREGBEZ;UKREIS;UGEMEINDE;UJAHR;UMONAT;USTUNDE;UWOCHENTAG;UKATEGORIE;UART;UTYP1;IstRad;IstPKW;IstFuss;IstKrad;IstSonstige;ULICHTVERH;IstGkfz;LINREFX;LINREFY;XGCSWGS84;YGCSWGS84;UIDENTSTLAE;IstStrassenzustand
24618;5;3;34;2;2021;3;20;4;3;5;3;1;1;0;0;0;2;0;292661,336001799441874;5628303,069140091538429;6,059472258000028;50,769384961000071;5210317608100630000;0
24626;5;3;34;24;2021;12;8;6;3;5;3;1;1;0;0;0;1;0;302732,178999152034521;5618145,059996625408530;6,207546302000026;50,681655243000080;5211203608324180000;1
24627;5;1;16;0;2021;9;18;3;2;0;1;1;0;0;0;0;0;0;320137,675819575786591;5672991,273223416879773;6,426594122000040;51,180012802000078;5210928506100270000;0
24628;5;1;54;16;2021;6;16;5;3;6;7;1;0;1;0;0;0;0;304365,195999252609909;5729209,873996315523982;6,170163131000038;51,679732766000029;5210610515211040000;0
24629;5;1;54;36;2021;10;7;5;3;5;3;1;1;0;0;0;1;0;302205,975999227724969;5741912,197995942085981;6,131753838000066;51,793044998000028;5211014515110020000;0
24632;5;1;70;40;2021;6;7;4;3;5;3;1;1;0;0;0;0;0;318034,810787708498538;5721259,620019333437085;6,371794818000069;51,612918330000070;5210602518302320000;0
24642;5;3;34;2;2021;11;18;3;3;0;5;1;1;0;0;1;2;0;295391,608636620454490;5628773,343009812757373;6,097878737000030;50,774577890000046;5211123608200380000;0
24647;5;3;34;32;2021;3;8;2;3;5;3;1;1;0;0;0;0;0;303900,793937767855823;5623720,803043292835355;6,221106776000056;50,732133610000062;5210329608332960000;0
24651;5;3;34;28;2021;7;14;1;3;2;6;1;1;0;0;0;0;0;313071,573999331332743;5606811,929997701197863;6,359450055000025;50,583257153000034;5210711608328180000;0
24652;5;1;54;16;2021;6;13;4;3;5;3;1;1;0;0;0;0;0;300841,815931165590882;5726316,225268319249153;6,120915517000071;51,652509388000055;5210609515211830000;0
24653;5;3;70;8;2021;4;13;3;3;3;2;1;0;0;0;1;0;0;289058,107998910360038;5657149,815994182601571;5,991784991000031;51,027139298000066;5210427610112750000;0
24655;5;3;34;2;2021;12;15;7;3;5;3;1;1;0;0;0;1;0;293073,095773857086897;5627338,214444972574711;6,065846249000060;50,760866539000062;5211204608100580000;1
24662;5;1;54;36;2021;6;15;6;3;7;5;1;1;0;0;0;0;0;304657,571384163573384;5744970,662434637546539;6,165534101000048;51,821372150000059;5210604515110790000;0
24667;5;3;58;24;2021;9;7;6;2;5;3;1;1;0;0;0;1;0;314880,158133476972580;5644309,075395843014121;6,366120626000054;50,920686666000051;5210917609224880000;0
24671;5;3;70;40;2021;12;15;3;3;2;6;1;0;0;0;1;0;0;306489,438827925361693;5667537,859114911407232;6,234487157000046;51,126575771000034;5211221610212650000;0
24680;5;3;34;32;2021;3;15;6;2;6;4;1;0;1;0;0;0;0;303750,584714888595045;5627831,051261421293020;6,216790840000044;50,769002271000033;5210312608332980000;1
24694;5;3;70;20;2021;5;12;1;2;0;3;1;0;0;1;0;0;0;305323,091999221593142;5656383,352996772155166;6,223845798000070;51,025993132000053;5210530610221050000;0
24700;5;3;34;2;2021;6;15;2;2;5;2;1;1;0;0;0;0;0;291228,818961162120104;5628410,018188662827015;6,039124119000064;50,769831783000029;5210614608100680000;0
24721;5;3;34;2;2021;6;11;6;3;3;2;1;1;0;0;0;0;0;295236,727277222089469;5628565,153305420652032;6,095800833000055;50,772653429000059;5210611608100270000;0
24727;5;1;16;0;2021;4;18;4;3;0;1;1;0;0;0;0;0;0;321606,664689468219876;5673486,576326942071319;6,447343543000045;51,184922462000031;5210407506100870000;0
24732;5;1;66;32;2021;10;12;4;3;5;3;1;0;0;0;1;0;0;317404,674032296054065;5682648,293621102347970;6,382616094000070;51,265893499000072;5211006514110590000;1
24735;5;1;54;8;2021;10;7;3;3;4;3;1;1;0;0;0;1;0;313969,685999403707683;5745236,692997377365828;6,300346321000063;51,826938779000045;5211012515111080000;1
24737;5;3;70;16;2021;6;18;5;3;5;3;1;1;0;0;0;0;0;300415,320306562818587;5659163,047940766438842;6,152419675000033;51,049275826000041;5210610610111170000;0
24742;5;3;34;2;2021;4;19;6;3;2;1;1;0;0;0;0;0;0;295946,558161414228380;5625014,619820840656757;6,107822463000048;50,741014765000045;5210409608200470000;0
24751;5;1;54;36;2021;4;10;5;3;4;2;1;0;0;0;1;0;0;301237,803633415140212;5739938,569803684949875;6,118863446000034;51,774978874000055;5210401515110080000;0
24752;5;3;34;28;2021;3;19;2;3;0;3;1;0;0;1;0;0;0;309794,885730634443462;5611866,654520364478230;6,310628466000026;50,627606824000054;5210329608328170000;0
24753;5;3;34;2;2021;6;17;4;3;5;2;1;1;0;0;0;0;0;295077,620993774384260;5629347,880708722397685;6,093111189000069;50,779627133000076;5210623608200080000;0
24756;5;3;34;2;2021;6;0;7;2;5;3;1;1;0;0;0;2;0;294198,909998990595341;5628166,749995348975062;6,081324448000032;50,768708073000028;5210626608100670000;0
24763;5;1;54;4;2021;5;16;4;3;0;7;1;0;0;0;0;0;0;304906,872494435869157;5738180,918314531445503;6,172964523000076;51,760485211000059;5210519515110090000;1
24766;5;3;58;32;2021;1;13;5;3;5;3;1;1;0;0;0;0;0;315235,794426413252950;5632863,161981891840696;6,376955788000032;50,817979145000038;5210107609132780000;1
24769;5;1;54;24;2021;9;11;4;1;5;3;1;0;0;0;1;0;0;313488,229999391362071;5734779,900997368618846;6,298985475000052;51,732862934000082;5210922515110000000;0
24772;5;1;54;16;2021;9;8;4;3;5;2;1;1;0;0;0;0;0;303049,523999232798815;5728755,809996135532856;6,151413387000048;51,675195374000054;5210922515211000000;0
24778;5;1;16;0;2021;5;12;7;2;0;7;1;0;0;0;0;0;0;318691,012355412356555;5667706,263728346675634;6,408581004000041;51,132080432000066;5210529506100440000;0
24780;5;1;66;24;2021;9;12;2;3;5;3;1;1;0;0;0;0;0;309593,078693609684706;5676671,421033848077059;6,273952314000041;51,209654036000074;5210906514114080000;0
24783;5;1;54;8;2021;12;7;3;3;5;3;1;1;0;0;0;2;0;309137,727999336086214;5746745,993996851146221;6,229480472000034;51,838863840000045;5211221515111450000;0
24786;5;3;34;2;2021;2;13;3;3;0;2;1;1;0;0;0;0;0;294482,162712855264544;5627177,893407879397273;6,085888175000036;50,759927331000029;5210216608100070000;0
24787;5;3;70;8;2021;10;8;2;3;5;3;1;1;0;0;0;1;0;293490,889998998492956;5654962,431995049118996;6,056155269000044;51,009104616000059;5211025610112180000;0
24791;5;3;58;24;2021;9;7;2;3;4;6;1;0;0;0;0;1;0;310841,213999309577048;5646363,998997390270233;6,307655574000023;50,937835629000062;5210920609224180000;0
24794;5;1;54;12;2021;6;5;4;3;5;3;1;1;0;0;0;1;0;309335,806999319233000;5709181,115997020155191;6,252851685000053;51,501559633000056;5210630515210080000;1
24799;5;1;66;32;2021;5;0;5;3;0;7;1;0;0;0;0;2;0;314785,869593637064099;5682965,244895072653890;6,344956030000048;51,267895639000074;5210513514111090000;0
24816;5;1;66;16;2021;10;16;6;3;5;2;1;1;0;0;0;0;0;306300,185999258421361;5690870,628996744751930;6,219173450000028;51,336077207000073;5211029514117080000;0
24818;5;1;66;36;2021;3;16;3;2;5;7;1;1;0;0;0;0;0;320989,889354711398482;5682101,507209246978164;6,434225628000036;51,262118845000032;5210330514217370000;0
24821;5;1;54;36;2021;10;16;4;2;5;3;1;1;0;0;0;0;0;301456,197999215684831;5741514,276995830237865;6,121123655000076;51,789206123000042;5211013515000020000;0
24831;5;3;58;16;2021;6;0;7;3;8;1;1;0;0;0;0;0;0;311901,356752607040107;5615328,011550949886441;6,338621115000024;50,659384729000067;5210612609116410000;0
24832;5;3;34;2;2021;12;23;2;2;0;7;1;0;1;0;0;2;0;296331,310307043604553;5629926,033994201570749;6,110550689000036;50,785261351000031;5211227608200880000;1
24834;5;1;16;0;2021;10;11;6;2;0;1;1;0;0;0;0;0;0;316051,248897588811815;5671320,327717022970319;6,369047189000071;51,163703113000054;5211015506100260000;1
24840;5;1;16;0;2021;7;20;2;2;5;3;1;1;0;0;0;1;0;321139,990818543359637;5673372,461391212418675;6,440729777000058;51,183751524000058;5210705506100590000;0
24841;5;1;66;24;2021;7;12;7;3;0;1;1;0;0;0;0;0;0;312948,698999357409775;5675957,084997499361634;6,322310186000038;51,204346378000082;5210710514114970000;0
24842;5;3;34;2;2021;3;9;4;3;0;6;1;1;0;0;0;0;0;295242,488313948735595;5628605,548249101266265;6,095859946000076;50,773018262000051;5210310608100080000;0
24846;5;3;34;12;2021;6;12;3;3;4;2;1;1;0;0;0;0;0;306083,402834790758789;5635277,175920300185680;6,245901874000026;50,836670887000082;5210629608312880000;0
24850;5;1;54;16;2021;9;7;4;3;5;3;1;1;0;0;0;0;0;304481,819893388077617;5728738,143252717331052;6,172111954000059;51,675536996000062;5210915515211020000;1
24858;5;1;16;0;2021;10;8;4;3;0;1;1;0;0;0;0;0;0;320921,028362551704049;5671804,440477252006531;6,438381232000040;51,169597088000046;5211020506100170000;1
24859;5;1;66;4;2021;11;10;4;2;5;3;1;1;0;0;0;0;0;303967,777999214828014;5683966,479996483772993;6,189524388000052;51,273270474000071;5211103514121090000;1
24860;5;3;70;16;2021;5;9;6;3;3;3;1;1;0;0;0;0;0;300231,559161294251680;5658580,940571006387472;6,150122418000024;51,043983877000073;5210514610111220000;0
24874;5;3;70;28;2021;9;9;4;3;3;2;1;1;0;0;0;0;0;295774,435711630620062;5645562,942089349031448;6,093939165000052;50,925503416000026;5210908610122880000;0
24875;5;3;70;8;2021;2;15;3;3;4;2;1;1;0;0;0;0;0;292992,076626108027995;5654623,559042396023870;6,049247882000031;51,005882082000028;5210223610112070000;0
24878;5;3;34;12;2021;5;15;4;3;4;2;1;1;0;0;0;0;0;307285,985365412198007;5632713,996930100023746;6,264307518000066;50,814048769000067;5210519608312570000;0
24884;5;3;70;12;2021;11;19;7;3;4;6;1;0;0;0;0;2;0;298462,247039866633713;5647618,652269484475255;6,130997513000068;50,944911487000070;5211106610121070000;0
24886;5;1;66;32;2021;1;13;4;3;0;7;1;0;0;0;0;0;0;316723,401999415829778;5684771,519997797906399;6,371772793000048;51,284746983000048;5210113514113380000;0
24903;5;1;16;0;2021;5;22;5;3;1;5;1;1;0;0;0;2;0;321847,270476651377976;5669942,917418535798788;6,452538310000023;51,153163612000071;5210513506100890000;0
24905;5;1;54;36;2021;4;15;7;3;5;2;1;0;0;1;0;0;0;303656,848690412938595;5742166,340556722134352;6,152621225000075;51,795838303000039;5210403515110070000;0
24906;5;1;16;0;2021;4;11;7;2;2;6;1;1;0;0;0;0;0;319374,572417757473886;5668032,753438739106059;6,418176710000068;51,135229317000039;5210417506100350000;0
24914;5;1;66;16;2021;2;16;7;3;4;6;1;0;0;0;1;0;0;310315,653043262660503;5688423,212753077968955;6,278052955000021;51,315448591000063;5210220514118080000;0
24917;5;3;34;8;2021;1;17;1;3;5;3;1;1;0;0;0;1;0;305027,055366556160152;5646114,672532448545098;6,225136797000062;50,933659986000066;5210110608408280000;1
24918;5;3;34;2;2021;11;6;6;3;5;3;1;1;0;0;0;2;0;296925,923999045975506;5628103,781995784491301;6,119981279000058;50,769103387000030;5211126608200450000;1
24919;5;3;70;4;2021;6;14;3;3;5;3;1;1;0;0;0;0;0;311563,824999329634011;5662301,115997411310673;6,309653540000056;51,081228833000068;5210615610211360000;0
24921;5;3;34;2;2021;10;11;6;3;3;2;1;1;0;0;0;0;0;292390,621773042716086;5628259,020074209198356;6,055663184000025;50,768892555000036;5211029608100870000;0
24928;5;1;16;0;2021;6;16;5;3;5;3;1;1;0;0;0;0;0;319907,979658178985119;5668794,223020181059837;6,425412186000074;51,142237739000052;5210617506100090000;0
24935;5;1;66;24;2021;10;6;5;3;5;3;1;1;0;0;0;2;0;310879,767999324947596;5676678,887997301295400;6,292347723000034;51,210148575000062;5211028514114590000;0
24936;5;1;16;0;2021;10;7;5;3;5;3;1;1;0;0;0;1;0;320966,867898903787136;5669517,962705176323652;6,440173938000044;51,149071396000068;5211028506100090000;0
24942;5;3;34;2;2021;4;16;7;2;5;3;1;1;0;0;0;0;0;295808,568146814592183;5631125,080804526805878;6,102478424000026;50,795846537000045;5210403608100050000;0
24949;5;3;58;36;2021;9;15;1;2;5;3;1;1;0;0;0;0;0;305008,821322167292237;5648802,270006708800793;6,223438880000060;50,957793881000043;5210912609236380000;0
24963;5;3;34;4;2021;12;17;5;3;6;7;1;0;1;0;0;2;0;300561,330724248662591;5639613,710695482790470;6,165213627000071;50,873744117000058;5211223608404080000;0
24966;5;3;34;16;2021;12;7;4;3;5;3;1;1;0;0;0;1;0;296759,199458860792220;5637183,415968073531985;6,112593004000075;50,850592705000054;5211208608416570000;0
24973;5;1;16;0;2021;6;12;6;3;0;7;1;0;0;0;0;0;0;321366,152008389122784;5674440,215986380353570;6,443431420000024;51,193414143000041;5210611506100760000;0
24978;5;1;66;24;2021;4;11;7;3;5;3;1;1;0;0;0;0;0;309340,575255478732288;5677375,618824519217014;6,269967352000037;51,215894883000033;5210410514114570000;1
24982;5;1;66;36;2021;10;15;7;3;5;3;1;1;0;0;0;0;0;322271,261762297712266;5684470,983731973916292;6,451394076000042;51,283805177000033;5211016514218570000;0
24989;5;1;66;32;2021;7;23;6;2;0;1;1;0;0;0;0;2;0;317355,993565507233143;5680401,344488216564059;6,383065967000050;51,245694203000028;5210709514110080000;0
24992;5;3;70;20;2021;6;7;3;2;5;2;1;1;0;0;0;0;0;303401,854414209723473;5660160,946391675621271;6,194433100000026;51,059268425000027;5210601610221240000;0
25004;5;1;54;8;2021;3;13;2;3;5;3;1;1;0;0;0;0;0;309282,247999336570501;5746597,608996868133545;6,231657441000038;51,837580604000038;5210329515111080000;0
25006;5;1;16;0;2021;9;13;5;3;0;3;1;1;0;0;0;0;0;321121,274974464438856;5670461,211547477170825;6,441910527000061;51,157593152000061;5210902506100590000;0
25011;5;3;34;12;2021;3;13;2;3;5;3;1;1;0;0;0;0;0;307382,689831311814487;5632668,817085251212120;6,265702340000075;50,813675103000037;5210308608312490000;0
25015;5;1;16;0;2021;4;10;3;3;5;2;1;1;0;0;0;0;0;321532,260846282355487;5671414,796347308903933;6,447308596000028;51,166287834000059;5210427506100070000;0
25017;5;3;58;56;2021;7;17;3;3;3;2;1;0;0;0;0;0;0;319459,195458761416376;5652688,477045403793454;6,427043355000023;50,997413830000028;5210706609256680000;0
25019;5;1;54;36;2021;1;14;6;3;5;3;1;1;0;0;0;0;0;302174,778999225236475;5739514,030995951965451;6,132668690000060;51,771498380000025;5210122515000520000;0
25043;5;3;34;2;2021;12;17;2;3;3;2;1;1;0;0;0;2;0;292394,411998950876296;5628258,527995040640235;6,055717139000024;50,768889492000028;5211213608100480000;1
25046;5;1;54;52;2021;10;17;1;3;5;3;1;1;0;0;0;0;0;309709,586195653304458;5699282,867976924404502;6,263555587000042;51,412784363000071;5211010515210050000;0
25049;5;1;54;32;2021;6;11;7;3;5;3;1;1;0;0;0;0;0;309835,320999330841005;5718994,163997041061521;6,254737274000036;51,589862284000048;5210619515212520000;0
25050;5;1;16;0;2021;5;12;2;3;5;3;1;1;0;0;0;0;0;319906,579766636714339;5668791,980417886748910;6,425393316000054;51,142217153000047;5210531506100980000;0
25054;5;3;70;4;2021;6;15;6;2;5;3;1;1;0;0;0;0;0;315993,440999398007989;5663263,341997794806957;6,372334096000031;51,091310044000068;5210618610112610000;0
25076;5;3;34;2;2021;10;10;1;3;5;3;1;1;0;0;0;0;0;293633,892017578706145;5629071,281567770987749;6,072815077000030;50,776631087000055;5211010608100580000;0
25080;5;1;54;8;2021;3;18;4;3;0;7;1;0;0;0;1;0;0;309795,448654216714203;5746171,580343132838607;6,239331560000039;51,833929533000060;5210331515111080000;0
25081;5;3;34;4;2021;12;14;4;3;1;5;1;0;0;0;1;0;0;303360,643893021158874;5638223,198349034413695;6,205698994000045;50,862213584000074;5211208608404270000;0
25082;5;3;58;16;2021;9;17;6;2;5;3;1;0;0;1;0;0;0;318220,450033882632852;5624718,596062004566193;6,423308880000036;50,745755107000036;5210917609116830000;0
25083;5;3;34;4;2021;3;14;7;2;2;6;1;0;0;0;0;0;0;300424,998878779821098;5638319,233110347762704;6,163984470000059;50,862070486000050;5210327608404980000;1
25088;5;3;58;24;2021;11;14;2;2;5;3;1;1;0;0;0;0;0;315049,798999376595020;5644228,265997767448425;6,368572522000022;50,920015139000043;5211129609224930000;1
25093;5;1;54;12;2021;12;0;4;3;0;1;1;0;0;0;0;2;0;313916,369637332856655;5707674,545050390064716;6,319565538000063;51,489554215000055;5211201515210040000;1
25094;5;3;34;2;2021;9;21;3;3;5;7;1;1;0;0;0;2;0;295198,415244475938380;5628311,028780942782760;6,095399658000076;50,770357540000077;5210921608100770000;0
25098;5;1;16;0;2021;5;14;7;3;0;5;1;1;0;0;0;0;0;321639,291476975195110;5667495,539366083219647;6,450779501000056;51,131113137000057;5210508506100580000;0
25103;5;1;54;36;2021;10;8;2;3;5;2;1;1;0;0;0;0;0;301475,620491445064545;5740153,611518664285541;6,122183070000062;51,776994322000064;5211025515110070000;0
25104;5;3;70;24;2021;11;8;2;2;2;6;1;0;0;0;1;0;0;285453,697540410794318;5653784,598311532288790;5,942450112000074;50,995587107000063;5211101610113010000;0
25105;5;1;70;40;2021;11;18;5;3;5;3;1;1;0;0;0;2;0;318481,064208616502583;5720097,984161498025060;6,378834325000071;51,602628395000067;5211111518302920000;1
25108;5;3;34;12;2021;11;15;5;3;5;2;1;1;0;0;0;0;0;309904,840973608195782;5633421,280972020700574;6,301072984000029;50,821267507000073;5211111608312080000;0
25109;5;1;66;4;2021;5;9;7;2;5;2;1;1;0;0;0;0;0;304375,718999218195677;5680770,799996551126242;6,197112763000064;51,244709207000028;5210529514121480000;0
25112;5;3;34;16;2021;6;9;7;3;5;3;1;0;0;0;0;0;1;297855,666999074630439;5641730,835995843634009;6,125636458000031;50,891818980000039;5210605608416970000;0
25116;5;3;34;2;2021;5;17;5;3;1;3;1;0;0;0;1;0;0;296670,341999041847885;5630314,016995731741190;6,115139398000053;50,788864967000052;5210527608200070000;1
25118;5;3;34;2;2021;3;16;3;3;0;1;1;0;0;0;0;0;0;294816,527164475060999;5626332,195660689845681;6,091093977000071;50,752450186000033;5210302608100760000;0
25121;5;3;70;12;2021;7;6;4;3;5;3;1;1;0;0;0;0;0;294621,770760375075042;5651653,311651883646846;6,074124679000022;50,979791008000063;5210707610121270000;0
25127;5;3;34;4;2021;3;15;5;2;5;3;1;1;0;0;0;0;0;303434,799057199619710;5638336,698386928066611;6,206690461000051;50,863258254000073;5210318608404080000;0
25130;5;1;54;36;2021;5;8;4;3;5;1;1;1;0;0;0;0;0;301958,727480269037187;5740884,226569762453437;6,128759951000063;51,783726366000053;5210512515110090000;0
25134;5;3;58;24;2021;12;19;4;3;5;3;1;1;0;0;0;2;0;315056,379999377764761;5644225,195997769013047;6,368667606000031;50,919989669000074;5211222609224470000;0
25150;5;1;54;4;2021;10;18;1;3;3;2;1;1;0;0;0;2;0;305126,192999269813299;5739822,093996373936534;6,175217924000037;51,775299945000029;5211031515110280000;1
25152;5;1;54;36;2021;9;16;5;3;5;3;1;1;0;0;0;0;0;301529,769999216310680;5741368,512995839118958;6,122272361000057;51,787923273000047;5210916515110520000;0
25157;5;1;16;0;2021;12;11;3;3;3;2;1;0;0;0;0;0;1;319557,152336436323822;5674671,012651372700930;6,417453491000060;51,194919114000072;5211207506100180000;1
25163;5;3;34;2;2021;10;12;3;3;3;2;1;1;0;0;0;0;0;294443,881998993456364;5626404,643995400518179;6,085777799000027;50,752969041000028;5211026608100350000;1
25179;5;3;58;8;2021;3;13;5;2;5;3;1;1;0;0;0;0;0;320306,426999451592565;5633898,140998169779778;6,448357745000067;50,828872695000030;5210311609108170000;0
25190;5;1;16;0;2021;6;13;7;3;0;1;1;0;0;0;0;0;0;320930,955949795432389;5669509,279185507446527;6,439665335000029;51,148982156000045;5210619506100890000;0
25192;5;1;54;16;2021;9;10;6;2;5;2;1;1;0;0;0;0;0;302923,514797250740230;5728882,898554066196084;6,149521581000045;51,676292483000054;5210910515211090000;0
25198;5;1;16;0;2021;9;20;3;2;5;3;1;1;0;0;0;1;0;319222,072391262277961;5672675,699492711573839;6,413666992000060;51,176889237000069;5210907506100080000;0
25203;5;3;70;20;2021;9;16;5;3;5;3;1;1;0;0;0;0;0;305569,649639761075377;5658947,856635700911283;6,225981284000056;51,049110677000044;5210923610221160000;0
25207;5;1;54;40;2021;3;15;6;3;5;3;1;1;0;0;0;0;0;296907,813694152981043;5741438,767823124304414;6,055309383000065;51,786895772000037;5210326515110020000;0
25215;5;1;16;0;2021;6;18;2;3;1;5;1;1;0;0;0;0;0;320123,086596889421344;5674693,565506212413311;6,425533216000076;51,195300121000059;5210621506100690000;0
25228;5;1;54;12;2021;9;8;3;3;5;3;1;1;0;0;0;0;0;314519,305221942253411;5710927,429352167993784;6,326529927000024;51,518969467000034;5210907515210090000;0
25234;5;1;66;4;2021;6;7;4;2;0;7;1;1;0;0;0;0;0;306387,550403970293701;5684396,061856316402555;6,223939538000025;51,277955966000036;5210616514122580000;0
25235;5;1;16;0;2021;6;16;3;3;5;3;1;1;0;0;0;0;0;320764,395875618793070;5671391,632927209138870;6,436348835000047;51,165839682000069;5210622506100390000;1
25239;5;3;34;2;2021;2;16;5;3;5;3;1;1;0;0;0;0;0;290979,634618545882404;5628412,819981986656785;6,035593541000026;50,769767230000070;5210225608100280000;0
25247;5;1;66;28;2021;3;16;3;2;2;1;1;1;0;0;0;0;0;320246,609718552790582;5686715,380073182284832;6,421262293000041;51,303331197000034;5210330514216080000;0
25258;5;1;54;12;2021;9;13;6;3;2;6;1;0;0;0;0;0;0;313953,052575975656509;5711051,442275384441018;6,318312249000030;51,519897137000044;5210917515210050000;0
25280;5;1;54;36;2021;9;16;7;3;3;3;1;1;0;0;0;0;0;301667,023535976186395;5740322,178152486681938;6,124857604000056;51,778575892000049;5210918515110090000;0
25290;5;3;34;12;2021;9;2;1;3;0;1;1;0;0;0;0;2;0;305084,672813049517572;5630940,032721167430282;6,234038947000045;50,797377960000063;5210905608312380000;0
25294;5;3;34;2;2021;9;13;3;3;1;2;1;1;0;0;0;0;0;295040,415560833178461;5627191,532454000785947;6,093785369000045;50,760247233000030;5210921608100370000;0
25295;5;3;34;2;2021;9;15;2;3;5;3;1;1;0;0;0;0;0;292904,629596114158630;5627415,819051807746291;6,063417143000038;50,761503422000033;5210913608100080000;0
25298;5;1;54;24;2021;10;14;5;3;5;3;1;1;0;0;0;0;0;310872,484484606422484;5733416,185040224343538;6,261891836000075;51,719739001000050;5211014515111050000;0
25301;5;3;34;12;2021;6;9;4;3;5;2;1;1;0;0;0;0;0;307042,890999238006771;5633104,119997052475810;6,260655715000041;50,817472125000052;5210609608312380000;0
25305;5;3;70;12;2021;10;14;5;3;0;6;1;0;0;0;1;0;0;298528,659999091178179;5646820,347995916381478;6,132383106000020;50,937764873000049;5211007610121940000;0
25312;5;3;34;2;2021;6;15;1;2;0;1;1;0;0;0;0;0;0;301456,718590799719095;5621193,951314168050885;6,187876127000038;50,708607097000026;5210620608200770000;0
25313;5;3;70;12;2021;12;13;3;3;2;2;1;0;0;0;1;0;0;299808,445999119430780;5650992,782996082678437;6,148280013000033;50,975684936000050;5211207610121280000;1
25315;5;1;54;36;2021;10;17;1;3;0;6;1;0;0;0;0;0;0;303998,588945188559592;5740994,353384178131819;6,158232621000025;51,785433453000053;5211010515110270000;0
25327;5;3;34;2;2021;10;16;6;3;3;2;1;1;0;0;0;0;0;296439,198999032378197;5623976,056995732709765;6,115369025000064;50,731859789000055;5211008608200280000;0
25330;5;3;34;2;2021;2;7;3;3;0;1;1;0;0;0;0;0;0;292923,145335445180535;5632589,209418185055256;6,060765206000042;50,807972260000042;5210223608100300000;0
25331;5;1;66;32;2021;10;7;3;2;4;2;1;1;0;0;0;1;0;318238,748999437317252;5682053,811997924000025;6,394860822000055;51,260819957000081;5211005514110750000;0
25362;5;1;16;0;2021;10;9;6;2;0;1;1;0;0;0;0;0;0;321081,556548393331468;5673601,961657220497727;6,439780261000067;51,185794894000026;5211022506100990000;1
25366;5;3;34;36;2021;11;17;7;3;0;1;1;0;0;0;0;1;0;299829,205846970900893;5633503,876422705128789;6,158159556000044;50,818614641000067;5211106608416980000;0
25380;5;3;34;2;2021;9;9;2;3;0;5;1;1;0;0;0;0;0;294512,244688178412616;5626015,795438289642334;6,086962599000060;50,749500896000029;5210906608100530000;0
25394;5;1;66;32;2021;1;4;6;3;0;1;1;0;0;0;0;2;0;316839,980968772433698;5684296,300282044336200;6,373686299000042;51,280515766000065;5210101514113080000;0
25418;5;3;34;2;2021;9;11;6;3;3;1;1;1;0;0;0;0;0;293567,374775554984808;5630132,559376755729318;6,071277049000059;50,786138843000060;5210910608100630000;0
25425;5;1;54;36;2021;3;14;4;2;0;7;1;0;0;0;0;0;0;304263,109854456037283;5740311,151325304061174;6,162447985000028;51,779390707000061;5210303515110020000;1
25428;5;3;70;28;2021;4;18;2;2;5;3;1;1;0;0;0;0;0;296992,146502327173948;5645257,405248833820224;6,111413241000037;50,923189048000040;5210405610122060000;1
25440;5;3;70;40;2021;6;10;7;3;1;6;1;1;0;0;0;0;0;309040,808999292552471;5670550,816997129470110;6,269307578000053;51,154494497000030;5210619610212370000;0
25442;5;1;66;16;2021;9;16;1;2;0;1;1;0;0;0;0;0;0;308287,527578255161643;5687013,567169301211834;6,249742929000035;51,302107998000054;5210912514119080000;0
25458;5;1;54;12;2021;9;6;3;2;5;3;1;1;0;0;0;2;0;315344,576457762159407;5711117,026848852634430;6,338311994000037;51,520942780000041;5210921515210070000;0
25464;5;1;66;16;2021;6;12;6;3;0;1;1;0;0;0;0;0;0;310614,125555468723178;5690547,693109504878521;6,281201951000071;51,334629810000081;5210611514120070000;0
25467;5;3;70;20;2021;9;10;7;3;0;3;1;1;0;0;0;0;0;305916,754159560427070;5658779,184325575828552;6,231017775000055;51,047713051000073;5210925610221650000;0
25468;5;3;34;2;2021;10;8;2;3;5;3;1;1;0;0;0;0;0;296746,992508276365697;5630406,947405416518450;6,116174058000070;50,789726490000078;5211004608200280000;0
25470;5;3;34;2;2021;9;8;3;3;1;5;1;1;0;0;0;0;0;295139,056111085228622;5629202,283687030896544;6,094062579000024;50,778341190000049;5210907608100980000;0
25477;5;3;34;12;2021;12;18;5;3;0;2;1;1;0;0;0;2;0;306753,897164817899466;5632671,475498568266630;6,256785824000076;50,813489560000050;5211230608312470000;1
25485;5;3;34;20;2021;6;11;7;2;9;1;1;0;0;0;0;0;0;308630,103999256156385;5604777,625997314229608;6,297829749000073;50,563544240000056;5210619608320280000;0
25489;5;1;16;0;2021;5;19;5;3;5;7;1;1;0;0;0;0;0;321566,157912976108491;5674348,853928476572037;6,446336206000069;51,192655894000040;5210527506100390000;0
25494;5;1;66;12;2021;9;18;7;2;5;3;1;1;0;0;0;0;0;319788,401999461464584;5693286,479998013004661;6,411371982000048;51,362213290000057;5210904514210580000;0
25502;5;3;34;2;2021;1;8;6;2;5;3;1;1;0;0;0;0;0;294618,949567879550159;5627481,529819702729583;6,087655641000026;50,762702783000066;5210108608100170000;2
25506;5;1;16;0;2021;7;16;1;3;0;1;1;0;0;0;0;0;0;318474,624999438412488;5672774,190997961908579;6,402935507000052;51,177537206000068;5210711506100560000;0
25507;5;3;58;24;2021;5;17;1;2;0;7;1;0;0;0;0;0;0;310426,227999304421246;5647133,140997352078557;6,301355766000029;50,944608273000028;5210523609224580000;0
25510;5;1;66;16;2021;5;13;3;3;5;3;1;1;0;0;0;0;0;308518,776999291963875;5686305,935997016727924;6,253435876000026;51,295830093000063;5210511514119580000;1