OID_;ULAND;UREGBEZ;UKREIS;UGEMEINDE;UJAHR;UMONAT;USTUNDE;UWOCHENTAG;UKATEGORIE;UART;UTYP1;IstRad;IstPKW;IstFuss;IstKrad;IstSonstige;ULICHTVERH;IstGkfz;LINREFX;LINREFY;XGCSWGS84;YGCSWGS84;UIDENTSTLAE;IstStrassenzustand
26201;5;3;62;8;2021;3;14;2;3;5;2;1;1;0;0;0;0;0;342453,590999708510935;5648583,370999107137322;6,756236260000037;50,967282200000056;5210329602100080000;0
26219;5;1;14;0;2021;4;16;3;3;6;6;1;0;1;0;0;0;0;329426,420077846385539;5692900,143460348248482;6,549861648000046;51,361718397000061;5210420505200370000;0
26221;5;1;66;36;2021;10;12;7;3;4;7;1;1;0;0;0;0;0;326471,800430735573173;5680264,033924598246813;6,513608953000073;51,247306643000059;5211030514219720000;1
26222;5;1;14;0;2021;12;10;7;3;5;3;1;1;0;0;0;0;0;330159,715536817908287;5690112,125404244288802;6,561715003000074;51,336891090000051;5211218505200570000;1
26237;5;1;70;48;2021;5;19;5;3;5;3;1;1;0;0;0;0;0;334555,432512026280165;5725552,683315282687545;6,608145815000057;51,656583176000026;5210513518100690000;0
26241;5;1;12;0;2021;3;15;3;3;5;3;1;1;0;0;0;0;0;342285,172999716363847;5711747,111999072134495;6,726003994000052;51,534769315000062;5210330501131980000;0
26243;5;1;62;20;2021;9;14;3;3;5;3;1;1;0;0;0;0;0;330636,742999592795968;5671108,471998678520322;6,577549586000032;51,166303854000034;5210921513120580000;0
26253;5;1;70;32;2021;4;12;5;3;5;3;1;1;0;0;0;0;0;332827,583602099679410;5712549,708383169025183;6,589385734000075;51,539258586000074;5210415518310220000;0
26261;5;5;54;8;2021;7;12;5;2;5;3;1;1;0;0;0;0;0;335751,979999659582973;5746208,113998824730515;6,615672840000059;51,842493839000042;5210701705000770000;1
26265;5;1;12;0;2021;12;19;5;3;3;2;1;1;0;0;0;2;0;341613,520999708212912;5697530,278999060392380;6,722699635000026;51,406848102000026;5211202501212870000;1
26268;5;1;70;48;2021;11;6;6;2;5;2;1;1;0;0;0;2;0;337931,133999676443636;5725946,068998923525214;6,656721986000036;51,661100722000072;5211112518100390000;0
26269;5;1;70;48;2021;3;17;3;2;4;1;1;0;0;0;0;0;0;336270,213779924437404;5724113,269046718254685;6,633587537000039;51,644153806000077;5210330518100240000;0
26288;5;1;12;0;2021;9;15;4;3;0;7;1;1;0;0;0;0;0;345402,279935467056930;5703731,232577897608280;6,774423134000074;51,463609387000076;5210908501126360000;0
26290;5;3;62;36;2021;6;20;4;3;0;1;1;0;0;0;0;0;0;342899,786409893073142;5647704,242251258343458;6,762965343000076;50,959504470000070;5210602602300680000;0
26291;5;3;62;32;2021;10;12;1;3;5;3;1;1;0;0;0;0;0;332898,230999612249434;5635960,357998805120587;6,626050413000030;50,851173412000037;5211024602400060000;0
26297;5;3;58;8;2021;5;10;6;3;0;7;1;1;0;0;0;0;0;321609,241241601295769;5627496,949474483728409;6,469947582000032;50,771767151000063;5210507609108560000;1
26299;5;1;70;8;2021;9;17;5;3;0;1;1;1;0;0;0;0;0;344328,783144630491734;5715891,974482597783208;6,753610560000027;51,572576989000027;5210916518400780000;0
26300;5;1;62;24;2021;10;13;5;3;5;3;1;1;0;0;0;0;0;341755,155999706126750;5669119,283999081701040;6,737316658000054;51,151614525000070;5211028513210370000;0
26303;5;3;62;32;2021;6;12;5;3;0;1;1;0;0;0;0;0;0;338830,366999673657119;5642920,629999008029699;6,707183521000047;50,915398079000056;5210603602400970000;0
26307;5;1;11;0;2021;10;15;5;3;5;3;1;1;0;0;0;0;0;345097,285136869177222;5674733,489669030532241;6,782646123000063;51,202975274000039;5211028500300150000;0
26310;5;1;62;24;2021;2;18;5;2;0;7;1;0;0;0;0;2;0;338198,084483859129250;5671260,340171806514263;6,685536475000049;51,169857180000065;5210225513000970000;0
26311;5;1;12;0;2021;10;8;4;3;5;3;1;1;0;0;0;0;0;345343,045172150246799;5692781,829650567844510;6,778347237000048;51,365211948000081;5211006501325770000;1
26312;5;3;62;8;2021;3;6;2;3;5;3;1;1;0;0;0;1;0;338211,030999668873847;5649389,127998985350132;6,695507200000065;50,973346288000073;5210301602100980000;0
26331;5;1;62;22;2021;6;15;3;3;5;3;1;1;0;0;0;0;0;337666,534908372908831;5680155,387667195871472;6,673914792000062;51,249626534000072;5210601513130880000;0
26333;5;1;62;22;2021;7;8;6;2;5;3;1;1;0;0;0;0;0;340042,619999692775309;5687144,212999019771814;6,704803397000035;51,313091460000066;5210709513130170000;0
26335;5;1;70;28;2021;1;19;6;1;0;2;1;1;0;0;0;2;0;332827,056199779734015;5703500,991850402206182;6,593665233000024;51,457966761000080;5210129518210360000;1
26341;5;3;62;8;2021;9;10;7;3;1;5;1;0;0;0;1;0;0;337979,327411847189069;5645621,760932175442576;6,693886649000035;50,939430338000079;5210918602100870000;0
26342;5;1;62;20;2021;9;5;6;3;4;2;1;0;0;0;0;2;1;325690,755784843116999;5674085,189756408333778;6,505432853000059;51,191560109000079;5210910513120790000;0
26345;5;1;70;4;2021;10;18;1;3;0;1;1;0;0;0;0;0;0;326407,429304611869156;5718098,111288357526064;6,494161219000034;51,587162386000045;5211010518301190000;0
26349;5;1;70;32;2021;2;9;5;2;5;3;1;1;0;0;0;0;0;337362,217999670654535;5711210,720998914912343;6,655333536000057;51,528553656000042;5210204518310320000;1
26355;5;3;62;8;2021;4;13;7;2;0;1;1;0;0;0;0;0;0;338212,404933609999716;5649388,149885155260563;6,695527189000074;50,973337885000035;5210403602100360000;0
26358;5;1;11;0;2021;2;7;2;3;1;5;1;0;0;0;1;2;0;343288,339181182906032;5674998,094695493578911;6,756657588000053;51,204859467000063;5210201500300880000;1
26360;5;3;62;32;2021;6;15;2;3;5;2;1;1;0;0;0;0;0;330771,803845951333642;5636580,559891268610954;6,595582672000035;50,856127642000047;5210628602400160000;0
26364;5;1;62;4;2021;9;8;4;3;5;3;1;1;0;0;0;0;0;343276,750160966999829;5664706,427672844380140;6,760974693000037;51,112381864000042;5210915513320590000;1
26369;5;3;58;8;2021;10;13;4;3;0;1;1;0;0;0;0;0;0;321775,214999470859766;5630583,712998267263174;6,470802384000024;50,799549859000081;5211027609108180000;0
26372;5;1;62;24;2021;11;14;3;3;4;2;1;1;0;0;0;0;0;341797,519713503308594;5671279,009438710287213;6,736972135000030;51,171031873000061;5211109513210870000;0
26373;5;1;62;24;2021;9;16;6;3;6;4;1;0;1;0;0;0;0;337339,918841216713190;5675784,004466982558370;6,671223126000029;51,210257892000072;5210924513210670000;0
26384;5;1;66;28;2021;10;10;2;3;5;3;1;1;0;0;0;0;0;326133,883091020397842;5688370,264673732221127;6,504826872000024;51,320026399000028;5211004514215080000;0
26393;5;3;62;8;2021;12;13;4;3;5;3;1;1;0;0;0;0;0;332038,252522689290345;5648447,451534971594810;6,608098528000028;50,963118637000036;5211208602100490000;0
26395;5;1;70;44;2021;10;7;5;3;5;3;1;0;0;0;1;0;0;341396,204410062171519;5718656,306115750223398;6,710079713000027;51,596595586000035;5211028518120580000;1
26396;5;1;14;0;2021;6;19;7;3;5;3;1;1;0;0;0;0;0;329944,167999587021768;5690779,961998621001840;6,558304612000029;51,342826377000051;5210619505200780000;0
26399;5;1;16;0;2021;4;17;4;3;0;1;1;0;0;0;0;0;0;322249,365999490953982;5671932,000998221337795;6,457299131000070;51,171157349000055;5210428506100280000;0
26400;5;1;14;0;2021;4;9;7;2;3;2;1;1;0;0;0;0;0;335956,247999653220177;5691862,697998877614737;6,644048413000064;51,354320842000050;5210410505200070000;0
26402;5;1;12;0;2021;11;8;4;3;5;3;1;1;0;0;0;0;0;345764,862351479940116;5700871,689063485711813;6,780885174000048;51,438015166000071;5211110501314150000;1
26404;5;3;62;8;2021;2;15;4;3;2;6;1;1;0;0;0;0;0;336517,666052305139601;5650372,078586278483272;6,670966408000027;50,981700041000067;5210224602100980000;0
26405;5;1;11;0;2021;6;17;6;3;6;1;1;0;1;0;0;0;0;344434,654280791990459;5678154,353280849754810;6,771684446000052;51,233532909000076;5210604500100880000;0
26415;5;1;70;24;2021;4;14;7;3;5;3;1;1;0;0;0;0;0;334606,910912539809942;5703728,807286426424980;6,619154517000027;51,460536235000063;5210417518200170000;0
26416;5;1;11;0;2021;11;10;2;3;3;6;1;1;0;0;0;0;0;344072,641140603460371;5680020,292760144919157;6,765690687000074;51,250200106000079;5211115500200050000;0
26418;5;1;12;0;2021;9;15;6;2;0;2;1;1;0;0;0;0;0;344871,833417318761349;5697978,937865922227502;6,769313260000047;51,411779912000043;5210903501318880000;0
26426;5;1;66;36;2021;9;20;6;3;0;1;1;0;0;0;0;2;0;329364,490999580360949;5681920,123998608440161;6,554226168000071;51,263057499000070;5210924514217090000;0
26436;5;1;12;0;2021;12;16;4;2;5;2;1;1;0;0;0;1;0;344043,853999728336930;5695092,648999132215977;6,758685410000055;51,385619510000026;5211222501324070000;0
26441;5;1;62;24;2021;7;18;4;3;0;6;1;0;0;0;1;0;0;336701,455417505465448;5676610,023677719756961;6,661714422000045;51,217497217000073;5210707513210190000;0
26443;5;1;70;24;2021;1;16;4;3;5;2;1;0;0;0;1;0;0;334188,463994088582695;5699504,446504127234221;6,615115148000029;51,422462100000075;5210113518200040000;0
26446;5;1;70;8;2021;9;15;3;3;1;6;1;0;0;0;0;0;0;345259,510999740101397;5714812,109999155625701;6,767505756000048;51,563130843000067;5210921518400990000;0
26450;5;1;16;0;2021;3;14;3;3;5;2;1;1;0;0;0;0;0;322600,143804164603353;5676188,181373080238700;6,460209477000035;51,209501102000047;5210302506100770000;0
26455;5;1;62;24;2021;9;18;3;3;8;7;1;1;0;0;0;1;0;337488,336003135889769;5670389,981518803164363;6,675786223000046;51,161835927000027;5210914513210980000;0
26460;5;1;62;8;2021;5;15;2;3;4;6;1;0;0;0;0;0;0;329486,728183843195438;5663932,343333138152957;6,564512376000039;51,101490795000075;5210531513310790000;0
26463;5;1;12;0;2021;6;16;4;3;5;2;1;1;0;0;0;0;0;343425,065999723970890;5710883,150999106466770;6,742809763000025;51,527324169000053;5210623501134870000;0
26464;5;1;62;24;2021;12;7;3;3;5;2;1;1;0;0;0;2;0;338245,502999671734869;5671545,902998972684145;6,686085701000025;51,172436344000062;5211214513210040000;1
26471;5;1;12;0;2021;6;13;3;2;0;1;1;0;0;0;0;0;0;344216,516683526337147;5706549,287248581647873;6,756124398000054;51,488604118000069;5210629501121070000;0
26472;5;3;62;4;2021;12;13;2;2;5;3;1;1;0;0;0;0;0;330098,836999583058059;5649689,336998676881194;6,579925927000033;50,973707769000043;5211220602250880000;0
26479;5;1;62;20;2021;3;13;1;3;5;2;1;0;0;0;1;0;0;327413,328121590428054;5673166,889194061979651;6,530501384000047;51,183833003000075;5210321513120470000;0
26480;5;1;16;0;2021;10;18;7;3;5;3;1;1;0;0;0;0;0;322095,905626176856458;5673698,487400794401765;6,454231808000031;51,186978589000034;5211009506100080000;0
26485;5;3;62;8;2021;5;12;7;3;5;3;1;1;0;0;0;0;0;336697,419541776180267;5651337,821811819449067;6,673090980000040;50,990428350000059;5210501602100780000;0
26497;5;1;16;0;2021;5;11;5;2;5;3;1;1;0;0;0;0;0;324659,730653454549611;5670459,346663117408752;6,492461341000023;51,158671596000033;5210513506100270000;0
26503;5;3;58;8;2021;6;7;6;3;8;1;1;1;0;0;0;0;0;323175,018113900907338;5632746,681235928088427;6,489604683000039;50,819411099000035;5210618609108160000;0
26505;5;1;12;0;2021;12;13;7;3;5;3;1;1;0;0;0;0;0;344128,374999728985131;5693878,546999134123325;6,760431801000038;51,374733978000052;5211204501323120000;1
26512;5;1;11;0;2021;11;18;4;2;5;2;1;1;0;0;0;1;0;345059,349808259867132;5677760,013616552576423;6,780795890000036;51,230159569000080;5211124500100540000;0
26514;5;1;70;44;2021;5;15;1;3;3;6;1;0;0;0;0;0;0;338536,063554857857525;5718471,620847767218947;6,668906480000032;51,594123851000063;5210530518120590000;0
26516;5;3;58;8;2021;6;23;7;3;8;1;1;0;0;0;0;2;0;323175,061145406216383;5632746,854346437379718;6,489605210000036;50,819412668000041;5210612609108160000;0
26522;5;3;58;8;2021;5;14;2;3;0;5;1;1;0;0;1;0;0;322894,345208033919334;5630277,950574025511742;6,486815091000040;50,797145927000031;5210531609108680000;0
26526;5;1;62;24;2021;12;7;4;3;5;3;1;1;0;0;0;2;0;338412,537628309801221;5670603,915905462577939;6,688896338000063;51,164019888000041;5211222513210580000;0
26530;5;1;70;36;2021;10;16;1;3;5;3;1;1;0;0;0;0;0;345909,029014000669122;5731598,263251481577754;6,769478578000076;51,714127512000061;5211010518401580000;0
26534;5;1;16;0;2021;10;23;7;2;0;1;1;0;0;0;0;2;0;323407,193619014695287;5674777,540141386911273;6,472445815000071;51,197078801000032;5211009506100970000;0
26536;5;1;12;0;2021;11;9;3;3;5;3;1;1;0;0;0;0;0;343043,897999719716609;5702786,982999097555876;6,740919292000058;51,454476432000035;5211130501128670000;1
26543;5;1;11;0;2021;5;16;2;3;0;7;1;1;0;0;0;0;0;342650,561999714933336;5678457,000999098643661;6,746017292000033;51,235763111000040;5210510500100990000;0
26544;5;1;11;0;2021;10;21;6;3;0;1;1;0;0;0;0;2;0;344893,759308482520282;5677736,538084819912910;6,778436221000049;51,229903654000054;5211001500100670000;1
26546;5;1;12;0;2021;9;10;1;3;0;6;1;0;1;0;0;0;0;345351,120819848962128;5710892,143360571935773;6,770549140000071;51,527935699000068;5210905501135490000;0
26549;5;1;12;0;2021;6;16;3;3;0;4;1;0;1;0;0;0;0;344062,832999728620052;5698789,709999131038785;6,757333073000041;51,418842778000055;5210615501318090000;0
26551;5;1;62;16;2021;5;7;3;3;5;3;1;1;0;0;0;0;0;332984,657312911003828;5677312,875935826450586;6,608215050000069;51,222736827000062;5210504513110370000;1
26555;5;1;66;36;2021;2;10;5;3;5;3;1;1;0;0;0;0;0;327183,408865924924612;5679894,182432258501649;6,523973494000074;51,244200045000071;5210225514219780000;0
26559;5;1;11;0;2021;7;11;6;3;5;2;1;1;0;0;0;0;0;345093,333088845945895;5680407,349765516817570;6,780137002000060;51,253956100000039;5210702500200050000;0
26566;5;1;14;0;2021;6;18;2;3;0;1;1;0;0;0;0;0;0;328926,593089007772505;5692807,452972074970603;6,542733742000053;51,360735399000077;5210607505200470000;0
26572;5;1;11;0;2021;1;15;5;2;5;3;1;1;0;0;0;0;0;344591,846502193249762;5674516,487304646521807;6,775510825000026;51,200888145000079;5210114500300380000;0
26578;5;1;70;48;2021;6;15;2;3;5;2;1;1;1;0;0;0;0;335760,155409777536988;5725792,251761730760336;6,625433940000050;51,659088673000042;5210628518100590000;1
26581;5;1;16;0;2021;5;12;6;3;8;1;1;0;0;0;0;0;0;322781,387938451021910;5671778,087702030315995;6,464977499000042;51,169939774000056;5210521506100380000;0
26593;5;1;62;24;2021;9;22;6;3;0;1;1;0;0;0;0;2;0;336810,137999658472836;5669677,576998922973871;6,666418464000060;51,155242079000061;5210903513210270000;0
26602;5;1;14;0;2021;10;8;3;3;5;3;1;1;0;0;0;0;0;333673,192416097968817;5689400,678558904677629;6,612440358000072;51,331537999000034;5211019505100050000;1
26611;5;1;62;4;2021;6;6;5;3;0;7;1;1;0;0;0;0;0;342748,778662938624620;5664542,393207874149084;6,753509531000020;51,110763327000029;5210617513320190000;0
26612;5;1;11;0;2021;12;19;2;3;3;6;1;0;0;0;1;2;0;342401,822802255861461;5685757,699627799913287;6,739239133000069;51,301291892000052;5211220500200680000;0
26619;5;1;11;0;2021;12;15;2;3;2;1;1;1;0;0;0;0;0;345466,772079477086663;5688956,372417444363236;6,781784129000073;51,330873079000071;5211220500200760000;0
26622;5;1;62;24;2021;5;15;4;3;0;6;1;0;0;0;0;0;0;338277,322180558927357;5671695,448680391535163;6,686473208000052;51,173788995000052;5210512513210570000;0
26624;5;1;62;22;2021;5;14;1;3;0;3;1;0;0;1;0;0;0;339324,093905993737280;5680558,003542220219970;6,697464613000022;51,253713355000059;5210530513130190000;0
26626;5;1;70;48;2021;10;15;2;3;4;2;1;1;0;0;0;0;0;335727,612999655306339;5727371,078998839482665;6,624221691000059;51,673262934000036;5211004518100480000;0
26629;5;1;12;0;2021;6;15;4;3;5;3;1;1;0;0;0;0;0;344065,867455899715424;5698790,332177028059959;6,757376405000059;51,418849203000036;5210602501318090000;0
26630;5;1;62;8;2021;6;13;7;3;5;3;1;1;0;0;0;0;0;330552,574323265813291;5664579,327149320393801;6,579417809000063;51,107619483000065;5210605513310480000;0
26631;5;1;66;28;2021;4;12;4;3;5;3;1;0;0;0;1;0;0;324222,546374880708754;5685993,572128601372242;6,478596528000026;51,298088539000048;5210421514215080000;0
26634;5;1;70;8;2021;7;19;1;3;8;2;1;1;0;0;0;0;0;344901,717999737709761;5717129,028999144211411;6,761325125000042;51,583849500000042;5210711518400680000;0
26646;5;1;66;36;2021;9;7;5;3;5;2;1;1;0;0;0;0;0;328634,430999571457505;5679643,354998575523496;6,544862466000041;51,242384376000075;5210902514219140000;0
26662;5;3;58;8;2021;7;7;3;3;0;1;1;0;0;0;0;0;0;323108,267281887121499;5631322,745741680264473;6,489344327000026;50,806597870000076;5210706609108560000;1
26664;5;1;12;0;2021;11;14;6;3;0;3;1;1;0;0;0;0;0;344128,926222511567175;5693877,383348550647497;6,760440225000025;51,374723673000062;5211126501323150000;1
26667;5;1;70;20;2021;12;11;1;3;5;3;1;1;0;0;0;0;0;328303,817711487412453;5707583,993428330868483;6,526636663000033;51,493292270000040;5211212518300090000;1
26670;5;1;70;8;2021;12;18;2;3;5;2;1;1;0;0;0;2;0;344047,465712046250701;5715613,033687202259898;6,749678227000061;51,569993054000065;5211227518400480000;0
26671;5;1;12;0;2021;9;10;6;3;5;3;1;1;0;0;0;0;0;345534,700999739579856;5693896,517999168485403;6,780613767000034;51,375279774000035;5210917501325990000;0
26676;5;1;62;16;2021;12;7;2;3;5;3;1;0;0;0;1;1;0;332913,490802537649870;5677098,869839221239090;6,607296584000039;51,220793306000076;5211213513110390000;0
26680;5;5;54;8;2021;1;7;3;3;5;3;1;1;0;0;0;1;0;334540,847185780294240;5746944,614819003269076;6,597755530000029;51,848752503000071;5210112705000780000;1
26683;5;1;12;0;2021;12;11;4;3;5;2;1;1;0;0;0;0;0;345538,933999741449952;5707010,952999167144299;6,774954721000029;51,493114916000081;5211208501115080000;1
26686;5;3;62;32;2021;9;16;6;3;0;1;1;0;0;0;0;0;0;342547,460550169460475;5636559,351158250123262;6,762760585000024;50,859262946000058;5210910602400480000;1
26690;5;1;62;24;2021;1;9;4;2;0;1;1;0;0;0;0;0;0;339180,209250739775598;5673604,869851076975465;6,698523670000043;51,191199686000061;5210113513210160000;2
26691;5;1;16;0;2021;4;4;1;2;0;1;1;0;0;0;0;2;0;322723,235698046162724;5669597,803760105744004;6,465220806000048;51,150335300000052;5210418506100050000;0
26695;5;1;62;24;2021;11;16;5;3;5;2;1;1;1;0;0;1;0;342080,464999707415700;5672006,573999084532261;6,740696568000033;51,177647407000052;5211111513210080000;1
26696;5;1;62;8;2021;10;17;2;2;0;3;1;1;0;0;0;0;0;337416,198999664746225;5665839,282998947426677;6,676809704000050;51,120927969000036;5211004513310380000;0
26698;5;1;14;0;2021;5;8;3;3;5;3;1;1;0;0;0;0;0;329561,758864236995578;5690405,789040206000209;6,552998381000066;51,339350370000034;5210511505200670000;0
26702;5;1;70;24;2021;12;16;5;3;0;7;1;1;0;0;0;0;0;335912,094532709568739;5701763,503234043717384;6,638836993000041;51,443259469000054;5211209518200540000;1
26704;5;1;11;0;2021;9;7;6;3;5;3;1;1;0;0;0;0;0;344936,614187694154680;5681075,190989598631859;6,777603534000036;51,259914282000068;5210917500200000000;1
26705;5;3;62;8;2021;2;15;6;2;0;1;1;0;0;0;0;0;0;336328,061867396347225;5653849,082243811339140;6,666700516000049;51,012887214000045;5210219602100460000;0
26715;5;3;62;32;2021;9;16;4;3;2;6;1;1;0;0;0;0;0;342433,073999707587063;5636388,548999113962054;6,761210121000033;50,857696988000043;5210901602400000000;0
26716;5;1;12;0;2021;12;12;6;3;0;3;1;1;0;0;0;0;0;341517,370999706909060;5703069,514999059960246;6,718839919000061;51,456589660000077;5211210501222090000;0
26719;5;1;16;0;2021;6;16;1;3;6;6;1;0;1;0;0;0;0;322442,209363653324544;5673340,815614610910416;6,459358878000046;51,183873165000080;5210606506100540000;0
26728;5;1;70;48;2021;10;12;1;2;5;3;1;1;0;0;0;0;0;328391,906191994436085;5732574,770749468356371;6,515674908000051;51,717814846000067;5211010518100270000;0
26731;5;1;70;8;2021;12;3;5;3;0;1;1;0;0;0;0;2;0;343551,430999726057053;5714920,255999110639095;6,742835036000031;51,563631286000032;5211223518400580000;0
26736;5;1;16;0;2021;9;15;4;2;0;1;1;0;0;0;0;0;0;324813,580471812747419;5675039,490366121754050;6,492426703000035;51,199864950000062;5210908506100890000;0
26739;5;1;62;8;2021;10;16;1;2;0;6;1;0;0;1;0;0;0;330411,019200527109206;5658670,701337713748217;6,580170140000064;51,054492527000036;5211024513310080000;0
26744;5;1;12;0;2021;12;12;4;3;3;5;1;1;0;0;0;0;0;344048,474303130991757;5694403,692704372107983;6,759054238000033;51,379430490000061;5211208501323790000;0
26745;5;1;62;24;2021;7;15;3;2;0;1;1;0;0;0;0;0;0;340411,537719123065472;5672955,350758116692305;6,716418610000062;51,185708876000035;5210706513210190000;0
26748;5;3;58;28;2021;6;13;3;3;0;1;1;0;1;0;0;0;0;325407,664804291911423;5626657,859949547797441;6,524163177000048;50,765384039000025;5210601609128760000;0
26753;5;1;62;28;2021;11;15;2;3;5;3;1;1;0;0;0;0;0;336230,992580870166421;5659717,610366610810161;6,662665025000024;51,065588066000032;5211108513310090000;0
26756;5;3;62;36;2021;9;13;6;3;5;2;1;1;0;0;0;0;0;343402,367661478929222;5653863,271113581955433;6,767461591000028;51,014984427000059;5210917602300460000;0
26757;5;1;62;24;2021;5;14;4;3;5;3;1;0;0;0;1;0;0;340551,737095452845097;5671862,057017564773560;6,718908156000055;51,175924661000067;5210519513210090000;0
26759;5;1;62;20;2021;9;13;1;3;0;7;1;0;0;0;0;0;0;327593,712999558076262;5670773,538998531177640;6,534227625000028;51,162385826000047;5210926513120500000;0
26760;5;1;16;0;2021;9;18;4;3;0;1;1;0;0;0;0;0;0;322443,113147494383156;5674749,229404184967279;6,458675547000041;51,196525727000051;5210908506100790000;0
26763;5;1;12;0;2021;12;13;4;3;1;5;1;1;0;0;0;0;0;343756,390950594097376;5698390,634438190609217;6,753105393000055;51,415172736000045;5211222501318960000;0
26772;5;1;70;8;2021;5;13;3;3;5;3;1;1;0;0;0;0;0;343606,759999726898968;5715000,443999111652374;6,743596953000065;51,564367092000055;5210525518400040000;1
26773;5;1;62;24;2021;12;8;4;2;8;1;1;0;0;0;0;0;0;338347,310848264954984;5672047,136662647128105;6,687315401000035;51,176968664000071;5211201513210060000;1
26774;5;1;12;0;2021;6;11;5;3;0;6;1;0;0;0;0;0;0;345509,989999740384519;5699484,276999168097973;6,777826208000022;51,425479736000057;5210617501316090000;0
26779;5;1;11;0;2021;9;9;4;3;5;2;1;1;0;0;0;0;0;343239,898901401087642;5677978,676832376047969;6,754661694000049;51,231627468000056;5210901500100500000;0
26784;5;1;62;16;2021;9;13;1;3;4;6;1;0;0;0;0;0;0;332975,588265744969249;5676001,843570310622454;6,608695910000051;51,210955434000027;5210905513110380000;0
26787;5;1;12;0;2021;6;14;5;3;4;6;1;1;0;0;0;0;0;342051,751488998532295;5704381,121981261298060;6,725939220000043;51,468523391000076;5210624501124270000;0
26788;5;1;14;0;2021;11;12;1;3;5;3;1;1;0;0;0;0;0;328105,962999569252133;5691851,784998528659344;6,531419845000073;51,351902358000075;5211107505200080000;0
26791;5;1;12;0;2021;9;11;2;3;5;3;1;1;0;0;0;0;0;343559,941999724134803;5695609,497999116778374;6,751508940000065;51,390130211000042;5210913501324980000;0
26794;5;1;62;24;2021;3;17;3;3;2;2;1;1;0;0;0;0;0;337531,932999667711556;5675600,506998943164945;6,674052828000072;51,208663865000062;5210330513210430000;0
26796;5;1;12;0;2021;1;8;3;3;0;2;1;1;0;0;0;2;0;340417,417422188445926;5702287,495713869109750;6,703373844000055;51,449254579000069;5210119501222120000;1
26804;5;1;62;16;2021;12;16;1;3;0;7;1;0;0;0;0;0;0;333699,646999627351761;5678311,490998804569244;6,617981361000034;51,231917481000039;5211219513110790000;1
26812;5;1;66;28;2021;2;10;5;3;4;2;1;1;0;0;0;0;0;326504,435999548062682;5688734,996998447924852;6,509961805000046;51,323416094000038;5210204514215690000;0
26815;5;3;62;32;2021;3;11;4;2;1;5;1;0;0;0;1;0;0;339134,314903642982244;5642427,245617691427469;6,711721341000043;50,911049595000065;5210310602400920000;0
26817;5;1;70;4;2021;9;17;3;3;5;3;1;1;0;0;0;0;0;328483,318999577313662;5715974,928998516872525;6,525133542000049;51,568725026000038;5210914518301290000;0
26824;5;1;11;0;2021;5;9;3;2;5;3;1;1;0;0;0;0;0;344232,365393717773259;5674430,414743065834045;6,770406791000028;51,200016853000079;5210504500300680000;1
26826;5;5;54;8;2021;6;15;7;3;2;6;1;0;0;0;0;0;0;335070,242039467208087;5745863,287840547040105;6,605950013000040;51,839195215000075;5210626705000580000;0
26827;5;1;70;8;2021;4;22;5;2;0;1;1;0;0;0;0;2;0;344728,526112893596292;5716302,617485960945487;6,759192733000020;51,576376734000064;5210401518400080000;0
26830;5;1;14;0;2021;6;16;2;3;5;3;1;1;0;0;0;0;0;332155,822098944336176;5688987,596551556140184;6,590874241000051;51,327381044000049;5210607505100670000;0
26833;5;5;54;8;2021;11;16;2;3;0;1;1;0;0;0;0;0;0;340504,386999703012407;5753676,150998998433352;6,681149465000033;51,910962725000047;5211101705000080000;0
26834;5;1;11;0;2021;2;15;1;3;4;2;1;1;0;0;0;0;0;344771,106999731622636;5681707,086999151855707;6,774959122000041;51,265547023000067;5210228500200070000;0
26838;5;1;62;8;2021;6;20;1;3;0;1;1;0;0;0;0;0;0;333757,141805617138743;5665402,161032725125551;6,624773853000022;51,115950640000051;5210620513310570000;0
26841;5;1;12;0;2021;11;13;3;3;3;2;1;1;0;0;0;0;0;339973,065999690443277;5696859,536999015137553;6,699435842000071;51,400361251000049;5211116501213590000;0
26845;5;1;12;0;2021;10;14;4;3;2;2;1;1;0;0;0;0;0;343776,486397640779614;5701259,921368027105927;6,752128887000026;51,440958576000071;5211027501313490000;0
26869;5;1;66;36;2021;7;6;6;3;5;3;1;1;0;0;0;1;0;327716,238999560475349;5678600,825998527929187;6,532222111000067;51,232741980000071;5210702514219590000;1
26870;5;1;54;44;2021;10;7;2;3;0;3;1;0;0;0;1;1;0;324716,732585592195392;5739058,350319964811206;6,459258973000033;51,774917308000056;5211011515111070000;1
26876;5;1;11;0;2021;5;0;4;3;3;6;1;1;0;0;0;2;0;344434,575465495698154;5678151,802404090762138;6,771684426000036;51,233509967000032;5210519500200860000;1
26881;5;1;70;28;2021;11;16;3;3;0;3;1;1;0;0;0;1;0;330593,613999597728252;5704393,904998635873199;6,561119755000050;51,465324467000073;5211116518210770000;1
26893;5;3;62;8;2021;9;15;2;3;3;2;1;1;0;0;0;0;0;335490,799543417058885;5645730,979449776932597;6,658448382000074;50,939707120000037;5210913602100670000;0
26896;5;5;54;8;2021;6;14;4;3;5;2;1;1;0;0;0;0;0;335279,941999655216932;5745846,875998806208372;6,608998880000058;51,839109668000049;5210616705000690000;0
26899;5;3;66;24;2021;6;6;4;3;5;3;1;1;0;0;0;0;0;326864,007512104697526;5599863,257312323898077;6,557316007000054;50,525075544000060;5210630603224640000;1
26902;5;1;62;20;2021;10;14;7;3;5;3;1;1;0;0;0;0;0;330500,963075743056834;5671003,023950265720487;6,575659045000066;51,165316273000030;5211009513120570000;0