OID_;ULAND;UREGBEZ;UKREIS;UGEMEINDE;UJAHR;UMONAT;USTUNDE;UWOCHENTAG;UKATEGORIE;UART;UTYP1;IstRad;IstPKW;IstFuss;IstKrad;IstSonstige;ULICHTVERH;IstGkfz;LINREFX;LINREFY;XGCSWGS84;YGCSWGS84;UIDENTSTLAE;IstStrassenzustand
27619;5;1;12;0;2021;12;15;4;3;0;7;1;1;0;0;0;0;0;339545,379999687895179;5702150,217998996376991;6,690897126000038;51,447774799000058;5211208501222390000;0
27621;5;1;12;0;2021;7;8;2;3;0;1;1;0;0;0;0;0;0;344837,883411411195993;5706647,359094444662333;6,765024005000043;51,489656115000059;5210705501115290000;1
27622;5;1;70;24;2021;12;10;5;3;5;2;1;0;0;0;0;0;1;335424,433999650180340;5704019,021998848766088;6,630776901000047;51,463381818000073;5211209518200090000;0
27626;5;3;58;8;2021;6;16;6;3;0;5;1;1;0;0;0;0;0;321513,855877068825066;5630302,136295977979898;6,467234116000043;50,796939735000080;5210604609108670000;0
27629;5;1;70;48;2021;4;16;4;2;5;7;1;1;0;0;0;0;0;336303,243393515236676;5724044,647283956408501;6,634096584000076;51,643546935000074;5210428518100270000;0
27631;5;1;70;44;2021;3;13;5;3;5;3;1;1;0;0;0;0;0;341395,942568408325315;5718656,832732375711203;6,710075697000036;51,596600243000069;5210325518120940000;0
27637;5;3;62;36;2021;3;14;5;3;0;3;1;1;0;0;0;0;0;343982,646981080994010;5647442,076206456869841;6,778484727000034;50,957442907000029;5210325602300870000;0
27638;5;1;70;44;2021;2;13;6;3;5;3;1;1;0;0;0;0;0;338393,626999681815505;5718704,144998947158456;6,666744831000074;51,596172037000031;5210226518120840000;0
27643;5;1;62;22;2021;6;15;4;3;5;2;1;1;0;0;0;0;0;339344,507880056276917;5679368,339631984010339;6,698290830000076;51,243030152000074;5210630513130470000;1
27644;5;1;70;20;2021;7;18;1;3;1;5;1;1;0;0;1;0;0;329390,190555137582123;5709693,284726319834590;6,541250699000045;51,512569801000041;5210711518300390000;0
27647;5;3;58;8;2021;1;7;6;3;5;3;1;1;0;0;0;2;0;322588,423847296275198;5627371,319917717948556;6,483881235000069;50,770938757000067;5210108609108420000;1
27650;5;5;54;48;2021;9;16;7;1;5;3;1;0;0;1;0;0;0;340913,722438666038215;5749240,209544073790312;6,689141389000042;51,871228163000069;5210918705000580000;0
27654;5;3;66;4;2021;11;10;4;3;8;1;1;0;0;0;0;0;0;341843,281663226895034;5601402,152446940541267;6,767819066000072;50,543145172000038;5211124603104510000;0
27663;5;1;62;24;2021;1;15;3;3;5;3;1;0;0;0;1;0;0;341865,975487479940057;5672128,093978697434068;6,737577031000058;51,178680011000040;5210105513210990000;1
27674;5;1;12;0;2021;6;12;5;2;5;1;1;1;0;0;0;0;0;345456,173277001827955;5698878,903287649154663;6,777316736000046;51,420025736000071;5210617501000180000;0
27680;5;1;70;24;2021;3;22;2;2;0;1;1;0;0;0;0;2;0;332163,108371163718402;5707194,406352125108242;6,582362940000053;51,490951073000076;5210329518200970000;0
27681;5;3;58;8;2021;12;7;4;3;3;2;1;1;0;0;0;0;0;322497,848999483510852;5631063,699998309835792;6,480814714000076;50,804083893000040;5211201609108080000;1
27682;5;1;62;24;2021;2;12;5;3;0;1;1;0;1;0;0;0;0;336632,244562302716076;5676643,686330342665315;6,660708935000059;51,217779867000047;5210204513210080000;0
27689;5;1;14;0;2021;3;20;6;3;9;6;1;0;0;0;1;2;0;336357,487435111775994;5693425,666221896186471;6,649086523000051;51,368478818000028;5210319505200070000;0
27690;5;1;12;0;2021;6;16;3;3;5;3;1;1;0;0;0;0;0;343588,748999723233283;5697002,848999118432403;6,751308600000073;51,402657352000062;5210629501319390000;0
27696;5;1;14;0;2021;5;13;6;3;3;2;1;1;0;0;0;0;0;329027,031999577768147;5689456,528998577967286;6,545784443000059;51,330661925000072;5210507505200080000;0
27698;5;1;62;20;2021;4;12;6;3;1;5;1;1;0;0;0;0;0;329730,912999581545591;5675599,614998633041978;6,562477128000069;51,206383715000072;5210430513120980000;0
27700;5;1;12;0;2021;6;10;6;3;5;3;1;1;0;0;0;0;0;343068,893999720923603;5702798,667999099940062;6,741273577000072;51,454588348000073;5210604501128620000;0
27701;5;1;62;22;2021;6;19;1;3;5;2;1;1;0;0;0;0;0;338397,934596558101475;5680821,111339831724763;6,684085237000033;51,255815607000045;5210620513130080000;0
27706;5;3;66;36;2021;10;16;1;3;0;1;1;0;0;0;0;0;0;322483,589730268344283;5603306,941267026588321;6,493937068000037;50,554703336000046;5211003603236180000;1
27710;5;1;14;0;2021;3;14;4;3;5;3;1;1;0;0;0;0;0;336751,596999660134315;5690827,395998906344175;6,655935614000043;51,345248306000030;5210303505100080000;0
27712;5;1;14;0;2021;11;12;3;2;5;3;1;1;0;0;0;0;0;333410,880721520632505;5690170,967119054868817;6,608318227000041;51,338381602000027;5211116505100790000;0
27714;5;1;12;0;2021;6;13;3;3;2;7;1;0;0;0;0;0;0;340765,557722534053028;5697074,622361935675144;6,710722468000029;51,402516729000070;5210629501211360000;0
27722;5;1;62;22;2021;7;15;2;3;0;7;1;0;0;0;0;0;0;337316,231641839258373;5680184,789934072643518;6,668886365000048;51,249790891000032;5210705513110790000;1
27723;5;3;66;16;2021;11;10;2;3;0;1;1;0;0;0;0;0;0;342489,735620551742613;5614082,795413725078106;6,771558309000056;50,657272062000061;5211101603116580000;0
27734;5;1;70;24;2021;1;8;5;3;5;3;1;1;0;0;0;0;0;334274,095999637618661;5704530,962998803704977;6,613992076000045;51,467645450000077;5210107518200570000;1
27736;5;1;62;16;2021;10;16;3;3;5;2;1;1;0;0;0;0;0;334325,183999633416533;5678239,594998823478818;6,626966284000048;51,231453473000045;5211019513110580000;0
27737;5;1;12;0;2021;11;19;7;2;1;1;1;1;0;0;0;2;0;344823,356470595113933;5698765,635332496836782;6,768272418000038;51,418835150000064;5211106501317060000;0
27740;5;1;16;0;2021;5;18;4;3;5;2;1;1;0;0;0;0;0;322832,613620177842677;5673085,011542204767466;6,465065358000061;51,181696291000037;5210526506100090000;0
27741;5;3;58;28;2021;11;15;7;2;0;1;1;0;0;0;0;0;0;321495,207999465055764;5621499,336998263373971;6,471237875000043;50,717848810000078;5211120609128460000;0
27747;5;1;11;0;2021;4;10;5;3;5;3;1;1;0;0;0;0;0;344761,037410816177726;5678620,152742903679609;6,776153909000072;51,237807165000049;5210415500200970000;0
27755;5;1;70;44;2021;11;16;3;3;5;2;1;1;0;0;0;0;0;338001,101651574485004;5719296,505342552438378;6,660809130000075;51,601381109000044;5211102518120170000;1
27756;5;1;70;24;2021;10;19;1;3;5;3;1;1;0;0;0;2;0;335833,617448993027210;5703190,012842603027821;6,637046939000072;51,456052712000030;5211024518200670000;0
27757;5;3;58;8;2021;9;15;7;2;6;4;1;0;1;0;0;0;0;323159,943695573136210;5632727,065422212705016;6,489400346000025;50,819230265000044;5210911609108070000;0
27759;5;1;12;0;2021;3;12;2;3;3;2;1;1;0;0;0;0;0;344052,650479825213552;5694496,403501696884632;6,759073502000035;51,380264646000057;5210308501323780000;0
27766;5;1;12;0;2021;3;17;6;3;5;2;1;1;0;0;0;0;0;343567,927292861044407;5701415,367476519197226;6,749061765000022;51,442297683000049;5210326501313870000;0
27769;5;3;62;32;2021;5;15;3;3;0;1;1;0;0;0;0;0;0;336248,608591953292489;5642439,952913321554661;6,670703046000028;50,910352370000055;5210525602400770000;1
27780;5;1;70;24;2021;12;14;3;3;5;3;1;1;0;0;0;0;0;334388,131999637000263;5700182,050998810678720;6,617667623000045;51,428608113000053;5211214518200090000;0
27781;5;3;62;20;2021;11;8;3;3;5;3;1;1;0;0;0;0;0;342576,174999709241092;5630847,725999113172293;6,765621285000066;50,807946637000043;5211123602600660000;0
27787;5;1;70;44;2021;1;5;3;3;5;5;1;1;0;0;0;2;0;337658,869640307500958;5722666,248056141659617;6,654310936000059;51,631556381000053;5210112518120670000;1
27792;5;1;66;36;2021;5;17;7;3;5;3;1;1;0;0;0;0;0;327066,243574233725667;5679930,903371360152960;6,522278758000027;51,244494429000042;5210529514219580000;0
27793;5;1;14;0;2021;11;19;6;3;1;5;1;1;0;0;0;2;0;330922,222098237834871;5688734,435546336695552;6,573305049000055;51,324741298000049;5211105505100690000;0
27800;5;1;14;0;2021;1;13;6;3;0;1;1;0;0;0;0;0;0;332859,869673524983227;5688235,903890889137983;6,601322660000051;51,320835082000031;5210129505100070000;1
27801;5;1;12;0;2021;9;10;7;3;5;2;1;1;0;0;0;0;0;344051,659942778758705;5694903,186370478942990;6,758880692000048;51,383919329000037;5210918501323480000;0
27805;5;3;58;8;2021;9;15;4;3;5;2;1;1;0;0;0;0;0;322823,521998179145157;5631203,666177833452821;6,485364505000064;50,805441040000062;5210929609108560000;1
27807;5;1;12;0;2021;4;18;5;3;0;2;1;1;0;0;0;0;0;345272,556431206874549;5700836,715361857786775;6,773822962000054;51,437566683000057;5210415501311240000;0
27808;5;1;70;32;2021;6;11;4;3;4;6;1;0;0;0;0;0;0;334584,170699818991125;5712552,607610756531358;6,614690488000065;51,539802102000067;5210616518310990000;0
27809;5;1;12;0;2021;5;18;3;2;5;3;1;1;0;0;0;0;0;344376,347964842803776;5696864,358723290264606;6,762683189000029;51,401629643000035;5210518501319520000;0
27810;5;3;62;8;2021;2;22;4;3;5;3;1;1;0;0;0;2;0;333166,744999615475535;5647058,340998806059361;6,624790992000044;50,950965580000059;5210203602100390000;1
27811;5;3;62;24;2021;6;9;5;3;1;5;1;1;0;0;0;0;0;343205,464297991245985;5645209,174883002415299;6,768388824000056;50,937167677000048;5210617602500760000;0
27814;5;1;70;4;2021;11;15;4;3;5;3;1;0;0;1;0;0;0;329146,407999586313963;5718523,336998544633389;6,533452117000024;51,591819353000062;5211110518301080000;0
27823;5;1;62;24;2021;11;16;5;3;5;3;1;1;0;0;0;2;0;339682,118962679989636;5673267,937392117455602;6,705850662000046;51,188313362000031;5211125513210770000;1
27827;5;3;62;36;2021;11;15;2;3;5;3;1;1;0;0;0;0;0;344272,880999726243317;5647725,770999148488045;6,782492635000040;50,960070641000073;5211122602300280000;0
27829;5;1;12;0;2021;4;10;2;3;5;3;1;1;0;0;0;0;0;343419,210999724455178;5710591,682999104261398;6,742854978000025;51,524703792000082;5210412501134670000;0
27830;5;1;62;24;2021;9;11;7;3;5;2;1;1;0;0;0;0;0;338407,106999674811959;5675143,147998975589871;6,686777104000043;51,204802837000045;5210918513210770000;0
27833;5;1;62;22;2021;5;7;6;3;5;2;1;1;0;0;0;0;0;334184,898460333235562;5682765,637301487848163;6,622861816000068;51,272076378000065;5210528513130880000;0
27835;5;1;70;48;2021;7;4;4;3;4;7;1;0;0;0;1;2;0;336218,853830654174089;5724252,589050028473139;6,632780689000072;51,645390478000081;5210714518100240000;1
27838;5;1;66;36;2021;2;16;3;3;5;2;1;0;0;0;0;0;1;324253,796657530590892;5684370,221424359828234;6,479843248000066;51,283515071000068;5210223514218670000;0
27843;5;1;12;0;2021;9;5;2;3;5;3;1;1;0;0;0;2;0;342285,172999716363847;5711747,111999072134495;6,726003994000052;51,534769315000062;5210920501131090000;0
27852;5;1;12;0;2021;4;9;1;3;0;7;1;0;0;0;0;0;0;340133,214720922522247;5699331,925211625173688;6,700621578000039;51,422619874000077;5210404501213460000;0
27860;5;1;70;44;2021;6;8;4;3;5;2;1;1;0;0;0;0;0;340142,852999697439373;5720707,535999001935124;6,691064514000061;51,614670107000052;5210623518120280000;0
27875;5;1;62;20;2021;7;19;7;2;8;1;1;0;0;0;0;0;0;330651,187656310386956;5671076,915168955922127;6,577770853000061;51,166024618000051;5210703513120580000;0
27879;5;3;66;16;2021;2;14;2;3;0;6;1;0;0;0;0;0;1;339641,229977717623115;5613502,793570876121521;6,731542437000030;50,651282891000051;5210222603116020000;0
27880;5;3;62;8;2021;6;13;1;3;0;1;1;0;0;0;0;0;0;336323,502977661788464;5644929,687299938872457;6,670650117000037;50,932744340000056;5210620602100680000;1
27881;5;1;11;0;2021;5;12;2;3;5;3;1;1;0;0;0;0;0;344254,770422629080713;5674445,719767928123474;6,770720586000039;51,200160483000047;5210510500300950000;0
27887;5;1;70;20;2021;1;13;7;3;5;3;1;1;0;0;0;0;0;325539,622908948920667;5706152,557172715663910;6,487565241000027;51,479587444000060;5210109518300950000;1
27891;5;1;62;24;2021;11;15;2;3;5;3;1;1;0;0;0;0;0;338533,597057176753879;5673104,937542844563723;6,689502854000068;51,186525535000044;5211108513210880000;0
27892;5;1;62;8;2021;2;17;4;3;5;2;1;1;0;0;0;0;0;332867,952569109387696;5664270,472771445289254;6,612605406000057;51,105524332000073;5210224513310690000;0
27900;5;1;12;0;2021;9;14;6;3;3;6;1;0;0;0;0;0;0;336767,252690413035452;5695258,998511476442218;6,654125767000039;51,385068087000036;5210924501215670000;0
27906;5;1;70;48;2021;3;11;4;3;4;2;1;1;0;0;0;0;0;332292,709288954734802;5728429,050189139321446;6,574084043000028;51,681752264000067;5210310518100970000;0
27911;5;1;70;44;2021;6;15;3;3;5;3;1;1;0;0;0;0;0;338393,626999681815505;5718704,144998947158456;6,666744831000074;51,596172037000031;5210615518120470000;0
27913;5;1;70;12;2021;2;12;1;2;6;6;1;0;1;0;0;0;0;327584,876461499370635;5734189,997902220115066;6,503204046000064;51,732076695000046;5210221518110090000;0
27919;5;1;70;24;2021;11;7;3;3;5;3;1;0;0;0;1;1;0;337612,860999670810997;5701088,278998931869864;6,663598106000052;51,437683171000060;5211109518200480000;0
27924;5;1;62;24;2021;3;13;4;3;5;2;1;0;0;1;0;0;0;340554,634999693371356;5671856,119999041780829;6,718952212000033;51,175872124000080;5210331513210070000;0
27926;5;1;70;12;2021;6;13;2;3;0;3;1;1;0;0;0;0;0;329694,535999596118927;5735239,021998554468155;6,533210616000076;51,742144926000037;5210614518110090000;0
27939;5;1;12;0;2021;2;15;3;3;3;2;1;0;0;0;0;0;1;343225,890999721363187;5701880,280999109148979;6,743938295000021;51,446380293000061;5210223501128970000;0
27941;5;1;11;0;2021;9;12;5;3;0;7;1;0;0;0;0;0;0;344844,000999732874334;5680363,914999153465033;6,776585709000074;51,253498039000078;5210909500200670000;0
27945;5;1;66;36;2021;3;17;4;3;5;3;1;1;0;0;0;0;0;325414,801908871158957;5680840,767049422487617;6,498197939000022;51,252165210000044;5210317514219030000;0
27947;5;1;12;0;2021;6;15;3;3;0;5;1;1;0;0;1;0;0;343858,333374316804111;5698970,326012700796127;6,754314849000025;51,420409314000040;5210629501318420000;0
27951;5;1;70;28;2021;9;10;5;3;5;3;1;1;0;0;0;0;0;331193,265414822846651;5704219,273732038214803;6,569827729000053;51,463934798000082;5210930518210770000;0
27959;5;1;11;0;2021;1;13;2;3;5;3;1;1;0;0;0;0;0;343404,509028630331159;5675474,984161397442222;6,758111074000055;51,209176315000036;5210104500300360000;1
27967;5;3;62;24;2021;10;20;5;3;0;7;1;0;0;0;0;2;0;343019,920428131707013;5641766,503572057932615;6,767231988000049;50,906182104000038;5211014602500380000;1
27968;5;3;62;32;2021;6;17;1;3;5;2;1;0;0;1;0;0;0;339527,691013788804412;5639411,179428238421679;6,718637515000069;50,884058168000081;5210613602400980000;0
27970;5;1;70;48;2021;11;12;7;3;0;3;1;1;0;0;0;0;0;329432,098999590612948;5723781,784998554736376;6,535013301000049;51,639143758000046;5211120518100890000;0
27973;5;1;14;0;2021;10;12;3;3;2;2;1;1;0;0;0;0;0;336204,888850352726877;5691183,689650962129235;6,647928632000060;51,348292105000041;5211005505200590000;0
27974;5;1;12;0;2021;9;18;5;3;0;3;1;1;0;0;0;0;0;343804,797428072430193;5698627,182308141142130;6,753696718000072;51,417311441000038;5210930501318770000;0
27979;5;1;66;36;2021;9;13;3;2;0;3;1;1;0;0;0;0;0;329043,182999575510621;5683074,154998591169715;6,549073510000028;51,273328880000065;5210907514217590000;0
27986;5;1;12;0;2021;9;21;5;2;5;3;1;1;0;0;0;2;0;345498,130892791785300;5698873,256267232820392;6,777922154000066;51,419986434000066;5210902501316480000;0
27987;5;1;12;0;2021;6;17;3;3;5;2;1;1;0;0;0;0;0;339640,541999690234661;5697046,077998997643590;6,694575291000035;51,401943347000042;5210601501213570000;0
28014;5;5;54;48;2021;10;7;6;3;3;3;1;0;0;0;1;2;0;341104,520013753324747;5746484,085646228864789;6,693177755000022;51,846521862000031;5211029705000190000;0
28018;5;3;62;8;2021;3;17;7;3;4;2;1;1;0;0;0;0;0;333410,161999617703259;5645536,136998815461993;6,628949529000067;50,937359164000043;5210306602100660000;0
28019;5;1;11;0;2021;4;18;3;3;1;7;1;1;0;0;0;0;0;343293,508982150815427;5677977,617827188223600;6,755429404000040;51,231632676000061;5210420500100780000;0
28021;5;1;66;36;2021;6;11;1;2;3;6;1;0;0;0;0;0;0;323986,134999513626099;5681661,013998314738274;6,477342893000070;51,259094668000046;5210627514220680000;0
28026;5;3;62;20;2021;9;15;3;3;5;2;1;1;0;0;0;0;0;342190,272821888327599;5630029,473356734961271;6,760500180000065;50,800488889000064;5210928602600070000;0
28028;5;1;62;20;2021;10;7;5;2;5;3;1;1;0;1;0;1;0;329204,369881447404623;5671738,172620683908463;6,556782749000035;51,171535251000080;5211007513120270000;0
28037;5;1;62;16;2021;7;12;3;3;5;3;1;1;0;0;0;0;0;332917,187365415506065;5677109,703463086858392;6,607344421000050;51,220891720000054;5210713513110980000;1
28047;5;1;12;0;2021;10;9;5;3;5;3;1;1;0;0;0;0;0;344651,835999733768404;5699475,679999144747853;6,765496409000036;51,425167930000043;5211028501318470000;0
28048;5;1;62;8;2021;6;11;1;2;0;1;1;0;0;0;0;0;0;333569,555721140466630;5656363,362152848392725;6,626257147000047;51,034685784000033;5210620513310980000;1
28053;5;1;66;12;2021;2;4;5;3;0;1;1;0;0;0;0;2;0;324231,374743939377367;5695527,986946731805801;6,474016590000076;51,383741234000070;5210225514210580000;1
28055;5;1;70;8;2021;11;13;5;2;5;2;1;1;0;0;0;0;0;343413,484999724663794;5714607,090999104082584;6,740985971000043;51,560779330000059;5211118518400640000;1
28056;5;3;62;32;2021;9;7;5;3;3;6;1;0;1;0;1;1;0;336975,476647220551968;5642462,326799364760518;6,681023382000035;50,910759143000064;5210930602400760000;0
28064;5;1;11;0;2021;6;8;2;3;3;2;1;1;0;0;0;0;0;342558,073999715037644;5678691,544999096542597;6,744590438000046;51,237845015000062;5210628500100560000;0
28065;5;1;12;0;2021;6;17;3;3;5;3;1;1;0;0;0;0;0;345597,991405895911157;5698859,895976319909096;6,779363029000024;51,419893599000034;5210622501316470000;1
28070;5;1;62;24;2021;2;16;4;3;4;2;1;1;0;0;0;0;0;343017,620999717153609;5668606,749999113380909;6,755576769000072;51,147356897000066;5210210513210790000;2
28075;5;3;66;44;2021;3;16;1;2;5;2;1;1;0;0;0;0;0;331259,752999589778483;5616241,459998760372400;6,611835425000038;50,673523093000028;5210307603144850000;0
28081;5;1;54;48;2021;12;12;5;3;5;3;1;1;0;0;0;0;0;324252,686930410563946;5704848,673361418768764;6,469699697000067;51,467476330000068;5211223515210080000;0
28083;5;1;12;0;2021;10;7;2;3;4;6;1;0;0;0;0;2;0;343707,059440092183650;5697997,984660465270281;6,752569632000075;51,411631206000038;5211025501318870000;0
28084;5;1;70;8;2021;4;11;6;3;5;2;1;1;0;0;0;0;0;343266,342784041538835;5713993,559819944202900;6,739138453000066;51,555226112000071;5210416518400040000;0
28092;5;1;12;0;2021;4;16;3;3;0;7;1;1;0;0;0;0;0;342909,745347409509122;5693403,290980549529195;6,743147088000057;51,370127988000036;5210413501327080000;0
28096;5;1;70;48;2021;5;14;4;3;5;3;1;1;0;0;0;0;0;335685,426999655552208;5728041,524998836219311;6,623296711000023;51,679273693000027;5210526518100670000;0
28101;5;3;58;8;2021;12;10;5;3;5;3;1;1;0;0;0;0;0;322375,064999480731785;5631017,245998300611973;6,479096384000059;50,803628921000040;5211209609108080000;0
28106;5;1;12;0;2021;2;15;4;3;0;1;1;0;0;0;0;0;0;341368,281999704428017;5703091,258999049663544;6,716686047000053;51,456743269000071;5210224501222080000;0
28108;5;1;11;0;2021;9;17;6;3;1;5;1;1;0;0;0;0;0;341127,932999700307846;5678125,438999054953456;6,724371496000060;51,232362114000068;5210910500100400000;1
28111;5;1;16;0;2021;9;10;5;3;5;3;1;1;0;0;0;0;0;322292,023996949195862;5673015,283218774944544;6,457373163000057;51,180902127000081;5210909506100690000;0
28112;5;1;14;0;2021;12;11;4;3;5;3;1;1;0;0;0;0;0;336021,804471540264785;5691943,347058478742838;6,644951892000051;51,355064343000038;5211215505200980000;1
28113;5;1;11;0;2021;12;8;6;3;5;3;1;1;0;0;0;1;0;342714,043891847133636;5677949,212153360247612;6,747148829000025;51,231218038000065;5211210500100270000;0
28115;5;3;66;16;2021;4;17;5;3;5;3;1;1;0;0;0;0;0;339633,892033535055816;5613499,665569985285401;6,731440075000023;50,651252763000059;5210408603116760000;0
28116;5;1;12;0;2021;3;13;5;3;0;3;1;1;0;0;0;0;0;338078,853828934952617;5701195,339574856683612;6,670247816000028;51,438778421000052;5210325501223890000;0
28117;5;1;12;0;2021;12;11;4;3;5;3;1;1;0;0;0;0;0;345115,286999735981226;5700863,380999157205224;6,771550386000058;51,437763300000029;5211208501311090000;0
28119;5;3;66;12;2021;12;22;6;3;5;3;1;1;0;0;0;2;0;325436,474999510683119;5584740,889998534694314;6,544244569000057;50,388776216000053;5211203603212590000;0
28135;5;1;14;0;2021;9;13;6;3;0;1;1;0;0;0;0;0;0;335369,475074375979602;5694301,372486310079694;6,634499916000038;51,376060850000044;5210903505200970000;0
28137;5;1;12;0;2021;7;14;3;3;5;3;1;1;0;0;0;0;0;340850,415134745649993;5698654,174252465367317;6,711232584000072;51,416732326000044;5210713501212070000;0
28138;5;1;14;0;2021;10;11;3;3;5;3;1;1;0;0;0;0;0;329558,882999583147466;5688948,683998610824347;6,553654282000025;51,326259196000080;5211012505100400000;0
28154;5;1;12;0;2021;10;9;3;2;5;2;1;1;0;0;0;0;0;342798,238728260621428;5710006,205230766907334;6,734172249000039;51,519270975000040;5211019501132860000;1
28157;5;1;11;0;2021;7;22;4;2;5;2;1;1;0;0;0;1;0;339627,134860803373158;5678336,048579227179289;6,702798753000025;51,233834647000037;5210707500100470000;0
28159;5;3;62;8;2021;10;15;1;3;5;2;1;1;0;0;0;0;0;330803,385440574958920;5645990,188675332814455;6,591671559000076;50,940679767000063;5211031602100610000;0
28164;5;5;54;48;2021;9;8;6;3;0;1;1;0;0;0;0;0;0;341069,778635241091251;5746493,923358494415879;6,692669305000038;51,846600355000078;5210924705000780000;1
28167;5;1;16;0;2021;5;11;1;3;5;3;1;1;0;0;0;0;0;324815,525095956400037;5674343,206764115020633;6,492794248000052;51,193610428000056;5210530506100390000;0
28169;5;1;70;8;2021;1;15;5;3;5;3;1;1;0;0;0;0;0;345386,045999740250409;5714569,447999158874154;6,769436555000027;51,560985273000028;5210107518400980000;1
28171;5;1;16;0;2021;7;19;2;3;0;1;1;0;0;0;0;0;0;323829,127083496190608;5677577,630521703511477;6,477103658000033;51,222363526000038;5210705506100480000;0
28176;5;1;66;36;2021;4;10;5;3;0;3;1;1;0;0;0;0;0;329458,587475752457976;5683398,461903063580394;6,554868401000022;51,276366881000058;5210415514217670000;0
28179;5;3;62;32;2021;5;14;5;2;1;3;1;0;0;1;0;0;0;334199,034588329493999;5640520,083104208111763;6,642446679000045;50,892517236000060;5210513602400180000;0
28180;5;1;70;8;2021;9;17;7;3;5;2;1;1;0;0;0;0;0;344045,441999730654061;5715611,482999119907618;6,749649739000063;51,569978561000028;5210925518400580000;0
28181;5;3;62;24;2021;3;13;4;2;0;7;1;0;0;0;0;0;0;343967,827960238792002;5645216,317407239228487;6,779227531000060;50,937438632000067;5210331602500660000;0
28182;5;1;12;0;2021;5;22;1;2;5;3;1;0;0;1;0;2;0;342811,338688251562417;5712730,015378054231405;6,733145159000060;51,543747072000031;5210530501131980000;0
28191;5;1;14;0;2021;6;7;2;3;4;6;1;0;0;0;0;0;0;332571,876999616622925;5687771,289998745545745;6,597411679000061;51,316576264000048;5210614505100080000;0
28192;5;3;58;8;2021;6;13;3;3;5;2;1;1;0;0;0;0;0;322924,774999489076436;5630752,825998334214091;6,487017507000076;50,801421578000031;5210608609108660000;0
28193;5;1;62;22;2021;10;16;6;3;4;1;1;0;0;0;0;0;0;338454,918030364438891;5686162,487504815682769;6,682486263000044;51,303822485000069;5211008513130970000;0
28196;5;1;14;0;2021;4;15;6;2;0;1;1;0;0;0;0;0;0;333787,936579760164022;5688996,737826926633716;6,614274373000057;51,327942468000060;5210416505100380000;0
28208;5;3;66;44;2021;6;15;7;3;8;1;1;0;0;0;0;0;0;335909,108055651187897;5616754,306674461811781;6,677351303000023;50,679460527000060;5210626603144080000;0
28212;5;3;62;4;2021;11;18;5;3;4;6;1;0;0;0;0;2;0;329353,152647265233099;5652331,318775832653046;6,568073957000024;50,997223993000034;5211111602200450000;0
28219;5;1;62;16;2021;12;18;7;2;5;2;1;1;0;0;0;2;0;332573,540176738984883;5675113,831062456592917;6,603359496000053;51,202859541000066;5211211513110390000;1
28222;5;3;66;44;2021;7;11;6;3;3;6;1;1;0;0;0;0;0;330242,649318491108716;5619745,768704246729612;6,595844313000043;50,704713811000033;5210709603144610000;1
28224;5;1;62;28;2021;6;18;3;3;0;1;1;0;0;0;0;0;0;336149,481497027911246;5659815,371502665802836;6,661458441000036;51,066443182000057;5210608513340070000;0
28225;5;5;54;8;2021;2;15;3;3;5;3;1;1;0;0;0;0;0;335201,466842278838158;5742183,853203251957893;6,609604024000021;51,806180141000027;5210223705000270000;0
28228;5;1;70;8;2021;11;16;6;2;0;1;1;0;0;0;0;0;0;342562,484112321399152;5713558,349523270502687;6,729188754000063;51,551119951000032;5211112518400740000;1
28233;5;1;12;0;2021;9;10;2;3;4;2;1;0;0;0;1;0;0;343849,923999727703631;5708584,293999122455716;6,749947890000044;51,506787129000031;5210913501112960000;0
28235;5;1;62;24;2021;1;13;7;2;5;3;1;1;0;0;0;0;0;337526,651477221399546;5675605,515608757734299;6,673975015000053;51,208707364000077;5210102513210780000;0
28243;5;1;12;0;2021;6;17;1;3;4;6;1;0;0;0;0;0;0;343415,456999723799527;5710411,214999105781317;6,742881114000056;51,523081299000069;5210613501134590000;0
28244;5;1;62;24;2021;11;11;6;2;0;1;1;0;0;0;0;0;0;338435,055999674834311;5677497,675998976454139;6,686116143000049;51,225965779000035;5211119513210070000;1
28246;5;1;62;22;2021;11;8;3;3;0;3;1;1;0;0;0;0;0;339109,458820256404579;5679788,092364994809031;6,694737580000037;51,246735319000038;5211102513130680000;0
28249;5;1;70;44;2021;12;17;2;2;5;3;1;1;0;0;0;1;0;336119,253999660722911;5721893,816998858004808;6,632446625000057;51,624170646000039;5211220518120680000;0
28257;5;3;62;32;2021;6;21;1;3;0;1;1;0;0;0;0;0;0;339294,772342081181705;5639269,027033444494009;6,715391526000076;50,882716117000029;5210613602400460000;0
28258;5;1;66;36;2021;12;22;6;3;1;7;1;1;0;0;1;2;0;329454,699590532109141;5683276,711281850934029;6,554870810000068;51,275271925000027;5211224514217590000;1
28260;5;1;70;20;2021;11;5;6;3;5;3;1;1;0;0;0;2;0;328427,029999577440321;5711155,717998521402478;6,526672013000052;51,525415666000072;5211105518300880000;1
28266;5;1;62;24;2021;9;8;2;3;5;2;1;1;0;0;0;0;0;341497,610917276702821;5670994,015247328206897;6,732811275000074;51,168388109000034;5210927513210230000;0
28267;5;1;62;22;2021;2;14;7;3;0;1;1;0;0;0;0;0;0;337455,893365037627518;5684021,677856922149658;6,669141681000042;51,284303789000035;5210227513130180000;0