OID_;ULAND;UREGBEZ;UKREIS;UGEMEINDE;UJAHR;UMONAT;USTUNDE;UWOCHENTAG;UKATEGORIE;UART;UTYP1;IstRad;IstPKW;IstFuss;IstKrad;IstSonstige;ULICHTVERH;IstGkfz;LINREFX;LINREFY;XGCSWGS84;YGCSWGS84;UIDENTSTLAE;IstStrassenzustand
28274;5;1;62;4;2021;9;16;4;2;5;2;1;1;0;0;0;0;0;341971,982999705709517;5664538,454999085515738;6,742423161000033;51,110514292000062;5210915513320190000;1
28275;5;1;62;24;2021;2;6;3;3;0;7;1;0;0;0;0;2;0;338179,426739495247602;5677514,360977163538337;6,682450775000063;51,226043280000056;5210209513210570000;2
28277;5;1;62;24;2021;9;7;4;3;0;1;1;0;0;0;0;0;0;338425,042667164467275;5670625,995450440794230;6,689065117000041;51,164221803000032;5210922513210470000;0
28278;5;3;62;8;2021;7;14;5;3;5;3;1;1;0;0;0;0;0;332838,927619954571128;5647502,082785900682211;6,619924408000031;50,954857542000070;5210708602100370000;0
28283;5;1;16;0;2021;9;14;2;2;4;6;1;0;0;0;0;0;0;322988,975387294776738;5676303,620253372937441;6,465713481000023;51,210658766000051;5210920506100590000;0
28289;5;1;66;36;2021;9;18;7;3;2;1;1;1;0;0;0;0;0;329364,490999580360949;5681920,123998608440161;6,554226168000071;51,263057499000070;5210904514217030000;0
28293;5;1;11;0;2021;9;13;7;3;0;2;1;1;0;0;0;0;0;342874,227999716997147;5688496,017999097704887;6,744803682000054;51,326026394000053;5210911500200070000;0
28297;5;1;66;36;2021;5;19;1;3;5;3;1;1;0;0;0;0;0;325663,472999535501003;5682794,206998411566019;6,500805716000059;51,269790082000043;5210502514217080000;0
28300;5;1;66;36;2021;5;14;5;2;4;7;1;0;0;0;0;0;0;327937,732783881016076;5678407,594419896602631;6,535484411000027;51,231072846000075;5210513514219380000;0
28304;5;1;62;24;2021;2;10;7;3;5;3;1;1;0;0;0;0;0;336654,414033391512930;5676634,186147755011916;6,661030428000061;51,217700853000053;5210227513210270000;0
28311;5;1;12;0;2021;1;7;2;3;0;2;1;1;0;0;0;2;0;342209,958999712951481;5702978,879999076947570;6,728840855000044;51,455968782000070;5210111501128280000;1
28317;5;1;12;0;2021;4;15;7;3;3;6;1;0;0;0;0;0;0;342876,059999717399478;5702999,149999095126987;6,738411364000058;51,456336155000031;5210417501128080000;0
28322;5;1;70;20;2021;10;15;6;3;5;3;1;1;0;0;0;0;0;327300,598677610047162;5709007,954109570011497;6,511502470000039;51,505778536000037;5211008518300040000;0
28323;5;1;70;32;2021;5;16;1;3;5;2;1;1;0;0;0;0;0;331437,798868480138481;5717838,363860914483666;6,566828651000037;51,586356075000026;5210523518310990000;0
28324;5;1;11;0;2021;6;8;5;3;2;2;1;1;0;0;0;0;0;345224,702999735251069;5679917,004999162629247;6,782230123000033;51,249585844000080;5210624500200780000;0
28325;5;1;62;22;2021;6;15;1;3;5;3;1;1;0;0;0;0;0;335259,172803125344217;5682219,913948144763708;6,638500075000024;51,267484920000072;5210606513130090000;0
28326;5;3;66;16;2021;6;23;7;3;0;1;1;0;0;0;0;2;0;340511,569033308885992;5613688,934299759566784;6,743764011000053;50,653194488000054;5210619603116090000;1
28328;5;1;12;0;2021;10;16;4;3;1;5;1;1;0;0;0;1;0;345543,447000239975750;5700250,211486486718059;6,777973114000076;51,432370830000082;5211020501314580000;0
28333;5;1;12;0;2021;9;14;4;3;0;1;1;0;0;0;0;0;0;344102,223999728448689;5700801,223999129608274;6,757013975000064;51,436926955000047;5210929501313180000;1
28345;5;5;54;48;2021;9;23;4;3;0;1;1;0;0;0;0;2;0;341476,033999712206423;5745017,290999034419656;6,699238781000076;51,833449861000076;5210901705000290000;0
28351;5;1;11;0;2021;3;21;7;3;5;3;1;1;0;0;0;2;0;344639,836043265648186;5678875,571071561425924;6,774308270000063;51,240069197000082;5210313500200970000;1
28352;5;1;62;24;2021;10;8;4;3;0;1;1;0;0;0;0;0;0;338619,775462820194662;5675579,117600588127971;6,689622743000029;51,208780084000068;5211020513210770000;1
28355;5;1;62;16;2021;10;18;1;3;0;1;1;0;0;0;0;0;0;334325,183999633416533;5678239,594998823478818;6,626966284000048;51,231453473000045;5211010513110370000;0
28358;5;1;70;8;2021;6;18;6;3;1;3;1;1;0;0;0;0;0;342540,189087050966918;5713282,470446573570371;6,728990931000055;51,548635072000081;5210611518400180000;0
28359;5;1;16;0;2021;12;8;6;3;0;3;1;1;0;0;0;1;0;322776,090263637714088;5676091,557892065495253;6,462773538000022;51,208687719000068;5211217506100210000;1
28363;5;1;11;0;2021;7;17;4;3;5;3;1;1;0;0;0;0;0;342097,722999710589647;5677958,477999085560441;6,738324369000054;51,231131104000042;5210707500100450000;0
28366;5;1;62;24;2021;9;16;7;3;2;2;1;1;0;0;0;0;0;339607,861166549846530;5668006,029369080439210;6,707135382000047;51,141014120000079;5210911513210680000;0
28369;5;1;14;0;2021;4;15;5;2;0;1;1;0;0;0;0;0;0;330570,910229230299592;5690474,595145076513290;6,567440084000054;51,340270148000059;5210429505200180000;0
28370;5;1;11;0;2021;7;18;7;3;3;6;1;1;0;0;0;0;0;345109,629508532583714;5676467,497770536690950;6,782073978000028;51,218559435000031;5210703500300180000;1
28373;5;1;62;22;2021;5;16;2;3;5;3;1;1;0;0;0;0;0;338581,984132183715701;5680555,306612953543663;6,686840443000051;51,253479544000072;5210503513130580000;0
28376;5;1;66;28;2021;1;21;7;3;0;6;1;1;0;0;0;2;0;325829,616962055675685;5690778,694496937096119;6,499287398000035;51,341569273000061;5210123514215880000;1
28379;5;1;62;8;2021;6;18;7;3;5;3;1;1;0;0;0;0;0;330469,574656050652266;5658361,664802195504308;6,581149587000027;51,051733308000053;5210612513310580000;0
28394;5;3;62;32;2021;11;9;6;3;5;2;1;1;0;0;0;0;0;338765,236589123494923;5643937,927065577358007;6,705808073000071;50,924520719000043;5211112602400970000;0
28397;5;1;66;36;2021;11;16;2;3;4;6;1;0;0;0;0;0;0;329883,298051667399704;5682301,016035223379731;6,561473979000027;51,266634463000059;5211122514000180000;0
28400;5;1;12;0;2021;12;16;4;3;0;3;1;1;0;0;0;1;0;338952,799180425703526;5697954,735527986660600;6,684284015000060;51,409912366000071;5211222501213390000;0
28407;5;1;12;0;2021;5;15;1;3;0;7;1;0;0;0;0;0;0;343870,716915429569781;5699228,762598320841789;6,754378956000039;51,422734761000072;5210530501318090000;0
28413;5;3;62;8;2021;3;11;2;3;0;5;1;1;0;0;0;0;0;332022,876999605447054;5648461,158998755738139;6,607873445000052;50,963237313000036;5210301602100260000;0
28416;5;5;54;8;2021;5;12;1;2;5;3;1;0;0;1;0;0;0;331646,882999620400369;5745901,836998637765646;6,556287524000027;51,838520078000045;5210530705000380000;0
28419;5;1;16;0;2021;6;9;4;3;3;6;1;1;0;0;0;0;0;322073,117803983390331;5673707,472690949216485;6,453901614000074;51,187052214000062;5210616506100170000;0
28430;5;3;58;8;2021;3;12;4;3;5;7;1;1;0;0;0;0;0;322916,444999488070607;5630587,130998332053423;6,486979308000059;50,799930404000065;5210317609108780000;1
28441;5;1;11;0;2021;2;14;2;3;1;5;1;1;0;0;0;0;0;345261,880757696926594;5679809,858598930761218;6,782808734000071;51,248633181000059;5210215500200950000;0
28445;5;1;70;20;2021;7;13;5;3;5;3;1;1;0;0;0;0;0;327008,789999559521675;5707896,164998449385166;6,507847085000037;51,495701858000075;5210708518300590000;0
28446;5;5;54;8;2021;9;18;7;3;5;3;1;1;0;0;0;0;0;337012,873208138160408;5743223,930479573085904;6,635364931000026;51,816054711000049;5210925705000490000;0
28447;5;1;12;0;2021;9;12;3;3;5;3;1;1;0;0;0;0;0;343043,897999719716609;5702786,982999097555876;6,740919292000058;51,454476432000035;5210907501128070000;0
28457;5;5;54;8;2021;1;6;3;3;0;1;1;0;0;0;1;2;0;328029,712498776614666;5748210,631755441427231;6,502687880000053;51,858157159000029;5210112705000470000;1
28460;5;1;66;36;2021;4;16;4;3;5;3;1;1;0;0;0;0;0;327894,299954502843320;5679440,495812445878983;6,534366683000030;51,240339134000067;5210421514219580000;0
28463;5;1;16;0;2021;1;16;7;3;5;2;1;1;0;0;0;0;0;323871,193657664582133;5669699,137120353057981;6,481568175000064;51,151600032000033;5210123506100080000;0
28472;5;3;58;48;2021;2;12;7;2;2;1;1;1;0;0;0;0;0;321518,116110379807651;5641281,790578074753284;6,461944627000037;50,895581448000030;5210220609248480000;0
28474;5;1;70;32;2021;5;13;1;3;3;6;1;0;0;0;0;0;0;336935,927269401028752;5711469,081665530800819;6,649073865000048;51,530751863000035;5210530518310490000;0
28477;5;1;62;22;2021;2;15;5;3;0;1;1;0;0;0;0;0;0;338080,705999673344195;5681277,681998960673809;6,679336402000047;51,259827774000030;5210218513130980000;1
28482;5;5;54;8;2021;11;15;4;3;0;1;1;0;0;0;0;0;0;332113,428581027314067;5742775,733342975378036;6,564568706000045;51,810578433000046;5211103705000290000;1
28483;5;1;12;0;2021;10;11;6;3;5;2;1;1;0;0;0;0;0;345829,157999743707478;5700227,700999174267054;6,782089866000035;51,432246380000038;5211022501315260000;0
28484;5;1;14;0;2021;9;15;2;3;5;3;1;1;0;0;0;0;0;335601,284999650903046;5691586,509998861700296;6,639082781000070;51,351736895000045;5210906505200870000;0
28485;5;1;12;0;2021;12;11;2;3;4;2;1;1;0;0;0;0;0;342910,968999718315899;5693403,418999100103974;6,743164596000042;51,370129477000035;5211220501327590000;0
28490;5;1;70;48;2021;5;16;7;3;5;3;1;1;0;0;0;0;0;335688,114753803238273;5725466,682115713134408;6,624546354000074;51,656142783000064;5210529518100190000;0
28494;5;5;54;8;2021;10;17;5;3;5;3;1;1;0;0;0;0;0;333191,376651726663113;5745403,912251921370625;6,578924797000070;51,834510560000069;5211028705112690000;0
28495;5;1;70;52;2021;10;0;1;3;0;1;1;0;0;0;0;2;0;325475,814466619864106;5723709,841415349394083;6,477933341000039;51,637283959000058;5211024518320070000;0
28501;5;1;70;20;2021;2;16;7;3;6;7;1;0;1;0;0;0;0;328733,924861408770084;5708749,502327492460608;6,532260663000045;51,503892925000059;5210220518300540000;0
28502;5;1;54;44;2021;11;12;7;3;5;3;1;1;0;0;0;0;0;324432,137970894575119;5738637,432972658425570;6,455350921000047;51,771047261000035;5211106515111070000;0
28504;5;3;62;32;2021;10;13;1;3;3;6;1;1;0;0;0;0;0;341761,062105441465974;5636799,728129573166370;6,751491908000048;50,861208272000056;5211024602400160000;0
28505;5;1;11;0;2021;6;10;4;2;0;7;1;0;0;0;0;0;1;345090,410714049823582;5676493,100583912804723;6,781787938000036;51,218784273000040;5210609500300860000;0
28510;5;1;66;36;2021;10;16;5;3;0;3;1;1;0;0;0;0;0;328640,258999571204185;5682301,405998567119241;6,543673039000055;51,266265633000046;5211028514217080000;0
28516;5;1;62;28;2021;4;14;3;3;0;5;1;1;0;0;0;0;0;338085,571999669075012;5655657,896998973563313;6,690926012000034;51,029637160000050;5210420513340680000;0
28524;5;3;58;8;2021;9;15;7;3;5;2;1;1;0;0;0;0;0;323028,961846704594791;5630056,492928825318813;6,488830072000042;50,795197433000055;5210911609108060000;0
28530;5;1;14;0;2021;4;9;3;3;5;3;1;1;0;0;0;0;0;331084,955999601632357;5687828,119998678565025;6,576067894000062;51,316647352000075;5210406505100070000;1
28531;5;3;62;8;2021;10;8;5;3;5;2;1;1;0;0;0;0;0;334254,380831040441990;5647481,899445313960314;6,640068768000049;50,955084995000050;5211014602100410000;1
28532;5;1;62;24;2021;6;13;7;3;0;6;1;0;0;0;0;0;0;342508,490597848780453;5668271,239933060482144;6,748450345000037;51,144202376000067;5210626513210480000;0
28537;5;3;58;28;2021;7;20;1;3;1;1;1;1;0;0;0;0;0;322912,452022325247526;5625022,785886326804757;6,489601876000052;50,749937995000039;5210704609128610000;1
28541;5;3;66;44;2021;11;12;7;3;8;1;1;0;0;0;0;0;0;338641,846320677548647;5615606,671742977574468;6,716499866000049;50,669912138000029;5211120603144980000;0
28547;5;1;12;0;2021;6;17;3;3;5;2;1;1;0;0;0;0;0;345774,647302866913378;5699153,590738695114851;6,781773875000056;51,422580565000032;5210608501316090000;0
28553;5;3;62;16;2021;6;8;4;3;2;2;1;1;0;0;0;0;0;330928,883341616019607;5644667,290010159835219;6,594069903000047;50,928830778000076;5210623602250380000;1
28558;5;1;11;0;2021;10;16;2;3;5;3;1;1;0;0;0;0;0;344829,149999733082950;5681386,490999156609178;6,775929536000035;51,262682172000041;5211004500200990000;0
28562;5;1;12;0;2021;11;22;6;3;4;6;1;0;0;0;0;2;0;344649,051586447283626;5697313,237341007217765;6,766403939000043;51,405737583000075;5211119501319120000;0
28568;5;3;62;8;2021;9;22;5;3;0;1;1;0;0;0;0;2;0;333896,861900392919779;5648709,455362869426608;6,634422645000029;50,966011524000066;5210916602100060000;1
28569;5;5;54;8;2021;6;7;3;3;3;6;1;0;0;0;0;0;0;335195,025555799715221;5745853,893465654924512;6,607764088000067;51,839147657000069;5210601705000670000;0
28575;5;1;70;44;2021;5;13;6;3;4;2;1;0;0;1;0;0;0;337100,433699774555862;5721469,554372251033783;6,646805899000071;51,620643951000034;5210507518120070000;0
28576;5;3;66;16;2021;9;14;1;3;0;7;1;0;0;0;0;0;0;340842,110999689437449;5613754,529999079182744;6,748408047000055;50,653874342000051;5210912603116190000;0
28581;5;1;70;48;2021;1;16;5;2;5;3;1;0;0;0;1;1;0;326447,266608161851764;5728501,007687512785196;6,489578889000029;51,680622846000063;5210121518100990000;0
28582;5;1;62;16;2021;6;13;2;3;0;1;1;0;0;0;0;0;0;332863,794993517920375;5676956,091442724689841;6,606652155000063;51,219495995000045;5210614513110190000;0
28585;5;5;54;8;2021;12;20;5;2;5;3;1;1;0;0;0;2;0;333820,197812980040908;5746399,096955010667443;6,587564798000074;51,843637962000059;5211223705000580000;1
28590;5;1;12;0;2021;2;15;2;3;0;1;1;0;0;0;0;0;0;345165,503358594141901;5694822,790506482124329;6,774909667000031;51,383501892000027;5210222501323290000;0
28595;5;1;70;48;2021;6;9;3;3;0;1;1;0;0;0;0;0;0;335751,440136957913637;5725790,439796850085258;6,625308903000075;51,659069849000048;5210622518100090000;0
28600;5;1;70;44;2021;9;16;5;3;3;2;1;0;0;1;0;0;0;337616,678642777726054;5722701,892761969938874;6,653685332000066;51,631864437000047;5210916518120780000;0
28602;5;1;16;0;2021;9;13;3;3;0;6;1;1;0;0;0;0;0;324570,797999518923461;5670267,578998368233442;6,491284314000040;51,156921569000076;5210921506100880000;0
28614;5;1;70;24;2021;6;20;4;3;5;3;1;1;0;0;0;0;0;333172,539999624714255;5696700,459998764097691;6,601835678000043;51,396973063000075;5210602518200590000;0
28622;5;1;62;4;2021;1;14;6;3;5;3;1;1;0;0;0;0;0;343761,672744988463819;5665472,049106266349554;6,767565247000050;51,119393749000039;5210108513320770000;1
28625;5;1;14;0;2021;9;7;3;2;4;6;1;0;0;0;0;0;0;328383,806999570690095;5690720,326998542994261;6,535951529000045;51,341821721000031;5210914505200380000;0
28637;5;1;11;0;2021;6;15;4;2;4;2;1;1;0;0;0;0;0;345118,921361807733774;5675622,622963298112154;6,782571785000073;51,210970395000061;5210602500300180000;0
28641;5;1;70;8;2021;6;13;4;3;5;2;1;0;0;0;1;0;0;346058,109999747015536;5717106,461999174207449;6,778012717000024;51,583963791000031;5210602518400540000;0
28643;5;1;70;48;2021;10;10;5;3;0;7;1;0;0;0;0;0;0;335600,265999654307961;5724738,298998836427927;6,623619909000070;51,649573486000065;5211007518100670000;1
28646;5;1;12;0;2021;10;19;6;3;5;3;1;1;0;0;0;2;0;344062,832999728620052;5698789,709999131038785;6,757333073000041;51,418842778000055;5211022501318670000;1
28649;5;1;12;0;2021;5;10;3;3;5;2;1;1;0;0;0;0;0;337083,211685646325350;5696662,046631518751383;6,658018614000071;51,397764379000080;5210511501215550000;0
28651;5;1;70;48;2021;9;9;5;3;3;2;1;1;0;0;0;0;0;334647,046999647282064;5727384,686998797580600;6,608602256000040;51,673068190000038;5210930518100570000;0
28653;5;3;66;28;2021;11;10;7;3;8;1;1;0;0;0;0;0;0;338259,169976121746004;5612237,843044891953468;6,712560385000074;50,639534136000066;5211113603228810000;0
28655;5;1;66;36;2021;11;8;6;3;5;3;1;1;0;0;0;0;0;327672,172870560549200;5679724,745418356731534;6,531050812000046;51,242825719000052;5211112514219080000;0
28669;5;5;54;40;2021;10;1;1;3;8;7;1;0;0;0;0;2;0;346588,138605441898108;5739330,318063933402300;6,775890088000040;51,783782865000035;5211031705000080000;0
28675;5;1;70;8;2021;9;15;7;3;5;3;1;1;0;0;0;0;0;345386,045999740250409;5714569,447999158874154;6,769436555000027;51,560985273000028;5210904518400580000;0
28676;5;1;16;0;2021;6;6;2;3;5;2;1;1;0;0;0;0;0;322943,693780243396759;5673816,753593275323510;6,466292431000056;51,188304244000051;5210628506100170000;0
28681;5;5;54;8;2021;11;12;1;3;5;3;1;1;0;0;0;0;0;335161,584571028128266;5745856,661837359890342;6,607277811000074;51,839162658000077;5211107705000480000;0
28683;5;1;66;12;2021;9;13;5;3;5;3;1;1;0;0;0;0;0;325528,637999537400901;5698255,558998381718993;6,491299665000042;51,408643948000076;5210930514211080000;0
28687;5;3;58;52;2021;3;15;6;3;3;6;1;1;0;0;0;0;0;329261,852809808216989;5631668,978160282596946;6,576437286000044;50,811554791000049;5210319609152070000;0
28695;5;1;70;48;2021;7;15;6;3;5;2;1;1;0;0;0;0;0;334559,373842536471784;5727638,542163558304310;6,607215246000067;51,675322916000027;5210702518100120000;0
28697;5;1;66;36;2021;11;16;2;3;5;2;1;1;0;0;0;1;0;328514,268600921146572;5681696,141880342736840;6,542159039000069;51,260790166000049;5211115514217310000;0
28701;5;1;62;24;2021;12;14;2;3;5;2;1;1;0;0;0;0;0;337887,373409515246749;5670810,313226236030459;6,681298735000041;51,165725764000058;5211220513210070000;0
28709;5;1;11;0;2021;9;15;5;3;5;2;1;1;0;0;0;0;0;340826,172999696806073;5678171,052999043837190;6,720032592000052;51,232687870000063;5210909500100050000;0
28711;5;1;54;44;2021;2;15;3;2;0;3;1;0;0;1;0;0;0;325069,051411284133792;5738874,229155970737338;6,464453199000047;51,773373648000074;5210223515111690000;0
28712;5;1;16;0;2021;10;16;4;3;0;1;1;0;0;0;0;0;0;323519,286999507807195;5675570,286998298019171;6,473658769000053;51,204235026000049;5211020506100690000;1
28720;5;3;62;36;2021;6;10;2;3;0;5;1;1;0;0;0;0;0;344265,265690567903221;5647778,521958131343126;6,782361707000064;50,960542594000060;5210614602300880000;0
28725;5;1;66;36;2021;1;22;4;3;0;3;1;1;0;0;0;2;0;325855,964999539777637;5683350,789998421445489;6,503291230000059;51,274849012000061;5210113514217780000;1
28730;5;1;70;24;2021;12;9;5;3;5;3;1;1;0;0;0;0;0;332778,839215153828263;5698478,737804671749473;6,595343314000047;51,412833125000077;5211202518200090000;0
28734;5;1;12;0;2021;9;10;2;2;5;3;1;1;0;0;0;0;0;344367,203999730758369;5700246,679999139159918;6,761066954000057;51,432017255000062;5210906501311160000;0
28737;5;1;14;0;2021;10;15;2;3;5;2;1;1;0;0;0;0;0;327908,387845025397837;5691655,240356050431728;6,528680336000036;51,350076886000068;5211004505200080000;0
28738;5;1;12;0;2021;3;13;4;3;0;2;1;1;0;0;0;0;0;339938,936078682541847;5698560,690912811085582;6,698177932000021;51,415635825000038;5210303501213580000;0
28740;5;1;70;32;2021;6;13;5;3;5;3;1;1;0;0;0;0;0;332831,516699810512364;5712555,303133064880967;6,589439738000067;51,539310012000044;5210610518310990000;0
28742;5;3;58;8;2021;9;14;5;3;4;2;1;1;0;0;0;0;0;323006,674830559641123;5631280,079558342695236;6,487924456000030;50,806183525000051;5210902609108380000;0
28743;5;1;12;0;2021;4;8;3;3;2;3;1;1;0;0;0;0;0;343059,033563147298992;5702787,272991148754954;6,741136828000037;51,454483233000076;5210427501128060000;0
28747;5;1;70;12;2021;9;19;2;3;5;5;1;1;0;0;0;0;0;335258,144379399716854;5735175,305525653064251;6,613750237000033;51,743235629000026;5210906518110240000;0
28750;5;1;62;8;2021;6;1;1;2;7;7;1;0;0;0;0;2;0;333827,151779953390360;5665788,101171925663948;6,625595390000058;51,119438460000026;5210620513310090000;1
28752;5;1;62;4;2021;6;13;5;2;5;3;1;1;0;0;0;0;0;340326,921999691985548;5661737,613999040797353;6,720180389000063;51,084892195000066;5210617513320580000;0
28753;5;3;62;36;2021;11;13;5;2;4;6;1;1;0;0;0;0;0;344411,681467487476766;5650158,684725657105446;6,783426696000049;50,981969843000059;5211118602300580000;0
28755;5;5;54;32;2021;6;10;1;2;0;1;1;0;0;0;0;0;0;325839,904999553225935;5743518,411998320370913;6,473282879000067;51,815330513000049;5210627705000390000;0
28760;5;1;70;12;2021;12;11;6;3;5;2;1;0;0;0;0;0;1;328878,360720883123577;5735088,005214147269726;6,521474896000029;51,740539742000067;5211210518110840000;0
28765;5;1;11;0;2021;6;10;2;3;2;6;1;1;0;0;0;0;0;344899,754653090611100;5674683,431382436305285;6,779842483000039;51,202471883000044;5210607500300540000;0
28769;5;3;58;8;2021;1;13;6;3;0;1;1;0;0;0;0;0;0;323901,864117106422782;5631396,988964417949319;6,500560906000032;50,807506635000038;5210122609108160000;0
28771;5;1;11;0;2021;3;20;4;2;0;3;1;1;0;0;0;2;0;343316,340084541589022;5675246,542666593566537;6,756949609000060;51,207099524000057;5210303500300260000;0
28772;5;1;62;8;2021;9;13;7;3;0;7;1;0;0;0;0;0;0;330995,146999594755471;5664374,458998698741198;6,585829949000072;51,105909530000076;5210904513310470000;0
28773;5;1;62;8;2021;2;15;7;2;5;3;1;1;0;0;0;0;0;331644,122800929471850;5663944,082477809861302;6,595292304000054;51,102233808000051;5210220513310380000;0
28782;5;1;54;48;2021;10;16;6;1;3;3;1;1;0;0;0;0;0;323574,990244544111192;5701960,469092339277267;6,461393312000041;51,441320858000040;5211008515210980000;0
28785;5;1;12;0;2021;6;14;4;3;3;6;1;0;0;0;0;0;0;343649,885161460377276;5697551,849606774747372;6,751944849000040;51,407606948000080;5210616501000780000;0
28792;5;1;70;48;2021;4;15;1;3;0;7;1;0;1;0;0;0;0;331596,798819379881024;5727729,716375291347504;6,564364607000073;51,675261695000074;5210418518100220000;0
28793;5;1;70;48;2021;10;8;2;2;5;3;1;1;0;0;0;0;0;336531,382096516899765;5725816,549641083925962;6,636562666000032;51,659531780000066;5211011518100090000;0
28794;5;1;70;8;2021;10;12;5;3;0;2;1;1;0;0;0;0;0;343551,430999726057053;5714920,255999110639095;6,742835036000031;51,563631286000032;5211028518400070000;0
28797;5;1;12;0;2021;1;16;6;3;8;1;1;0;0;0;0;2;0;339657,159999689087272;5697038,300999002531171;6,694817508000028;51,401878171000078;5210101501213520000;0
28803;5;1;66;28;2021;12;2;6;2;0;1;1;0;0;0;0;2;0;324206,477177075110376;5687235,809926165267825;6,477754290000064;51,309242988000051;5211217514215080000;1
28805;5;1;66;12;2021;6;20;6;3;0;6;1;1;0;0;0;0;0;325461,738592371344566;5698006,269289726391435;6,490461383000024;51,406383935000065;5210618514212890000;0
28806;5;1;70;48;2021;5;7;3;3;0;2;1;0;0;0;1;0;0;334555,484545901417732;5725553,478006271645427;6,608146190000070;51,656590331000075;5210511518100050000;1
28809;5;1;70;8;2021;12;7;6;3;0;1;1;0;0;0;0;2;0;341397,179593617096543;5713839,702750846743584;6,712268406000021;51,553321416000074;5211210518400380000;1
28821;5;1;70;12;2021;1;14;3;2;5;2;1;1;0;0;0;0;0;333846,536892206408083;5734641,255532495677471;6,593577796000034;51,738021295000067;5210112518110440000;1
28834;5;1;62;24;2021;6;17;6;3;0;6;1;0;0;0;1;0;0;336420,352927960455418;5676776,621181508526206;6,657616896000036;51,218913574000055;5210618513210980000;0
28838;5;1;14;0;2021;6;13;6;3;5;3;1;1;0;0;0;0;0;329629,038519798777997;5687324,711868004873395;6,555436292000024;51,311690752000061;5210604505100070000;0
28845;5;1;70;44;2021;4;11;4;3;5;3;1;1;0;0;0;0;0;338638,656999683007598;5718122,957998955622315;6,670546644000069;51,591020806000074;5210428518120070000;0
28846;5;1;11;0;2021;10;9;6;3;5;2;1;1;0;0;0;0;0;344653,300999731756747;5688124,581999151036143;6,770479409000075;51,323177661000045;5211029500200060000;0
28850;5;1;62;22;2021;9;10;1;3;4;2;1;1;0;0;0;0;0;339328,536999682895839;5679406,348999001085758;6,698045158000070;51,243367163000073;5210919513130690000;0
28851;5;1;62;20;2021;11;11;4;3;5;3;1;1;0;0;0;0;0;327923,759441453032196;5671496,178924506530166;6,538597581000033;51,168977342000062;5211103513120630000;1
28859;5;1;11;0;2021;4;18;5;3;5;2;1;1;0;0;0;0;0;343797,123505424708128;5677967,665746394544840;6,762641310000049;51,231681319000074;5210429500100050000;0
28871;5;1;14;0;2021;6;20;7;3;0;1;1;0;0;0;0;0;0;329593,225094362162054;5688884,541212353855371;6,554177384000070;51,325693240000078;5210612505100670000;0
28874;5;1;11;0;2021;6;12;2;3;3;6;1;0;0;1;0;0;0;345115,210930352099240;5675568,858762105926871;6,782541919000039;51,210486294000077;5210621500300070000;1
28876;5;3;62;8;2021;10;13;1;3;0;7;1;0;1;0;0;0;0;341787,387174739502370;5652437,432965446263552;6,745078165000052;51,001730521000070;5211010602300910000;0
28877;5;1;62;24;2021;2;15;5;2;0;1;1;0;0;0;0;0;0;338256,320300180464983;5673651,989357536658645;6,685292298000036;51,191362331000050;5210218513210770000;1
28878;5;1;70;8;2021;1;11;1;3;5;3;1;1;0;0;0;0;0;346078,062999746762216;5717151,274999177083373;6,778280838000057;51,584371878000070;5210131518400180000;0
28881;5;1;14;0;2021;12;8;2;2;0;1;1;0;0;0;0;0;0;333042,295223516412079;5689255,850226016715169;6,603460422000069;51,330051974000071;5211206505100480000;2
28884;5;3;66;28;2021;2;14;1;2;5;2;1;1;0;0;0;0;0;329823,934922743588686;5607966,555722510442138;6,595332223000071;50,598754078000070;5210221603228060000;0
28885;5;3;66;36;2021;10;15;2;3;0;6;1;1;0;0;0;0;0;321260,125999457202852;5600538,015998287126422;6,478010721000032;50,529453168000032;5211004603236970000;0
28886;5;1;12;0;2021;3;16;2;2;6;6;1;0;1;0;0;0;0;337119,866133027710021;5691443,760629571974277;6,660936740000068;51,350891660000059;5210329501320380000;0
28887;5;1;14;0;2021;10;15;3;3;4;2;1;1;0;0;0;0;0;333671,760151524096727;5689403,483598532155156;6,612418508000076;51,331562781000059;5211005505100470000;1
28889;5;1;62;28;2021;12;10;3;3;5;3;1;1;0;0;0;0;0;340222,179999689571559;5659168,432999037206173;6,719821479000075;51,061778284000070;5211221513340370000;0
28894;5;1;62;22;2021;6;18;5;3;6;7;1;0;1;0;0;0;0;335882,849682157859206;5682111,344026464968920;6,647481986000059;51,266689393000036;5210617513130870000;0
28895;5;1;12;0;2021;2;18;4;3;5;3;1;1;0;0;0;1;0;343502,398501252755523;5692906,895130483433604;6,751872965000075;51,365831500000070;5210224501327680000;0
28897;5;1;70;44;2021;3;20;2;2;5;2;1;1;0;0;0;2;0;338728,190965179353952;5719836,022932630032301;6,671050516000037;51,606436861000077;5210322518120270000;0
28902;5;1;70;48;2021;2;15;4;2;5;3;1;0;0;1;0;0;0;331326,281999611295760;5727490,949998646974564;6,560571209000045;51,673035626000058;5210224518100080000;0
28908;5;1;70;24;2021;5;10;1;2;8;1;1;0;0;0;0;0;0;334816,578879718668759;5703607,796396326273680;6,622226431000058;51,459510288000047;5210530518200590000;0
28909;5;5;54;8;2021;12;15;5;3;5;3;1;0;0;0;1;0;0;336807,372999669052660;5743906,262998867779970;6,632064773000025;51,822124521000035;5211216705000920000;1
28911;5;1;70;28;2021;2;10;5;3;5;2;1;1;0;0;0;0;0;331865,875278689898551;5703432,436830097809434;6,579875543000071;51,457066241000064;5210204518210470000;1