OID_;ULAND;UREGBEZ;UKREIS;UGEMEINDE;UJAHR;UMONAT;USTUNDE;UWOCHENTAG;UKATEGORIE;UART;UTYP1;IstRad;IstPKW;IstFuss;IstKrad;IstSonstige;ULICHTVERH;IstGkfz;LINREFX;LINREFY;XGCSWGS84;YGCSWGS84;UIDENTSTLAE;IstStrassenzustand
29507;5;3;62;28;2021;6;12;3;3;5;2;1;0;0;0;0;0;1;351847,758999784477055;5637314,330999301746488;6,894504314000073;50,868505258000027;5210615602700580000;0
29508;5;3;15;0;2021;9;13;5;3;0;6;1;0;1;0;0;0;0;353971,843090871348977;5642027,301350502297282;6,922786131000066;50,911400061000052;5210916601200280000;0
29514;5;3;15;0;2021;5;17;5;2;4;6;1;0;0;0;0;0;0;356713,976321111433208;5644637,958674086257815;6,960739826000065;50,935549067000068;5210520601100690000;0
29515;5;3;82;64;2021;4;18;3;3;5;3;1;1;0;0;0;0;0;352393,379361627623439;5620336,469906065613031;6,909074035000060;50,716068049000057;5210406600340720000;1
29516;5;1;17;0;2021;9;13;7;3;5;3;1;1;0;0;0;0;0;354064,844584789127111;5699994,124938463792205;6,900577244000033;51,432328538000036;5210904502401180000;0
29517;5;3;82;48;2021;12;11;2;3;5;3;1;1;0;0;0;0;0;355013,747999805025756;5610377,747999355196953;6,950070511000035;50,627226246000077;5211206600330480000;0
29519;5;3;15;0;2021;6;17;1;3;3;1;1;1;0;0;0;0;0;356294,769215101376176;5648044,438850980252028;6,953433172000075;50,966058246000046;5210627601400750000;0
29520;5;3;15;0;2021;7;18;5;3;3;2;1;1;0;0;0;0;0;351204,028690282255411;5645042,035430312156677;6,882212943000070;50,937785022000071;5210708601300790000;1
29525;5;3;15;0;2021;3;15;6;3;1;5;1;0;0;0;1;0;0;356361,370852506719530;5647028,773105578497052;6,954781965000052;50,956947247000073;5210312601410050000;0
29526;5;5;54;12;2021;11;13;3;3;2;6;1;0;0;0;0;0;0;351433,896112954244018;5746968,663827367126942;6,842811243000028;51,853719928000032;5211109705000890000;0
29531;5;3;15;0;2021;1;16;6;3;4;6;1;0;0;0;0;0;0;354194,472999801859260;5644486,925999343395233;6,924967370000047;50,933560300000067;5210108601200480000;0
29533;5;1;11;0;2021;2;12;4;3;4;7;1;1;0;0;0;0;0;345887,524318267591298;5677808,815346224233508;6,792627319000076;51,230822309000075;5210203500200480000;1
29536;5;1;19;0;2021;5;20;1;3;5;3;1;1;0;0;0;0;0;349827,299287714995444;5710744,571492999792099;6,835091290000037;51,527817842000047;5210530508000070000;0
29537;5;1;11;0;2021;3;6;5;2;5;3;1;1;0;0;0;1;0;348062,079163900576532;5675043,857967613264918;6,824921129000074;51,206560381000031;5210311500300890000;1
29539;5;3;66;16;2021;5;9;5;2;2;6;1;0;0;0;0;0;0;345030,399999730288982;5613265,176999177783728;6,807817296000053;50,650606130000028;5210513603116680000;0
29540;5;3;15;0;2021;9;0;1;3;0;6;1;0;0;0;1;2;0;353336,674701435491443;5644050,657657951116562;6,912943783000060;50,929422222000028;5210926601200580000;0
29541;5;1;11;0;2021;6;20;5;2;3;6;1;1;0;0;0;0;0;346840,110406720079482;5681498,021905355155468;6,804682107000076;51,264228171000070;5210624500200090000;0
29548;5;3;15;0;2021;3;15;3;3;5;3;1;1;0;0;0;0;0;349696,825999768450856;5649295,297999268397689;6,859020736000048;50,975615201000039;5210330601300670000;0
29552;5;5;12;0;2021;11;20;4;3;4;6;1;0;0;0;0;2;0;354889,786999809555709;5710711,345999354496598;6,908033193000051;51,528842902000065;5211124701400360000;0
29556;5;3;15;0;2021;9;17;4;2;0;3;1;0;0;0;1;0;0;354490,510618243366480;5644827,566804118454456;6,929041472000051;50,936696308000080;5210908601300980000;0
29558;5;3;82;12;2021;2;14;1;3;5;2;1;1;0;0;0;0;0;353308,618999794125557;5629214,844999330118299;6,918492162000064;50,796089262000066;5210221600360470000;0
29564;5;3;15;0;2021;6;18;3;3;4;6;1;0;0;0;1;0;0;357600,739651819691062;5646796,063434610143304;6,972508059000063;50,955163491000064;5210601601400170000;0
29568;5;1;12;0;2021;11;7;4;3;3;2;1;1;0;0;0;2;0;346181,718846963718534;5704038,491393178701401;6,785501154000031;51,466582485000060;5211117501125690000;0
29572;5;1;19;0;2021;10;16;4;3;5;2;1;0;0;0;0;0;1;348756,853056428954005;5704236,089031422510743;6,822461395000062;51,469052002000069;5211006508000380000;1
29576;5;1;11;0;2021;11;13;7;3;5;3;1;1;0;0;0;0;0;346506,372677143663168;5675507,162134783342481;6,802469554000027;51,210307498000077;5211127500100760000;0
29582;5;5;62;12;2021;6;11;1;3;5;2;1;1;0;0;0;0;0;359443,862999836914241;5725384,342999424785376;6,967763441000045;51,661845464000066;5210613701610140000;0
29584;5;1;19;0;2021;6;10;3;3;6;6;1;0;1;0;0;0;0;351470,214396975003183;5712521,820446385070682;6,858008088000076;51,544221622000066;5210601508000870000;0
29601;5;3;15;0;2021;10;14;2;3;0;1;1;0;0;0;0;0;0;352975,979999793693423;5646967,265999326482415;6,906637475000025;50,955540750000068;5211018601300080000;0
29604;5;1;11;0;2021;6;19;2;3;0;1;1;0;0;0;0;0;0;345245,823403084650636;5676226,339845005422831;6,784126694000065;51,216429457000061;5210614500300180000;0
29611;5;3;15;0;2021;4;14;5;3;3;3;1;1;0;0;0;0;0;353249,091331421397626;5645274,276008028537035;6,911205593000034;50,940396142000054;5210408601300080000;0
29619;5;3;15;0;2021;9;13;1;2;0;7;1;0;0;0;0;0;0;350167,759999772533774;5648724,562999274581671;6,865959092000026;50,970609124000077;5210919601300580000;0
29628;5;1;58;16;2021;10;14;5;3;0;7;1;1;0;1;0;0;0;355915,844108684919775;5670156,755208244547248;6,939232308000044;51,164678187000050;5211028516500090000;0
29634;5;1;58;28;2021;5;11;1;3;0;3;1;0;0;0;0;0;0;351617,799999785609543;5689423,515999300405383;6,869816340000057;51,336708983000051;5210530516310310000;0
29636;5;3;15;0;2021;5;7;5;3;5;3;1;0;0;0;1;0;0;356334,281956179998815;5641119,110909802839160;6,956725677000065;50,903831082000067;5210520601200820000;0
29643;5;3;15;0;2021;6;17;4;3;1;5;1;1;0;0;0;0;0;353717,877896960824728;5646297,674719935283065;6,917462360000059;50,949712177000038;5210623601300060000;0
29645;5;3;82;48;2021;3;13;4;3;2;6;1;1;0;0;0;0;0;355938,097540583461523;5610134,095959490165114;6,963225505000025;50,625265581000065;5210331600330080000;0
29646;5;3;15;0;2021;10;6;2;2;5;2;1;1;0;0;0;2;0;358004,014999825507402;5640423,363999396562576;6,980728038000052;50,897991438000076;5211025601200670000;1
29647;5;3;15;0;2021;10;16;3;3;5;3;1;1;0;0;0;0;0;349010,733999762684107;5642442,884999252855778;6,852095768000027;50,913858215000062;5211005601300090000;1
29651;5;3;62;20;2021;5;9;6;3;5;2;1;1;0;0;0;0;0;346099,986630399711430;5630419,705263877287507;6,815776326000048;50,805047164000030;5210514602600460000;0
29652;5;1;62;4;2021;10;21;7;3;0;6;1;0;0;0;0;2;0;346404,436030342243612;5662628,912555888295174;6,806506988000024;51,094560621000028;5211016513210280000;0
29654;5;3;15;0;2021;9;16;6;3;0;1;1;0;0;0;0;0;0;352081,800675493665040;5643625,227764487266541;6,895272040000066;50,925278659000071;5210903601200690000;0
29658;5;1;12;0;2021;6;17;4;3;5;3;1;1;0;0;0;0;0;346484,711999748833477;5705083,444999190047383;6,789405875000057;51,476053741000044;5210630501127870000;0
29659;5;1;17;0;2021;10;19;3;3;0;1;1;0;0;0;0;2;0;352327,064245614223182;5696469,656593441963196;6,877064018000056;51,400208581000072;5211005502407780000;1
29665;5;1;58;20;2021;5;14;2;3;5;3;1;0;0;0;1;0;0;356554,090048531070352;5662740,547360008582473;6,951306756000065;51,098192584000060;5210503516800910000;0
29673;5;3;15;0;2021;4;17;3;3;0;1;1;0;0;0;0;0;0;356488,115616069175303;5651564,123316502198577;6,954795025000067;50,997737136000069;5210427601400680000;0
29677;5;3;62;28;2021;1;7;5;3;7;7;1;0;0;0;0;2;0;346565,266877573914826;5639586,237779207527637;6,818534794000072;50,887543095000069;5210121602700780000;1
29678;5;5;62;12;2021;5;18;7;3;5;3;1;1;0;0;0;0;0;358220,689582958817482;5735502,556337907910347;6,945975162000025;51,752456821000067;5210529701620880000;0
29685;5;1;11;0;2021;2;14;7;3;0;3;1;0;0;0;1;0;0;348790,655999764800072;5673926,058999244123697;6,835814056000061;51,196709438000028;5210227500300170000;0
29696;5;3;15;0;2021;9;2;7;2;3;6;1;0;0;0;0;2;0;349599,523105060681701;5642306,487382147461176;6,860521581000057;50,912786229000062;5210904601300370000;0
29699;5;1;17;0;2021;12;22;6;3;0;7;1;1;0;0;0;2;0;353887,059829448349774;5699947,956370182335377;6,898040528000024;51,431867861000057;5211203502401070000;1
29700;5;3;15;0;2021;5;17;2;3;5;3;1;0;0;0;1;0;0;355949,888970577158034;5644630,869067849591374;6,949875488000032;50,935295006000047;5210503601110020000;0
29703;5;3;15;0;2021;9;18;5;2;5;3;1;0;0;0;1;0;0;351204,635258749127388;5645020,315001906827092;6,882230440000058;50,937589989000060;5210923601300970000;0
29705;5;3;15;0;2021;11;8;2;3;0;3;1;1;0;0;0;0;0;351726,612538224086165;5654596,966920735314488;6,885747574000050;51,023784188000036;5211122601400580000;1
29715;5;1;11;0;2021;6;10;4;3;0;5;1;0;0;0;1;0;0;345790,367772217839956;5677856,733711471781135;6,791216219000034;51,231226633000063;5210630500200340000;0
29716;5;1;19;0;2021;6;22;2;3;4;2;1;1;0;0;0;2;0;351663,713999786414206;5705355,622999297454953;6,863811628000065;51,479881039000077;5210614508000070000;0
29718;5;1;62;4;2021;10;7;5;3;5;3;1;1;0;0;0;0;0;347779,571999756619334;5664101,651999229565263;6,825509010000076;51,108161116000076;5211007513320190000;1
29719;5;1;11;0;2021;10;15;2;3;6;4;1;0;1;0;0;0;0;347166,033556917682290;5677029,006951473653316;6,811257733000048;51,224159093000026;5211004500200540000;0
29724;5;1;58;26;2021;3;8;4;2;5;3;1;1;0;0;0;0;0;352358,956187162548304;5665792,417713668197393;6,890185819000067;51,124552565000045;5210331516900770000;0
29727;5;1;13;0;2021;6;19;7;2;7;7;1;0;0;0;0;0;0;356499,617111417464912;5706114,203003324568272;6,933095579000053;51,487945048000029;5210612502000080000;0
29732;5;1;11;0;2021;11;22;3;3;5;3;1;1;0;0;0;2;0;346435,911130084656179;5675535,943988300859928;6,801449249000029;51,210547177000080;5211130500100970000;1
29733;5;5;12;0;2021;11;15;1;3;5;3;1;1;0;0;0;0;0;355219,410630037076771;5721518,277644578367472;6,908327025000062;51,626034537000066;5211121701400070000;1
29734;5;3;62;12;2021;5;14;3;3;5;3;1;1;0;0;0;0;0;351838,163541740737855;5631045,730718880891800;6,896902917000034;50,812168917000065;5210511602800880000;1
29742;5;1;58;28;2021;9;18;4;2;5;3;1;1;0;0;0;0;0;358024,707656272687018;5684407,603590322658420;6,963727628000072;51,293270411000037;5210901516380990000;0
29744;5;1;11;0;2021;3;12;7;3;0;1;1;0;0;0;0;0;0;350161,234431969933212;5678425,738954845815897;6,853535455000042;51,237503961000073;5210306500200050000;0
29747;5;1;19;0;2021;7;15;4;3;5;3;1;1;0;0;0;0;0;350554,307193042710423;5709038,877424279227853;6,846287304000043;51,512684473000036;5210707508000070000;0
29751;5;3;15;0;2021;11;18;5;3;0;6;1;0;1;0;0;2;0;354993,641350373625755;5644667,992975955829024;6,936260786000048;50,935388988000057;5211111601100990000;0
29753;5;1;70;36;2021;6;11;6;3;0;1;1;0;0;0;0;0;0;353195,807115429081023;5729758,189915336668491;6,875652039000045;51,699548364000066;5210625518401980000;0
29759;5;5;54;56;2021;12;14;1;2;0;3;1;1;0;0;0;0;0;355943,452999820001423;5761688,124999372288585;6,902083865000066;51,987157327000034;5211205705000890000;1
29766;5;1;11;0;2021;6;7;3;3;1;5;1;0;0;1;0;0;0;351025,676691752858460;5676530,172572270035744;6,866697537000050;51,220696942000075;5210601500200550000;0
29767;5;1;11;0;2021;9;11;6;3;3;7;1;1;0;0;1;0;0;350498,882873244583607;5678385,139386948198080;6,858385641000041;51,237227711000060;5210924500200500000;0
29768;5;3;15;0;2021;3;19;5;3;5;2;1;1;0;0;0;2;0;356334,069647685624659;5641119,129857927560806;6,956722652000053;50,903831199000081;5210311601200550000;0
29772;5;3;15;0;2021;6;8;4;3;3;2;1;0;0;0;1;0;0;355726,935471232980490;5643635,439865391701460;6,947098578000066;50,926293522000037;5210616601100080000;0
29773;5;3;15;0;2021;11;19;4;3;0;1;1;0;0;0;0;2;0;354416,819241003133357;5645785,561857072636485;6,927610554000069;50,945286928000030;5211117601300120000;0
29774;5;3;15;0;2021;12;13;5;3;4;6;1;0;0;0;1;0;0;355285,902403269894421;5645330,481025230139494;6,940154256000028;50,941416033000053;5211202601100080000;1
29776;5;1;12;0;2021;9;17;1;3;0;1;1;0;0;0;0;0;0;346758,656347148120403;5700140,493035979568958;6,795488740000053;51,431714939000074;5210926501315890000;0
29777;5;5;62;12;2021;4;11;6;3;5;3;1;0;0;0;0;0;1;359102,154914040118456;5726555,730454526841640;6,962353849000067;51,672285731000045;5210430701610060000;0
29779;5;3;15;0;2021;10;14;2;3;5;3;1;1;0;0;0;0;0;349407,779154600575566;5658084,819101588800550;6,851257779000036;51,054523717000052;5211018601400570000;0
29781;5;3;15;0;2021;3;22;4;2;9;1;1;0;0;0;0;2;0;357421,810952544212341;5647046,816827962175012;6,969863942000075;50,957372752000026;5210331601400070000;0
29786;5;3;15;0;2021;2;14;1;3;0;3;1;1;0;0;0;0;0;353708,834142725914717;5635705,990045936778188;6,921577588000048;50,854525405000061;5210214601200870000;0
29792;5;3;15;0;2021;9;16;5;3;0;7;1;0;0;0;1;0;0;356839,859094741754234;5643847,579980025067925;6,962840632000052;50,928477263000048;5210909601110350000;1
29796;5;3;62;12;2021;9;9;2;2;5;3;1;1;0;0;0;0;0;353143,481837984174490;5634533,371616857126355;6,914021297000033;50,843844081000043;5210913602800270000;0
29797;5;1;17;0;2021;11;16;4;3;2;7;1;1;0;0;0;0;0;353217,997999796643853;5700402,130999326705933;6,888234275000059;51,435776026000042;5211110502402090000;0
29799;5;3;15;0;2021;12;11;5;3;5;3;1;0;0;0;1;0;0;351169,207579227164388;5645044,491153787821531;6,881716699000037;50,937798105000070;5211209601300590000;0
29800;5;1;13;0;2021;4;8;4;2;5;2;1;1;0;0;0;0;0;358621,000500991940498;5700566,300765568390489;6,965848541000071;51,438625356000045;5210428502208080000;0
29803;5;3;15;0;2021;12;20;2;3;0;2;1;1;0;0;0;2;0;356419,014970472082496;5647051,089807186275721;6,955593376000024;50,957162168000082;5211213601300080000;0
29808;5;3;15;0;2021;10;10;3;3;1;5;1;1;0;0;1;0;0;355690,137022501789033;5644734,161470420658588;6,946140325000044;50,936158337000052;5211026601100070000;0
29809;5;1;58;20;2021;6;11;2;3;0;1;1;0;0;0;0;0;0;354862,578236211091280;5665004,829650508239865;6,926254685000060;51,118114761000072;5210628516800680000;0
29816;5;3;66;16;2021;10;14;6;3;5;3;1;1;0;0;0;0;0;346190,227019024081528;5613327,837304415181279;6,824185400000033;50,651476604000038;5211029603116870000;0
29821;5;1;11;0;2021;5;11;4;3;5;3;1;1;0;0;0;0;0;346595,631853770464659;5676164,138195309787989;6,803465460000041;51,216234776000078;5210526500100870000;0
29822;5;3;15;0;2021;12;1;1;3;0;1;1;0;0;0;0;2;0;353538,668499784544110;5642764,836863223463297;6,916332609000051;50,917918305000057;5211219601200460000;1
29829;5;1;58;24;2021;3;16;3;3;5;3;1;1;0;0;0;0;0;357615,943036015145481;5680042,482149520888925;6,959607824000045;51,253941772000076;5210316516400080000;0
29831;5;3;66;4;2021;7;14;6;2;8;1;1;0;0;0;0;0;0;351142,836397425271571;5601672,664303656667471;6,898865477000072;50,548017561000052;5210709603104750000;0
29835;5;5;12;0;2021;6;7;2;3;5;3;1;0;0;0;0;0;0;355757,489999816752970;5709753,740999367088079;6,920925531000023;51,520460404000062;5210621701400580000;1
29838;5;5;62;12;2021;12;19;7;3;5;3;1;1;0;0;0;2;0;360424,272999842651188;5726336,581999434158206;6,981548865000036;51,670646522000027;5211218701610770000;1
29841;5;3;15;0;2021;11;14;5;3;0;7;1;0;0;0;0;0;0;357469,017843446694314;5642102,926529081538320;6,972469322000052;50,912953888000061;5211104601200790000;1
29843;5;1;62;4;2021;6;23;7;3;0;1;1;0;0;0;0;2;0;347169,336348210461438;5665111,487260287627578;6,816370655000071;51,117072904000054;5210619513320180000;1
29845;5;1;11;0;2021;10;9;6;2;5;3;1;1;0;0;0;0;0;345319,797664988785982;5676704,902327988296747;6,784978613000021;51,220749594000040;5211015500100000000;0
29848;5;1;17;0;2021;10;11;7;3;5;3;1;1;0;0;0;0;0;351289,667513415217400;5693133,411760276183486;6,863558558000022;51,369959270000038;5211002502407870000;0
29849;5;1;58;28;2021;6;17;3;3;6;6;1;0;1;0;0;0;0;348911,937552052550018;5685221,801257530227304;6,832780963000062;51,298241594000046;5210615516300980000;0
29853;5;3;15;0;2021;6;16;5;3;3;5;1;1;0;0;0;0;0;353360,207726608030498;5646686,100099759176373;6,912217574000067;50,953111921000072;5210610601300760000;0
29856;5;3;15;0;2021;3;21;7;2;0;1;1;1;0;0;0;2;0;353584,618046442978084;5646222,493227675557137;6,915596786000037;50,949002715000063;5210313601300370000;1
29861;5;1;58;28;2021;9;1;4;3;0;1;1;0;0;0;0;2;0;351598,825999786145985;5689621,592999299988151;6,869461608000051;51,338483902000064;5210915516300870000;0
29867;5;5;54;12;2021;5;7;3;3;5;2;1;1;0;0;0;0;0;352983,257999800145626;5747119,954999320209026;6,865226773000074;51,855489502000069;5210511705000890000;0
29874;5;1;17;0;2021;11;15;2;3;5;2;1;1;0;0;0;0;0;353539,113999798893929;5697423,922999335452914;6,894081686000050;51,409097653000060;5211101502406580000;0
29875;5;3;15;0;2021;2;19;3;3;5;2;1;1;0;0;0;2;0;353906,958317057229578;5646142,618423281237483;6,920214506000036;50,948366694000072;5210223601310240000;0
29881;5;3;15;0;2021;9;8;5;2;0;3;1;1;0;0;0;0;0;356687,716154066845775;5644622,951233992353082;6,960372244000041;50,935407671000064;5210930601100190000;0
29890;5;1;19;0;2021;6;11;7;3;0;3;1;1;0;0;0;0;0;353179,800574393011630;5704887,022494973614812;6,885823461000030;51,476065903000062;5210619508000960000;0
29896;5;3;15;0;2021;6;21;5;3;3;2;1;0;0;0;0;1;0;354205,857727329246700;5644955,272128060460091;6,924941900000022;50,937772063000068;5210624601300180000;0
29900;5;1;19;0;2021;9;16;4;3;0;3;1;1;0;0;0;0;0;351694,155367434956133;5705782,962660081684589;6,864070237000021;51,483728882000037;5210915508000470000;0
29901;5;1;19;0;2021;5;9;3;2;0;1;1;0;0;0;0;0;0;349653,376816854812205;5710726,224258355796337;6,832593761000055;51,527606709000054;5210511508000070000;1
29902;5;1;11;0;2021;9;12;2;3;5;3;1;1;0;0;0;0;0;347800,320051748305559;5670974,509950635954738;6,822901111000022;51,169924727000080;5210927500300470000;0
29908;5;5;54;56;2021;3;8;4;3;5;3;1;1;0;0;0;0;0;358681,651165375486016;5761572,633118821308017;6,941980143000023;51,986822938000046;5210324705000040000;0
29909;5;1;12;0;2021;9;19;4;3;5;2;1;1;0;0;0;0;0;346813,291445323266089;5700652,465006407350302;6,796052638000049;51,436329867000040;5210915501314290000;1
29912;5;5;54;12;2021;7;9;2;3;5;2;1;1;0;0;0;0;0;352511,020358240231872;5745529,947993682697415;6,859052979000069;51,841078848000052;5210705705000090000;1
29917;5;3;62;12;2021;2;16;5;3;0;1;1;0;0;0;0;0;0;352783,157794126309454;5634508,100325888022780;6,908916977000047;50,843525405000037;5210204602800580000;1
29919;5;1;58;12;2021;5;12;1;3;0;1;1;0;0;0;0;0;0;356994,074866924434900;5685988,870919298380613;6,948322336000047;51,307222204000027;5210509516210420000;0
29921;5;3;82;12;2021;10;12;6;3;5;2;1;1;0;0;0;0;0;353943,121999798342586;5626370,774999339133501;6,928619347000051;50,770689997000034;5211008600360620000;0
29922;5;5;54;56;2021;7;13;2;3;0;1;1;0;0;0;0;0;0;358628,365864956751466;5761618,696665851399302;6,941185704000077;51,987223269000026;5210712705000020000;0
29924;5;1;11;0;2021;5;18;5;3;0;7;1;1;0;0;1;0;0;346100,286484560929239;5675585,425445402041078;6,796626745000026;51,210901452000030;5210520500100050000;0
29925;5;3;62;12;2021;3;14;2;3;0;7;1;0;0;0;0;0;0;350539,774884338490665;5630437,105841575190425;6,878734077000047;50,806365868000057;5210322602800060000;0
29931;5;3;66;40;2021;5;11;5;3;4;6;1;0;0;0;0;0;0;347940,859171990305185;5624005,976914044469595;6,844535106000023;50,747896455000046;5210513603140760000;0
29933;5;3;15;0;2021;4;15;3;3;5;3;1;1;0;0;0;0;0;354155,384999800473452;5644843,825999343767762;6,924268644000051;50,936757768000064;5210413601310480000;0
29937;5;1;58;26;2021;6;14;1;3;0;7;1;1;0;0;0;0;0;351466,364942695945501;5665465,189228538423777;6,877574709000044;51,121381306000046;5210613516900780000;0
29938;5;3;62;24;2021;9;17;3;3;0;1;1;0;0;0;0;0;0;347574,378834255039692;5641809,762810833752155;6,831942845000071;50,907791310000050;5210914602500880000;0
29943;5;3;15;0;2021;4;14;5;3;0;5;1;1;0;0;0;0;0;353602,023250484839082;5646423,370512271299958;6,915763629000026;50,950812345000031;5210422601300560000;0
29945;5;3;15;0;2021;5;17;7;3;0;5;1;1;0;0;0;0;0;356339,765309100970626;5647606,744146352633834;6,954246376000071;50,962135986000078;5210529601400490000;0
29948;5;1;58;20;2021;4;12;7;3;5;3;1;0;0;0;1;0;0;357714,588121009990573;5664823,524603474885225;6,967048409000029;51,117200765000064;5210417516800380000;0
29949;5;3;15;0;2021;9;14;4;3;0;3;1;1;0;0;0;0;0;350127,979460469447076;5643369,781514003872871;6,867596557000070;50,922478873000045;5210915601300280000;0
29950;5;5;54;12;2021;6;15;3;3;5;3;1;1;0;0;0;0;0;352451,218788428232074;5745286,192987155169249;6,858289522000064;51,838872932000072;5210608705000290000;0
29953;5;3;62;28;2021;9;22;2;3;5;3;1;1;0;0;0;2;0;349560,613069728948176;5636901,172817973420024;6,862193956000056;50,864201765000075;5210927602700490000;1
29957;5;5;12;0;2021;9;12;6;3;5;2;1;1;0;0;0;0;0;355533,565999814309180;5710122,562999367713928;6,917549021000070;51,523717320000060;5210924701400670000;0
29959;5;5;62;12;2021;6;17;3;3;5;3;1;1;0;0;0;0;0;359102,100982864387333;5726555,903295848518610;6,962353000000064;51,672287271000073;5210622701610880000;0
29965;5;1;11;0;2021;2;7;5;3;1;5;1;1;0;0;0;0;0;346820,450602825731039;5677834,324574064463377;6,805968297000049;51,231302687000039;5210225500200020000;0
29968;5;5;12;0;2021;10;14;4;2;3;6;1;0;0;0;1;0;0;355814,249264408834279;5709864,689789686352015;6,921697667000046;51,521471857000051;5211027701400840000;0
29969;5;3;62;36;2021;10;13;4;3;0;7;1;1;0;0;0;0;0;345555,214120824821293;5651828,746529981493950;6,798995035000075;50,997284690000072;5211027602300420000;0
29975;5;3;15;0;2021;6;19;4;3;6;7;1;0;1;0;0;0;0;353169,361306795850396;5643626,955955330282450;6,910735204000048;50,925572008000074;5210602601200970000;0
29979;5;1;58;4;2021;6;7;2;3;0;1;1;0;0;0;0;0;0;352473,657005161978304;5677142,882603066042066;6,887165160000052;51,226578783000036;5210628516600180000;0
29980;5;3;82;12;2021;4;16;4;3;5;3;1;1;0;0;0;0;0;355703,096349605359137;5625690,959317959845066;6,953828865000048;50,765020883000034;5210428600360070000;0
29982;5;3;15;0;2021;9;16;1;3;4;6;1;0;0;0;1;0;0;357085,579462014138699;5643273,681361235678196;6,966559810000035;50,923380597000062;5210912601100980000;0
29983;5;5;54;12;2021;12;11;3;3;0;7;1;0;0;0;0;0;0;354403,416022515855730;5746678,547100381925702;6,886019039000075;51,851895696000042;5211221705000290000;1
29984;5;1;58;28;2021;6;14;2;3;0;7;1;0;0;0;0;0;0;350632,175311689265072;5686554,459243545308709;6,856879662000040;51,310670417000040;5210614516300370000;0
29985;5;1;58;20;2021;10;11;3;3;5;2;1;1;0;0;0;0;0;356850,141385793685913;5664359,238615555688739;6,954889998000056;51,112813110000047;5211012516800070000;1
29986;5;3;66;40;2021;5;11;7;3;4;6;1;0;0;0;0;0;0;347874,031778596341610;5624005,847902880981565;6,843588586000067;50,747877789000029;5210529603140570000;0
29987;5;3;15;0;2021;2;16;1;3;5;3;1;0;0;0;0;0;0;357615,588401440531015;5645096,846640072762966;6,973383722000051;50,939896385000054;5210228601500380000;0
29989;5;1;62;4;2021;9;14;7;3;5;2;1;1;0;0;0;0;0;347151,431071192026138;5660368,997239105403423;6,818122477000031;51,074452967000070;5210904513320080000;0
29991;5;3;15;0;2021;7;1;1;2;7;7;1;0;0;0;0;2;0;354286,543642724864185;5641914,476222990080714;6,927304584000069;50,910465661000046;5210704601200590000;1
29992;5;5;12;0;2021;6;12;4;3;5;3;1;1;0;0;0;0;0;357033,363439359702170;5709681,149763233959675;6,939332241000045;51,520132483000054;5210616701400560000;0
29993;5;1;11;0;2021;4;13;4;3;3;6;1;1;0;0;0;0;0;345847,983866686001420;5677498,724109966307878;6,792194822000056;51,228025317000061;5210414500100640000;0
29994;5;5;12;0;2021;5;13;2;3;5;2;1;1;0;0;0;0;0;356419,308877180330455;5710081,254005959257483;6,930324649000056;51,523571996000044;5210524701400780000;1
29995;5;3;15;0;2021;6;9;5;3;1;5;1;1;0;0;0;0;0;357944,950130056589842;5644898,531005693599582;6,978145863000066;50,938195361000055;5210617601520610000;0
29996;5;1;19;0;2021;10;15;6;3;5;2;1;1;0;0;0;0;0;351647,927310082130134;5703958,121557544916868;6,864171200000044;51,467319630000077;5211008508000080000;0
29998;5;3;62;20;2021;9;10;1;3;0;7;1;0;0;0;0;0;0;346703,480520510114729;5628291,853065071627498;6,825222796000048;50,786085571000058;5210905602600580000;0
29999;5;5;54;60;2021;12;7;5;3;0;3;1;1;0;0;0;2;0;349506,104159451089799;5756012,623917333781719;6,810894682000026;51,934459553000067;5211209705000590000;1
30001;5;3;15;0;2021;9;7;3;3;5;3;1;0;0;0;0;0;0;353360,106999796815217;5645828,302999328821898;6,912561590000053;50,945403213000077;5210914601300080000;0
30005;5;3;62;12;2021;1;6;6;3;5;3;1;1;0;0;0;2;0;353557,002908251248300;5633351,850094616413116;6,920363083000041;50,833330773000057;5210122602800070000;1
30007;5;3;15;0;2021;9;12;4;3;6;4;1;0;1;0;0;0;0;354904,552338316105306;5644796,901153851300478;6,934942418000048;50,936525047000032;5210901601100580000;0
30014;5;1;58;24;2021;12;18;4;3;5;2;1;1;0;0;0;2;0;357123,415305873379111;5680275,029224831610918;6,952461771000060;51,255908328000032;5211201516400280000;1
30016;5;3;15;0;2021;3;20;2;3;1;5;1;1;0;0;0;1;0;355312,299289000220597;5644074,469294229522347;6,941028429000028;50,930135149000080;5210329601100980000;0
30020;5;1;58;20;2021;9;18;3;3;0;6;1;1;0;0;0;1;0;358693,141532856971025;5661879,244364717975259;6,982173262000060;51,090983399000038;5210921516800080000;0
30026;5;3;15;0;2021;10;11;1;3;5;2;1;1;0;0;0;0;0;354191,851999801583588;5644842,441999344155192;6,924787849000040;50,936754552000082;5211010601300680000;0
30027;5;1;12;0;2021;9;14;4;3;0;3;1;1;0;0;0;0;0;346086,816402083262801;5698803,800472460687160;6,786412107000046;51,419522503000053;5210908501316580000;0
30028;5;3;15;0;2021;3;17;5;3;2;6;1;0;0;0;1;0;0;355191,449999808333814;5644814,374999357387424;6,939015891000054;50,936754193000070;5210311601100180000;0
30031;5;3;62;24;2021;4;10;6;3;5;2;1;1;0;0;0;0;0;346986,989000755362213;5643641,599274577572942;6,822826120000059;50,924097047000032;5210430602500460000;0