OID_;ULAND;UREGBEZ;UKREIS;UGEMEINDE;UJAHR;UMONAT;USTUNDE;UWOCHENTAG;UKATEGORIE;UART;UTYP1;IstRad;IstPKW;IstFuss;IstKrad;IstSonstige;ULICHTVERH;IstGkfz;LINREFX;LINREFY;XGCSWGS84;YGCSWGS84;UIDENTSTLAE;IstStrassenzustand
30032;5;1;11;0;2021;5;12;7;3;5;2;1;1;0;0;0;0;0;347056,726999751292169;5677753,686999209225178;6,809384312000020;51,230641482000067;5210529500200070000;0
30034;5;1;58;16;2021;2;5;4;3;3;6;1;0;0;0;0;2;1;353415,537243446335196;5669838,695274913683534;6,903626650000035;51,161184800000058;5210210516500360000;0
30036;5;3;15;0;2021;5;16;2;3;4;1;1;0;0;0;0;0;0;353582,668745175935328;5646444,325404068455100;6,915479851000043;50,950995742000032;5210524601300580000;0
30038;5;3;15;0;2021;11;10;3;3;0;7;1;0;0;0;1;0;0;355395,584085213951766;5645648,736974999308586;6,941588034000063;50,944303647000027;5211109601100540000;0
30042;5;3;15;0;2021;11;14;6;3;3;2;1;1;0;0;0;0;0;349466,421581782400608;5644286,489279760047793;6,857812340000066;50,930544486000031;5211126601300890000;0
30046;5;1;11;0;2021;11;19;7;3;0;7;1;0;0;0;0;2;0;346523,099974353797734;5680004,625933246687055;6,800782472000037;51,250724042000058;5211120500200070000;0
30051;5;3;15;0;2021;3;9;5;3;5;2;1;1;0;0;0;0;0;355289,503999807871878;5645352,730999359861016;6,940196647000050;50,941616892000070;5210311601100060000;1
30062;5;3;62;12;2021;7;14;6;3;0;1;1;0;0;0;0;0;0;352546,917999788187444;5633316,511999318376184;6,906043280000063;50,832756756000038;5210702602800990000;0
30077;5;5;12;0;2021;6;13;4;3;3;2;1;1;0;0;0;0;0;356545,458383172750473;5711446,431107984855771;6,931585728000073;51,535871287000077;5210602701400170000;0
30080;5;1;17;0;2021;12;10;6;3;4;2;1;1;0;0;0;0;0;351761,121561865322292;5698029,633553776890039;6,868282140000076;51,414078371000073;5211210502407390000;1
30081;5;1;19;0;2021;5;5;5;3;5;3;1;1;0;0;0;2;0;351246,601206297054887;5709210,744072394445539;6,856184137000071;51,514411453000037;5210527508000970000;1
30093;5;3;62;40;2021;5;21;7;3;3;2;1;1;0;0;0;2;0;356930,659136747010052;5631053,371532186865807;6,969136494000054;50,813517835000027;5210515602900710000;0
30094;5;3;62;24;2021;9;18;4;3;5;2;1;1;0;0;0;1;0;346227,775267088785768;5642897,290640065446496;6,812345711000034;50,917206795000027;5210915602500980000;0
30095;5;1;11;0;2021;6;17;1;3;0;1;1;0;0;0;0;0;0;346906,858469582162797;5680765,596027938649058;6,805951566000033;51,257664891000047;5210627500200270000;1
30098;5;3;62;24;2021;6;14;2;3;5;3;1;1;0;0;0;0;0;345419,108999734744430;5642106,012999182567000;6,801185408000038;50,909880328000042;5210614602500280000;0
30099;5;3;15;0;2021;5;15;2;3;5;3;1;0;0;0;1;0;0;353000,197496472857893;5644476,900406168773770;6,907987135000042;50,933167049000076;5210531601200790000;0
30100;5;1;17;0;2021;9;9;5;3;1;5;1;0;0;0;1;0;0;353745,392872879281640;5697025,005602436140180;6,897210052000048;51,405566295000028;5210909502406570000;0
30101;5;3;15;0;2021;5;12;3;3;0;1;1;0;0;0;0;0;0;355950,439346276223660;5649870,496193422004580;6,947809356000050;50,982382604000065;5210518601400990000;1
30108;5;1;11;0;2021;6;17;2;3;0;7;1;0;0;0;0;0;0;350143,957029270939529;5678434,351789372041821;6,853284536000047;51,237576817000047;5210607500200850000;0
30110;5;3;15;0;2021;6;19;1;3;1;5;1;1;0;0;0;0;0;357427,004999822005630;5644312,493999389931560;6,971008223000069;50,932800846000077;5210613601520440000;0
30113;5;1;11;0;2021;6;10;4;2;5;2;1;0;0;0;0;0;1;346536,148240817710757;5680033,955663094297051;6,800956721000034;51,250991095000074;5210609500200790000;0
30114;5;3;62;12;2021;6;14;3;3;5;3;1;1;0;0;0;0;0;352596,334999789483845;5631347,535999322310090;6,907535936000045;50,815074612000046;5210601602800540000;0
30117;5;5;12;0;2021;10;15;7;3;5;2;1;1;0;0;0;0;0;356971,136684667319059;5712728,304085068404675;6,937198194000075;51,547497991000057;5211016701400680000;0
30121;5;3;62;20;2021;10;15;6;2;4;7;1;1;0;0;0;0;0;346386,639255955815315;5628814,626361880451441;6,820512796000060;50,790699516000075;5211001602600170000;0
30124;5;3;15;0;2021;11;6;3;3;5;2;1;1;0;0;0;2;0;353209,275999795645475;5645205,333999330177903;6,910667059000048;50,939766452000072;5211102601300240000;0
30127;5;3;62;36;2021;11;7;4;3;5;2;1;1;0;0;0;1;0;345623,840507210232317;5647017,947644472122192;6,802014906000068;50,954073705000042;5211103602300880000;0
30128;5;3;15;0;2021;2;10;7;3;0;5;1;1;0;0;0;0;0;353504,438738346099854;5646528,999172253534198;6,914332822000063;50,951736795000045;5210227601300070000;0
30129;5;1;17;0;2021;6;16;5;3;4;7;1;1;0;0;0;0;0;353182,456999798305333;5697187,399999326094985;6,889055062000068;51,406880090000072;5210617502407080000;0
30132;5;3;62;12;2021;6;14;3;3;1;5;1;0;0;0;1;0;0;350942,299200283363461;5630915,850603207945824;6,884248467000020;50,810771886000055;5210615602800870000;0
30133;5;5;62;12;2021;10;13;4;3;5;2;1;1;0;0;0;0;0;359426,433238749392331;5724985,086386380717158;6,967672165000067;51,658253457000058;5211027701610690000;0
30135;5;3;15;0;2021;6;13;6;2;5;3;1;1;0;0;0;0;0;349360,076564004644752;5643149,399247273802757;6,856769887000041;50,920298472000070;5210604601200590000;0
30136;5;3;15;0;2021;6;14;4;3;0;1;1;0;0;0;0;0;0;356493,889131094329059;5644618,507195765152574;6,957617310000046;50,935319535000076;5210609601110910000;0
30138;5;3;15;0;2021;9;16;6;2;5;3;1;1;0;0;0;0;0;347543,985656987875700;5647370,910870740190148;6,829184699000052;50,957756599000049;5210924601300270000;0
30142;5;3;15;0;2021;4;14;2;3;6;4;1;0;1;0;0;0;0;353751,664730597287416;5646457,171701690182090;6,917878960000053;50,951154091000035;5210419601300780000;0
30146;5;1;11;0;2021;6;10;6;3;5;2;1;0;0;0;1;0;0;349948,410999774001539;5677807,844999268651009;6,850747841000043;51,231895757000075;5210625500200160000;0
30148;5;3;82;64;2021;12;11;5;3;2;2;1;1;0;0;0;0;0;356522,429454355500638;5616134,065402094274759;6,969156788000021;50,679333731000042;5211216600340590000;0
30149;5;3;62;24;2021;6;9;2;3;3;6;1;0;0;0;0;0;0;346243,497999740764499;5643579,889999199658632;6,812281464000023;50,923344865000047;5210621602500190000;0
30151;5;3;15;0;2021;3;10;3;3;5;2;1;1;0;0;0;0;0;352708,243609074503183;5644933,856278557330370;6,903650500000026;50,937199034000059;5210330601300640000;0
30157;5;3;15;0;2021;6;16;5;3;8;6;1;0;0;0;0;0;0;350746,404444615356624;5650051,899661174044013;6,873649651000051;50,982687252000062;5210610601300090000;0
30159;5;3;15;0;2021;12;7;2;3;3;2;1;1;0;0;0;0;0;356837,666503409855068;5643981,005075955763459;6,962757055000054;50,929675800000041;5211213601100480000;1
30160;5;1;11;0;2021;2;16;1;3;5;2;1;0;0;0;0;0;0;353738,993065261282027;5666735,718445058912039;6,909509825000043;51,133383372000026;5210228500300370000;0
30164;5;3;15;0;2021;10;14;5;3;2;7;1;1;0;0;0;0;0;356179,765490529127419;5644620,775653578341007;6,953148846000033;50,935261670000045;5211014601100490000;0
30169;5;1;19;0;2021;12;20;6;3;5;3;1;1;0;0;0;2;0;351101,871488967910409;5704969,883431980386376;6,855889216000037;51,476267380000081;5211224508000580000;1
30170;5;3;15;0;2021;2;19;2;3;1;5;1;1;0;0;0;2;0;356419,067729248665273;5646262,915496790781617;6,955904996000072;50,950078983000026;5210201601110990000;1
30172;5;3;15;0;2021;2;9;6;3;5;3;1;1;0;0;0;0;0;357381,743112006224692;5637149,881615288555622;6,973162171000070;50,868419156000073;5210205601200580000;0
30175;5;3;15;0;2021;4;19;5;2;4;6;1;0;0;0;0;0;0;355539,931737831793725;5645790,117268539965153;6,943585299000063;50,945610389000080;5210415601100570000;0
30177;5;3;15;0;2021;4;18;2;3;0;2;1;1;0;0;0;0;0;355187,024021519348025;5643735,861384507268667;6,939381444000048;50,927060713000060;5210426601110520000;0
30184;5;1;19;0;2021;3;15;4;2;0;3;1;0;0;1;0;0;0;348240,983326541259885;5711591,265106962993741;6,811875742000041;51,535001411000053;5210324508000670000;0
30190;5;1;11;0;2021;10;21;1;1;8;7;1;0;0;0;1;2;0;346171,764049637131393;5675751,559242246672511;6,797578030000068;51,212413508000054;5211031500100070000;1
30192;5;3;66;4;2021;6;12;1;2;8;1;1;0;0;0;0;0;0;349157,632701843976974;5602279,621409915387630;6,870618791000027;50,552963480000074;5210620603104920000;0
30195;5;5;54;4;2021;3;11;6;3;0;7;1;0;0;0;0;0;0;361437,551172759383917;5771304,349316745996475;6,978145494000046;52,074959750000062;5210319705000070000;0
30197;5;1;11;0;2021;9;15;4;2;5;3;1;0;0;1;0;0;0;353019,302850109525025;5666327,964981716126204;6,899397086000022;51,129534939000052;5210922500300590000;0
30200;5;3;15;0;2021;3;17;5;3;5;3;1;0;0;0;1;1;0;354512,935929413884878;5644825,798803148791194;6,929361122000046;50,936686078000037;5210304601300190000;1
30201;5;1;58;16;2021;9;13;4;3;5;3;1;1;0;0;0;0;0;355955,346799236722291;5668809,213334498926997;6,940336402000071;51,152578535000032;5210915516500780000;1
30202;5;3;15;0;2021;11;15;5;2;3;5;1;1;0;0;0;1;0;353883,922573586925864;5646159,325046343728900;6,919880096000043;50,948510992000081;5211104601300890000;1
30211;5;3;15;0;2021;11;12;6;3;5;2;1;1;0;0;0;0;0;354191,128999800421298;5644819,756999345496297;6,924786644000051;50,936550506000060;5211105601300080000;0
30225;5;1;58;28;2021;2;15;3;3;5;3;1;1;0;0;0;0;0;352631,431913970969617;5687321,444139169529080;6,885226788000068;51,318083693000062;5210223516300880000;0
30229;5;3;15;0;2021;3;19;2;3;0;5;1;1;0;0;0;0;0;356477,820844282396138;5643073,153376596048474;6,957997169000066;50,921427607000055;5210315601100780000;0
30231;5;1;58;28;2021;11;15;4;3;4;2;1;1;0;0;0;0;0;350940,130100109614432;5684974,587434157729149;6,861954865000030;51,296554810000032;5211124516310740000;0
30243;5;1;17;0;2021;11;22;6;3;0;7;1;0;0;0;0;2;0;349744,645287215709686;5699803,278737572953105;6,838554674000022;51,429484587000047;5211119502409080000;1
30246;5;1;11;0;2021;1;18;4;2;5;3;1;1;0;0;0;2;0;347604,518081171438098;5680950,703440200537443;6,815863382000032;51,259515086000079;5210113500200650000;0
30249;5;5;12;0;2021;10;14;2;2;5;3;1;1;0;0;0;0;0;356128,683599183335900;5718662,180467519909143;6,922626486000070;51,600603899000077;5211018701400140000;0
30255;5;1;19;0;2021;6;9;6;3;4;2;1;1;0;0;0;0;0;349159,761999770067632;5705105,351999251171947;6,827886760000069;51,476970134000055;5210604508000270000;0
30261;5;5;62;12;2021;3;7;6;3;5;2;1;1;0;0;0;0;0;358505,607999831438065;5724988,671999407932162;6,954367089000073;51,658054628000059;5210326701610870000;0
30264;5;1;11;0;2021;4;11;5;3;3;6;1;1;0;0;0;0;0;351043,467562834732234;5675874,376213036477566;6,867224536000037;51,214808646000051;5210401500300180000;0
30267;5;1;11;0;2021;6;16;3;3;5;3;1;1;0;0;0;0;0;346980,009999750182033;5676674,475999208167195;6,808747102000041;51,220923594000055;5210608500200480000;0
30271;5;1;58;4;2021;9;15;5;3;0;7;1;1;0;0;0;0;0;356461,193999817594886;5674013,568999376147985;6,945486059000075;51,199474302000056;5210902516600280000;0
30272;5;3;15;0;2021;9;20;6;3;5;2;1;1;0;0;0;2;0;354075,118535559624434;5636350,824209269136190;6,926520835000076;50,860412950000068;5210903601200390000;0
30273;5;3;15;0;2021;6;14;5;3;1;5;1;1;0;0;0;0;0;355185,780699585564435;5644095,361893787980080;6,939220957000032;50,930291156000067;5210610601100590000;0
30274;5;1;11;0;2021;6;8;5;3;0;1;1;0;0;0;0;0;0;346156,650999743491411;5679689,281999187543988;6,795671214000038;51,247791800000073;5210610500200690000;0
30280;5;3;62;24;2021;6;9;5;2;3;6;1;1;0;0;0;0;0;346285,391820999793708;5641277,294294148683548;6,813847091000071;50,902664719000029;5210610602500380000;0
30285;5;1;13;0;2021;3;15;7;2;0;4;1;0;1;0;0;0;0;355202,187133608385921;5691850,608706431463361;6,920249715000068;51,359443096000064;5210320502214980000;0
30288;5;1;12;0;2021;10;18;2;3;4;6;1;0;0;0;0;0;0;346148,898630343377590;5699239,100743481889367;6,787115295000035;51,423450588000037;5211025501315270000;0
30290;5;1;11;0;2021;7;15;1;3;5;7;1;1;0;0;0;0;0;350405,676766295917332;5668692,525531547144055;6,861089514000071;51,150106254000036;5210704500300870000;1
30296;5;3;15;0;2021;1;7;4;3;4;2;1;1;0;0;0;1;0;351227,937999781221151;5648230,899999296292663;6,881249903000025;50,966447680000044;5210127601300780000;1
30298;5;1;19;0;2021;11;16;5;3;0;3;1;1;0;0;0;1;0;353185,216518875211477;5704886,345127770677209;6,885901673000035;51,476061222000055;5211111508000080000;0
30301;5;3;66;40;2021;4;12;4;3;3;2;1;1;0;0;0;0;0;347767,124549649655819;5625263,381548000499606;6,841554396000049;50,759150587000079;5210421603140360000;0
30303;5;1;11;0;2021;6;16;2;3;5;2;1;1;0;0;0;0;0;349714,040999772027135;5677587,166999261826277;6,847485958000050;51,229851118000056;5210628500200270000;0
30306;5;3;15;0;2021;11;18;6;2;4;1;1;0;0;0;0;2;0;354191,128999800421298;5644819,756999345496297;6,924786644000051;50,936550506000060;5211105601300680000;1
30310;5;1;11;0;2021;9;16;6;3;5;3;1;1;0;0;0;0;0;348795,284999764524400;5674397,116999246180058;6,835681840000063;51,200943483000060;5210917500300640000;0
30312;5;1;11;0;2021;9;21;2;3;5;2;1;1;0;0;0;2;0;347055,817806681618094;5671884,490190675482154;6,811872729000072;51,177902905000053;5210906500300970000;0
30319;5;3;15;0;2021;3;9;6;3;0;1;1;0;0;0;0;0;0;354749,070176726207137;5643138,558854889124632;6,933391827000037;50,921582793000027;5210319601200880000;0
30321;5;1;19;0;2021;6;11;5;3;4;5;1;1;0;0;0;0;0;351559,411453129723668;5709900,718355221673846;6,860398339000028;51,520693441000049;5210603508000870000;0
30330;5;3;15;0;2021;7;22;3;3;0;1;1;0;0;0;0;2;0;355286,169961641542614;5644185,634169301018119;6,940612721000036;50,931127610000033;5210713601100770000;1
30331;5;3;15;0;2021;9;14;5;3;1;5;1;1;0;0;0;0;0;353790,168245260603726;5646227,416820272803307;6,918519003000029;50,949099136000029;5210909601300880000;0
30342;5;3;15;0;2021;9;16;5;3;5;3;1;1;0;0;0;0;0;356005,927188149653375;5646891,196689331904054;6,949778820000063;50,955622168000048;5210902601400670000;0
30343;5;1;58;26;2021;9;7;4;3;5;3;1;1;0;0;0;0;0;352226,816494705155492;5665628,395483283326030;6,888366127000040;51,123044558000061;5210915516900970000;1
30345;5;1;58;28;2021;6;20;5;2;0;1;1;0;0;0;0;1;0;352399,685147386975586;5690211,802067911252379;6,880706091000036;51,343995898000060;5210610516300480000;0
30346;5;3;15;0;2021;6;13;3;3;5;2;1;1;0;0;0;0;0;357026,839040710590780;5641116,148748584091663;6,966570029000025;50,903976379000028;5210622601200780000;1
30347;5;3;15;0;2021;9;15;7;3;1;3;1;1;0;0;0;0;0;351478,138244458474219;5644619,230779336765409;6,886283779000053;50,934056162000047;5210904601300290000;0
30350;5;3;15;0;2021;9;9;5;3;3;2;1;1;0;0;0;0;0;356429,908259231597185;5647045,303354782983661;6,955750659000046;50,957112881000057;5210930601400480000;0
30352;5;1;13;0;2021;7;19;6;3;0;7;1;0;1;0;0;0;0;359137,992842995561659;5701269,795127173885703;6,973002034000046;51,445075877000079;5210709502208470000;0
30355;5;3;15;0;2021;3;22;2;3;5;3;1;1;0;0;0;2;0;355531,738949921913445;5643780,258959814906120;6,944265598000072;50,927546137000036;5210322601100290000;0
30362;5;1;11;0;2021;5;17;2;3;5;3;1;1;0;0;0;0;0;347800,036028432659805;5670974,635961471125484;6,822896998000033;51,169925784000043;5210517500300730000;0
30366;5;3;15;0;2021;1;7;4;3;5;2;1;0;0;0;1;1;0;353538,054064227268100;5642766,862060230225325;6,916323060000025;50,917936349000058;5210120601200380000;0
30368;5;1;58;4;2021;6;7;3;3;6;4;1;0;1;0;0;0;0;356438,400999817065895;5675748,505999376997352;6,944465844000035;51,215059395000026;5210615516600590000;0
30373;5;1;58;24;2021;10;13;3;3;8;1;1;0;0;0;0;0;0;357491,079999824054539;5680102,585999388247728;6,957795793000059;51,254450697000038;5211005516400290000;0
30376;5;1;17;0;2021;1;8;5;3;0;2;1;1;0;0;0;0;0;354580,241277039051056;5700098,064038662239909;6,907943741000054;51,433395024000049;5210128502401810000;0
30377;5;1;11;0;2021;11;6;3;3;3;2;1;1;0;0;0;2;0;353006,501816065050662;5668104,808591322973371;6,898489218000066;51,145498788000054;5211130500300020000;1
30389;5;1;62;4;2021;1;9;4;2;5;3;1;1;0;0;0;0;0;349330,457999766804278;5661653,688999259844422;6,848668351000072;51,086573482000063;5210106513320080000;1
30397;5;1;11;0;2021;1;8;3;3;2;1;1;0;0;0;0;1;0;347105,308394762687385;5676877,032963486388326;6,810453587000040;51,222777257000075;5210105500200050000;0
30398;5;3;15;0;2021;6;19;5;3;2;6;1;0;0;0;1;0;0;353331,677408676594496;5646716,727546637877822;6,911799323000025;50,953379898000037;5210617601300090000;0
30403;5;1;58;16;2021;5;17;6;3;5;3;1;1;0;0;0;0;0;356201,477675965987146;5670845,132736017927527;6,943039496000040;51,170936125000026;5210528516500240000;0
30404;5;5;12;0;2021;6;10;6;3;3;2;1;1;0;0;0;0;0;356677,616999819874763;5711907,811999384313822;6,933302094000055;51,540050737000058;5210611701400310000;0
30405;5;1;19;0;2021;10;10;2;3;0;5;1;1;0;0;0;0;0;353233,806318387389183;5709570,082063712179661;6,884652732000063;51,518160036000040;5211018508000780000;0
30406;5;5;62;12;2021;3;8;6;3;5;2;1;0;0;0;1;0;0;359441,886223620735109;5725386,186239220201969;6,967734138000026;51,661861533000035;5210319701610650000;0
30408;5;3;62;28;2021;9;7;6;3;5;3;1;1;0;0;0;0;0;349272,459646380506456;5636619,010886671021581;6,858218454000053;50,861591090000047;5210903602700380000;0
30419;5;3;15;0;2021;9;13;3;3;6;4;1;0;1;0;0;0;0;356856,062690963968635;5644266,678124308586121;6,962906475000068;50,932247686000039;5210921601100580000;0
30424;5;5;54;12;2021;5;10;5;3;0;3;1;1;0;0;0;0;0;351501,779999788850546;5746001,508999291807413;6,844211560000076;51,845048281000061;5210520705000050000;0
30426;5;1;58;28;2021;11;10;5;3;5;2;1;1;0;0;0;0;0;347036,492436317726970;5683776,855658737942576;6,806519461000050;51,284757325000044;5211111516300680000;0
30427;5;3;15;0;2021;12;17;4;3;0;1;1;0;0;0;0;1;0;352850,940468961372972;5641190,723217867314816;6,907190169000046;50,903597369000067;5211222601200660000;0
30428;5;1;58;28;2021;9;9;7;3;5;3;1;1;0;0;0;0;0;353395,251494458876550;5687837,316785357892513;6,895967658000075;51,322916630000066;5210904516300470000;0
30440;5;1;58;26;2021;3;15;2;3;5;3;1;1;0;0;0;0;0;352103,910173124633729;5664854,958760531619191;6,886928329000057;51,116062590000070;5210329516900280000;0
30442;5;1;11;0;2021;2;10;5;3;6;6;1;0;1;0;0;0;0;352047,565190207213163;5669300,867837069556117;6,884298030000025;51,155999690000044;5210225500300070000;0
30444;5;1;19;0;2021;6;10;1;3;1;5;1;1;0;0;0;0;0;352013,262889106757939;5708530,131113834679127;6,867510595000056;51,508497159000058;5210620508000270000;0
30453;5;3;15;0;2021;9;4;7;3;0;1;1;0;0;0;0;2;0;355219,721999808214605;5644982,932999359443784;6,939351018000025;50,938276084000051;5210911601100290000;0
30455;5;3;15;0;2021;6;16;2;3;5;2;1;1;0;0;0;0;0;354576,682920899242163;5644817,059434710070491;6,930271253000058;50,936623618000056;5210607601300180000;0
30456;5;1;13;0;2021;5;22;6;3;5;3;1;1;0;0;0;2;0;359701,317999837920070;5705438,014999425038695;6,979448685000023;51,482672127000058;5210521502323570000;0
30460;5;3;15;0;2021;6;13;5;2;5;3;1;1;0;0;0;0;0;357165,873356123454869;5638776,656379116699100;6,969460905000062;50,882985751000035;5210610601220080000;0
30467;5;1;58;16;2021;11;12;6;3;0;1;1;0;0;0;0;0;0;355566,459075212478638;5670219,488441541790962;6,934213504000070;51,165153824000072;5211112516500470000;0
30468;5;1;11;0;2021;10;8;5;3;5;2;1;1;0;0;0;0;0;345575,390999738126993;5679144,342999173328280;6,787584388000028;51,242738222000071;5211007500200080000;0
30471;5;1;13;0;2021;1;9;1;3;0;5;1;1;0;0;0;0;0;358200,731608650647104;5701639,620347796007991;6,959375866000073;51,448165280000069;5210110502208070000;1
30472;5;1;17;0;2021;6;16;4;3;1;7;1;1;0;0;0;0;0;354789,177656714804471;5702312,684183519333601;6,910038866000036;51,453348811000069;5210623502404580000;0
30482;5;3;15;0;2021;10;17;7;3;5;2;1;1;0;0;0;0;0;357710,824646905064583;5646910,620193013921380;6,974029628000039;50,956220196000061;5211009601400180000;0
30483;5;1;19;0;2021;2;15;1;2;0;1;1;0;0;0;0;0;0;350555,950999780558050;5703729,711999274790287;6,848558424000032;51,464979966000044;5210221508000070000;0
30493;5;1;58;28;2021;3;15;4;3;3;6;1;1;0;0;0;0;0;354615,651460167951882;5688774,861496305093169;6,913087464000057;51,331654654000033;5210331516300380000;0
30495;5;3;15;0;2021;11;10;7;3;0;5;1;1;0;0;1;0;0;353534,131688959896564;5642862,433465672656894;6,916228922000073;50,918794222000031;5211120601200470000;0
30497;5;1;58;20;2021;6;13;6;3;5;3;1;1;0;0;0;0;0;356160,231999815441668;5666814,135999372228980;6,944060911000065;51,134701343000074;5210604516800170000;0
30499;5;3;15;0;2021;6;17;6;3;0;2;1;1;0;0;0;0;0;354917,205999804660678;5647910,708999354392290;6,933881623000048;50,964511174000052;5210618601410720000;0
30504;5;5;54;12;2021;11;7;4;3;5;3;1;1;0;0;0;1;0;352819,148999797180295;5746067,192999316379428;6,863293785000053;51,845987259000026;5211103705000020000;1
30511;5;3;15;0;2021;5;16;4;3;5;2;1;1;0;0;0;0;0;355478,255812340416014;5651030,909364353865385;6,940625493000027;50,992692565000027;5210505601400880000;0
30513;5;1;12;0;2021;7;13;4;3;6;7;1;1;1;0;0;0;0;346786,326950943097472;5700200,236430518329144;6,795860646000051;51,432259226000042;5210707501315960000;0
30515;5;1;13;0;2021;11;9;6;3;3;2;1;1;0;0;0;0;0;358428,357999828644097;5699326,606999406591058;6,963574244000029;51,427437178000048;5211112502215580000;0
30517;5;1;19;0;2021;10;16;6;3;5;2;1;1;0;0;0;0;0;350900,998054699972272;5704659,296123569831252;6,853129918000036;51,473423710000077;5211015508000070000;0
30520;5;1;58;28;2021;10;15;7;3;5;2;1;1;0;0;0;0;0;349764,376973113045096;5685544,818897452205420;6,844863136000072;51,301369702000045;5211009516300980000;0
30521;5;3;62;24;2021;5;13;6;3;5;6;1;0;0;0;0;0;0;346352,105828666128218;5641112,080558991059661;6,814864695000040;50,901197847000049;5210514602500570000;1
30524;5;3;15;0;2021;6;21;6;3;2;2;1;1;0;0;0;0;0;355030,694626153446734;5644243,722631899639964;6,936956528000053;50,931585484000038;5210625601110370000;0
30530;5;3;15;0;2021;9;12;5;3;5;3;1;0;0;1;0;0;0;353276,985453654080629;5643428,876033926382661;6,912345213000037;50,923819317000039;5210930601200980000;0
30537;5;3;15;0;2021;5;8;5;3;0;3;1;0;0;0;1;0;0;357116,861650178208947;5643216,047216735780239;6,967027187000042;50,922870390000071;5210527601110190000;1
30541;5;1;13;0;2021;6;12;1;3;0;1;1;0;0;0;0;0;0;359264,152959103696048;5701345,458012687042356;6,974786165000069;51,445787162000045;5210627502208910000;0
30543;5;3;15;0;2021;7;18;6;3;5;2;1;1;0;0;0;0;0;355746,845999810844660;5644060,410999365150928;6,947213540000064;50,930117647000031;5210709601100860000;0
30546;5;1;58;4;2021;10;15;4;2;2;6;1;1;0;0;0;0;0;354622,981178211048245;5677012,434285270050168;6,917978191000032;51,225958026000058;5211027516600380000;0
30548;5;3;62;40;2021;9;15;5;3;5;2;1;1;0;0;0;0;0;356482,328020269982517;5632178,893122009932995;6,962336417000074;50,823522083000057;5210923602900560000;0
30549;5;3;62;40;2021;5;15;4;3;5;2;1;1;0;0;0;0;0;357758,676684446632862;5630356,207879912108183;6,981152550000047;50,807456221000052;5210505602900670000;1
30551;5;1;11;0;2021;10;15;4;3;0;1;1;0;0;0;0;0;0;348856,911080614663661;5674302,607766410335898;6,836603067000055;51,200110551000080;5211006500300670000;1
30554;5;1;11;0;2021;5;13;4;3;0;6;1;0;0;0;1;0;0;346953,325999750755727;5680830,730999205261469;6,806589125000073;51,258262637000030;5210512500200680000;0
30555;5;1;17;0;2021;5;13;4;3;1;1;1;0;0;1;0;0;0;354392,925697194412351;5701904,926594298332930;6,904507683000077;51,449583026000028;5210519502404380000;1
30559;5;1;58;20;2021;6;11;1;3;5;2;1;1;0;0;0;0;0;355521,950062287040055;5664463,954369509592652;6,935885986000073;51,113420837000035;5210613516800490000;0
30562;5;3;15;0;2021;6;8;3;3;0;1;1;0;0;0;0;0;0;349857,287775591015816;5650243,209515288472176;6,860913174000075;50,984175237000045;5210622601300990000;1
30566;5;5;54;16;2021;3;7;2;3;5;3;1;1;0;0;0;0;0;361457,125727095641196;5759051,624689983204007;6,983389709000051;51,964869744000055;5210315705000570000;1
30567;5;3;15;0;2021;12;7;4;3;5;3;1;1;0;0;0;0;0;349201,781785776838660;5645133,850522492080927;6,853698550000047;50,938089993000062;5211208601300570000;0
30572;5;5;62;12;2021;5;19;5;3;0;1;1;0;0;0;0;0;0;356442,456999821588397;5727898,880999382585287;6,923364427000024;51,683681336000063;5210513701610290000;0
30576;5;1;17;0;2021;3;19;3;3;5;2;1;1;0;0;0;2;0;352350,182999792508781;5696496,975999312475324;6,877384759000051;51,400460083000041;5210323502400570000;0
30577;5;1;11;0;2021;6;18;2;3;0;1;1;0;0;0;0;0;0;348781,576120081357658;5678793,742743100970984;6,833631328000024;51,240446750000046;5210628500200550000;1
30578;5;1;62;4;2021;3;12;7;3;5;2;1;1;0;0;0;0;0;347562,399999754503369;5664459,247999222949147;6,822257994000040;51,111316699000042;5210306513320380000;0
30580;5;3;15;0;2021;6;9;4;3;4;6;1;1;0;0;0;0;0;353238,445681398734450;5643502,643785411491990;6,911767548000057;50,924472439000056;5210602601200090000;0
30581;5;3;62;28;2021;5;13;6;3;5;2;1;0;0;0;1;0;0;352313,708999787457287;5636188,065999316051602;6,901576076000026;50,858503110000072;5210514602700080000;0
30582;5;3;15;0;2021;10;8;5;3;0;3;1;0;0;0;1;0;0;353484,227755176834762;5644138,590254705399275;6,915006670000025;50,930249939000078;5211014601200420000;0
30588;5;3;62;28;2021;9;19;1;3;5;3;1;0;0;0;0;0;0;350132,773129567503929;5640703,147668426856399;6,868759812000064;50,898516657000073;5210912602700980000;0
30592;5;1;19;0;2021;11;17;5;2;5;3;1;1;0;0;0;2;0;351592,127999787218869;5706291,528999295085669;6,862388161000069;51,488271836000081;5211111508000780000;0
30595;5;3;15;0;2021;1;7;3;2;5;2;1;1;0;0;0;2;0;354467,254999803379178;5645760,331999346613884;6,928338091000057;50,945072929000048;5210119601300570000;1
30599;5;3;15;0;2021;7;9;5;3;0;1;1;0;0;0;0;0;0;356838,872782510705292;5644143,910446420311928;6,962710229000038;50,931140116000051;5210708601110370000;0
30600;5;3;62;40;2021;3;7;6;2;5;3;1;1;0;0;0;0;0;357758,696002413518727;5630356,195225508883595;6,981152829000052;50,807456112000068;5210319602900070000;1
30605;5;1;11;0;2021;5;15;2;2;5;2;1;1;0;0;0;0;0;347013,272984472103417;5682897,827207554131746;6,806563150000045;51,276852606000034;5210510500200380000;0