OID_;ULAND;UREGBEZ;UKREIS;UGEMEINDE;UJAHR;UMONAT;USTUNDE;UWOCHENTAG;UKATEGORIE;UART;UTYP1;IstRad;IstPKW;IstFuss;IstKrad;IstSonstige;ULICHTVERH;IstGkfz;LINREFX;LINREFY;XGCSWGS84;YGCSWGS84;UIDENTSTLAE;IstStrassenzustand
30606;5;3;15;0;2021;6;20;6;3;0;1;1;0;0;0;0;0;0;352972,800376690924168;5644411,404020905494690;6,907623935000061;50,932571476000078;5210618601200020000;0
30613;5;3;15;0;2021;12;10;4;3;5;3;1;1;0;0;0;0;0;356861,379258440807462;5645473,215322062373161;6,962508102000072;50,943092042000046;5211215601100770000;0
30614;5;3;15;0;2021;6;18;4;3;0;1;1;0;0;0;0;0;0;347488,958332612179220;5646615,386326154693961;6,828718301000038;50,950952815000051;5210616601300390000;0
30615;5;5;54;4;2021;12;8;5;2;0;7;1;0;0;0;0;0;0;356998,395355121232569;5777205,387870868667960;6,910940042000050;52,126851073000068;5211209705000970000;2
30620;5;3;15;0;2021;7;1;7;3;8;1;1;0;0;0;0;2;0;356313,521999814547598;5646232,573999369516969;6,954415387000040;50,949780008000062;5210710601100370000;0
30626;5;3;15;0;2021;9;8;2;3;5;3;1;0;0;0;1;0;0;356575,024813042953610;5653976,696061763912439;6,955079219000027;51,019440009000050;5210920601400080000;0
30632;5;3;15;0;2021;5;17;6;3;5;3;1;0;0;0;0;0;0;354335,783918689936399;5644835,196789935231209;6,926837820000060;50,936725815000045;5210528601300590000;0
30634;5;1;12;0;2021;2;13;6;3;3;3;1;0;0;0;1;0;0;346706,293370212428272;5704596,276910219341516;6,792805415000032;51,471736574000033;5210226501127870000;0
30635;5;5;62;12;2021;5;5;4;3;0;7;1;0;0;0;0;0;0;357207,815169879235327;5735450,046665409579873;6,931333007000035;51,751727735000031;5210519701620410000;0
30637;5;1;11;0;2021;4;7;5;3;5;3;1;1;0;0;0;0;0;350954,431392816826701;5676458,824640413746238;6,865707729000064;51,220037220000052;5210422500300580000;0
30639;5;3;62;28;2021;6;17;5;3;0;1;1;0;0;0;0;0;0;346871,631114953197539;5636925,527470182627439;6,824001399000053;50,863714714000082;5210610602700380000;0
30641;5;1;11;0;2021;12;8;2;3;5;2;1;1;0;0;0;0;0;347218,389999751932919;5679380,904999213293195;6,811003890000052;51,245306257000038;5211206500200390000;0
30642;5;1;12;0;2021;7;16;3;3;5;2;1;1;0;0;0;0;0;347216,570999753661454;5696603,443999212235212;6,803595344000030;51,400057355000058;5210706501321980000;0
30643;5;5;54;64;2021;9;16;4;3;8;1;1;0;0;0;0;0;0;355854,836999818682671;5750917,783999372273684;6,905307956000058;51,890362548000041;5210908705000470000;0
30644;5;3;15;0;2021;10;8;5;3;5;2;1;1;0;0;0;0;0;351968,000160352326930;5644961,817616324871778;6,893111124000029;50,937260765000076;5211014601300780000;0
30664;5;1;19;0;2021;12;0;4;3;8;1;1;0;0;0;0;2;0;350658,069631098769605;5709947,084866167977452;6,847396709000066;51,520872472000065;5211222508000270000;1
30665;5;1;19;0;2021;2;11;1;3;0;2;1;1;0;0;0;0;0;348658,391276292502880;5712149,963705692440271;6,817649217000053;51,540133445000038;5210228508000570000;0
30666;5;3;15;0;2021;5;15;5;3;5;3;1;1;0;0;0;0;0;354247,875094258226454;5645174,505266675725579;6,925451804000033;50,939752866000049;5210513601300690000;0
30668;5;3;15;0;2021;12;1;1;3;4;6;1;0;0;0;1;2;0;355188,006999807432294;5644776,490999355912209;6,938981978000072;50,936412873000052;5211219601300280000;0
30679;5;3;15;0;2021;2;10;5;3;3;3;1;1;0;0;0;0;0;355472,297999811358750;5645755,453999359160662;6,942636940000057;50,945281926000064;5210204601100480000;0
30680;5;1;12;0;2021;6;15;3;3;5;6;1;1;0;0;0;0;0;346885,937999752350152;5703010,785999199375510;6,796076643000049;51,457539384000029;5210629501127020000;0
30682;5;5;54;12;2021;10;17;7;3;0;7;1;0;1;0;0;0;0;353300,637374233454466;5747792,582549221813679;6,869546326000034;51,861616539000067;5211009705000280000;0
30685;5;3;15;0;2021;4;15;4;3;4;6;1;1;0;0;0;0;0;357761,553706280887127;5643721,743580909445882;6,975996605000034;50,927574380000067;5210428601500280000;0
30688;5;3;15;0;2021;1;16;4;2;0;1;1;0;0;0;0;1;0;353040,787327007390559;5643937,927732542157173;6,908781670000053;50,928333855000062;5210113601000890000;0
30693;5;3;15;0;2021;12;14;6;3;7;1;1;0;0;0;0;0;0;355478,169097577221692;5651031,056859921664000;6,940624200000059;50,992693869000050;5211217601400390000;0
30707;5;1;11;0;2021;12;10;5;3;0;1;1;0;0;0;0;0;0;345584,026790278963745;5677253,274091213941574;6,788523131000034;51,225748489000068;5211202500100900000;1
30709;5;1;58;28;2021;9;8;6;3;5;2;1;0;0;0;0;0;1;348998,721291981637478;5690345,006125245243311;6,831854550000060;51,344299513000067;5210910516300680000;0
30713;5;3;15;0;2021;6;18;1;3;0;1;1;0;0;0;0;0;0;353244,188057577237487;5646809,288824925199151;6,910517257000038;50,954189437000082;5210606601300490000;0
30717;5;1;58;20;2021;11;12;5;3;1;5;1;1;0;0;0;0;0;356836,857810127548873;5664362,558859622105956;6,954699034000043;51,112839630000053;5211104516800840000;0
30721;5;1;17;0;2021;6;21;6;3;4;2;1;1;0;0;0;0;0;351728,190999788232148;5701462,965999297797680;6,866371878000052;51,444920314000058;5210625502403560000;0
30722;5;3;15;0;2021;11;14;1;2;5;3;1;1;0;0;0;0;0;349358,991991148330271;5643149,086089253425598;6,856754598000066;50,920295374000034;5211121601300380000;1
30724;5;5;54;4;2021;11;16;4;2;5;3;1;1;0;0;0;0;0;361159,407999850809574;5771183,946999449282885;6,974138657000026;52,073808243000030;5211103705000190000;0
30725;5;1;17;0;2021;10;15;7;3;0;1;1;0;0;0;0;0;0;349181,745999768376350;5700109,633999252691865;6,830333074000066;51,432087776000060;5211016502409080000;0
30726;5;3;15;0;2021;10;7;5;3;5;3;1;1;0;0;0;0;0;355684,125523076392710;5639978,931900063529611;6,947935795000035;50,893422279000049;5211007601200480000;1
30727;5;5;12;0;2021;9;12;3;3;1;5;1;1;0;0;0;0;0;356521,240386878140271;5719950,420283099636436;6,927763524000056;51,612279746000070;5210921701400890000;0
30731;5;3;15;0;2021;6;17;5;3;5;2;1;1;0;0;0;0;0;354785,768999805673957;5647745,309999352321029;6,932077154000069;50,962991669000075;5210624601310080000;0
30734;5;1;19;0;2021;6;11;7;3;0;5;1;1;0;0;0;0;0;349885,715292433276772;5710691,130756974220276;6,835955550000051;51,527353194000057;5210605508000470000;1
30736;5;3;62;24;2021;6;14;4;3;0;5;1;1;0;0;0;0;0;346250,410905687138438;5641375,170745221897960;6,813308756000026;50,903534932000071;5210616602500780000;0
30740;5;3;15;0;2021;7;14;3;3;5;2;1;1;0;0;0;0;0;354039,072944588959217;5646881,569175682961941;6,921797719000040;50,955040857000029;5210713601300780000;1
30746;5;3;15;0;2021;5;17;3;2;3;3;1;1;0;0;0;0;0;356813,296752647496760;5644712,896204207092524;6,962122961000034;50,936247192000053;5210525601100690000;1
30752;5;1;70;36;2021;6;15;1;3;5;3;1;1;0;0;0;0;0;353625,411999802105129;5729091,945999333634973;6,882143679000023;51,693674183000041;5210627518401060000;0
30762;5;3;15;0;2021;9;9;5;3;5;2;1;1;0;0;0;0;0;354299,372021568007767;5644203,597608432173729;6,926572457000020;50,931040619000044;5210902601200070000;0
30772;5;3;15;0;2021;7;12;4;3;1;3;1;0;0;0;0;0;0;353380,779986802488565;5645565,317605866119266;6,912961527000050;50,943045122000058;5210707601310770000;0
30782;5;3;15;0;2021;4;15;3;3;0;6;1;1;0;0;0;0;0;353064,449124000966549;5644912,991488138213754;6,908725041000025;50,937102400000072;5210420601300890000;0
30788;5;3;15;0;2021;5;19;4;3;6;4;1;0;1;0;0;0;0;353889,808332474902272;5646155,056412460282445;6,919965540000021;50,948474123000040;5210512601300770000;0
30790;5;3;15;0;2021;7;18;4;2;3;6;1;0;0;0;0;0;0;356937,639174705371261;5643609,923904595896602;6,964324355000031;50,926365723000060;5210707601100270000;0
30797;5;3;15;0;2021;12;15;3;3;5;3;1;1;0;0;0;0;0;353197,128975966013968;5645188,256833655759692;6,910501169000042;50,939609894000057;5211221601300870000;0
30798;5;3;62;28;2021;4;13;7;3;0;5;1;1;0;0;0;0;0;352283,114166578277946;5636297,801222298294306;6,901097388000039;50,859481451000079;5210410602700070000;1
30802;5;3;15;0;2021;4;11;5;3;5;2;1;1;0;0;0;0;0;356179,431442616507411;5644620,882877061143517;6,953144053000074;50,935262551000051;5210408601110360000;0
30809;5;1;19;0;2021;1;7;6;3;5;3;1;0;0;0;1;2;0;350405,643999779596925;5709017,811999274417758;6,844155437000040;51,512455852000073;5210129508000470000;1
30810;5;3;15;0;2021;4;14;7;3;1;5;1;1;0;0;0;0;0;357598,434536817483604;5643911,447711169719696;6,973602925000023;50,929239004000067;5210403601500780000;0
30813;5;3;15;0;2021;1;12;3;3;5;2;1;1;0;0;0;0;0;355694,340999810025096;5645893,210999364033341;6,945740981000029;50,946575543000051;5210119601100760000;1
30815;5;3;15;0;2021;11;17;5;2;0;1;1;0;0;0;0;2;0;355185,567608079873025;5643733,858239738270640;6,939361530000042;50,927042346000064;5211111601200190000;0
30819;5;3;15;0;2021;10;17;7;3;8;1;1;0;0;0;0;0;0;350398,963914261199534;5659539,006777267903090;6,864788784000041;51,067850335000060;5211009601400080000;0
30822;5;3;15;0;2021;9;10;7;3;5;3;1;1;0;0;0;0;0;357351,184999821707606;5646874,240999389439821;6,968926628000077;50,955804349000061;5210918601400720000;0
30823;5;1;11;0;2021;2;17;1;3;2;6;1;0;0;0;0;1;0;347156,869916186667979;5677503,327201452106237;6,810924328000056;51,228418683000029;5210228500200150000;0
30829;5;3;15;0;2021;11;18;3;3;6;6;1;0;1;0;0;2;0;353858,308999798260629;5642350,098999336361885;6,921042988000067;50,914272215000040;5211123601000090000;0
30830;5;3;62;36;2021;12;7;4;3;0;1;1;0;0;0;0;2;0;345473,179000058211386;5651674,047337239608169;6,797892697000066;50,995872563000034;5211215602300590000;1
30834;5;3;15;0;2021;12;22;2;3;0;1;1;0;0;0;0;2;0;356659,156895712018013;5644613,085325529798865;6,959969943000033;50,935311910000053;5211206601100570000;1
30841;5;3;15;0;2021;9;12;2;2;0;1;1;0;0;0;0;0;0;350944,018927235156298;5645052,974210776388645;6,878510505000065;50,937816175000080;5210920601300980000;1
30844;5;5;54;12;2021;10;16;7;3;5;3;1;1;0;0;0;0;0;352243,227063653059304;5745914,670988049358130;6,855004284000074;51,844464752000079;5211016705000070000;0
30845;5;1;19;0;2021;7;18;6;3;5;3;1;1;0;0;0;0;0;350250,281513880938292;5709309,278547823429108;6,841794362000030;51,515033618000075;5210702508000960000;0
30851;5;3;15;0;2021;9;18;2;3;3;7;1;0;0;0;1;1;0;355164,859999808482826;5643705,848999356850982;6,939078201000029;50,926785434000067;5210927601200480000;1
30857;5;5;54;4;2021;11;7;4;3;5;3;1;1;0;0;0;1;0;357036,273632251657546;5777219,587147699669003;6,911487027000021;52,126988448000077;5211103705000050000;0
30858;5;5;54;56;2021;10;7;5;3;5;3;1;1;0;0;0;2;0;356000,919661239720881;5761380,877827003598213;6,903049138000029;51,984411624000074;5211014705000370000;1
30860;5;3;15;0;2021;1;7;6;3;5;3;1;1;0;0;0;2;0;353655,746999797411263;5648666,700999334454536;6,915625736000038;50,970985917000064;5210122601300080000;1
30861;5;3;15;0;2021;6;8;3;3;5;3;1;1;0;0;0;0;0;351789,511999784037471;5643089,183999303728342;6,891333929000041;50,920386474000054;5210601601200390000;0
30862;5;3;15;0;2021;5;20;3;2;5;2;1;1;0;0;0;0;0;355338,640000963583589;5643970,168164715170860;6,941444402000059;50,929204422000055;5210518601110290000;0
30867;5;3;15;0;2021;11;11;5;3;5;2;1;1;0;0;0;0;0;356618,088040534406900;5646263,594465265050530;6,958736164000072;50,950134626000079;5211104601100290000;1
30868;5;1;13;0;2021;10;15;3;3;0;7;1;0;0;0;0;0;0;359328,710887659341097;5701384,193517765030265;6,975699145000021;51,446151286000031;5211019502208280000;1
30871;5;5;54;56;2021;10;8;2;3;5;3;1;1;0;0;0;0;0;356369,976017331704497;5760971,881989022716880;6,908590782000033;51,980832334000070;5211018705000520000;0
30873;5;3;15;0;2021;4;15;4;3;3;6;1;0;0;0;0;0;0;355747,429625925607979;5645926,652549112215638;6,946482957000057;50,946889362000036;5210407601110250000;1
30875;5;3;15;0;2021;6;15;7;2;0;1;1;0;0;0;0;0;0;355134,035416763275862;5639047,771184297278523;6,940488506000065;50,884916361000080;5210626601200890000;0
30876;5;3;15;0;2021;3;9;4;3;6;7;1;0;1;0;0;0;0;353819,883109900169075;5646567,429010817781091;6,918805223000049;50,952162239000074;5210324601300180000;0
30880;5;3;15;0;2021;3;18;5;2;0;2;1;1;0;0;0;0;0;349113,737563838250935;5645119,749230230227113;6,852452203000041;50,937940245000050;5210325601300680000;0
30885;5;1;11;0;2021;1;19;3;3;6;7;1;0;1;0;0;2;0;346383,935999744571745;5676535,074999190866947;6,800277758000050;51,219510927000044;5210126500100560000;0
30887;5;5;12;0;2021;11;17;2;3;5;2;1;1;0;0;0;2;0;356036,659433388151228;5710760,478329630568624;6,924535165000066;51,529577951000078;5211108701400180000;0
30889;5;3;15;0;2021;7;13;6;3;0;2;1;1;0;0;0;0;0;354908,651161682792008;5641490,126852281391621;6,936316277000060;50,906808827000077;5210702601200980000;0
30895;5;3;15;0;2021;6;7;4;3;6;4;1;0;1;0;0;0;0;353208,076094541698694;5645203,647085636854172;6,910650672000031;50,939750987000082;5210609601300590000;0
30897;5;3;82;12;2021;5;2;1;3;0;1;1;0;0;0;0;2;0;355492,269526669755578;5625759,000296186655760;6,950814598000022;50,765579903000059;5210530600360870000;0
30898;5;3;62;12;2021;3;8;2;3;1;5;1;1;0;0;0;0;0;353024,279995313845575;5630135,281038165092468;6,914091945000052;50,804289042000050;5210301602800360000;0
30900;5;3;15;0;2021;6;17;2;3;4;3;1;0;0;0;0;0;0;356253,660999814979732;5644601,344999372959137;6,954207475000032;50,935105473000078;5210607601110290000;0
30901;5;3;15;0;2021;7;18;2;2;0;7;1;0;0;0;0;0;0;354740,411759939044714;5644776,239820361137390;6,932616164000024;50,936298047000037;5210705601100590000;0
30902;5;1;58;28;2021;2;13;1;3;0;1;1;0;0;0;0;0;0;352475,506999792531133;5683310,609999313950539;6,884648803000061;51,282002339000030;5210221516300870000;0
30910;5;3;15;0;2021;4;14;5;3;5;2;1;1;0;0;0;0;0;354308,470999800600111;5642506,899999344721437;6,927379722000069;50,915795158000037;5210415601210750000;0
30911;5;3;15;0;2021;10;20;3;2;0;1;1;0;0;0;0;2;0;355256,713090410456061;5645163,201501823961735;6,939805529000068;50,939905403000068;5211005601100270000;1
30913;5;1;11;0;2021;6;16;5;3;5;2;1;0;0;0;0;0;0;346031,413197193294764;5679613,986395088955760;6,793910569000047;51,247081441000034;5210610500200050000;0
30917;5;3;66;40;2021;12;12;2;3;5;3;1;1;0;0;0;0;0;347498,480752051807940;5624368,636100923642516;6,838118905000044;50,751039451000054;5211220603140610000;0
30920;5;3;62;24;2021;2;11;5;3;5;3;1;0;0;0;0;0;0;345822,860992862842977;5642386,766003040596843;6,806805405000034;50,912511166000058;5210204602500610000;0
30921;5;3;62;20;2021;12;3;6;3;0;7;1;0;0;0;0;2;0;345516,419999734498560;5632818,439999185502529;6,806490584000073;50,826447353000049;5211224602600490000;1
30926;5;3;15;0;2021;5;21;3;3;5;2;1;1;0;0;0;0;0;354948,273550732992589;5645448,305627852678299;6,935304898000027;50,942390055000033;5210525601100280000;1
30930;5;5;62;12;2021;3;10;2;3;5;2;1;1;0;0;0;0;0;359009,956935646012425;5725071,204176241531968;6,961620369000059;51,658922980000057;5210329701610330000;0
30931;5;3;15;0;2021;2;16;7;3;5;3;1;1;0;0;0;0;0;353202,293043970130384;5646839,928301367908716;6,909908832000042;50,954454111000075;5210213601310080000;0
30932;5;1;17;0;2021;4;14;6;3;6;4;1;0;1;0;0;0;0;354153,659633292816579;5702206,339163152500987;6,900942537000049;51,452229875000057;5210416502404570000;0
30935;5;3;15;0;2021;5;11;6;2;4;3;1;1;0;0;0;0;0;356039,820999813266098;5639996,124999368563294;6,952983290000020;50,893665560000045;5210521601200070000;0
30937;5;5;62;12;2021;6;15;1;2;0;1;1;0;0;0;0;0;0;359303,472518596798182;5725572,393484352156520;6,965659275000064;51,663500120000037;5210613701610090000;0
30944;5;1;19;0;2021;4;15;3;3;5;3;1;1;0;0;0;0;0;350660,831999780610204;5706729,374999281018972;6,848799025000062;51,491960887000062;5210427508000080000;0
30949;5;1;12;0;2021;6;14;3;3;0;7;1;0;0;0;0;0;0;346543,114053226076066;5699732,466978071257472;6,792567204000022;51,427990430000079;5210608501315720000;0
30950;5;3;15;0;2021;2;17;1;3;5;3;1;1;0;0;0;0;0;357891,002999823540449;5643519,587999392300844;6,977916191000077;50,925789510000072;5210221601500480000;0
30954;5;1;11;0;2021;4;16;6;3;5;2;1;0;0;0;0;0;1;347169,659811581484973;5677147,093075739219785;6,811259275000054;51,225221137000062;5210423500200560000;0
30958;5;3;15;0;2021;12;12;3;3;0;1;1;0;0;0;0;0;0;353660,429999798536301;5646360,132999336346984;6,916619982000043;50,950258884000050;5211214601300070000;0
30962;5;5;12;0;2021;4;7;4;3;5;3;1;1;0;0;0;2;0;356713,562470806762576;5709659,426930049434304;6,934734800000058;51,519856252000068;5210407701400280000;1
30964;5;1;17;0;2021;11;16;1;3;2;2;1;1;0;0;0;2;0;351250,319253156892955;5698976,282343216240406;6,860544897000068;51,422450783000045;5211128502408490000;1
30968;5;3;15;0;2021;6;0;4;2;0;1;1;0;0;0;0;2;0;353032,494372534565628;5644894,236964046955109;6,908278130000042;50,936925718000055;5210630601300470000;1
30974;5;5;54;56;2021;12;14;2;3;5;2;1;1;0;0;0;0;0;357157,707368852570653;5762491,407983826473355;6,919419954000034;51,994688409000048;5211213705000920000;1
30975;5;1;19;0;2021;3;12;6;3;5;3;1;1;0;0;0;0;0;352748,466311227530241;5704781,497758623212576;6,879660896000075;51,475005597000063;5210305508000670000;0
30979;5;1;17;0;2021;9;9;3;3;0;6;1;0;0;0;1;0;0;349831,321777393110096;5699859,897193742915988;6,839776574000041;51,430016304000048;5210928502409180000;0
30988;5;1;11;0;2021;5;8;2;3;3;6;1;1;0;0;0;0;0;347934,818999757058918;5678673,133999228477478;6,821561201000065;51,239137938000056;5210503500200900000;0
30989;5;1;62;4;2021;4;14;3;3;0;1;1;0;0;0;0;0;0;346494,098273807205260;5659150,030842229723930;6,809263934000057;51,063324113000078;5210413513320480000;0
30992;5;3;15;0;2021;12;17;6;3;5;2;1;1;0;0;0;2;0;352606,935911960899830;5644940,543474258854985;6,902206953000075;50,937233244000026;5211217601300960000;0
30995;5;3;15;0;2021;7;20;7;2;8;1;1;1;0;0;0;1;0;351832,250888530164957;5650930,309819338843226;6,888749751000034;50,990861472000063;5210703601300280000;1
30996;5;1;58;16;2021;6;9;3;3;5;2;1;1;0;0;0;0;0;356173,751041648909450;5670807,107198638841510;6,942658367000035;51,170587439000030;5210629516500090000;0
30998;5;1;17;0;2021;6;14;4;3;5;7;1;1;0;0;0;0;0;353037,325458592735231;5701316,693895809352398;6,885257175000049;51,443947169000069;5210609502402080000;0
31007;5;3;15;0;2021;9;17;5;3;3;6;1;0;0;0;1;0;0;354324,884612160734832;5642494,954988431185484;6,927617830000031;50,915691955000057;5210909601200090000;1
31008;5;1;58;16;2021;12;14;5;3;2;6;1;1;0;0;0;0;0;355955,377699549309909;5668811,194229615852237;6,940336051000031;51,152596344000074;5211216516500290000;0
31009;5;3;15;0;2021;6;9;4;3;1;5;1;1;0;0;0;0;0;353758,027576721273363;5646256,093336571007967;6,918050246000064;50,949348688000043;5210609601310750000;0
31011;5;1;58;24;2021;6;19;2;3;5;3;1;1;0;0;0;0;0;357794,820061314851046;5677813,076409257948399;6,963054912000075;51,233952004000059;5210614516400190000;0
31016;5;3;62;28;2021;1;14;1;3;0;7;1;0;0;0;0;0;0;348450,973886278457940;5639494,423835894092917;6,845362611000041;50,887215790000027;5210131602700380000;0
31018;5;3;62;36;2021;11;7;6;3;5;2;1;1;0;0;0;1;0;346102,457232154905796;5653084,849076557904482;6,806255202000045;51,008718514000066;5211126602300690000;1
31019;5;1;13;0;2021;6;15;5;3;8;7;1;1;0;0;0;0;0;354684,776999808847904;5705025,187999350950122;6,907422314000030;51,477695993000054;5210603502318470000;0
31025;5;3;62;28;2021;10;12;2;3;5;3;1;1;0;0;0;0;0;350603,383999775163829;5637182,729999285191298;6,876886287000048;50,867002374000037;5211025602700860000;0
31028;5;3;15;0;2021;5;23;3;3;0;1;1;0;0;0;0;2;0;353218,478999793529510;5643532,875999327749014;6,911471479000056;50,924739045000081;5210518601210290000;0
31029;5;3;62;12;2021;9;16;5;3;5;3;1;1;0;0;0;0;0;352043,008390789851546;5630428,539142007008195;6,900057313000048;50,806674732000033;5210909602800420000;0
31032;5;3;62;12;2021;9;12;3;3;0;1;1;0;0;0;0;0;0;351246,988999780267477;5633254,964999295771122;6,887621521000028;50,831871040000067;5210921602800020000;0
31035;5;1;11;0;2021;5;9;4;3;1;5;1;0;0;0;1;0;0;345345,517362618818879;5676754,711119083687663;6,785325138000076;51,221204115000035;5210512500100550000;0
31036;5;3;15;0;2021;3;14;4;3;4;6;1;0;0;0;1;0;0;355188,465743327513337;5644746,102091606706381;6,939000579000037;50,936139890000049;5210303601100280000;0
31037;5;1;11;0;2021;2;15;7;3;5;3;1;1;0;0;0;0;0;345687,721175516955554;5675799,267007743939757;6,790632781000056;51,212711597000066;5210213500100360000;2
31045;5;1;11;0;2021;10;7;5;3;0;7;1;0;0;0;0;1;0;352531,359401663765311;5669848,103986792266369;6,890986904000044;51,161042125000051;5211007500300500000;1
31047;5;1;58;16;2021;2;19;5;3;2;6;1;1;0;0;0;2;0;355504,745971692726016;5670276,571917483583093;6,933308522000061;51,165651213000046;5210225516500570000;0
31057;5;1;58;20;2021;1;13;7;3;4;2;1;1;0;0;0;0;0;356266,970742705278099;5663170,203999593853951;6,947037867000063;51,101981821000038;5210123516800690000;0
31058;5;3;15;0;2021;12;8;6;3;5;3;1;1;0;0;0;0;0;354365,138115301728249;5643975,469795374199748;6,927598843000055;50,929007107000075;5211203601200990000;1
31059;5;3;15;0;2021;1;10;5;3;5;3;1;1;0;0;0;0;0;355375,593623783439398;5648312,981845689937472;6,940245053000069;50,968241548000037;5210121601400670000;0
31060;5;3;15;0;2021;11;13;3;3;3;6;1;1;0;0;0;0;0;353764,523861310444772;5646249,919927589595318;6,918145143000061;50,949294858000030;5211102601300270000;1
31068;5;1;11;0;2021;9;15;6;3;4;6;1;0;0;0;1;0;0;347541,299195030704141;5680917,613410081714392;6,814972136000051;51,259200852000049;5210903500200160000;0
31071;5;3;15;0;2021;6;17;2;3;5;2;1;1;0;0;0;0;0;354084,052999799139798;5644846,627999344840646;6,923253003000070;50,936764904000029;5210614601100320000;0
31073;5;3;15;0;2021;1;9;6;3;0;2;1;1;0;0;0;0;0;354906,765825930051506;5641491,295567641034722;6,936289015000057;50,906818857000076;5210115601200380000;0
31079;5;3;15;0;2021;10;0;1;3;6;4;1;0;1;0;0;2;0;353210,329582273028791;5645207,158324012532830;6,910681309000040;50,939783115000068;5211024601300780000;0
31081;5;3;15;0;2021;6;14;3;3;5;2;1;1;0;0;0;0;0;356123,953089781105518;5648933,313364526256919;6,950650534000033;50,974003739000068;5210608601000460000;0
31084;5;1;13;0;2021;9;8;2;3;5;2;1;1;0;0;0;0;0;357701,696597404778004;5696257,153469100594521;6,954360671000074;51,399672703000078;5210913502227380000;0
31088;5;1;17;0;2021;9;7;4;3;5;3;1;1;0;0;0;0;0;351768,971576029434800;5697899,139744436368346;6,868449496000039;51,412907854000082;5210908502407470000;0
31091;5;3;15;0;2021;9;16;5;3;3;6;1;1;0;0;0;0;0;357451,525879443623126;5636179,449839418753982;6,974531303000049;50,859715015000063;5210916601200420000;0
31095;5;3;15;0;2021;6;17;5;3;5;3;1;1;0;0;0;0;0;354391,750242626294494;5645801,867345800623298;6,927247426000065;50,945427130000041;5210617601300570000;0
31096;5;3;15;0;2021;7;1;4;3;0;6;1;0;0;1;0;2;0;355247,599698857404292;5645239,674864057451487;6,939645518000020;50,940590364000059;5210707601110620000;0
31098;5;5;12;0;2021;11;15;7;3;0;1;1;0;0;0;0;0;0;356463,992577064782381;5709783,298760311678052;6,931089678000035;51,520905980000066;5211113701400600000;1
31103;5;3;62;24;2021;9;12;2;3;5;3;1;1;0;0;0;0;0;346253,871080221608281;5641886,919437766075134;6,813142391000042;50,908134473000075;5210906602500360000;0
31113;5;3;82;48;2021;12;15;4;3;5;3;1;1;0;0;0;0;0;355669,819008861668408;5611120,919123284518719;6,959050991000026;50,634068174000049;5211208600330580000;0
31118;5;3;15;0;2021;6;14;6;3;0;6;1;1;0;0;0;0;0;356295,776013092137873;5648031,948280453681946;6,953452435000031;50,965946247000034;5210611601400880000;0
31123;5;3;15;0;2021;3;14;4;2;0;1;1;0;0;0;0;0;0;356488,077755966223776;5651563,404730508103967;6,954794769000046;50,997730669000077;5210303601400870000;0
31128;5;3;15;0;2021;12;12;4;3;4;6;1;1;0;0;0;0;0;355590,648980442434549;5644697,993840925395489;6,944739689000073;50,935808401000031;5211215601100780000;0
31129;5;5;54;4;2021;10;12;1;3;0;7;1;0;1;0;0;0;0;357807,548008626326919;5771405,732468787580729;6,925172618000033;52,074950512000044;5211010705000680000;0
31132;5;3;15;0;2021;6;21;2;2;0;7;1;0;0;0;0;0;0;357924,601714224554598;5644837,532359497621655;6,977880224000046;50,937642153000070;5210621601500850000;0
31136;5;5;54;60;2021;9;13;4;3;0;1;1;0;0;0;0;0;0;349552,818145263008773;5756005,901426360011101;6,811576594000030;51,934411784000076;5210915705000320000;1
31137;5;3;15;0;2021;9;23;4;3;4;6;1;0;0;0;0;2;0;353292,849425775930285;5643398,006343819200993;6,912583193000046;50,923545936000039;5210901601200270000;0
31139;5;5;54;56;2021;12;15;2;3;0;2;1;1;0;0;0;0;0;356961,538151983171701;5762448,247440362349153;6,916582685000037;51,994250121000050;5211220705000060000;1
31145;5;1;19;0;2021;1;11;6;3;3;2;1;1;0;0;0;0;0;351561,078723758459091;5709902,610767055302858;6,860421556000063;51,520710883000049;5210129508000480000;1
31146;5;5;62;12;2021;11;14;2;3;1;3;1;1;0;0;0;0;0;359094,429737780243158;5735685,798024849966168;6,958550497000033;51,754323817000056;5211122701610180000;0
31149;5;3;15;0;2021;6;20;6;3;0;5;1;1;0;0;0;0;0;353000,564633461646736;5644281,866725469008088;6,908071016000065;50,931414452000070;5210611601200790000;0
31151;5;3;15;0;2021;9;23;3;3;0;1;1;0;0;0;0;2;0;355857,597124664112926;5644749,014171488583088;6,948516156000039;50,936333696000077;5210907601110180000;0
31154;5;3;15;0;2021;5;8;2;3;4;3;1;0;0;0;1;0;0;355303,712792205624282;5645501,774817483499646;6,940339551000022;50,942959881000036;5210510601100470000;0
31157;5;5;54;4;2021;9;18;1;3;0;1;1;0;0;0;0;0;0;360586,082661419175565;5772773,299350410699844;6,965129236000053;52,087944797000034;5210912705000790000;0
31159;5;1;19;0;2021;3;15;3;2;5;2;1;1;0;0;0;0;0;351008,688742579892278;5709257,449955912306905;6,852738219000059;51,514768433000029;5210323508000970000;0
31162;5;1;19;0;2021;4;16;2;3;5;3;1;0;0;1;0;0;0;350547,080999779514968;5705353,675999276340008;6,847743993000051;51,479569628000036;5210419508000880000;1
31163;5;3;62;24;2021;5;7;3;3;0;1;1;0;0;0;0;0;0;346481,893145937472582;5640907,095904137939215;6,816795240000033;50,899390352000069;5210511602500080000;1