OID_;ULAND;UREGBEZ;UKREIS;UGEMEINDE;UJAHR;UMONAT;USTUNDE;UWOCHENTAG;UKATEGORIE;UART;UTYP1;IstRad;IstPKW;IstFuss;IstKrad;IstSonstige;ULICHTVERH;IstGkfz;LINREFX;LINREFY;XGCSWGS84;YGCSWGS84;UIDENTSTLAE;IstStrassenzustand
31166;5;3;15;0;2021;1;5;3;2;5;3;1;1;0;0;0;2;0;355235,794466495513916;5651548,559983884915709;6,936966575000042;50,997283588000073;5210112601400190000;1
31169;5;5;54;60;2021;3;16;3;3;0;1;1;1;0;0;0;0;0;350310,501588524319232;5755932,651427706703544;6,822621201000061;51,933957957000075;5210323705000790000;0
31172;5;3;15;0;2021;6;15;3;3;0;3;1;1;0;0;0;0;0;352524,459587324410677;5643730,363730382174253;6,901523586000053;50,926336796000044;5210629601200080000;0
31173;5;3;15;0;2021;7;12;6;3;3;6;1;1;0;0;0;0;0;353570,740328975953162;5646457,240157857537270;6,915304954000021;50,951108772000055;5210702601300460000;0
31180;5;1;17;0;2021;4;9;6;3;0;1;1;0;0;0;0;0;0;351047,465794745832682;5697926,813909932971001;6,858070446000056;51,412967447000028;5210423502407070000;0
31181;5;3;15;0;2021;2;14;5;3;5;3;1;1;0;0;0;0;0;356459,510999816469848;5644599,372999375686049;6,957135909000044;50,935139022000044;5210225601100490000;0
31182;5;5;62;12;2021;7;11;7;2;5;3;1;1;0;0;0;0;0;360050,265090658329427;5726308,744729768484831;6,976154995000059;51,670303341000078;5210710701610010000;0
31187;5;3;15;0;2021;5;16;2;3;0;1;1;0;0;0;0;0;0;355229,582634603604674;5644428,626703217625618;6,939711481000074;50,933297131000074;5210517601100580000;1
31188;5;3;15;0;2021;12;18;5;3;3;5;1;1;0;0;0;2;0;353710,440574360080063;5646305,730294227600098;6,917353317000050;50,949782682000034;5211223601300990000;0
31192;5;1;19;0;2021;7;17;5;3;0;3;1;1;0;0;0;0;0;350855,998250844888389;5705613,166988749057055;6,852079738000043;51,481982799000036;5210708508000170000;1
31204;5;1;17;0;2021;9;16;6;3;0;7;1;1;0;0;0;0;0;352172,526999791152775;5699435,962999308481812;6,873607317000051;51,426822572000049;5210910502408880000;1
31210;5;5;12;0;2021;2;12;6;2;5;2;1;1;0;0;0;0;0;354346,172998600639403;5709756,461795784533024;6,900596666000069;51,520122691000040;5210205701400120000;0
31213;5;5;12;0;2021;5;18;6;3;5;3;1;1;0;0;0;0;0;355572,744301401078701;5718640,288528328761458;6,914613947000021;51,600264906000064;5210514701400870000;1
31216;5;1;58;28;2021;5;18;1;3;5;3;1;1;0;0;0;0;0;352434,010999791324139;5683346,204999316483736;6,884039525000048;51,282311445000062;5210523516300270000;0
31231;5;1;19;0;2021;3;10;2;3;5;2;1;1;0;0;0;0;0;351917,765680269338191;5710305,086970521137118;6,865389799000070;51,524420934000034;5210329508000680000;0
31232;5;3;62;28;2021;9;9;7;3;3;2;1;0;0;0;0;0;0;347783,394999752752483;5639869,675999231636524;6,835722251000050;50,890412390000051;5210904602700910000;0
31233;5;1;17;0;2021;10;7;2;3;0;2;1;1;0;0;0;1;0;348875,099999766796827;5701105,072999246418476;6,825500245000057;51,440950438000073;5211018502409770000;0
31236;5;1;11;0;2021;10;18;3;3;5;2;1;1;0;0;0;1;0;346591,527999746613204;5676160,577999198809266;6,803408268000055;51,216201683000065;5211005500100260000;1
31237;5;1;58;16;2021;2;14;5;3;5;3;1;1;0;0;0;0;0;353413,334999797865748;5669837,979999329894781;6,903595469000038;51,161177808000048;5210225516500060000;0
31241;5;3;15;0;2021;2;10;4;3;5;3;1;1;0;0;0;0;0;354841,289088855497539;5644800,223519794642925;6,934041332000049;50,936538983000048;5210224601100580000;0
31243;5;5;54;40;2021;11;16;6;3;5;3;1;1;0;0;0;2;0;353018,901999797672033;5734785,278999323025346;6,870972637000023;51,744671360000041;5211126705000390000;1
31255;5;1;11;0;2021;4;18;3;3;0;7;1;0;0;0;0;0;0;350211,208365932106972;5678410,538538636639714;6,854257158000053;51,237380494000035;5210427500200070000;0
31256;5;1;58;28;2021;9;7;4;3;1;5;1;1;0;0;0;0;0;349571,210553225129843;5690658,197095710784197;6,839935971000045;51,347265510000057;5210908516300370000;0
31258;5;1;19;0;2021;7;16;6;3;5;3;1;0;0;0;1;0;0;350478,101000194437802;5705414,602761022746563;6,846725582000033;51,480098851000037;5210709508000270000;0
31261;5;3;62;20;2021;5;15;1;3;0;7;1;0;0;0;0;0;0;344054,578519542701542;5630899,563795307651162;6,786566032000053;50,808812301000046;5210509602600070000;0
31264;5;1;19;0;2021;11;12;2;3;5;3;1;1;0;0;0;0;0;353175,530999799259007;5708722,913999322801828;6,884166277000077;51,510532606000027;5211122508000370000;0
31267;5;1;19;0;2021;11;9;3;3;5;3;1;1;0;0;0;0;0;351246,581425684504211;5709210,527101013809443;6,856183944000065;51,514409499000067;5211109508000070000;0
31268;5;3;15;0;2021;9;14;3;3;5;3;1;0;0;0;0;0;0;356365,809347671456635;5647282,698136424645782;6,954744905000041;50,959230334000040;5210907601400570000;0
31272;5;1;19;0;2021;9;8;5;3;5;2;1;1;0;0;0;0;0;348480,302078404463828;5704001,109601747244596;6,818583554000043;51,466866672000037;5210923508000770000;0
31277;5;3;15;0;2021;6;16;3;3;0;2;1;1;0;0;0;0;0;354573,981999802403152;5644817,486999345943332;6,930232669000077;50,936626779000051;5210629601300360000;0
31280;5;1;19;0;2021;5;13;4;3;5;2;1;1;0;0;0;0;0;349997,944537967443466;5710637,252117168158293;6,837595148000048;51,526898902000028;5210505508000580000;1
31281;5;3;82;64;2021;1;1;7;3;0;7;1;0;0;0;0;2;0;356504,505236656405032;5616111,867489833384752;6,968911865000052;50,679129812000042;5210130600340910000;1
31283;5;1;11;0;2021;9;16;2;3;6;7;1;0;1;0;0;0;0;346681,145423907786608;5676244,566509213298559;6,804654544000073;51,216980437000075;5210906500100690000;0
31286;5;3;15;0;2021;5;12;2;3;0;1;1;0;0;0;0;0;0;353894,458693540655077;5646151,683748167008162;6,920033049000040;50,948444993000066;5210503601000550000;0
31289;5;1;11;0;2021;5;20;2;3;0;1;1;0;0;0;0;0;0;345523,256917245686054;5677088,179625321179628;6,787724660000038;51,224248600000067;5210503500100870000;0
31290;5;1;11;0;2021;10;18;1;2;3;6;1;0;0;0;0;0;0;351456,751932968385518;5675457,470047423616052;6,873310267000022;51,211169999000049;5211010500300170000;0
31295;5;1;13;0;2021;10;13;7;3;0;7;1;0;0;0;0;0;0;357657,017979226075113;5705755,854393169283867;6,949899121000044;51,485017449000054;5211009502321080000;0
31296;5;1;58;20;2021;3;20;4;3;5;3;1;1;0;0;0;2;0;356653,365823492407799;5662591,419569728896022;6,952782849000073;51,096877259000053;5210317516800260000;1
31303;5;1;62;4;2021;9;16;2;3;5;3;1;1;0;0;0;0;0;349330,224748838692904;5661650,920669976621866;6,848666177000041;51,086548544000038;5210906513320780000;0
31304;5;1;11;0;2021;2;12;4;3;6;7;1;0;1;0;0;0;0;347604,433695839717984;5679947,337921775877476;6,816289512000026;51,250499255000079;5210224500200090000;0
31311;5;1;58;28;2021;2;18;4;3;5;3;1;1;0;0;0;2;0;348967,774512626230717;5683038,939014129340649;6,834504428000059;51,278642031000061;5210217516310280000;0
31312;5;3;62;36;2021;5;11;5;3;9;1;1;0;0;0;0;0;0;347374,565847295336425;5654527,667002826929092;6,823767481000061;51,022022594000077;5210520602300880000;0
31320;5;3;15;0;2021;6;9;5;3;5;3;1;1;0;0;0;0;0;354917,205999804660678;5647910,708999354392290;6,933881623000048;50,964511174000052;5210624601400090000;0
31326;5;3;15;0;2021;6;18;7;3;0;5;1;1;0;0;1;0;0;353019,195874213241041;5644692,896186811849475;6,908170204000044;50,935112960000026;5210619601200080000;0
31327;5;1;17;0;2021;4;13;6;3;0;2;1;1;0;0;0;0;0;353849,039999801665545;5700084,290999336168170;6,897437718000049;51,433083127000032;5210416502401070000;0
31328;5;1;58;12;2021;4;8;5;2;0;7;1;0;0;0;0;0;0;357052,394835283048451;5687998,426386822015047;6,948352799000077;51,325295210000036;5210408516210220000;0
31336;5;3;15;0;2021;9;14;6;3;0;1;1;0;0;0;0;0;0;358307,044595730490983;5644792,268398648127913;6,983337420000055;50,937329463000026;5210924601500390000;0
31347;5;1;19;0;2021;1;7;6;3;5;3;1;0;0;1;0;1;0;349465,058804375119507;5702462,153029328212142;6,833405209000034;51,453301401000033;5210108508000070000;1
31351;5;3;62;12;2021;9;20;6;2;3;6;1;0;0;0;0;2;0;352351,205918118357658;5635102,092371443286538;6,902546429000040;50,848753372000033;5210903602800100000;0
31354;5;1;58;20;2021;12;12;2;3;5;7;1;1;0;0;0;0;0;356033,820555924437940;5665513,180112695321441;6,942775002000076;51,122978540000076;5211220516800580000;0
31357;5;1;58;20;2021;2;9;4;3;5;3;1;1;0;0;0;0;0;357714,995321854017675;5664823,712874205783010;6,967054149000035;51,117202558000031;5210217516800080000;1
31358;5;3;62;12;2021;6;18;3;3;5;3;1;1;0;0;0;0;0;349866,416398731060326;5629276,587292436510324;6,869658709000021;50,795762669000055;5210615602800900000;0
31361;5;1;13;0;2021;9;15;5;3;0;1;1;0;0;0;0;0;0;359282,818478359840810;5701356,635641345754266;6,975050140000064;51,445892245000039;5210923502215270000;0
31363;5;3;15;0;2021;5;13;1;3;5;3;1;0;0;0;1;0;0;352077,648114348761737;5642447,900086082518101;6,895690473000059;50,914697478000051;5210530601210990000;0
31364;5;1;58;16;2021;6;17;3;3;4;3;1;1;0;0;0;0;0;356490,694723723456264;5670572,355174330994487;6,947282613000027;51,168557467000028;5210615516500480000;0
31375;5;1;11;0;2021;4;15;5;2;6;6;1;0;1;0;0;0;0;346586,762756574898958;5670769,802345877513289;6,805643039000074;51,167761074000055;5210401500300620000;0
31380;5;3;15;0;2021;9;13;2;3;0;2;1;1;0;0;0;0;0;354964,848999806679785;5645432,877999354153872;6,935546815000066;50,942255580000051;5210906601100290000;0
31386;5;3;15;0;2021;9;18;4;3;0;1;1;0;0;0;0;0;0;353228,911337758414447;5644878,473376644775271;6,911078006000025;50,936834080000040;5210901601300760000;0
31389;5;3;15;0;2021;6;8;2;2;5;2;1;1;0;0;0;0;0;353438,439162908121943;5644862,740406854078174;6,914064327000062;50,936745983000037;5210621601300090000;1
31391;5;3;15;0;2021;5;9;3;3;1;5;1;1;0;0;0;0;0;356335,796517274342477;5647639,094568151980639;6,954177125000058;50,962425724000070;5210518601400490000;1
31399;5;3;62;40;2021;6;11;2;2;3;6;1;0;0;0;0;0;0;357271,359141688793898;5633035,247134679928422;6,973198224000043;50,831413296000051;5210621602900010000;1
31401;5;3;62;36;2021;2;11;5;3;0;7;1;1;0;0;0;0;0;346960,856072523631155;5654741,360306894406676;6,817782920000070;51,023832858000048;5210204602300970000;0
31402;5;3;15;0;2021;6;17;6;3;0;1;1;0;0;0;0;0;0;355841,074999812990427;5650278,400999369099736;6,946090562000052;50,986020966000069;5210604601400990000;0
31405;5;1;12;0;2021;10;15;5;3;5;3;1;1;0;0;0;0;0;346526,094026768580079;5699710,441080892458558;6,792332113000043;51,427787914000078;5211028501315670000;0
31406;5;3;15;0;2021;6;22;7;2;0;1;1;0;0;0;0;1;0;354621,750554280355573;5644689,416551461443305;6,930963152000061;50,935487889000058;5210619601300280000;0
31409;5;1;11;0;2021;11;7;3;3;5;2;1;1;0;0;0;0;0;348793,470999764278531;5674400,178999245166779;6,835654604000069;51,200970517000030;5211123500300500000;0
31417;5;3;15;0;2021;9;16;3;3;0;1;1;1;0;0;0;0;0;353922,806520641781390;5646131,403477454558015;6,920444462000034;50,948269925000034;5210921601300790000;0
31421;5;1;17;0;2021;9;13;1;3;0;1;1;0;0;0;0;0;0;351085,436999782919884;5695549,006999287754297;6,859614069000031;51,391611409000063;5210912502407180000;0
31423;5;3;82;64;2021;9;12;5;2;8;1;1;0;0;0;0;0;0;352280,579999785870314;5615776,459999317303300;6,909300683000026;50,675058701000069;5210916600340620000;0
31426;5;3;15;0;2021;2;9;6;3;1;5;1;1;0;0;0;0;0;356292,005513439886272;5648078,725977899506688;6,953380295000045;50,966365688000053;5210226601400580000;0
31432;5;3;15;0;2021;11;6;3;3;9;1;1;0;0;0;0;1;0;349324,320403944700956;5645106,735766088590026;6,855452540000044;50,937878363000038;5211102601300290000;1
31437;5;3;15;0;2021;10;0;1;3;0;1;1;0;0;0;0;2;0;354186,614850361831486;5644606,169790433719754;6,924807905000023;50,934629921000067;5211010601200890000;0
31442;5;5;54;40;2021;9;18;5;3;5;3;1;1;0;0;0;0;0;350467,881999781355262;5738157,861999271437526;6,832598239000049;51,774298734000070;5210916705000120000;0
31448;5;3;15;0;2021;12;16;6;3;5;3;1;1;0;0;0;2;0;353656,548884768970311;5648665,784855036064982;6,915637517000050;50,970977888000050;5211203601300080000;1
31453;5;3;62;12;2021;6;13;1;3;9;7;1;0;0;0;0;0;0;349954,269759407266974;5634123,919415351003408;6,868921910000040;50,839346272000057;5210620602800170000;0
31462;5;5;12;0;2021;9;15;5;3;5;2;1;1;0;0;0;0;0;356346,760032523423433;5710238,727453488856554;6,929215403000057;51,524968575000059;5210930701400870000;0
31463;5;3;15;0;2021;7;20;7;3;0;2;1;1;0;0;0;1;0;355368,979496321640909;5645608,397725971415639;6,941225603000021;50,943934454000043;5210710601100580000;0
31468;5;3;15;0;2021;5;10;6;3;3;2;1;1;0;0;0;0;0;349111,938344043679535;5645138,433693150058389;6,852418876000058;50,938107678000051;5210521601300370000;0
31469;5;1;11;0;2021;6;15;4;3;5;3;1;1;0;0;0;0;0;349167,303987825289369;5677354,705539708957076;6,839758963000065;51,227618047000078;5210602500200590000;0
31471;5;1;19;0;2021;10;19;1;2;5;3;1;1;0;0;0;1;0;350564,369948674924672;5709500,873700339347124;6,846236360000034;51,516838332000077;5211024508000570000;0
31473;5;3;15;0;2021;11;13;3;3;4;6;1;0;0;0;1;0;0;352861,654519663192332;5644904,649217646569014;6,905844175000027;50,936975725000082;5211109601300080000;0
31474;5;3;15;0;2021;6;17;5;3;1;5;1;0;0;0;1;0;0;354174,866315775550902;5647129,718152111396194;6,923630379000031;50,957305263000080;5210617601300090000;0
31476;5;3;15;0;2021;10;6;1;2;0;1;1;0;0;0;0;2;0;355082,049709978513420;5644788,019135020673275;6,937470414000074;50,936489857000026;5211024601100080000;0
31477;5;1;11;0;2021;11;11;3;3;5;3;1;1;0;0;0;0;0;345606,888999738730490;5677946,321999175474048;6,788551700000028;51,231982016000075;5211102500200560000;1
31478;5;1;17;0;2021;9;1;1;3;0;1;1;0;0;0;0;2;0;352341,620930123142898;5699423,531739976257086;6,876042997000070;51,426754950000031;5210912502408060000;0
31481;5;1;11;0;2021;9;14;6;3;1;5;1;1;0;0;0;0;0;348201,205806257203221;5672893,658851360902190;6,827820434000046;51,187276275000045;5210917500300500000;0
31482;5;3;15;0;2021;10;17;6;2;5;2;1;0;0;0;1;0;0;353246,750722624361515;5646806,668842159211636;6,910554774000047;50,954166545000078;5211001601300080000;0
31484;5;3;15;0;2021;6;13;7;3;5;3;1;0;0;0;0;0;0;356154,620630966499448;5648806,915236525237560;6,951137061000054;50,972875486000078;5210619601400780000;0
31487;5;1;11;0;2021;10;19;4;3;5;2;1;1;0;0;0;2;0;347027,623999751172960;5677898,574999209493399;6,808905937000077;51,231935582000062;5211027500200270000;0
31489;5;5;12;0;2021;7;11;6;3;5;2;1;1;0;0;0;0;0;356498,417999819852412;5709623,178999381139874;6,931650739000077;51,519475918000069;5210709701400870000;0
31490;5;1;17;0;2021;9;7;2;3;5;3;1;1;0;0;0;0;0;352976,816967092454433;5701471,363785490393639;6,884322866000048;51,445321280000030;5210927502402580000;0
31493;5;1;17;0;2021;4;12;6;3;1;7;1;1;0;0;0;0;0;350908,420168086886406;5695862,966635610908270;6,856939813000054;51,394386042000065;5210402502407570000;0
31497;5;1;19;0;2021;10;14;5;3;5;3;1;1;0;0;0;0;0;351651,736947495490313;5704376,479260532185435;6,864050407000036;51,471079791000079;5211014508000470000;0
31503;5;3;15;0;2021;12;10;5;3;0;5;1;0;0;0;1;0;0;353576,044721277430654;5642724,793601967394352;6,916880048000053;50,917567934000033;5211209601200950000;0
31509;5;5;54;12;2021;9;16;7;3;0;7;1;0;0;0;0;0;0;352612,065125124529004;5746387,968865772709250;6,860152967000033;51,848814777000030;5210925705000780000;0
31510;5;1;13;0;2021;5;14;5;3;1;5;1;1;0;0;0;0;0;358117,237999829463661;5701635,594999402761459;6,958176748000028;51,448108196000078;5210520502208270000;0
31516;5;3;15;0;2021;1;9;5;3;5;3;1;1;1;0;0;0;0;355841,779814518056810;5644664,759956629946828;6,948324524000043;50,935572564000040;5210114601100490000;0
31518;5;3;15;0;2021;11;12;6;3;0;2;1;0;0;0;1;0;0;354480,169238016009331;5645758,215168893337250;6,928522643000065;50,945057166000026;5211112601300160000;0
31521;5;1;11;0;2021;3;16;3;3;3;6;1;0;0;0;0;0;0;346483,517474681138992;5689279,347865607589483;6,796227979000037;51,334050501000036;5210330500200670000;0
31525;5;5;54;68;2021;7;5;2;2;5;3;1;1;0;0;0;1;0;352700,249993468634784;5766902,913681648671627;6,852645539000036;52,033159805000082;5210705705000470000;0
31526;5;1;58;28;2021;4;13;5;3;0;7;1;0;0;0;0;0;0;349340,543798650614917;5685766,983015673235059;6,838694068000052;51,303253977000054;5210401516300270000;0
31527;5;1;58;16;2021;9;16;7;3;5;3;1;1;0;0;0;0;0;358257,251395682804286;5671895,627251451835036;6,972012084000028;51,180889695000076;5210904516500290000;0
31530;5;3;15;0;2021;9;16;6;3;3;2;1;1;0;0;0;0;0;354177,274049991741776;5644899,288074923679233;6,924557765000031;50,937261724000052;5210903601300960000;0
31532;5;3;15;0;2021;11;1;1;2;0;1;1;1;0;0;0;2;0;354869,557779621332884;5638546,110766641795635;6,936930307000068;50,880341639000051;5211114601200520000;0
31534;5;3;15;0;2021;10;20;6;3;0;1;1;0;0;0;0;2;0;350736,205723438411951;5643546,373939260840416;6,876171848000070;50,924223477000055;5211015601300690000;1
31536;5;1;19;0;2021;4;12;6;3;3;2;1;1;0;0;0;0;0;348819,827935047447681;5712472,609845088794827;6,819836737000060;51,543075730000055;5210423508000980000;0
31537;5;1;19;0;2021;11;10;3;3;0;7;1;1;0;0;0;0;0;349336,366677416488528;5712627,055746586993337;6,827213826000047;51,544601579000073;5211130508000480000;1
31542;5;3;15;0;2021;4;23;6;3;3;5;1;1;0;0;0;2;0;356346,782488088123500;5647545,650037895888090;6,954370354000048;50,961588694000056;5210416601400670000;0
31543;5;3;15;0;2021;9;7;3;3;5;3;1;1;0;0;0;1;0;354760,778353487141430;5646125,067255223169923;6,932368029000031;50,948424725000052;5210921601400580000;0
31544;5;1;11;0;2021;4;15;7;2;0;1;1;0;0;0;0;0;0;351954,523001643829048;5669863,019723441451788;6,882737202000044;51,161027184000034;5210403500300070000;0
31548;5;1;58;24;2021;6;15;1;3;0;1;1;0;0;0;0;0;0;357316,066999822854996;5677090,823999388143420;6,956489543000032;51,227342033000070;5210620516400470000;0
31556;5;1;12;0;2021;4;18;6;3;0;7;1;1;0;0;0;0;0;346780,884534195996821;5703844,029408952221274;6,794204651000030;51,464997753000034;5210430501127580000;0
31557;5;3;15;0;2021;5;13;1;3;7;7;1;0;0;0;0;0;0;356825,404661742039025;5644713,992005284875631;6,962294738000026;50,936260046000029;5210509601110270000;0
31567;5;1;11;0;2021;1;6;2;3;5;2;1;1;0;0;0;2;0;346287,450273181311786;5676707,821769544854760;6,798823151000022;51,221037178000074;5210104500100190000;1
31570;5;1;19;0;2021;2;15;1;3;3;3;1;1;0;0;0;0;0;352462,675840855576098;5704813,669357877224684;6,875535279000076;51,475220223000065;5210228508000280000;0
31571;5;1;19;0;2021;3;14;4;3;5;3;1;1;0;0;0;0;0;351433,776952827349305;5702987,113270640373230;6,861498398000037;51,458538442000076;5210310508000280000;0
31574;5;1;58;26;2021;9;10;1;3;5;3;1;1;0;0;0;0;0;353049,969088454730809;5664159,614933637902141;6,900718693000044;51,110057426000026;5210912516900980000;0
31578;5;3;15;0;2021;5;14;2;3;7;5;1;1;0;0;0;0;0;356325,010517413727939;5647732,406568396836519;6,953986787000076;50,963261612000053;5210524601400890000;1
31581;5;3;15;0;2021;11;19;1;3;3;6;1;1;0;0;0;2;0;351476,324190587736666;5644624,885181181132793;6,886255676000076;50,934106508000070;5211107601300480000;0
31588;5;3;62;28;2021;7;13;6;3;0;7;1;0;0;0;1;0;0;346596,328335171565413;5638890,691029842942953;6,819268012000066;50,881301051000037;5210702602700970000;1
31594;5;3;15;0;2021;6;14;5;3;5;3;1;1;0;0;0;0;0;357891,002999823540449;5643519,587999392300844;6,977916191000077;50,925789510000072;5210624601500890000;0
31601;5;3;62;12;2021;12;17;6;2;5;2;1;1;0;0;0;2;0;353338,627999794669449;5634953,534999329596758;6,916622997000047;50,847669500000052;5211210602800990000;1
31602;5;3;62;12;2021;12;15;7;3;5;3;1;1;0;0;0;1;0;351614,974814128130674;5632019,748843649402261;6,893343200000061;50,820864995000079;5211218602800810000;1
31603;5;3;82;12;2021;5;11;2;3;0;2;1;1;0;0;0;0;0;353429,154999795369804;5628666,800999334082007;6,920419984000034;50,791194547000032;5210510600360210000;0
31610;5;3;15;0;2021;4;18;5;3;3;2;1;1;0;0;0;0;0;352521,730999788269401;5651488,493999317288399;6,898340458000064;50,996054645000072;5210415601400670000;0
31613;5;1;58;16;2021;3;9;3;2;0;3;1;1;0;0;0;0;0;355256,838509930297732;5670647,469915173947811;6,929615937000051;51,168921561000047;5210330516500560000;0
31614;5;3;15;0;2021;6;11;5;3;5;3;1;1;0;0;0;0;0;355337,690999807789922;5643971,991999357938766;6,941430183000023;50,929220574000055;5210624601110370000;0
31615;5;3;62;12;2021;11;9;2;3;0;7;1;0;0;0;0;0;0;353580,464720026589930;5633248,267113512381911;6,920737407000047;50,832405826000070;5211122602800460000;0
31617;5;5;62;12;2021;11;7;5;3;5;2;1;1;0;0;0;0;0;359299,725724222138524;5725536,051299791783094;6,965619768000067;51,663172619000079;5211125701610840000;0
31625;5;5;54;12;2021;11;14;2;3;0;3;1;1;0;0;0;0;0;347484,109661582857370;5744477,872732974588871;6,786603975000048;51,830276229000049;5211115705000190000;0
31626;5;3;15;0;2021;3;13;5;3;0;1;1;0;0;0;0;0;0;355124,409814562648535;5644155,552481712773442;6,938324300000033;50,930816665000066;5210325601110570000;0
31627;5;1;12;0;2021;9;8;3;3;3;2;1;1;0;0;0;0;0;346512,371999749913812;5701989,151999192312360;6,791147078000051;51,448258731000067;5210928501314060000;0
31633;5;1;58;16;2021;11;8;3;3;5;3;1;1;0;0;0;0;0;353406,094200142659247;5669835,704372471198440;6,903492916000062;51,161155504000078;5211102516500770000;0
31634;5;1;11;0;2021;5;17;4;3;6;4;1;1;1;0;0;0;0;346597,475380129180849;5676165,737500580027699;6,803491152000049;51,216249642000037;5210526500100570000;1
31637;5;5;12;0;2021;10;16;4;3;5;2;1;1;0;0;0;0;0;357488,403231697157025;5719452,426819264888763;6,941924781000068;51,608050548000051;5211013701400660000;0
31642;5;1;58;24;2021;6;16;3;3;5;3;1;1;0;0;0;0;0;357469,680342913605273;5678219,458261169493198;6,958239082000034;51,237522803000047;5210615516400950000;0
31644;5;1;17;0;2021;12;15;2;3;0;1;1;0;0;0;0;0;0;351327,624544629827142;5697655,045064266771078;6,862210041000026;51,410598968000045;5211220502407080000;0
31646;5;1;11;0;2021;11;12;6;2;5;2;1;1;0;0;0;0;0;353577,314999799244106;5666613,413999335840344;6,907250331000057;51,132242993000034;5211112500300000000;0
31651;5;3;15;0;2021;4;16;5;3;3;6;1;0;0;0;0;0;0;353547,118519654497504;5641415,561076194047928;6,916994267000064;50,905794931000059;5210408601200160000;0
31654;5;1;13;0;2021;12;16;6;3;0;1;1;0;0;0;0;1;0;359604,075973017141223;5700240,564919289201498;6,980112642000051;51,435942713000031;5211231502200490000;1
31658;5;1;17;0;2021;11;16;1;3;1;7;1;1;0;0;0;2;0;350246,326731986366212;5699645,410066995769739;6,845832680000058;51,428198859000076;5211128502409460000;0
31665;5;1;17;0;2021;9;17;4;2;5;2;1;1;0;0;0;0;0;352448,917617105878890;5700147,158112945035100;6,877283822000038;51,433285156000068;5210922502402080000;0
31677;5;1;19;0;2021;9;6;6;3;0;2;1;0;0;0;1;2;0;353112,513947684317827;5709536,348616577684879;6,882919883000056;51,517825396000035;5210924508000640000;0
31681;5;1;13;0;2021;9;12;2;3;4;2;1;1;0;0;0;0;0;358155,587205686606467;5704954,461298841983080;6,957396729000038;51,477941365000049;5210906502323480000;0
31682;5;1;13;0;2021;2;10;7;3;0;3;1;0;0;0;1;0;0;359312,908999835141003;5701374,654999418184161;6,975475695000057;51,446061646000032;5210220502208180000;0
31685;5;1;11;0;2021;10;19;2;3;0;1;1;0;0;0;0;2;0;347037,587141255848110;5677901,930001677945256;6,809047099000054;51,231968399000039;5211018500200770000;0
31690;5;3;62;40;2021;4;14;6;3;0;1;1;0;0;0;0;0;0;357608,287226155400276;5630480,395227724686265;6,978971298000033;50,808535373000041;5210430602900170000;0
31692;5;3;62;28;2021;11;14;3;3;5;2;1;0;0;0;0;0;0;347935,266866206191480;5639916,140649862587452;6,837860644000045;50,890869934000079;5211109602700330000;0
31696;5;1;17;0;2021;5;8;4;3;1;5;1;1;0;0;0;0;0;354433,423388752155006;5701841,602455131709576;6,905116135000071;51,449024420000057;5210519502404160000;0
31698;5;5;62;12;2021;3;16;3;3;5;3;1;1;0;0;0;0;0;356373,248999818228185;5727977,983999378979206;6,922331459000077;51,684374422000076;5210323701610380000;0
31702;5;1;58;28;2021;6;14;7;3;5;2;1;1;0;0;0;0;0;351745,168999786488712;5684763,396999301388860;6,873581117000072;51,294867275000058;5210626516380590000;0
31703;5;1;11;0;2021;9;16;2;3;4;2;1;1;0;0;0;0;0;350718,061999778263271;5678408,617999285459518;6,861513265000042;51,237496073000045;5210906500200400000;0
31706;5;1;13;0;2021;1;14;6;3;0;6;1;0;0;0;0;0;0;354203,028409447520971;5705376,613529007881880;6,900344953000058;51,480729851000035;5210108502318170000;1
31709;5;1;17;0;2021;5;18;7;2;8;1;1;0;0;0;0;0;0;353134,910833324305713;5699933,902813075110316;6,887233936000030;51,431547131000059;5210529502402580000;0
31710;5;3;15;0;2021;2;15;7;3;6;4;1;0;1;0;0;0;0;356321,787244318053126;5647761,409376775845885;6,953929463000065;50,963521451000076;5210227601400580000;0
31713;5;1;17;0;2021;6;14;7;2;5;2;1;1;0;0;0;0;0;353051,267178253270686;5699979,061684645712376;6,886012803000028;51,431931230000032;5210619502402570000;0
31714;5;1;58;20;2021;6;16;4;3;0;3;1;1;0;0;0;0;0;358920,417996240779757;5665377,747779173776507;6,984048805000043;51,122479587000043;5210623516800780000;0
31715;5;5;54;12;2021;5;15;5;3;1;1;1;0;0;0;1;0;0;352232,491969318129122;5745919,851379401981831;6,854846347000034;51,844508456000028;5210520705000690000;0
31725;5;1;13;0;2021;6;12;2;3;0;1;1;0;0;0;0;0;0;359558,995555093511939;5704516,564628083258867;6,977766715000030;51,474356511000053;5210614502322270000;0
31726;5;3;15;0;2021;10;13;6;2;0;1;1;0;0;0;0;0;0;349896,452798276208341;5645083,933942368254066;6,863598956000033;50,937822666000045;5211029601300870000;0
31727;5;3;62;28;2021;9;11;1;3;1;5;1;1;0;0;0;0;0;347665,206483412533998;5639997,602058228105307;6,833989741000039;50,891530807000038;5210905602700580000;0
31731;5;3;15;0;2021;10;11;6;3;4;2;1;1;0;0;0;0;0;353379,681850199587643;5645783,569493805989623;6,912858051000057;50,945006189000026;5211001601300280000;0
31740;5;1;12;0;2021;11;23;6;3;1;5;1;1;0;0;0;2;0;346783,818708725273609;5701138,697168745100498;6,795418530000063;51,440690772000039;5211119501314570000;1