OID_;ULAND;UREGBEZ;UKREIS;UGEMEINDE;UJAHR;UMONAT;USTUNDE;UWOCHENTAG;UKATEGORIE;UART;UTYP1;IstRad;IstPKW;IstFuss;IstKrad;IstSonstige;ULICHTVERH;IstGkfz;LINREFX;LINREFY;XGCSWGS84;YGCSWGS84;UIDENTSTLAE;IstStrassenzustand
31742;5;3;15;0;2021;12;17;2;2;3;2;1;0;0;1;0;2;0;357766,725509315729141;5635034,259151674807072;6,979451915000027;50,849500656000032;5211206601200060000;0
31749;5;3;82;64;2021;7;12;6;3;0;1;1;0;0;0;0;0;0;351388,011606550775468;5617296,841007921844721;6,896065919000023;50,688495045000082;5210702600340790000;0
31751;5;1;11;0;2021;10;1;7;3;0;7;1;0;0;0;0;2;0;346293,079288712702692;5675883,893960583955050;6,799256865000075;51,213635271000044;5211009500100270000;0
31752;5;3;15;0;2021;10;18;2;3;5;3;1;1;0;0;0;1;0;354923,519352141767740;5643338,107093779370189;6,935792757000058;50,923419978000027;5211025601200150000;1
31753;5;5;54;12;2021;4;8;1;3;5;3;1;1;0;0;0;0;0;347491,932999760843813;5744477,476999200880527;6,786717594000038;51,830274809000059;5210404705000720000;0
31754;5;5;12;0;2021;6;12;3;3;5;3;1;1;0;0;0;0;0;352745,206727459095418;5715131,146793335676193;6,875288847000036;51,568001719000051;5210608701400580000;0
31759;5;3;15;0;2021;11;3;7;3;0;1;1;0;0;0;0;2;0;355950,697253157384694;5646855,593784153461456;6,949007072000029;50,955288409000048;5211120601400080000;0
31761;5;3;16;0;2021;12;6;5;3;5;3;1;1;0;0;0;2;0;356578,532999817281961;5657950,573999378830194;6,953556077000030;51,055152956000029;5211209601700380000;0
31763;5;3;15;0;2021;10;11;5;3;5;3;1;1;0;0;0;0;0;357025,648137843236327;5641115,987355051562190;6,966553166000040;50,903974633000075;5211014601200160000;1
31767;5;3;15;0;2021;10;14;1;2;0;1;1;0;0;0;0;0;0;356493,316862491890788;5651662,843146713450551;6,954830082000058;50,998625606000076;5211017601400990000;0
31768;5;1;17;0;2021;9;8;3;3;4;2;1;1;0;0;0;0;0;350081,966999775730073;5699677,576999269425869;6,843456595000021;51,428444438000042;5210928502409880000;0
31771;5;3;62;20;2021;3;16;4;2;3;6;1;0;0;0;0;0;0;346281,351759734563529;5629840,019330902025104;6,818591030000050;50,799886090000030;5210310602600660000;0
31777;5;3;15;0;2021;9;10;2;3;5;3;1;1;0;0;0;0;0;357895,969999823719263;5644512,305999396368861;6,977599818000044;50,934712292000029;5210920601500890000;0
31779;5;1;19;0;2021;1;5;5;3;5;3;1;1;0;0;0;2;0;349561,540999772027135;5705175,198999257758260;6,833638217000043;51,477704715000073;5210114508000170000;1
31785;5;1;17;0;2021;9;7;5;3;9;1;1;1;0;0;0;0;0;353435,852999798953533;5697687,924999330192804;6,892488897000021;51,411443238000061;5210930502406670000;0
31787;5;3;82;64;2021;10;7;2;3;2;6;1;1;0;0;0;1;0;354248,826458744704723;5621722,190435590222478;6,934791544000063;50,728989896000030;5211025600340820000;0
31799;5;1;19;0;2021;10;7;3;3;0;3;1;1;0;0;0;2;0;352836,594255199655890;5705980,195569738745689;6,880429512000035;51,485799548000045;5211012508000070000;1
31807;5;3;15;0;2021;2;10;5;3;5;3;1;1;0;0;0;0;0;354245,254971996881068;5645165,094758482649922;6,925418301000036;50,939667634000045;5210211601300390000;0
31809;5;1;13;0;2021;10;11;2;3;0;1;1;0;0;0;0;0;0;356456,644427154213190;5692022,406267588958144;6,938185729000054;51,361305247000075;5211018502249270000;0
31816;5;5;12;0;2021;6;16;3;3;1;5;1;1;0;0;0;0;0;354542,006324965506792;5709742,431668214499950;6,903423096000040;51,520047084000055;5210601701400080000;0
31819;5;1;58;20;2021;3;15;3;2;0;7;1;0;0;0;0;0;0;355936,099851679988205;5663522,138203224167228;6,942174772000044;51,105061443000068;5210330516800570000;0
31821;5;5;54;12;2021;12;5;5;3;5;3;1;1;0;0;0;2;0;354343,817999808117747;5746722,844999346882105;6,885135681000065;51,852278167000065;5211202705000080000;1
31825;5;3;62;40;2021;6;12;5;3;7;7;1;0;0;0;0;0;0;356232,754051732830703;5633043,170231314375997;6,958456487000035;50,831227472000080;5210624602900680000;0
31826;5;3;15;0;2021;2;14;4;3;0;1;1;0;0;0;0;0;0;357931,729216415435076;5646596,346612563356757;6,977295516000027;50,953450333000035;5210224601500070000;0
31827;5;1;19;0;2021;9;6;6;3;4;6;1;0;0;0;0;1;0;351674,832802860066295;5707075,393947681412101;6,863249125000038;51,495336940000072;5210903508000080000;1
31832;5;3;15;0;2021;4;19;4;3;5;2;1;1;0;0;0;0;0;354143,144144824706018;5636519,345118762925267;6,927419585000052;50,861944581000046;5210414601200570000;0
31835;5;1;12;0;2021;3;15;6;2;0;7;1;0;0;0;0;0;0;346933,028638693504035;5703260,961686264723539;6,796645646000059;51,459799981000060;5210326501127670000;0
31838;5;1;19;0;2021;7;18;3;3;0;2;1;1;0;0;0;0;0;350837,869029235094786;5705104,213846385478973;6,852033773000073;51,477404854000042;5210706508000380000;0
31839;5;3;62;24;2021;6;16;4;3;3;6;1;0;0;0;0;0;0;348053,096999756060541;5641964,028999237343669;6,838682581000057;50,909303785000077;5210630602500660000;0
31843;5;3;62;12;2021;9;12;5;3;5;3;1;1;0;0;0;0;0;352571,734366063028574;5631351,445403836667538;6,907185396000045;50,815103484000076;5210916602800090000;0
31857;5;3;15;0;2021;10;17;3;3;0;1;1;0;0;0;0;0;0;354704,153518882580101;5644687,158905807882547;6,932136002000050;50,935488366000072;5211019601100690000;0
31859;5;5;62;12;2021;10;11;2;2;0;1;1;0;0;0;0;0;0;359479,142981879413128;5726332,470025090500712;6,967891910000048;51,670373979000033;5211011701610280000;1
31860;5;1;11;0;2021;4;14;7;3;5;7;1;1;0;0;0;0;0;350961,710500018671155;5676331,721941066905856;6,865864720000047;51,218896986000061;5210403500200980000;0
31864;5;3;15;0;2021;2;15;1;3;5;3;1;1;0;0;0;0;0;347627,779063417576253;5648100,081891007721424;6,830071585000042;50,964331170000037;5210221601300890000;0
31865;5;3;66;16;2021;6;19;4;3;0;1;1;0;0;0;1;0;0;345711,300508860498667;5608244,491079717874527;6,819530601000054;50,605668206000075;5210616603116190000;0
31869;5;1;58;16;2021;12;12;6;3;2;2;1;1;0;0;0;0;0;355927,210999811999500;5669846,295999370515347;6,939519123000025;51,161891131000061;5211203516500090000;0
31872;5;1;13;0;2021;7;9;3;3;0;1;1;0;0;0;0;0;0;359497,923999835737050;5700096,242999419569969;6,978643708000050;51,434619488000067;5210706502241670000;1
31880;5;5;12;0;2021;12;15;2;3;5;2;1;1;0;0;0;0;0;355713,480999814346433;5709820,088999366387725;6,920264479000025;51,521045352000044;5211213701400540000;0
31883;5;1;11;0;2021;3;16;1;3;0;7;1;0;0;0;0;0;0;345532,324594401754439;5677102,650663195177913;6,787848179000036;51,224381082000036;5210328500100580000;0
31887;5;5;12;0;2021;11;14;6;3;4;6;1;0;0;0;0;0;0;354950,085257477127016;5709524,389145135879517;6,909390518000066;51,518192756000076;5211119701400780000;0
31890;5;1;58;20;2021;10;13;4;3;5;3;1;1;0;0;0;0;0;356794,354373841546476;5666594,141000656411052;6,953205815000047;51,132883278000065;5211006516800370000;0
31893;5;3;62;12;2021;9;8;4;3;0;1;1;0;0;0;0;0;0;351091,391055974178016;5631080,673094885423779;6,886296289000029;50,812291437000056;5210915602800470000;1
31898;5;3;62;40;2021;4;17;5;3;5;3;1;1;0;0;0;0;0;357283,011447538621724;5632587,151764838024974;6,973538014000042;50,827389076000031;5210429602900070000;0
31910;5;3;15;0;2021;4;15;5;3;2;6;1;1;0;0;0;0;0;353437,799298933707178;5646601,753964236006141;6,913355455000044;50,952373672000078;5210401601100070000;0
31911;5;1;11;0;2021;5;2;2;3;0;7;1;0;0;0;0;2;0;346566,917297174222767;5675474,770662551745772;6,803349527000023;51,210032711000053;5210524500300690000;0
31914;5;5;54;56;2021;3;20;6;3;5;3;1;1;0;0;0;1;0;358840,986249646171927;5761418,344233334064484;6,944362421000051;51,985477133000074;5210319705000790000;0
31919;5;1;13;0;2021;10;15;3;3;3;1;1;1;0;0;0;0;0;358046,715660925954580;5698426,425770819187164;6,958448885000053;51,419252564000033;5211026502228950000;0
31923;5;3;62;28;2021;10;13;6;3;5;3;1;1;0;0;0;0;0;352050,768103878945112;5636802,782955445349216;6,897594208000044;50,863960148000047;5211001602700590000;0
31925;5;3;15;0;2021;4;8;2;3;5;2;1;0;0;0;1;0;0;356114,083827881142497;5644639,518721573054790;6,952207301000044;50,935413728000071;5210412601100870000;0
31935;5;3;15;0;2021;5;20;7;3;3;6;1;0;0;0;1;1;0;357212,091585548594594;5635109,769169159233570;6,971548677000044;50,850042632000054;5210515601200680000;1
31936;5;1;19;0;2021;4;13;4;3;0;1;1;0;0;0;0;0;0;350424,094999778084457;5706703,034999275580049;6,845402629000034;51,491661636000060;5210428508000970000;0
31937;5;1;19;0;2021;2;10;1;3;4;2;1;1;0;0;0;0;0;348484,220999764278531;5711829,264999235048890;6,815277674000072;51,537205203000042;5210228508000570000;0
31938;5;3;15;0;2021;11;17;7;3;5;3;1;1;0;0;0;2;0;354168,295394004322588;5644820,454036274924874;6,924461615000041;50,936550996000051;5211120601300080000;0
31942;5;3;15;0;2021;10;15;6;2;0;4;1;0;1;0;0;0;0;351083,067096849903464;5651822,458319790661335;6,877716596000027;50,998685273000035;5211022601400680000;0
31945;5;1;11;0;2021;9;16;3;3;1;6;1;1;0;0;0;0;0;346966,864652867428958;5675305,353025862947106;6,809143214000073;51,208617698000069;5210907500100350000;0
31953;5;5;62;12;2021;12;17;3;3;0;2;1;1;0;0;0;1;0;359443,070527241565287;5725385,081938415765762;6,967751694000071;51,661851906000038;5211214701610980000;1
31954;5;1;17;0;2021;6;10;3;2;5;2;1;1;0;0;0;0;0;351783,940718266181648;5697664,011567350476980;6,868762870000069;51,410798990000046;5210622502407980000;0
31955;5;1;19;0;2021;1;10;5;3;3;2;1;1;0;0;0;0;0;351365,212304648943245;5709627,216845905408263;6,857716638000056;51,518184850000068;5210121508000350000;0
31959;5;3;15;0;2021;6;15;4;2;5;2;1;1;0;0;0;0;0;352084,747632619924843;5643626,058291470631957;6,895313605000069;50,925286878000065;5210609601200660000;0
31961;5;3;15;0;2021;1;17;6;3;5;2;1;1;0;0;0;2;0;354467,254999803379178;5645760,331999346613884;6,928338091000057;50,945072929000048;5210115601310180000;0
31964;5;1;12;0;2021;7;20;7;3;5;2;1;1;0;0;0;1;0;346686,019420031458139;5699989,803682567551732;6,794509848000075;51,430341321000071;5210710501315380000;0
31965;5;1;12;0;2021;2;19;3;2;6;1;1;0;1;0;0;2;0;346766,057280835695565;5696465,792837891727686;6,797183363000045;51,398699015000034;5210202501322890000;0
31969;5;3;16;0;2021;9;15;4;3;7;7;1;0;0;0;0;0;0;356919,834456600248814;5659420,925322569906712;6,957841212000062;51,068451684000081;5210922601700990000;0
31972;5;3;15;0;2021;11;18;1;3;5;2;1;1;0;0;0;2;0;353001,406809023581445;5644261,175022475421429;6,908091337000030;50,931228719000046;5211114601200480000;0
31973;5;1;17;0;2021;12;20;5;3;0;7;1;1;0;0;0;2;0;353852,275273990817368;5696840,724275052547455;6,898821574000067;51,403937927000072;5211230502406670000;1
31974;5;3;15;0;2021;12;14;4;3;1;5;1;1;0;0;0;0;0;355847,217811706475914;5643512,554280532523990;6,948857519000057;50,925219237000078;5211222601100880000;0
31978;5;1;13;0;2021;9;13;5;3;5;3;1;1;0;0;0;0;0;355394,556549944914877;5702197,790959417819977;6,918792614000040;51,452471332000073;5210909502316170000;0
31980;5;1;58;20;2021;3;9;5;2;4;2;1;0;0;0;1;0;0;357620,806543441489339;5665413,309382706880569;6,965476500000022;51,122477653000033;5210304516800860000;1
31992;5;1;11;0;2021;10;18;4;3;5;3;1;1;0;0;0;0;0;347965,510481910780072;5678851,528070522472262;6,821924803000059;51,240749100000073;5211006500200000000;1
31994;5;3;15;0;2021;9;14;7;3;5;7;1;1;0;0;0;0;0;353329,871179141104221;5646718,666543576866388;6,911772843000051;50,953396863000080;5210918601300580000;0
31999;5;5;54;56;2021;6;18;3;1;5;3;1;1;0;0;0;0;0;358677,236406103707850;5761576,410652706399560;6,941914339000050;51,986855756000068;5210601705000820000;0
32009;5;5;12;0;2021;6;7;2;3;5;3;1;1;0;0;0;0;0;357614,118999827653170;5709771,531999394297600;6,947660726000038;51,521091345000059;5210607701400480000;0
32010;5;3;15;0;2021;9;17;4;3;5;2;1;1;0;0;0;0;0;354486,179206328466535;5647384,847136441618204;6,927957976000073;50,959676720000061;5210922601300090000;0
32017;5;3;62;28;2021;7;13;7;3;0;1;1;0;0;0;0;0;0;347965,634748464450240;5639858,168113419786096;6,838316227000064;50,890356971000074;5210710602700080000;0
32021;5;5;54;68;2021;3;17;4;3;5;3;1;1;0;0;0;0;0;349450,189647221937776;5766841,274314792826772;6,805330061000063;52,031733329000076;5210331705000970000;0
32026;5;3;15;0;2021;4;16;3;3;0;3;1;0;0;0;0;0;0;354965,590980924665928;5645432,187553869560361;6,935557644000028;50,942249562000029;5210427601100370000;0
32027;5;1;12;0;2021;11;18;6;3;5;3;1;1;0;0;0;2;0;346485,675458201207221;5705085,508205456659198;6,789418841000042;51,476072540000075;5211112501127870000;0
32038;5;5;54;4;2021;11;13;4;3;3;3;1;1;0;0;0;0;0;360663,549860402010381;5773333,736274903640151;6,966030117000059;52,092999914000075;5211117705000080000;1
32039;5;1;19;0;2021;11;16;6;3;5;3;1;1;0;0;0;1;0;351964,215429397299886;5704872,806696821004152;6,868338248000043;51,475621398000044;5211126508000590000;1
32041;5;3;15;0;2021;11;13;2;3;0;1;1;0;0;0;0;0;0;356494,176891883835196;5651679,166533188894391;6,954835879000029;50,998772515000041;5211101601400250000;0
32045;5;3;62;28;2021;6;11;3;2;0;1;1;0;0;0;0;0;0;348738,183999761939049;5636250,441999249160290;6,850784621000059;50,858139472000062;5210629602700980000;0
32046;5;1;58;28;2021;1;17;5;3;5;2;1;1;0;0;0;2;0;347845,020779645070434;5684029,369860956445336;6,817997057000071;51,287242848000062;5210107516300280000;1
32047;5;3;82;48;2021;2;16;5;3;5;3;1;1;0;0;0;0;0;354737,097999803721905;5609913,955999350175261;6,946343333000073;50,622989148000045;5210204600330690000;0
32050;5;1;11;0;2021;7;10;1;3;5;3;1;1;0;0;0;0;0;345936,248999741859734;5680289,958999181166291;6,792257156000062;51,253129651000052;5210704500200580000;0
32051;5;1;58;16;2021;6;3;6;3;0;7;1;0;0;0;0;2;0;355307,471670628525317;5670490,111656328663230;6,930402997000044;51,167520293000052;5210625516500680000;0
32052;5;5;54;4;2021;3;14;4;3;5;3;1;1;0;0;0;0;0;361517,438305471092463;5770423,405999973416328;6,979667826000025;52,067064233000053;5210324705000250000;0
32053;5;3;62;28;2021;12;13;3;1;5;2;1;0;0;0;0;0;1;349854,382693959400058;5638945,777905510738492;6,865526010000053;50,882651875000079;5211207602700790000;0
32054;5;1;19;0;2021;2;8;4;3;0;3;1;1;0;0;0;0;0;349843,543823968619108;5705353,370094053447247;6,837620298000047;51,479380567000078;5210224508000880000;0
32055;5;3;15;0;2021;9;14;6;3;0;1;1;0;0;0;0;0;0;357252,464998492971063;5642726,144567243754864;6,969147029000055;50,918501216000038;5210917601110990000;0
32061;5;1;12;0;2021;5;5;3;2;5;3;1;1;0;0;0;2;0;347188,406890880316496;5707216,925474986433983;6,798607591000064;51,495413805000055;5210518501114070000;1
32063;5;1;11;0;2021;6;17;4;3;7;7;1;0;0;0;0;0;0;345498,483999738469720;5677049,222999172285199;6,787386960000049;51,223891853000055;5210602500100790000;0
32070;5;3;15;0;2021;4;10;3;3;6;6;1;0;1;0;0;0;0;356299,766878004185855;5647981,779130192473531;6,953529049000053;50,965496381000037;5210427601400580000;0
32073;5;1;13;0;2021;7;17;6;3;0;6;1;0;0;0;0;0;0;358549,642999830655754;5700161,780999405309558;6,964984147000052;51,434972469000058;5210709502215670000;0
32081;5;3;66;16;2021;9;7;4;3;0;7;1;1;0;0;0;0;0;343418,677774189040065;5613308,592075040563941;6,785017766000067;50,650565310000047;5210922603116770000;0
32087;5;1;11;0;2021;1;11;5;3;5;2;1;1;0;0;0;0;0;347184,216358662582934;5677368,454033371061087;6,811373199000059;51,227214092000054;5210107500200770000;1
32103;5;3;15;0;2021;9;11;2;3;5;2;1;1;0;0;0;0;0;356237,040999813936651;5648466,167999371886253;6,952444917000037;50,969833839000046;5210927601400880000;0
32110;5;3;15;0;2021;9;13;4;3;5;3;1;1;0;0;0;0;0;358301,505999828688800;5644791,369999397546053;6,983258992000060;50,937320028000045;5210922601520220000;0
32112;5;1;19;0;2021;11;6;2;3;7;1;1;0;0;0;0;2;0;349962,309985607862473;5706431,220395391806960;6,838871362000020;51,489096944000039;5211115508000270000;0
32118;5;3;15;0;2021;4;9;5;3;0;3;1;1;0;0;0;0;0;355035,225913732312620;5643522,590683743357658;6,937307721000025;50,925105971000050;5210422601200380000;0
32122;5;1;12;0;2021;6;15;4;3;5;3;1;0;0;1;0;0;0;348695,846804614178836;5707684,159005131572485;6,820106320000036;51,500017439000032;5210609501114090000;0
32125;5;3;62;28;2021;1;16;4;3;5;3;1;1;0;0;0;0;0;352436,962730369530618;5639827,414519937708974;6,901857485000050;50,891240172000039;5210127602700060000;1
32128;5;3;15;0;2021;5;17;7;3;4;6;1;0;0;0;0;0;0;355556,350881952792406;5648401,245935797691345;6,942782587000067;50,969080109000060;5210529601400480000;0
32134;5;3;15;0;2021;9;7;5;3;5;3;1;1;0;0;0;0;0;356333,585509364493191;5641119,173066336661577;6,956715754000072;50,903831467000032;5210909601200720000;0
32136;5;1;11;0;2021;10;7;3;3;0;1;1;0;0;0;0;2;0;350784,396263089030981;5677040,008830126374960;6,863032770000075;51,225215266000077;5211026500200570000;1
32145;5;1;19;0;2021;3;18;3;3;1;5;1;1;0;0;0;1;0;350974,062012638896704;5710648,225417973473668;6,851651377000053;51,527255934000038;5210302508000060000;0
32150;5;1;11;0;2021;6;17;3;3;5;3;1;1;0;0;0;0;0;353478,249985110014677;5667224,701140062883496;6,905586852000056;51,137710853000044;5210601500300480000;0
32151;5;3;15;0;2021;12;17;5;3;5;3;1;1;0;0;0;2;0;352196,503999787382782;5647479,405999310314655;6,895339115000070;50,959943709000072;5211223601300870000;0
32158;5;3;15;0;2021;5;17;2;3;5;3;1;1;0;0;0;0;0;356834,066999817267060;5643849,769999377429485;6,962757407000026;50,928495507000036;5210510601100180000;0
32159;5;3;15;0;2021;6;18;2;3;0;3;1;1;0;0;0;0;0;353237,397396808490157;5645254,027442742139101;6,911047422000024;50,940211199000032;5210607601300890000;0
32162;5;3;62;12;2021;2;17;6;2;5;7;1;1;0;0;0;0;0;353013,764451582916081;5630083,266151115298271;6,913963636000062;50,803818925000030;5210226602800820000;0
32164;5;3;15;0;2021;4;13;3;3;5;3;1;1;0;0;0;0;0;356050,274119454436004;5637754,680778862908483;6,954014626000060;50,873524443000065;5210420601220890000;0
32178;5;1;11;0;2021;1;13;1;3;0;3;1;1;0;0;0;0;0;346225,428999745287001;5689717,241999188438058;6,792336931000023;51,337915373000044;5210131500200380000;0
32186;5;3;15;0;2021;5;20;7;3;0;1;1;0;0;0;0;1;0;353412,112073576077819;5646629,386026300489902;6,912978873000043;50,952615458000082;5210508601300180000;0
32189;5;3;62;12;2021;4;16;6;3;5;2;1;1;0;0;0;0;0;351656,115999784320593;5632384,582999307662249;6,893779308000035;50,824154189000069;5210430602800200000;0
32190;5;3;15;0;2021;12;13;7;3;3;2;1;0;0;0;1;0;0;353978,066629354842007;5646092,505453560501337;6,921246189000044;50,947934363000059;5211218601300680000;0
32196;5;1;13;0;2021;7;0;6;2;0;1;1;0;0;0;0;2;0;358292,811600225977600;5698397,007401468232274;6,961997553000060;51,419049778000044;5210702502228770000;1
32197;5;1;13;0;2021;7;12;4;3;5;2;1;1;0;0;0;0;0;359566,189999837428331;5697606,900999419391155;6,980611712000041;51,412266555000031;5210707502227680000;0
32200;5;1;13;0;2021;10;5;2;3;1;5;1;1;0;0;0;2;0;359111,297999835573137;5704580,248999414965510;6,971299187000056;51,474817478000034;5211025502322280000;0
32202;5;3;62;36;2021;10;12;7;3;9;1;1;0;0;0;0;0;0;345921,890781992115080;5646954,756510596722364;6,806281918000025;50,953585629000031;5211023602300670000;1
32206;5;1;12;0;2021;4;13;7;3;0;3;1;1;0;0;0;0;0;345910,467360173352063;5698909,722433133050799;6,783831835000058;51,420426318000068;5210403501316840000;0
32210;5;1;58;20;2021;12;13;2;3;5;2;1;1;0;0;0;0;0;357446,890293396078050;5666040,510649168863893;6,962744980000025;51,128070822000041;5211220516800070000;0
32214;5;3;62;12;2021;9;7;2;3;5;3;1;1;0;0;0;0;0;352173,872742697596550;5634522,557923041284084;6,900262990000044;50,843499985000051;5210913602800590000;0
32223;5;3;16;0;2021;5;16;6;3;3;6;1;0;0;0;0;0;0;356665,603080107830465;5658131,084503475576639;6,954726119000043;51,056796885000040;5210507601700770000;0
32230;5;3;62;40;2021;6;7;6;3;5;2;1;1;0;0;0;0;0;354872,285523270256817;5633129,529598854482174;6,939116469000055;50,831664082000032;5210618602900480000;0
32231;5;1;12;0;2021;5;15;7;3;5;3;1;1;0;0;0;0;0;346715,360846369527280;5704578,399541243910789;6,792943623000042;51,471578400000055;5210515501127170000;0
32234;5;1;19;0;2021;9;18;7;3;0;1;1;0;0;0;0;0;0;352008,516020620241761;5712209,804474510252476;6,865896496000062;51,541559440000071;5210918508000340000;0
32235;5;3;15;0;2021;10;10;1;3;2;6;1;1;0;0;0;0;0;348108,797333043999970;5652640,729810163378716;6,835018614000035;51,005260920000069;5211031601400370000;0
32238;5;1;11;0;2021;9;11;1;3;4;6;1;0;0;0;0;0;0;347178,004917331971228;5677238,620584696531296;6,811339670000052;51,226045800000065;5210926500200390000;0
32240;5;3;15;0;2021;12;9;4;3;0;1;1;0;0;0;0;0;0;352778,101822288706899;5647076,604812141507864;6,903777830000024;50,956472812000072;5211222601300580000;0
32242;5;3;15;0;2021;5;18;4;3;0;2;1;1;0;0;0;0;0;353864,299674663692713;5644333,555725080892444;6,920333306000032;50,932098447000044;5210519601200480000;1
32247;5;1;58;16;2021;2;15;5;3;0;7;1;0;0;0;0;0;0;357323,931853502988815;5670489,306616079062223;6,959225831000026;51,168019609000055;5210204516500870000;0
32248;5;3;15;0;2021;3;10;5;3;0;5;1;1;0;0;1;0;0;353155,586084150709212;5645089,947744768112898;6,909949918000052;50,938715851000040;5210318601300480000;0
32251;5;3;15;0;2021;1;17;6;3;3;2;1;1;0;0;0;1;0;356304,444999815896153;5647931,787999372929335;6,953615372000058;50,965048287000059;5210122601400880000;0
32252;5;3;15;0;2021;11;7;3;3;3;6;1;0;0;0;0;0;0;354508,215446310117841;5643625,886353513225913;6,929772937000052;50,925901598000053;5211130601100120000;0
32259;5;3;15;0;2021;9;13;7;2;0;1;1;0;0;0;0;0;0;348604,490269834175706;5657255,656359205022454;6,840151402000060;51,046861636000074;5210918601400080000;0
32260;5;3;15;0;2021;11;17;2;3;0;7;1;0;1;0;0;2;0;357390,882867452688515;5641199,035247877240181;6,971711776000063;50,904811316000064;5211129601200380000;0
32263;5;3;62;12;2021;12;11;2;3;3;6;1;0;0;0;0;0;0;353877,658715576864779;5632908,121407654136419;6,925090397000076;50,829424087000064;5211227602800680000;0
32266;5;1;12;0;2021;4;18;2;3;0;7;1;0;0;0;0;0;0;346512,371999749913812;5701989,151999192312360;6,791147078000051;51,448258731000067;5210426501314960000;0
32272;5;3;15;0;2021;10;14;2;3;3;2;1;1;0;0;0;0;0;352733,965902917087078;5647101,410081330686808;6,903139814000042;50,956684449000079;5211025601300180000;0
32273;5;1;11;0;2021;11;19;6;3;5;2;1;1;0;0;0;2;0;346656,414894689805806;5680319,113132949918509;6,802556522000032;51,253585725000050;5211105500200060000;0
32274;5;3;15;0;2021;12;7;2;3;5;3;1;1;0;0;0;2;0;353571,433882315643132;5642661,596247412264347;6,916839865000043;50,916998830000068;5211220601300250000;1
32280;5;1;11;0;2021;3;19;5;3;5;2;1;1;0;0;0;2;0;350548,828999777324498;5676911,826999282464385;6,859715100000074;51,224001813000029;5210318500200070000;1
32284;5;3;62;36;2021;3;8;5;3;2;6;1;1;0;0;0;0;0;345649,094453390687704;5651949,760309897363186;6,800280438000073;50,998397293000039;5210318602300250000;0
32287;5;3;62;40;2021;10;19;2;3;6;6;1;0;1;0;0;2;0;355556,441113875247538;5633308,774932252243161;6,948754510000072;50,833446089000063;5211004602900780000;0
32297;5;1;19;0;2021;5;17;2;3;5;3;1;1;0;0;0;0;0;349906,947152351960540;5705094,402264432981610;6,838642694000043;51,477070475000062;5210531508000570000;0
32298;5;5;62;12;2021;6;16;3;3;5;3;1;1;0;0;0;0;0;359674,676276700571179;5725187,345442526042461;6,971177496000053;51,660132955000051;5210629701610100000;0
32306;5;1;58;28;2021;11;15;4;3;5;3;1;1;0;0;0;0;0;348851,340606910176575;5685219,878273935988545;6,831913238000027;51,298208230000057;5211117516300170000;1
32313;5;5;54;60;2021;12;5;4;3;4;2;1;0;0;1;0;2;0;349371,950999775901437;5756047,554999243468046;6,808929519000060;51,934737100000063;5211215705000010000;1
32315;5;3;15;0;2021;7;19;1;3;0;3;1;1;0;0;0;0;0;354698,177898700349033;5645634,155345983803272;6,931673328000045;50,943997262000039;5210704601300380000;0
32317;5;1;58;16;2021;1;13;6;3;5;3;1;1;0;0;0;0;0;357909,000870786607265;5670463,928829863667488;6,967598768000073;51,167937195000036;5210122516500570000;0
32321;5;1;11;0;2021;11;10;5;3;8;7;1;0;0;0;0;0;0;347001,548020402900875;5678001,588569618761539;6,808488741000076;51,232854226000029;5211125500200050000;0
32324;5;1;11;0;2021;11;16;6;3;5;3;1;1;0;0;0;1;0;348511,734935165382922;5677326,198415523394942;6,830389091000029;51,227188273000081;5211126500200590000;1
32327;5;1;58;16;2021;10;7;3;3;5;3;1;1;0;0;0;2;0;355955,297999816015363;5668806,084999373182654;6,940336957000056;51,152550410000060;5211026516500080000;1
32328;5;3;15;0;2021;5;19;7;3;0;7;1;0;0;0;0;0;0;353694,370681000873446;5646400,533944478258491;6,917086606000055;50,950630569000054;5210522601300690000;1
32334;5;1;11;0;2021;1;14;4;3;5;3;1;1;0;0;0;0;0;347127,674400118179619;5671940,042368143796921;6,812876327000026;51,178421295000078;5210113500300670000;0
32336;5;3;62;28;2021;10;19;6;3;5;3;1;1;0;0;0;2;0;352587,520766260102391;5640040,497179206460714;6,903910697000072;50,893193513000028;5211015602700580000;0
32349;5;3;15;0;2021;5;12;1;3;0;7;1;0;0;0;0;0;0;356287,411812438629568;5648125,632072392851114;6,953296387000023;50,966786079000030;5210509601400570000;0
32350;5;3;62;12;2021;6;20;4;3;0;1;1;0;0;0;0;0;0;350809,294248135760427;5633570,401389097794890;6,881282147000036;50,834593095000059;5210609602800550000;0
32353;5;3;15;0;2021;6;15;6;3;5;3;1;1;0;0;0;0;0;349311,781999764963984;5645127,326999258249998;6,855265701000064;50,938060126000039;5210618601300580000;0
32360;5;3;15;0;2021;10;17;1;3;0;7;1;1;0;0;0;0;0;354382,030084009282291;5645808,680209267884493;6,927106431000027;50,945485900000051;5211024601300070000;0
32362;5;1;12;0;2021;7;17;3;3;5;3;1;1;0;0;0;0;0;346704,885774855501950;5704556,003149883821607;6,792802635000044;51,471374329000071;5210706501127770000;0
32368;5;1;11;0;2021;4;14;5;3;3;2;1;1;0;0;0;0;0;347190,800940697081387;5677953,805996265262365;6,811217809000027;51,232475581000074;5210415500200790000;0
32372;5;3;15;0;2021;7;22;2;2;0;1;1;0;0;0;0;1;0;353656,919938708655536;5646319,624237049371004;6,916586327000061;50,949893956000039;5210712601300480000;0