OID_;ULAND;UREGBEZ;UKREIS;UGEMEINDE;UJAHR;UMONAT;USTUNDE;UWOCHENTAG;UKATEGORIE;UART;UTYP1;IstRad;IstPKW;IstFuss;IstKrad;IstSonstige;ULICHTVERH;IstGkfz;LINREFX;LINREFY;XGCSWGS84;YGCSWGS84;UIDENTSTLAE;IstStrassenzustand
32389;5;3;15;0;2021;3;16;5;3;0;2;1;1;0;0;0;0;0;349111,161966410465539;5645119,899011272937059;6,852415510000071;50,937940917000049;5210325601300980000;0
32392;5;1;58;28;2021;5;6;2;3;5;3;1;1;0;0;0;0;0;349919,162186034955084;5685603,450350437313318;6,847057195000048;51,301937373000044;5210503516300770000;0
32397;5;3;62;36;2021;9;7;4;3;5;2;1;1;0;0;0;0;0;344844,379785942845047;5647432,825198266655207;6,790749015000074;50,957592436000027;5210922602300480000;0
32398;5;5;54;40;2021;1;10;3;2;5;3;1;1;0;0;0;0;0;350474,034999780356884;5738149,242999270558357;6,832691066000052;51,774222938000037;5210126705000310000;1
32406;5;3;15;0;2021;6;13;3;3;5;3;1;0;0;0;0;0;0;354741,600999804213643;5644805,462999355047941;6,932621428000061;50,936560968000038;5210622601100980000;0
32427;5;1;11;0;2021;9;12;3;3;0;6;1;0;0;0;0;0;0;347404,418720682151616;5678027,628289641812444;6,814243759000021;51,233196078000049;5210921500200160000;0
32429;5;3;15;0;2021;5;11;4;3;5;3;1;1;0;0;0;0;0;352951,345369331538677;5643823,478778727352619;6,907555988000070;50,927282554000044;5210505601200060000;1
32430;5;1;11;0;2021;9;17;7;3;8;7;1;0;0;0;0;0;0;353937,330999802798033;5673620,827999340370297;6,909546603000024;51,195305400000052;5210904500300970000;0
32442;5;1;58;28;2021;12;7;3;3;5;3;1;1;0;0;0;1;0;349909,883370026946068;5685611,913547657430172;6,846920630000056;51,302010975000030;5211221516300090000;0
32445;5;1;11;0;2021;7;12;2;3;0;3;1;0;0;0;0;0;1;345465,300286469981074;5679422,974467111751437;6,785888140000054;51,245212026000047;5210712500200630000;0
32454;5;3;15;0;2021;12;16;2;3;0;2;1;1;0;0;0;1;0;352728,672999790869653;5647104,594999322667718;6,903063215000032;50,956711718000065;5211227601300880000;0
32461;5;1;58;28;2021;9;20;5;2;0;7;1;0;0;0;0;0;0;351574,786555882543325;5689642,838951956480742;6,869107884000073;51,338668538000036;5210902516300960000;0
32467;5;3;15;0;2021;12;17;2;3;5;2;1;1;0;0;0;1;0;352180,437294961884618;5643657,644613565877080;6,896661387000051;50,925595256000065;5211213601200690000;0
32469;5;3;15;0;2021;6;13;3;2;0;6;1;0;0;0;0;0;0;354580,467999803833663;5647450,001999350264668;6,929273626000054;50,960286049000047;5210622601300280000;0
32470;5;3;15;0;2021;5;11;7;2;0;1;1;0;0;0;0;0;0;355308,970918047241867;5644747,923505747690797;6,940713735000031;50,936186506000070;5210508601100270000;0
32471;5;3;15;0;2021;11;9;5;3;0;7;1;1;0;0;0;0;0;353834,518664306961000;5646195,180770205333829;6,919162881000034;50,948820689000058;5211104601300690000;0
32475;5;3;15;0;2021;4;15;3;3;0;5;1;0;0;0;1;0;0;349320,399700103327632;5652173,606895096600056;6,852469054000039;51,001381892000040;5210413601400580000;0
32476;5;1;11;0;2021;11;20;6;3;4;2;1;1;0;0;0;2;0;349073,586514043621719;5674044,125709805637598;6,839810779000061;51,197845164000057;5211105500300840000;0
32477;5;5;62;12;2021;12;7;5;3;5;2;1;1;0;0;0;2;0;359667,836656569503248;5725189,425840055570006;6,971077840000021;51,660149941000043;5211216701610110000;0
32482;5;5;54;28;2021;6;15;6;3;5;2;1;1;0;0;0;0;0;356870,391999823972583;5742740,348999384790659;6,923441447000073;51,817147823000028;5210625705000510000;0
32484;5;3;15;0;2021;2;9;5;3;0;2;1;1;0;0;0;0;0;355038,268978732638061;5643524,006504775956273;6,937350427000069;50,925119459000030;5210225601200080000;0
32490;5;1;58;28;2021;4;11;5;3;5;3;1;1;0;0;0;0;0;354426,186690676957369;5688646,978230148553848;6,910421998000061;51,330457024000054;5210401516300170000;0
32491;5;3;62;12;2021;7;15;3;3;1;6;1;1;0;0;0;0;0;352293,631715477444232;5634541,509223107248545;6,901955199000042;50,843700880000029;5210706602800150000;0
32495;5;3;15;0;2021;9;14;4;3;5;3;1;1;0;0;0;0;0;351948,178999787196517;5654646,007999306544662;6,888884601000029;51,024281990000077;5210915601400670000;1
32497;5;3;15;0;2021;6;13;4;3;0;6;1;0;0;0;1;0;0;354732,966100883670151;5644536,428576251491904;6,932605864000038;50,934141050000051;5210602601100590000;0
32499;5;5;62;14;2021;2;19;1;2;0;1;1;0;0;0;0;2;0;359141,016028152778745;5715253,174702316522598;6,967459918000031;51,570732234000047;5210221701300320000;0
32502;5;3;15;0;2021;12;18;3;3;5;2;1;1;0;0;0;2;0;356467,481020377017558;5646911,281127830967307;6,956338133000031;50,955917804000080;5211214601400670000;1
32505;5;3;15;0;2021;5;18;6;3;0;3;1;0;0;0;0;0;0;355819,599959854967892;5650330,346519771963358;6,945764194000049;50,986482409000075;5210521601400690000;1
32506;5;1;11;0;2021;10;14;2;3;5;2;1;1;0;0;0;0;0;346607,311333230696619;5680187,121872870251536;6,801909991000059;51,252386513000033;5211004500200340000;0
32509;5;3;15;0;2021;6;16;4;2;3;2;1;1;0;0;0;0;0;353710,855551225133240;5646425,200310818850994;6,917311221000034;50,950856420000036;5210623601300680000;0
32513;5;3;15;0;2021;6;14;2;3;5;3;1;1;0;0;0;0;0;348943,094053088687360;5643031,294553581625223;6,850890635000042;50,919128139000065;5210607601300690000;0
32523;5;1;11;0;2021;2;12;2;3;0;6;1;0;0;0;1;0;0;345512,485999737866223;5677071,066999174654484;6,787577907000070;51,224091920000035;5210201500100560000;0
32524;5;1;17;0;2021;3;18;4;3;0;3;1;1;0;0;0;1;0;352172,526999791152775;5699435,962999308481812;6,873607317000051;51,426822572000049;5210310502408070000;0
32525;5;1;11;0;2021;9;7;3;3;0;3;1;1;0;0;0;0;0;350630,546618435531855;5675426,537967978045344;6,861503198000037;51,210676553000042;5210928500300500000;0
32528;5;3;62;28;2021;9;19;5;2;1;5;1;1;0;0;0;1;0;352313,038651347160339;5637630,461582679301500;6,900984340000036;50,871465273000069;5210923602700760000;1
32529;5;1;58;20;2021;5;14;5;3;1;5;1;1;0;0;0;0;0;356392,690954058431089;5662811,435515372082591;6,948975039000061;51,098789225000075;5210513516800820000;0
32534;5;1;11;0;2021;10;10;7;2;5;2;1;1;0;0;0;0;0;352244,756146897561848;5671559,103047402575612;6,886187998000025;51,176343415000076;5211009500300770000;0
32536;5;3;15;0;2021;5;18;1;3;5;2;1;1;0;0;0;0;0;356429,472106013447046;5647046,356098780408502;6,955744038000034;50,957122233000064;5210509601400850000;0
32538;5;1;58;20;2021;5;15;4;3;5;2;1;1;0;0;0;0;0;357993,839599921368062;5661164,184114594012499;6,972475170000052;51,084384627000077;5210512516800480000;0
32542;5;3;15;0;2021;6;13;6;3;5;3;1;1;0;0;0;0;0;354210,684918883256614;5642331,727651972323656;6,926059582000050;50,914196237000056;5210618601200980000;0
32545;5;3;15;0;2021;10;17;3;3;5;3;1;1;0;0;0;0;0;354573,981999802403152;5644817,486999345943332;6,930232669000077;50,936626779000051;5211026601300180000;0
32551;5;1;58;28;2021;12;7;2;3;0;1;1;0;0;0;0;2;0;354589,487735074013472;5688773,231807988137007;6,912712831000022;51,331633320000037;5211206516300690000;2
32556;5;3;62;36;2021;10;18;4;3;4;6;1;0;0;0;0;0;0;345378,223445053212345;5648152,240388434380293;6,798038680000047;50,964200525000081;5211013602300180000;0
32557;5;3;15;0;2021;6;17;4;3;6;6;1;0;1;0;0;0;0;354855,928373175673187;5644407,052915882319212;6,934406132000049;50,933009341000059;5210630601100180000;0
32563;5;3;62;12;2021;2;14;1;3;3;6;1;0;0;0;0;0;0;352578,669003302231431;5629996,916080018505454;6,907827798000028;50,802932374000079;5210221602800580000;0
32568;5;1;58;16;2021;9;15;3;3;0;3;1;1;0;0;0;0;0;355957,262226712889969;5668932,003707280382514;6,940314628000067;51,153682466000078;5210921516500180000;0
32576;5;3;15;0;2021;5;13;2;3;3;2;1;1;0;0;0;0;0;348813,473684023134410;5645152,693934733048081;6,848168129000044;50,938157651000040;5210531601300690000;0
32580;5;3;15;0;2021;3;7;3;3;3;6;1;0;0;0;1;0;0;355087,613544467836618;5648128,680664738640189;6,936219878000031;50,966512912000042;5210316601400220000;1
32581;5;1;11;0;2021;9;13;5;3;5;3;1;0;0;0;1;0;0;345782,109146161004901;5677620,590142559260130;6,791199655000071;51,229102544000057;5210930500100560000;0
32590;5;3;15;0;2021;4;19;5;3;5;3;1;0;0;0;1;0;0;355551,055155894719064;5650907,214054968208075;6,941711328000054;50,991599228000041;5210408601400550000;0
32594;5;1;17;0;2021;6;16;4;3;0;2;1;1;0;0;0;0;0;351779,562713258899748;5697727,367559056729078;6,868673483000066;51,411367140000038;5210602502407270000;0
32596;5;3;15;0;2021;3;16;6;3;1;2;1;1;0;0;1;0;0;356573,598999816924334;5647115,221999380737543;6,957767682000053;50,957777010000029;5210326601400520000;0
32602;5;3;15;0;2021;11;15;3;3;0;3;1;1;0;0;0;0;0;355874,920999812893569;5646804,544999368488789;6,947949112000060;50,954810699000063;5211102601400790000;1
32606;5;3;15;0;2021;11;14;1;3;0;1;1;0;0;0;0;0;0;353548,533411136828363;5641083,801704324781895;6,917147468000053;50,902813868000067;5211107601200090000;1
32607;5;1;12;0;2021;3;16;4;3;5;3;1;1;0;0;0;0;0;346818,305222609080374;5700572,061305399984121;6,796159496000030;51,435608782000031;5210331501314680000;0
32608;5;3;15;0;2021;9;15;3;3;5;5;1;1;0;0;0;0;0;356959,365228805691004;5646236,725627169013023;6,963602044000027;50,949977950000061;5210921601100790000;0
32610;5;3;15;0;2021;6;16;3;3;2;6;1;1;0;0;0;0;0;349424,703606178052723;5657452,249948952347040;6,851762201000042;51,048843829000077;5210615601400080000;0
32615;5;1;11;0;2021;2;13;5;3;5;3;1;1;0;0;0;0;0;346397,939784063026309;5676012,397290736436844;6,800702015000070;51,214818157000082;5210225500100060000;0
32622;5;1;11;0;2021;10;19;5;3;5;2;1;1;0;0;0;1;0;347746,003278254531324;5672529,947654029354453;6,821465857000021;51,183887002000063;5211007500300170000;0
32627;5;5;62;12;2021;7;23;7;3;0;1;1;0;0;0;0;2;0;358280,696328125894070;5726868,227881377562881;6,950355394000042;51,674887120000051;5210710701610280000;0
32628;5;3;62;12;2021;10;14;7;2;0;1;1;0;0;0;0;0;0;353029,608472690917552;5630157,847247015684843;6,914158481000072;50,804493192000052;5211009602800190000;0
32630;5;3;15;0;2021;5;17;7;3;3;6;1;1;0;0;0;0;0;356350,680252566002309;5647410,489608831703663;6,954479178000042;50,960375002000035;5210515601400370000;1
32635;5;3;15;0;2021;9;11;3;3;2;6;1;1;0;0;0;0;0;356516,421999817714095;5646580,709999378770590;6,957164797000075;50,952959198000030;5210921601400990000;0
32638;5;1;12;0;2021;6;19;5;3;0;5;1;1;0;0;1;0;0;348489,262555048801005;5704014,532829040661454;6,818706703000032;51,466989682000076;5210610501127890000;0
32639;5;3;15;0;2021;9;13;7;3;3;2;1;1;0;0;0;0;0;355590,849999810568988;5643723,539999363943934;6,945128616000034;50,927051214000073;5210904601100590000;0
32649;5;1;11;0;2021;6;18;7;3;5;3;1;1;0;0;0;0;0;346953,325999750755727;5680830,730999205261469;6,806589125000073;51,258262637000030;5210619500200690000;0
32653;5;5;54;4;2021;6;8;4;3;5;3;1;1;0;0;0;0;0;357636,973850971087813;5776453,907270800322294;6,920576549000032;52,120263976000047;5210609705000520000;0
32660;5;3;15;0;2021;10;15;7;3;6;4;1;0;1;0;0;0;0;353143,060465319082141;5646873,622691156342626;6,909052491000068;50,954741818000059;5211016601300580000;0
32661;5;3;82;64;2021;9;15;5;3;5;3;1;1;0;0;0;0;0;351567,271999780088663;5619505,190999303013086;6,897714484000062;50,708387053000081;5210923600340480000;0
32666;5;3;15;0;2021;10;20;3;3;0;1;1;0;0;0;0;2;0;354963,496447400189936;5643394,142454978078604;6,936338886000044;50,923933607000038;5211019601200690000;1
32674;5;3;15;0;2021;5;15;1;3;0;3;1;1;0;0;0;0;0;355967,873999810777605;5644649,982999367639422;6,950123722000058;50,935471272000029;5210509601100570000;0
32677;5;5;54;12;2021;9;10;3;3;5;3;1;1;0;0;0;0;0;354657,755999810993671;5746484,843999352306128;6,889790643000026;51,850221538000028;5210921705000770000;0
32693;5;5;54;12;2021;10;22;3;2;0;1;1;0;0;0;0;2;0;352964,406927807256579;5747032,881507864221931;6,864990292000073;51,854702186000054;5211019705000590000;1
32697;5;1;11;0;2021;7;13;4;2;6;5;1;0;1;0;0;0;0;346830,484399247914553;5676430,048988556489348;6,806711991000043;51,218687183000043;5210707500200370000;0
32704;5;1;11;0;2021;10;14;4;3;5;3;1;0;0;0;0;0;0;345569,456999738700688;5678276,779999170452356;6,787873525000066;51,234941196000079;5211027500200070000;0
32708;5;3;15;0;2021;1;15;2;2;0;7;1;0;0;0;0;0;0;352979,048577247187495;5641314,498973522335291;6,908961026000043;50,904742335000037;5210118601210460000;0
32711;5;3;62;28;2021;5;13;4;3;0;1;1;0;0;0;0;0;0;351436,585692900232971;5637926,753240671008825;6,888416317000065;50,873903322000047;5210519602700080000;0
32715;5;3;15;0;2021;1;8;2;3;5;3;1;0;0;0;1;1;0;351566,819999783299863;5647979,148999301716685;6,886175321000053;50,964272754000035;5210118601300590000;1
32718;5;3;15;0;2021;1;2;6;3;5;3;1;1;0;0;0;2;0;356435,239792070351541;5647026,642277304083109;6,955833882000036;50,956946505000076;5210122601400580000;1
32720;5;1;13;0;2021;12;15;4;3;5;3;1;1;0;0;0;0;0;359198,985982548445463;5704621,899638490751386;6,972544385000049;51,475213586000052;5211201502322090000;0
32727;5;3;15;0;2021;6;8;4;3;0;7;1;0;0;0;0;0;0;357924,814389077946544;5644841,030647644773126;6,977881885000045;50,937673645000075;5210602601500780000;0
32729;5;1;58;28;2021;6;12;7;3;5;3;1;1;0;0;0;0;0;349234,739262904040515;5689055,477006925269961;6,835786763000044;51,332775029000061;5210626516340570000;0
32733;5;1;11;0;2021;6;16;4;2;5;3;1;1;0;0;0;0;0;346707,799419202841818;5676279,941158588975668;6,805020775000060;51,217305454000041;5210630500100060000;1
32739;5;1;19;0;2021;12;16;3;3;5;3;1;1;0;0;0;1;0;352246,520772843621671;5706183,605122273787856;6,871851950000064;51,487473440000031;5211214508000380000;1
32740;5;3;62;12;2021;7;13;1;3;0;3;1;0;0;0;0;0;0;349191,419570792466402;5628498,141709119081497;6,860407391000024;50,788591889000031;5210704602800680000;0
32742;5;5;12;0;2021;12;18;6;3;5;2;1;1;0;0;0;2;0;359774,964635761454701;5711393,172930229455233;6,978140359000065;51,536204132000080;5211217701400470000;1
32746;5;1;13;0;2021;7;12;6;3;0;7;1;0;0;0;0;0;0;357571,792771024629474;5705526,558170769363642;6,948764990000029;51,482935541000074;5210702502321570000;0
32748;5;3;15;0;2021;9;16;7;2;5;3;1;1;0;0;0;0;0;356228,682834944687784;5648500,715342156589031;6,952312300000074;50,970142223000039;5210925601400770000;0
32753;5;5;62;12;2021;10;13;4;3;5;3;1;1;0;0;0;0;0;359290,789999837055802;5725822,232999417930841;6,965375425000047;51,665741953000065;5211013701610180000;1
32757;5;1;58;20;2021;6;12;2;3;5;2;1;1;0;0;0;0;0;358024,508673670701683;5664966,850249387323856;6,971417103000022;51,118565660000058;5210628516800690000;0
32762;5;5;12;0;2021;11;11;3;3;5;2;1;1;0;0;0;0;0;356962,714564641937613;5712691,075125094503164;6,937091948000045;51,547161324000058;5211109701400780000;0
32763;5;1;11;0;2021;3;17;3;3;5;3;1;0;0;0;1;0;0;345642,285591292195022;5674343,440710296854377;6,790609043000075;51,199618009000062;5210330500300880000;0
32764;5;1;19;0;2021;3;12;3;3;5;3;1;1;0;0;0;0;0;349652,965156954713166;5710724,574763046577573;6,832588536000060;51,527591779000034;5210330508000070000;0
32765;5;3;66;16;2021;5;12;7;3;0;7;1;0;0;0;0;0;0;346078,678039504215121;5613427,355286687612534;6,822567266000021;50,652341463000027;5210508603116070000;0
32775;5;3;15;0;2021;5;16;6;3;3;6;1;0;0;0;0;0;0;357223,214141216129065;5646344,963698718696833;6,967313354000055;50,951016092000032;5210521601400390000;0
32776;5;3;15;0;2021;9;18;6;3;0;1;1;0;0;0;0;0;0;350473,395191456191242;5652806,061985654756427;6,868629150000061;51,007366098000034;5210924601400380000;0
32777;5;3;15;0;2021;5;1;1;3;0;1;1;0;0;0;0;2;0;349511,274782507680357;5645095,367196375504136;6,858116144000064;50,937825020000048;5210530601310190000;0
32781;5;3;15;0;2021;7;15;6;2;0;6;1;0;1;0;1;0;0;352239,196364519186318;5644943,951887996867299;6,896975430000055;50,937169766000068;5210709601300950000;0
32783;5;1;17;0;2021;9;14;1;3;3;1;1;1;0;0;0;0;0;355866,740999815985560;5697573,703999372199178;6,927465362000021;51,411039959000050;5210912502406260000;0
32784;5;3;15;0;2021;10;7;2;3;0;1;1;0;0;0;0;1;0;355270,385999808087945;5645234,532999360933900;6,939971669000045;50,940549875000045;5211018601100590000;0
32785;5;3;15;0;2021;9;15;2;3;0;7;1;0;0;0;0;0;0;353692,833736719563603;5646324,800757659599185;6,917095172000074;50,949949592000053;5210913601300580000;0
32787;5;3;15;0;2021;12;19;3;3;0;1;1;0;0;0;0;2;0;356871,622469640336931;5644567,689188223332167;6,963009543000055;50,934956708000072;5211221601100680000;0
32789;5;1;58;28;2021;10;19;5;3;0;1;1;0;0;0;0;1;0;350207,619127289392054;5684665,412354925647378;6,851585707000027;51,293584411000040;5211007516300570000;0
32800;5;1;11;0;2021;1;6;5;3;2;2;1;1;0;0;0;2;0;345590,590999740175903;5675884,351999174803495;6,789206600000057;51,213449872000069;5210121500300870000;1
32805;5;3;15;0;2021;12;18;5;3;0;2;1;0;0;0;1;2;0;353243,363999794237316;5644877,434999329969287;6,911283975000060;50,936828427000080;5211209601300470000;1
32806;5;1;17;0;2021;6;17;4;2;0;1;1;0;0;0;0;0;0;354060,990620854310691;5698382,120717346668243;6,901185785000052;51,417842392000068;5210623502406070000;0
32808;5;3;15;0;2021;12;12;6;3;1;5;1;1;0;0;0;0;0;353515,008066646754742;5646517,585821721702814;6,914487784000073;50,951636914000062;5211224601300580000;0
32810;5;3;15;0;2021;10;14;3;3;6;4;1;0;1;0;0;0;0;356183,781316032633185;5641132,838614294305444;6,954581243000064;50,903916982000055;5211026601200660000;0
32814;5;3;15;0;2021;6;16;3;2;0;3;1;1;0;0;0;0;0;349378,882000089623034;5643070,930132802575827;6,857069646000070;50,919598231000066;5210629601320360000;0
32815;5;3;15;0;2021;7;5;4;3;0;2;1;1;0;0;0;0;0;356520,334312072023749;5652110,461943410336971;6,955037957000059;51,002654989000064;5210714601400350000;1
32817;5;5;54;4;2021;5;16;3;3;5;3;1;1;0;0;0;0;0;361159,407999850809574;5771183,946999449282885;6,974138657000026;52,073808243000030;5210525705000180000;1
32821;5;1;58;16;2021;10;16;2;3;0;1;1;0;0;0;0;0;0;355023,724999808706343;5670755,638999357819557;6,926240243000052;51,169834565000031;5211004516500080000;0
32824;5;1;13;0;2021;6;13;6;2;3;2;1;1;0;0;0;0;0;355903,002122617326677;5691482,025601126253605;6,930457860000047;51,356309176000082;5210611502249960000;0
32826;5;3;62;28;2021;6;21;1;3;8;1;1;0;0;0;0;1;0;349857,592840052209795;5638765,273074325174093;6,865645754000070;50,881030614000053;5210620602700080000;1
32830;5;1;11;0;2021;6;16;1;3;8;1;1;0;0;0;0;0;0;346997,385999751277268;5671842,795999210327864;6,811055166000074;51,177512623000041;5210606500300680000;0
32835;5;1;11;0;2021;7;18;4;3;6;7;1;0;1;0;0;0;0;346393,896896385587752;5679841,298138249665499;6,799002641000072;51,249221680000062;5210707500200050000;0
32836;5;5;12;0;2021;1;15;4;3;1;5;1;1;0;0;0;0;0;356735,440515073016286;5712145,143545666709542;6,934038717000021;51,542198034000080;5210120701400850000;0
32839;5;1;11;0;2021;11;11;5;3;8;6;1;1;0;0;0;0;0;350645,336308815516531;5677898,133508207276464;6,860685077000028;51,232889898000053;5211118500200500000;1
32840;5;5;62;12;2021;6;8;6;2;5;2;1;0;0;0;0;0;1;359051,899976160377264;5726982,777886262163520;6,961455228000034;51,676110472000062;5210625701610640000;0
32843;5;3;15;0;2021;9;20;2;2;2;6;1;1;0;0;0;2;1;356037,730015667155385;5649260,155738182365894;6,949293810000029;50,976919450000082;5210927601400080000;1
32846;5;1;13;0;2021;4;23;6;3;0;7;1;0;0;0;0;2;0;355587,315999813377857;5704223,406999366357923;6,920737589000055;51,470722436000074;5210409502317680000;0
32850;5;1;58;28;2021;6;10;4;3;5;2;1;0;0;0;1;0;0;350424,563543830066919;5684572,810921603813767;6,854733710000062;51,292809346000070;5210616516300090000;0
32853;5;5;54;12;2021;6;12;3;3;5;3;1;1;0;0;1;0;0;351778,244999792426825;5746277,711999295279384;6,848103631000072;51,847603382000045;5210608705000590000;0
32856;5;1;12;0;2021;11;8;7;3;0;6;1;0;0;0;0;0;0;345993,521315572783351;5699040,027807854115963;6,784968764000041;51,421619698000029;5211106501316130000;0
32860;5;1;62;4;2021;2;11;4;3;5;3;1;1;0;0;0;0;0;348233,907999759539962;5662713,591999238356948;6,832577884000045;51,095808623000039;5210217513323580000;0
32866;5;3;15;0;2021;9;18;5;3;4;6;1;0;0;0;1;0;0;355497,181366465985775;5644699,406768646091223;6,943409796000026;50,935797686000058;5210923601100590000;0
32867;5;3;62;36;2021;3;10;2;3;0;1;1;0;0;0;0;0;0;345499,160616601817310;5651711,089538265019655;6,798246900000038;50,996212394000054;5210315602300610000;1
32869;5;1;58;28;2021;4;15;7;3;5;3;1;1;0;0;0;0;0;351587,185999785549939;5689654,107999296858907;6,869281070000056;51,338773036000077;5210417516300580000;0
32870;5;3;15;0;2021;10;16;6;3;5;2;1;0;0;0;1;0;0;349994,270926516503096;5659819,059669939801097;6,858900871000060;51,070261306000077;5211008601400050000;0
32871;5;1;58;24;2021;4;15;6;3;0;1;1;0;0;0;0;0;0;357479,173369654454291;5680106,429472083225846;6,957623752000075;51,254482260000032;5210409516400470000;0
32879;5;3;15;0;2021;4;12;5;2;5;3;1;1;0;0;0;0;0;354481,287933087907732;5645750,322547540068626;6,928541710000047;50,944986519000054;5210401601310690000;0
32882;5;1;11;0;2021;9;16;7;3;4;2;1;1;0;0;0;0;0;346235,781148975715041;5679739,521660214290023;6,796782542000074;51,248264564000067;5210925500200080000;0
32883;5;3;15;0;2021;9;13;2;2;1;7;1;1;0;0;0;0;0;350996,236750117503107;5648359,707193821668625;6,877899767000031;50,967545307000080;5210920601300380000;0
32886;5;1;11;0;2021;7;14;6;3;5;2;1;1;0;0;0;0;0;350127,629445128142834;5678443,079195689409971;6,853047165000021;51,237650951000035;5210702500200840000;0
32889;5;3;66;16;2021;4;14;4;3;5;2;1;1;0;0;0;0;0;347601,407999750226736;5610861,352999234572053;6,845147352000026;50,629681967000067;5210428603116270000;0
32892;5;3;62;24;2021;7;10;1;3;3;6;1;0;0;0;0;0;0;344298,142999725416303;5645210,574999153614044;6,783927524000035;50,937476310000079;5210704602500260000;0
32896;5;5;62;20;2021;3;8;5;3;5;3;1;1;0;0;0;0;0;371592,094080497510731;5717932,784799069166183;7,146037913000043;51,597786882000037;5210304701200660000;1
32897;5;3;16;0;2021;9;16;3;3;0;3;1;1;0;0;0;0;0;362872,491470899432898;5654150,780409868806601;7,044744009000055;51,022540940000056;5210914601700780000;0
32901;5;3;15;0;2021;9;13;5;3;6;4;1;0;1;0;0;0;0;361414,241583138704300;5645026,963038010522723;7,027443378000044;50,940193838000027;5210916601600980000;0
32904;5;1;22;0;2021;3;10;7;2;4;2;1;1;0;0;0;0;0;365315,249087645672262;5668527,068297326564789;7,074193388000026;51,152322324000068;5210320503400880000;0
32913;5;3;78;4;2021;1;8;4;3;4;6;1;0;0;0;0;1;0;367990,878804612904787;5648870,366196567192674;7,119602405000023;50,976280500000030;5210120606100540000;0
32921;5;1;22;0;2021;7;7;6;3;0;1;1;0;0;0;0;0;0;365393,018999869003892;5674087,426999475806952;7,073222170000065;51,202312356000050;5210709503400670000;1
32922;5;9;11;0;2021;5;15;5;3;0;1;1;0;0;0;0;0;0;372456,004875915125012;5700948,445510147139430;7,164652227000033;51,445343861000026;5210513300210560000;0
32926;5;5;62;24;2021;6;11;7;3;5;3;1;1;0;0;0;0;0;365200,921267889440060;5721346,234640741720796;7,052505006000047;51,626968189000081;5210626701500290000;0
32929;5;3;14;0;2021;3;22;4;3;5;3;1;0;0;0;0;2;0;364971,276351727545261;5621985,600663961842656;7,086531902000047;50,733948729000076;5210324600110730000;0
32937;5;3;15;0;2021;9;13;4;3;5;3;1;1;0;0;0;0;0;362692,767295572906733;5652030,234919510781765;7,042985542000054;51,003440220000073;5210922601500910000;0
32939;5;3;15;0;2021;3;8;6;3;5;3;1;1;0;0;0;0;0;361069,636564734391868;5645048,564212497323751;7,022533334000059;50,940305045000059;5210319601600040000;0
32948;5;3;15;0;2021;11;12;3;3;5;2;1;1;0;0;0;0;0;360754,610999840311706;5644300,427999427542090;7,018338177000032;50,933505394000065;5211123601600970000;0
32950;5;3;14;0;2021;5;18;2;3;2;6;1;1;0;0;0;0;0;367207,643534244038165;5622554,081443056464195;7,117999842000074;50,739573868000036;5210531600140740000;0
32962;5;5;58;12;2021;11;16;3;2;3;2;1;0;0;0;0;1;1;372808,847999901510775;5756734,339999560266733;7,149384220000059;51,946758950000060;5211123706000190000;1
32970;5;3;14;0;2021;3;15;4;3;5;3;1;0;0;1;0;0;0;368381,691553759388626;5615025,743327403441072;7,137313465000034;50,672175009000057;5210317600380780000;0
32977;5;5;62;24;2021;10;9;6;2;5;3;1;1;0;0;0;0;0;370220,797999890521169;5725386,109999531880021;7,123487758000067;51,664453450000053;5211015701500850000;0
32979;5;3;14;0;2021;12;13;5;3;3;6;1;1;0;0;0;0;0;367871,951999878510833;5622606,941999489441514;7,127390423000065;50,740200514000037;5211209600140580000;0
32980;5;3;15;0;2021;9;7;6;2;5;3;1;1;0;0;0;0;0;359521,861409930512309;5641823,993242740631104;7,001759678000042;50,910950374000038;5210910601600690000;0
32982;5;3;14;0;2021;3;11;4;3;5;3;1;1;0;0;0;0;0;364955,434048945084214;5623260,250071074813604;7,085840403000020;50,745401443000048;5210303600110560000;0
32991;5;3;14;0;2021;5;20;6;3;0;1;1;0;0;0;0;0;0;366209,468999868258834;5622315,092999473214149;7,103948209000066;50,737196733000076;5210514600110690000;1
32993;5;5;13;0;2021;5;9;5;3;0;1;1;0;0;0;0;0;0;366928,135999875143170;5714890,596999501809478;7,079892428000051;51,569365620000042;5210513700200270000;0
32998;5;3;78;4;2021;4;9;2;3;0;7;1;1;0;0;0;0;0;368823,891795564442873;5651931,180855860933661;7,130356172000063;51,003980621000039;5210412606100160000;0
33007;5;3;15;0;2021;4;12;6;3;5;3;1;0;0;0;1;0;0;360681,857999840751290;5648996,052999425679445;7,015506293000044;50,975688234000074;5210402601500070000;0
33014;5;3;78;28;2021;10;10;2;3;5;3;1;1;0;0;0;0;0;371489,244999893940985;5643208,969999516382813;7,171405560000039;50,926187301000027;5211004606400470000;0
33024;5;5;13;0;2021;10;13;3;2;0;7;1;0;0;0;0;0;0;367171,949862887151539;5714965,383436746895313;7,083380051000063;51,570095183000035;5211026700000550000;1
33026;5;5;58;12;2021;3;16;3;3;4;7;1;1;0;0;0;0;0;373769,522835475392640;5756183,151619313284755;7,163556494000034;51,942024556000035;5210316706200070000;0
33028;5;3;16;0;2021;11;17;3;3;5;3;1;1;0;0;0;1;0;359414,195126966573298;5656879,739738719537854;6,994406449000053;51,046230680000065;5211123601700490000;0