OID_;ULAND;UREGBEZ;UKREIS;UGEMEINDE;UJAHR;UMONAT;USTUNDE;UWOCHENTAG;UKATEGORIE;UART;UTYP1;IstRad;IstPKW;IstFuss;IstKrad;IstSonstige;ULICHTVERH;IstGkfz;LINREFX;LINREFY;XGCSWGS84;YGCSWGS84;UIDENTSTLAE;IstStrassenzustand
33040;5;5;13;0;2021;4;16;2;3;5;3;1;1;0;0;0;0;0;364492,649446310475469;5713422,891395162791014;7,045338137000044;51,555596200000082;5210419700000190000;0
33043;5;1;24;0;2021;3;15;4;3;0;1;1;0;0;0;0;0;0;369245,435575813986361;5681576,270569799467921;7,125600137000049;51,270511801000055;5210303503100480000;0
33049;5;5;62;24;2021;6;5;1;3;0;7;1;0;0;0;0;1;0;373446,340253195725381;5725656,121852533891797;7,170002987000032;51,667615704000070;5210620701500180000;1
33052;5;1;13;0;2021;5;17;7;3;5;3;1;1;0;0;0;0;0;362356,043693168088794;5703824,314054260030389;7,018285346000027;51,468823086000043;5210515502103780000;1
33055;5;1;22;0;2021;4;16;3;3;5;2;1;1;0;0;0;0;0;360624,504999841563404;5670349,675999432802200;7,006458869000028;51,167578590000062;5210413503400880000;0
33062;5;1;24;0;2021;5;12;2;3;2;6;1;1;0;0;0;0;0;369770,806999889202416;5679613,070999516174197;7,133842006000066;51,252988201000051;5210531503100060000;0
33066;5;3;15;0;2021;9;16;7;3;5;3;1;1;0;0;0;0;0;358981,359648234210908;5644721,034262202680111;6,992955950000066;50,936854569000047;5210925601500380000;0
33071;5;5;62;24;2021;11;7;2;2;5;3;1;1;0;0;0;2;0;368605,197073785588145;5724423,300048721954226;7,100503019000030;51,655425685000068;5211129701500180000;2
33074;5;5;62;20;2021;5;12;6;3;3;2;1;0;0;0;0;0;0;371109,291163831017911;5717662,540188049897552;7,139170407000051;51,595247969000070;5210528701200080000;0
33075;5;3;15;0;2021;1;13;7;3;2;6;1;1;0;0;0;0;0;364305,746986057609320;5647989,449283247813582;7,067469942000059;50,967506776000050;5210102601500180000;0
33078;5;3;78;20;2021;9;12;4;3;5;3;1;1;0;0;0;0;0;371984,280117481015623;5653085,084907550364733;7,174969122000050;51,015063770000040;5210929606100570000;1
33087;5;3;14;0;2021;3;13;2;3;5;2;1;0;0;1;0;0;0;363126,197373272851110;5622635,613936776295304;7,060160093000036;50,739359020000052;5210329600110650000;0
33092;5;3;15;0;2021;6;18;6;3;0;2;1;1;0;0;0;0;0;360456,953999839723110;5647585,940999424085021;7,012845767000044;50,962960918000078;5210611601500490000;0
33096;5;3;82;68;2021;9;15;4;3;8;1;1;0;0;0;0;0;0;365472,684402512386441;5626094,335783693939447;7,092131958000039;50,770993967000038;5210908607400590000;0
33098;5;1;24;0;2021;4;12;6;3;1;7;1;1;0;0;0;0;0;368004,843199429102242;5679135,165499135851860;7,108727054000042;51,248287122000079;5210423503100080000;0
33100;5;3;15;0;2021;11;12;7;3;5;3;1;1;0;0;0;0;0;364232,529809704050422;5638482,726476732641459;7,069967633000033;50,882047849000060;5211113601600290000;1
33109;5;1;13;0;2021;5;18;3;3;6;7;1;0;1;0;0;0;0;362270,430999852716923;5702987,817999452352524;7,017379446000064;51,461285173000078;5210511502101270000;1
33111;5;3;78;4;2021;3;14;4;3;5;2;1;1;0;0;0;0;0;369247,378256156109273;5649267,237579461187124;7,137347634000037;50,980134162000070;5210303606100030000;0
33114;5;5;62;32;2021;11;16;6;3;5;2;1;1;0;0;0;0;0;373508,127999904565513;5719086,020999552682042;7,173270528000046;51,608584548000067;5211105701110160000;0
33117;5;5;62;24;2021;10;6;6;3;5;3;1;1;0;0;0;2;0;370222,096967385150492;5725387,028236109763384;7,123506188000022;51,664462002000050;5211022701500260000;1
33118;5;3;16;0;2021;10;3;1;3;0;3;1;1;0;0;0;2;0;360286,725928452797234;5655093,917768061161041;7,007534583000051;51,030394381000065;5211010601700480000;0
33121;5;3;15;0;2021;9;8;4;3;5;3;1;1;0;0;0;1;0;359548,559744920581579;5641795,701936272904277;7,002150092000022;50,910702613000069;5210929601600260000;1
33124;5;5;13;0;2021;1;5;2;3;0;1;1;0;0;0;0;2;0;365418,833999869413674;5715373,212999485433102;7,057943079000040;51,573344403000078;5210104700000470000;1
33128;5;3;15;0;2021;9;18;6;2;0;1;1;0;0;0;0;0;0;359327,305835789069533;5647726,103270364925265;6,996715361000042;50,963945853000041;5210903601500080000;0
33130;5;1;13;0;2021;1;14;3;3;3;3;1;1;0;0;0;0;0;364047,441577690653503;5705176,132265679538250;7,042101504000073;51,481380108000053;5210119502338470000;1
33131;5;3;15;0;2021;11;17;6;3;0;1;1;0;0;0;0;2;0;366492,281999872066081;5640022,115999478846788;7,101510129000076;50,896410047000074;5211105601600670000;1
33133;5;1;22;0;2021;7;12;4;3;5;3;1;1;0;0;0;0;0;365637,252999867312610;5669632,027999481186271;7,078382201000068;51,162328506000051;5210707503400570000;0
33134;5;1;24;0;2021;11;21;3;3;2;6;1;1;0;0;0;2;0;370260,377814774401486;5679986,790003677830100;7,140717976000076;51,256458550000048;5211109503100590000;0
33139;5;1;13;0;2021;10;17;1;3;0;1;1;0;0;0;0;0;0;360057,387421489693224;5701847,866931587457657;6,985994654000024;51,450498496000080;5211024502209780000;0
33140;5;5;58;40;2021;12;10;5;3;5;3;1;1;0;0;0;0;0;372669,550999901257455;5760509,877999560907483;7,145958836000034;51,980655226000067;5211230706200750000;1
33146;5;1;58;8;2021;9;16;3;3;3;6;1;0;0;0;0;0;1;361339,119629999622703;5673543,771194394677877;7,015441041000031;51,196457046000035;5210928516700990000;0
33148;5;3;14;0;2021;1;10;6;3;5;3;1;0;0;0;1;0;0;367101,717730431817472;5620283,114222176373005;7,117318035000039;50,719138052000062;5210115600380870000;0
33152;5;5;62;14;2021;9;12;6;3;1;3;1;1;0;0;0;0;0;361699,306757159531116;5714093,013017561286688;7,004807265000068;51,560940153000047;5210917701300270000;0
33153;5;3;14;0;2021;10;9;6;3;3;2;1;1;0;0;0;0;0;366329,073342053219676;5622351,332359343767166;7,105629084000043;50,737549993000073;5211029600110590000;0
33156;5;3;14;0;2021;6;15;2;3;5;3;1;1;0;0;0;0;0;366657,472794858738780;5621149,285988939926028;7,110715216000074;50,726821471000051;5210621600110690000;0
33164;5;3;15;0;2021;2;13;5;3;6;7;1;0;1;0;0;0;0;358848,747295156121254;5642379,626279855147004;6,991976243000067;50,915779696000072;5210218601610700000;0
33173;5;1;58;32;2021;3;12;6;3;0;1;1;0;0;0;0;0;0;363610,585474892519414;5688507,619047317653894;7,042223524000065;51,331481661000055;5210312516110700000;0
33176;5;5;62;16;2021;1;17;3;2;5;2;1;1;0;0;0;1;0;370312,802999891340733;5731387,037999534979463;7,122586819000048;51,718402674000060;5210112701700140000;1
33178;5;3;15;0;2021;3;17;2;2;5;2;1;1;0;0;0;0;0;368390,204463752917945;5641515,676875835284591;7,127944787000047;50,910269599000060;5210301601620090000;0
33182;5;3;15;0;2021;9;19;1;3;5;2;1;1;0;0;0;0;0;363475,459999856539071;5640205,143999453634024;7,058568301000037;50,897349696000049;5210919601620280000;0
33183;5;3;14;0;2021;2;10;2;3;5;2;1;1;0;0;0;0;0;371275,803743936121464;5614386,078542377799749;7,178471724000076;50,667072616000041;5210222600380020000;0
33192;5;3;14;0;2021;11;18;6;3;5;2;1;1;0;0;0;2;0;364400,575999860651791;5622942,910999460145831;7,078097205000063;50,742419929000050;5211112600110970000;0
33196;5;1;13;0;2021;10;6;1;3;0;3;1;1;0;0;0;2;0;366807,860999873839319;5705235,371999500319362;7,081808684000066;51,482569243000057;5211031502111190000;1
33206;5;3;15;0;2021;11;7;3;2;5;3;1;1;0;0;0;0;0;360622,661419840529561;5646337,840025797486305;7,015681966000045;50,951784137000061;5211109601500290000;0
33208;5;3;78;4;2021;9;7;3;3;5;2;1;0;0;0;0;0;0;367771,652272195555270;5647860,730419486761093;7,116848566000044;50,967155919000049;5210907606100080000;0
33217;5;3;82;4;2021;4;13;4;3;0;7;1;0;1;0;0;0;0;359762,798815918155015;5618341,374007601290941;7,014155015000028;50,699961964000067;5210428600370870000;0
33218;5;3;14;0;2021;3;19;3;2;3;6;1;0;0;0;1;2;0;367490,805999875999987;5622919,375999486073852;7,121879288000059;50,742921843000033;5210316600140170000;1
33219;5;3;15;0;2021;12;20;5;3;5;2;1;1;0;0;0;2;0;360057,870999838225543;5648288,007999423891306;7,006896238000024;50,969173672000068;5211230601500560000;0
33223;5;5;13;0;2021;12;8;3;3;2;6;1;1;0;0;0;0;0;369039,199012928642333;5708152,484901435673237;7,112842195000042;51,509305975000075;5211207700000270000;1
33226;5;3;82;56;2021;9;17;3;3;0;1;1;0;0;0;0;0;0;370578,684745345264673;5628775,274882029742002;7,163560875000030;50,796252550000077;5210914607500880000;0
33235;5;3;14;0;2021;3;20;3;3;5;2;1;1;0;0;0;2;0;364414,607999861240387;5618064,398999460041523;7,080089051000073;50,698575750000032;5210302600110350000;0
33238;5;1;13;0;2021;9;18;4;3;3;7;1;0;0;0;0;0;0;360028,736402331851423;5703569,597883423790336;6,984901145000038;51,465963281000029;5210922502104180000;0
33243;5;1;13;0;2021;6;19;4;3;0;1;1;0;0;0;0;0;0;362959,068438308313489;5704026,939188074320555;7,026883214000065;51,470790323000074;5210602502338470000;0
33251;5;3;78;16;2021;6;12;3;3;5;3;1;1;0;0;0;0;0;361229,240771546028554;5662331,267531169578433;7,018191020000074;51,095664964000036;5210622606230990000;0
33257;5;5;62;20;2021;10;7;5;3;5;3;1;1;0;0;0;0;0;371443,626615074463189;5715769,228471763432026;7,144687955000052;51,578309413000056;5211028701200560000;0
33258;5;3;15;0;2021;6;8;3;3;0;2;1;1;0;0;0;0;0;359439,162030631676316;5641920,739389590919018;7,000546814000074;50,911799714000040;5210608601610510000;0
33260;5;5;13;0;2021;11;17;6;3;4;2;1;1;0;0;0;2;0;366888,266999877057970;5706788,703999498859048;7,082380235000073;51,496547508000049;5211119700000680000;1
33267;5;3;82;4;2021;6;9;7;3;0;1;1;0;0;0;0;0;0;361246,080721119418740;5622480,548739399760962;7,033589211000049;50,737519177000081;5210605600370490000;0
33271;5;5;54;24;2021;1;5;3;3;5;3;1;1;0;0;0;2;0;369959,252999891526997;5777861,673999544233084;7,099911375000033;52,135949693000043;5210112705000430000;1
33273;5;1;13;0;2021;10;12;1;3;5;3;1;1;0;0;0;0;0;366161,331669083796442;5696011,098655639216304;7,075990748000038;51,399520520000067;5211024502231590000;0
33293;5;5;62;24;2021;6;22;5;3;1;5;1;1;0;0;0;2;0;369774,178473179228604;5722206,839524406939745;7,118217496000057;51,635779168000056;5210603701500960000;1
33296;5;3;14;0;2021;10;18;4;3;1;5;1;1;0;0;0;2;0;365346,563827663660049;5623003,135132808238268;7,091475079000077;50,743181364000066;5211013600110280000;0
33300;5;5;54;36;2021;5;15;3;3;0;7;1;0;0;0;0;0;0;369414,474663761444390;5766335,292372969910502;7,096369550000077;52,032246863000069;5210525705000680000;0
33301;5;1;22;0;2021;6;17;3;3;0;7;1;0;0;0;0;0;0;365160,474129393696785;5672901,266330519691110;7,070341049000035;51,191597381000065;5210608503400090000;0
33308;5;5;54;4;2021;5;23;7;3;5;3;1;1;0;0;0;2;0;365157,013033887371421;5771106,714250985532999;7,032461567000041;52,074102085000050;5210508705000030000;0
33310;5;1;13;0;2021;6;18;7;3;0;1;1;0;0;0;0;0;0;362101,299399606883526;5699329,604127347469330;7,016371721000041;51,428369765000070;5210619502211470000;0
33314;5;5;13;0;2021;6;17;5;3;0;7;1;0;0;0;0;0;0;365260,425298264250159;5718699,824087429791689;7,054381607000039;51,603200846000050;5210624700200980000;0
33321;5;5;62;24;2021;12;7;2;3;5;2;1;1;0;0;0;2;0;370534,562045371159911;5726188,136214101687074;7,127724748000048;51,671733366000069;5211213701500080000;1
33326;5;3;82;56;2021;9;16;5;2;5;2;1;1;0;0;0;0;0;370723,465621167793870;5628514,590087790042162;7,165705881000065;50,793941775000064;5210909607400480000;0
33331;5;3;14;0;2021;3;10;3;3;3;6;1;1;0;0;0;0;0;366128,173463297076523;5622358,022847371175885;7,102781185000026;50,737563851000061;5210316600110880000;0
33332;5;3;14;0;2021;4;19;2;3;5;3;1;1;0;0;0;0;0;365221,227891484275460;5623063,487947063520551;7,089677590000065;50,743694729000026;5210419600110470000;0
33334;5;3;78;4;2021;11;7;5;3;2;2;1;1;0;0;0;0;0;369473,573999885469675;5650543,898999504745007;7,140109503000076;50,991659837000043;5211125606100970000;0
33349;5;5;62;24;2021;5;17;3;2;5;3;1;1;0;0;0;0;0;371101,286275648511946;5724760,418250860646367;7,136442447000036;51,659033194000074;5210511701500780000;0
33352;5;3;78;20;2021;4;14;5;3;0;7;1;1;0;0;1;0;1;371795,547798305749893;5653072,285421362146735;7,172284485000034;51,014906684000039;5210401606300330000;0
33358;5;1;13;0;2021;9;17;5;3;0;7;1;0;0;0;0;0;0;361532,626377802342176;5702203,403246454894543;7,007072740000069;51,454056142000070;5210923502101280000;0
33363;5;3;14;0;2021;10;15;6;3;5;2;1;1;0;0;0;0;0;364714,224185314960778;5621833,258887542411685;7,082947344000047;50,732519684000067;5211029600110490000;0
33365;5;3;82;68;2021;9;15;1;3;3;6;1;1;0;0;0;0;0;370598,970092870295048;5630600,596503823995590;7,163205194000057;50,812663397000051;5210926607400580000;0
33368;5;1;13;0;2021;6;7;2;3;0;7;1;1;0;0;0;0;0;363533,744967085309327;5705267,557859152555466;7,034672930000056;51,482077996000044;5210614502338660000;0
33377;5;3;82;24;2021;10;23;6;3;0;1;1;0;0;0;0;2;0;371170,880877707153559;5617783,257572270929813;7,175803949000056;50,697584724000080;5211008600120370000;0
33379;5;5;54;20;2021;11;13;4;3;5;3;1;1;0;0;0;0;0;366467,912999876774848;5785769,535999516025186;7,045817426000042;52,206172880000054;5211103705000020000;0
33390;5;3;15;0;2021;6;15;3;3;5;3;1;1;0;0;0;0;0;360496,112999841570854;5646495,347999423742294;7,013821094000036;50,953169072000037;5210601601500660000;0
33393;5;3;14;0;2021;5;17;7;3;0;1;1;0;0;0;0;0;0;366266,025124111212790;5622195,037166781723499;7,104792807000024;50,736130700000047;5210529600110680000;0
33394;5;3;82;68;2021;4;18;6;2;5;3;1;1;0;0;0;0;0;365472,530781755223870;5627536,126823412254453;7,091602282000053;50,783952537000062;5210430607400660000;0
33401;5;5;13;0;2021;6;14;7;3;5;3;1;1;0;0;0;0;0;366463,019999872893095;5714484,887999499216676;7,073339464000071;51,565609740000070;5210619700000920000;0
33411;5;3;15;0;2021;2;16;7;3;5;2;1;1;0;0;0;0;0;360044,643959583714604;5648316,160186938941479;7,006697143000054;50,969423465000034;5210227601500770000;0
33412;5;3;15;0;2021;6;8;4;3;5;3;1;1;0;0;0;0;0;359813,056801779195666;5649359,143504420295358;7,002998803000025;50,978740517000062;5210616601500470000;0
33416;5;1;58;32;2021;11;13;7;3;5;3;1;1;0;0;0;0;0;368473,127367356792092;5685837,616707358509302;7,112965738000071;51,308631541000068;5211120516000680000;1
33418;5;3;14;0;2021;9;7;2;3;5;2;1;0;0;0;0;0;1;370528,802999890409410;5624250,702999504283071;7,164446495000050;50,755573542000036;5210913607500890000;0
33420;5;5;62;14;2021;2;18;7;3;5;3;1;1;0;0;0;2;0;360979,443183200433850;5715180,136845495551825;6,993998986000065;51,570532198000080;5210206701300290000;1
33421;5;3;15;0;2021;4;19;3;3;0;7;1;0;0;0;0;0;0;361681,106358602643013;5635985,366919489577413;7,034664336000048;50,858997919000046;5210427601620630000;0
33426;5;1;24;0;2021;11;13;4;3;5;3;1;1;0;0;0;0;0;370222,341576731763780;5680541,253691576421261;7,139972035000028;51,261433057000033;5211103503100890000;1
33434;5;3;82;68;2021;10;10;4;3;5;3;1;1;0;0;0;0;0;367938,899999878369272;5629200,219999490305781;7,125971713000069;50,799476441000081;5211013607000970000;0
33442;5;1;13;0;2021;9;13;1;3;5;4;1;0;1;0;0;0;0;361932,885913729667664;5699884,432583566755056;7,013734442000043;51,433314683000049;5210926502212570000;0
33452;5;3;82;68;2021;5;10;7;3;5;3;1;1;0;0;0;0;0;368325,543827754445374;5629684,352618612349033;7,131281696000030;50,803915821000032;5210515607400880000;0
33459;5;3;82;44;2021;2;18;2;3;5;3;1;1;0;0;0;2;0;362819,017999853938818;5628436,505999445915222;7,053646578000041;50,791423074000079;5210201607121070000;1
33463;5;5;13;0;2021;10;14;1;2;4;7;1;1;0;0;0;0;0;367273,116517737507820;5710079,631199583411217;7,086682164000024;51,526212556000075;5211024700100780000;0
33468;5;3;78;4;2021;3;15;5;2;0;1;1;0;0;0;0;0;0;371990,827999896369874;5652749,845999523997307;7,175180712000042;51,012052129000040;5210325606100430000;1
33470;5;1;13;0;2021;7;14;5;3;5;3;1;1;0;0;0;0;0;363043,628999855369329;5701916,683999463915825;7,028917326000055;51,451847073000067;5210701502102060000;1
33472;5;5;62;24;2021;9;14;4;2;1;5;1;1;0;0;0;0;0;370244,448376356624067;5722222,514587020501494;7,125003230000061;51,636028710000062;5210908701500030000;0
33474;5;1;13;0;2021;11;16;3;3;0;5;1;1;0;0;0;1;0;361787,771297138184309;5705711,846240684390068;7,009370507000028;51,485646568000050;5211130502325770000;1
33476;5;5;54;4;2021;9;22;7;2;0;1;1;0;0;0;0;2;0;362806,173305970616639;5771036,209589270874858;6,998210493000045;52,072891181000045;5210904705000590000;0
33477;5;5;54;36;2021;10;16;6;3;3;2;1;0;0;0;1;0;0;369561,724443232640624;5766143,962691690772772;7,098587780000059;52,030562234000058;5211001705000180000;0
33478;5;3;14;0;2021;9;16;4;2;3;6;1;0;0;0;0;0;0;362841,745063686743379;5614398,008481308817863;7,059190828000055;50,665254046000030;5210922600310370000;0
33481;5;5;62;14;2021;10;14;3;3;1;5;1;1;0;0;0;0;0;361235,144850651733577;5715104,340190898627043;6,997716147000062;51,569914069000049;5211026701300770000;0
33482;5;1;13;0;2021;12;8;6;3;0;7;1;0;0;0;0;0;0;362100,701018407009542;5698863,416040528565645;7,016544568000029;51,424180244000070;5211210502214970000;2
33485;5;3;15;0;2021;3;9;4;3;5;2;1;1;0;0;0;0;0;359907,717999837361276;5649153,450999416410923;7,004425670000046;50,976914981000050;5210331601510280000;0
33488;5;3;14;0;2021;11;16;1;3;5;2;1;1;0;0;0;0;0;364466,586373907513916;5622522,802810885012150;7,079186761000074;50,738659474000031;5211107600110890000;0
33490;5;5;13;0;2021;6;13;5;3;3;6;1;1;0;0;0;0;0;368784,823999884538352;5708977,849999515339732;7,108871560000068;51,516664358000071;5210610700100220000;0
33501;5;3;16;0;2021;12;7;6;3;8;1;1;0;0;0;0;0;0;361058,105172533541918;5659281,808713236823678;7,016921047000039;51,068218101000070;5211203601700290000;0
33506;5;1;58;32;2021;3;13;7;3;5;3;1;1;0;0;0;0;0;364557,253726098686457;5691747,298075165599585;7,054571068000030;51,360822214000052;5210320516110540000;0
33507;5;9;54;16;2021;6;19;2;3;0;1;1;0;0;0;0;0;0;372938,233747458085418;5694780,289075136184692;7,173798706000071;51,390017324000041;5210607310110790000;0
33511;5;3;15;0;2021;1;11;1;3;1;5;1;1;0;0;0;0;0;367986,122268137522042;5639328,940780205652118;7,122990919000074;50,890523327000039;5210131601600090000;0
33514;5;1;13;0;2021;9;11;4;1;3;3;1;0;0;0;0;0;1;361135,427999846637249;5701703,712999437004328;7,001555831000076;51,449468482000043;5210922502105870000;0
33517;5;9;16;0;2021;9;19;1;3;0;1;1;0;0;0;0;0;0;373572,817466268315911;5708515,034786680713296;7,178005896000059;51,513596844000062;5210905300700670000;0
33519;5;3;78;4;2021;9;10;2;2;5;3;1;1;0;0;0;0;0;370202,236173174344003;5647997,948382675647736;7,151395702000059;50,968942023000068;5210927606100380000;0
33524;5;3;78;4;2021;5;9;6;3;1;7;1;1;0;0;0;0;0;365932,595999869517982;5652279,210999477654696;7,089042442000050;51,006442018000030;5210507606100530000;1
33533;5;3;16;0;2021;10;11;6;3;5;2;1;1;0;0;0;0;0;359083,280999830923975;5654852,445999413728714;6,990477258000055;51,027930503000050;5211001601700090000;0
33534;5;3;82;44;2021;11;6;5;3;5;3;1;1;0;0;0;2;0;361324,354465569369495;5632122,735034124925733;7,031060627000045;50,824197354000034;5211104607400230000;0
33535;5;3;14;0;2021;3;19;3;3;1;5;1;1;0;0;0;2;0;362327,838537933304906;5620108,075289079919457;7,049796031000028;50,716453529000034;5210309600310570000;1
33536;5;3;82;4;2021;11;17;3;3;0;1;1;1;0;0;0;1;0;360600,989539224654436;5623515,398545352742076;7,024061279000023;50,746665457000063;5211109600370090000;0
33537;5;5;54;16;2021;6;18;5;3;0;3;1;0;0;0;1;0;0;363625,052405798807740;5757225,955210767686367;7,015649763000056;51,949000982000030;5210617705000080000;0
33555;5;1;22;0;2021;5;15;1;3;3;6;1;0;0;1;0;0;0;367986,613647698424757;5669546,702183004468679;7,111993678000033;51,162108629000045;5210530503400090000;0
33556;5;3;15;0;2021;3;15;3;3;6;4;1;0;1;0;0;0;0;365101,958821566775441;5638405,180990902706981;7,082348390000050;50,881554541000071;5210309601600570000;1
33563;5;1;22;0;2021;6;10;5;3;3;7;1;1;0;0;0;0;0;360116,092014753259718;5669526,059266377240419;6,999511899000026;51,160052831000030;5210624503400880000;0
33569;5;3;15;0;2021;2;23;6;3;0;1;1;0;0;0;0;2;0;365019,798096861690283;5638868,119632888585329;7,081010156000048;50,885696075000055;5210226601600380000;0
33578;5;5;62;12;2021;2;15;5;2;5;3;1;1;0;0;0;0;0;362449,791742121800780;5730401,863675091415644;7,009218975000067;51,707676732000039;5210225701620300000;0
33597;5;9;16;0;2021;5;14;2;2;5;2;1;1;0;0;0;0;0;371645,674999895505607;5712065,121999539434910;7,148954716000048;51,545066904000066;5210531300700080000;0
33604;5;3;14;0;2021;6;7;3;3;0;1;1;0;0;0;0;0;0;364126,291267092339694;5616699,397580910474062;7,076510858000063;50,686239959000034;5210601600310520000;0
33609;5;3;15;0;2021;9;17;3;3;5;2;1;1;0;0;0;0;0;362593,601086083799601;5648215,277555163949728;7,043015712000056;50,969130503000031;5210921601500880000;0
33612;5;5;62;24;2021;3;16;4;3;5;2;1;1;0;0;0;0;0;370224,197623103857040;5725388,513183908537030;7,123535993000075;51,664475832000051;5210303701500560000;0
33615;5;5;62;12;2021;5;10;7;2;1;3;1;1;0;0;0;0;0;362101,704455182887614;5736291,785133864730597;7,001850802000035;51,760517543000049;5210515701610900000;0
33616;5;3;14;0;2021;5;8;3;3;0;1;1;0;0;0;0;0;0;365785,796650809235871;5622359,560815932229161;7,097931342000038;50,737498651000067;5210525600110390000;1
33619;5;1;24;0;2021;4;14;5;3;5;3;1;1;0;0;0;0;0;372069,554999897256494;5678025,277999531477690;7,167331786000034;51,239238252000064;5210401503100370000;0
33624;5;5;62;24;2021;7;11;6;3;5;3;1;1;0;0;0;0;0;369739,490808245725930;5725125,547675605863333;7,116629570000043;51,662000514000056;5210709701500880000;0
33632;5;1;58;32;2021;2;14;1;3;5;2;1;1;0;0;0;0;0;365635,843999868258834;5692010,099999485537410;7,069954599000027;51,363440121000053;5210228516110460000;0
33640;5;1;58;36;2021;10;17;1;3;3;6;1;1;0;0;0;0;0;362242,508999850600958;5683178,189999446272850;7,024656259000039;51,283258062000073;5211003516000880000;1
33641;5;3;78;16;2021;10;15;5;3;5;3;1;1;0;0;0;0;0;361103,135648599825799;5662599,242603667080402;7,016288159000055;51,098042713000041;5211007606700980000;0
33642;5;3;82;12;2021;1;6;5;3;6;7;1;0;1;0;0;2;0;359681,886944342404604;5624480,595362219959497;7,010673860000054;50,755118717000073;5210128600360280000;1
33648;5;3;82;68;2021;7;15;2;3;6;7;1;0;1;0;0;0;0;371117,725918854586780;5630757,525940986350179;7,170509586000037;50,814189575000057;5210705607400270000;0
33650;5;9;11;0;2021;7;9;6;2;0;1;1;0;0;0;0;0;0;372242,748120706528425;5698529,189425606280565;7,162457971000038;51,423553460000051;5210709300400790000;0
33662;5;1;13;0;2021;5;11;6;2;5;3;1;1;0;0;0;0;0;364861,502802038565278;5699723,667928270995617;7,055901197000026;51,432576032000043;5210521502213170000;0
33664;5;3;82;12;2021;7;22;6;3;7;1;1;0;0;0;0;2;0;362070,542704360559583;5626062,650683151558042;7,043924266000033;50,769910213000060;5210709600360980000;1
33666;5;3;15;0;2021;9;17;4;3;0;7;1;0;0;0;0;0;0;361041,604320126585662;5645050,161281649023294;7,022133982000071;50,940312643000027;5210915601600790000;1
33668;5;3;15;0;2021;3;16;4;3;5;3;1;0;0;0;0;0;0;361246,768424630165100;5645038,157711932435632;7,025056903000063;50,940254171000049;5210317601600070000;0
33675;5;3;14;0;2021;9;18;6;3;5;3;1;1;0;0;0;0;0;370513,416077830828726;5615626,740986356511712;7,167255014000034;50,678055127000050;5210903600380060000;0
33676;5;1;24;0;2021;9;18;5;3;6;7;1;0;1;0;0;0;0;371041,522999892011285;5677509,773999523371458;7,152798492000045;51,234373731000062;5210916503100770000;0
33682;5;3;15;0;2021;11;11;7;3;5;3;1;1;0;0;0;0;0;366589,634999871253967;5636185,243999483063817;7,104293892000044;50,861947673000032;5211120601600280000;0
33684;5;3;15;0;2021;11;8;2;3;0;4;1;1;1;0;0;0;0;365089,914165029302239;5645851,268171666190028;7,079423780000070;50,948474048000037;5211129601600070000;0
33687;5;3;14;0;2021;11;7;3;3;5;2;1;1;0;0;0;0;0;365503,849999866448343;5623318,385999467223883;7,093587977000027;50,746051266000052;5211102600110030000;1
33697;5;1;13;0;2021;3;19;6;3;8;1;1;0;0;0;0;2;0;362773,035295757465065;5702640,367996614426374;7,024744651000049;51,458284908000053;5210319502102770000;0
33702;5;3;14;0;2021;10;7;6;3;0;1;1;0;0;0;0;0;0;363428,785069339908659;5620365,960815219208598;7,065286580000077;50,719031105000056;5211001600310990000;0
33703;5;3;15;0;2021;2;11;7;3;0;1;1;0;0;0;0;0;0;363129,737870203331113;5636476,847474284470081;7,055050990000041;50,863759811000079;5210227601600690000;0
33719;5;3;78;4;2021;10;16;2;3;3;3;1;1;0;0;0;0;0;366741,010952405631542;5649741,467345632612705;7,101489761000039;50,983821728000066;5211025606100550000;0
33722;5;5;62;20;2021;6;7;2;3;0;1;1;0;0;0;0;0;0;371197,229125021025538;5717948,738987963646650;7,140334196000026;51,597840105000046;5210621701200870000;1
33727;5;5;13;0;2021;11;18;6;3;5;3;1;1;0;0;0;2;0;364558,246999866329134;5715517,810999481007457;7,045476488000077;51,574437724000063;5211112700000590000;0
33729;5;5;62;24;2021;2;6;4;3;5;3;1;1;0;0;0;2;0;363822,510007688775659;5725150,339326446875930;7,031122535000065;51,660820726000054;5210210701500050000;2
33733;5;5;62;24;2021;5;20;1;2;0;1;1;0;0;0;0;1;0;369624,391495768912137;5725085,223976448178291;7,114981419000060;51,661611451000056;5210502701500670000;0
33736;5;3;15;0;2021;3;12;6;3;0;4;1;0;1;0;0;0;0;363847,618593220598996;5638590,560572559013963;7,064459006000050;50,882926439000073;5210305601600580000;0
33737;5;3;14;0;2021;12;9;3;3;5;3;1;0;0;0;0;0;1;363718,058014323003590;5622726,117624029517174;7,068509652000046;50,740311648000045;5211207600110280000;1
33739;5;3;14;0;2021;11;7;6;3;5;3;1;1;0;0;0;2;0;369786,801744882017374;5620432,296251971274614;7,155281936000051;50,721086798000044;5211119600140990000;1
33749;5;1;22;0;2021;5;16;1;3;2;6;1;1;0;0;0;0;0;368133,934944632463157;5669391,847802774980664;7,114156154000057;51,160750872000051;5210523503400690000;0
33755;5;5;54;20;2021;6;17;1;3;0;1;1;0;0;0;0;0;0;365681,970999874174595;5782369,553999505937099;7,035670232000030;52,175431801000059;5210613705000890000;0
33757;5;3;15;0;2021;9;5;5;3;6;7;1;0;1;0;0;2;0;359586,375999834388494;5650553,889999415725470;6,999310139000045;50,989422518000026;5210909601500180000;0