OID_;ULAND;UREGBEZ;UKREIS;UGEMEINDE;UJAHR;UMONAT;USTUNDE;UWOCHENTAG;UKATEGORIE;UART;UTYP1;IstRad;IstPKW;IstFuss;IstKrad;IstSonstige;ULICHTVERH;IstGkfz;LINREFX;LINREFY;XGCSWGS84;YGCSWGS84;UIDENTSTLAE;IstStrassenzustand
33759;5;1;22;0;2021;10;14;7;3;0;1;1;0;0;0;0;0;0;366132,992999870330095;5667171,759999483823776;7,086382914000069;51,140333698000063;5211009503400890000;0
33762;5;1;13;0;2021;9;12;1;3;0;7;1;0;0;0;0;0;0;365752,850802835077047;5700861,721779644489288;7,068284737000056;51,443015283000079;5210905502134010000;0
33775;5;9;16;0;2021;6;22;6;3;0;1;1;0;0;0;0;1;0;372850,758146941661835;5710712,172924421727657;7,166812770000035;51,533180674000050;5210625300700060000;0
33777;5;5;54;20;2021;1;13;1;3;5;1;1;1;0;0;0;0;0;363175,817260542884469;5786745,149424182251096;6,997276283000076;52,214131514000030;5210103705000020000;0
33781;5;5;54;16;2021;12;10;3;3;5;2;1;1;0;0;0;0;0;362956,447999858297408;5757181,669999470934272;7,005945111000074;51,948438738000050;5211214705000950000;0
33791;5;5;54;4;2021;9;12;4;3;5;3;1;1;0;0;0;0;0;362172,756177857518196;5772898,567683324217796;6,988221979000059;52,089467731000070;5210922705000080000;0
33793;5;5;13;0;2021;9;16;4;3;0;1;1;0;0;0;0;0;0;364703,057703263126314;5715400,317935565486550;7,047610157000065;51,573416658000042;5210901700200300000;0
33805;5;3;16;0;2021;4;14;5;3;0;3;1;0;0;0;1;0;0;361859,900999849662185;5659037,897999441251159;7,028450741000029;51,066219585000056;5210401601700870000;0
33807;5;3;78;4;2021;10;15;7;3;0;3;1;1;0;0;0;0;0;368242,236932834610343;5650335,283830033615232;7,122649695000064;50,989504301000068;5211016606100390000;0
33816;5;5;62;24;2021;10;13;6;3;0;1;1;0;0;0;0;0;0;372121,327851466834545;5725501,362066531553864;7,150910318000058;51,665924911000047;5211022701500660000;0
33833;5;5;12;0;2021;6;17;3;3;5;3;1;1;0;0;0;0;0;360577,182578362524509;5710024,711597729474306;6,990241348000040;51,524105640000073;5210601701400920000;0
33838;5;3;15;0;2021;6;13;3;3;6;4;1;0;1;0;0;0;0;360334,510577744804323;5648357,772297142073512;7,010806901000024;50,969867795000027;5210601601500690000;0
33845;5;3;14;0;2021;11;11;3;3;5;2;1;1;0;0;0;0;0;369984,039575631730258;5623943,282783636823297;7,156836029000033;50,752688598000077;5211102600140490000;1
33852;5;3;14;0;2021;9;16;7;3;3;6;1;0;0;0;0;0;0;366494,537654285319149;5625520,329119838774204;7,106823724000037;50,766070914000068;5210925600140280000;0
33854;5;3;14;0;2021;6;9;6;2;3;2;1;0;0;0;0;0;0;366964,083287319168448;5624989,530055027455091;7,113670163000052;50,761407960000042;5210611600140590000;0
33858;5;5;58;12;2021;2;13;1;2;5;2;1;1;0;0;0;0;0;372802,815237664617598;5755135,097005657851696;7,149887960000058;51,932386200000053;5210221706200950000;0
33864;5;3;14;0;2021;12;12;2;3;5;3;1;1;0;0;0;0;0;364402,929999860003591;5622939,113999463617802;7,078131947000031;50,742386352000040;5211220600110580000;0
33875;5;1;58;8;2021;5;12;2;2;5;3;1;1;0;0;0;0;0;362158,262672935612500;5674491,931028323248029;7,026793263000059;51,205176218000076;5210524516700890000;1
33876;5;1;22;0;2021;12;16;2;3;0;2;1;1;0;0;0;1;0;360792,627771621569991;5666956,491958102211356;7,010174443000039;51,137125554000079;5211206503400600000;1
33885;5;3;78;20;2021;2;17;4;3;5;3;1;1;0;0;0;0;0;368231,830059528350830;5655817,423452828079462;7,120510219000039;51,038773420000041;5210224606130570000;0
33896;5;9;11;0;2021;5;10;3;3;0;1;1;0;0;0;0;0;0;372327,284988255240023;5704808,473382618278265;7,161407055000041;51,480005527000060;5210504300200030000;1
33901;5;5;54;20;2021;5;17;3;3;5;3;1;1;0;0;0;0;0;366857,167368906550109;5782104,125422656536102;7,052950227000053;52,173331618000077;5210511705000010000;1
33907;5;3;82;32;2021;9;7;4;2;5;3;1;1;0;0;0;0;0;359108,225981223396957;5613316,819114165380597;7,006806143000063;50,654645316000028;5210901600350560000;0
33909;5;5;13;0;2021;7;13;1;3;5;2;1;1;0;0;0;0;0;368042,141844308935106;5713365,647144954651594;7,096529399000076;51,555923222000047;5210711700200370000;0
33914;5;5;54;16;2021;10;16;3;3;5;3;1;1;0;0;0;0;0;362174,916999854147434;5757692,947999460622668;6,994375918000060;51,952839754000081;5211012705000080000;0
33919;5;3;15;0;2021;3;16;6;3;5;2;1;1;0;0;0;0;0;364918,593999861739576;5643063,364999467507005;7,078019818000030;50,923377556000048;5210326601600480000;0
33921;5;3;78;4;2021;10;1;4;3;1;5;1;1;0;0;0;2;0;365453,337081789039075;5652837,060516551136971;7,082008476000055;51,011343763000070;5211013606100670000;1
33922;5;3;15;0;2021;3;15;3;2;4;2;1;1;0;0;0;0;0;363682,942733078263700;5651689,842089831829071;7,057217435000041;51,000616471000058;5210302601500090000;0
33924;5;3;82;48;2021;5;17;4;3;5;3;1;1;0;0;0;0;0;357512,251595889218152;5610403,238283822312951;6,985363047000021;50,628071310000053;5210512600330270000;0
33931;5;3;16;0;2021;12;16;2;3;0;1;1;0;0;0;0;0;0;360623,196791458874941;5659600,795292636379600;7,010594778000041;51,070979384000054;5211227601700090000;0
33932;5;3;78;4;2021;4;7;5;3;6;4;1;1;1;0;1;0;0;367735,416999878361821;5651148,703999495133758;7,115136228000040;50,996698791000028;5210408606000480000;0
33942;5;5;62;14;2021;9;13;6;3;5;2;1;1;0;0;0;0;0;361538,973401183262467;5713162,052491124719381;7,002862299000071;51,552535045000070;5210917701300940000;0
33945;5;5;62;16;2021;3;11;3;2;5;2;1;1;0;0;0;0;0;369610,988551871851087;5732158,426273280754685;7,112144173000047;51,725172038000039;5210302701700200000;0
33948;5;3;82;56;2021;5;15;5;2;8;1;1;0;0;0;0;0;0;368436,665955294854939;5626301,406057067215443;7,134069053000076;50,773534969000082;5210513607500070000;0
33953;5;5;54;20;2021;9;0;1;2;9;1;1;0;0;0;0;2;0;366995,607660973444581;5788289,552940400317311;7,052544695000051;52,228943906000040;5210905705000080000;0
33955;5;1;13;0;2021;9;17;5;2;0;7;1;0;0;0;0;0;0;360975,523708329536021;5703349,882281089201570;6,998609022000039;51,464222227000050;5210902502103270000;0
33956;5;3;14;0;2021;12;18;3;3;5;2;1;1;0;0;0;2;0;365993,643459528684616;5622899,989338308572769;7,100678659000039;50,742403997000054;5211214600110790000;0
33964;5;5;54;20;2021;3;14;7;3;5;3;1;1;0;0;0;0;0;362265,008433879353106;5786487,413502402603626;6,984058372000050;52,211588825000035;5210320705000170000;0
33966;5;5;54;20;2021;11;19;4;3;0;7;1;1;0;0;0;2;0;365420,728999870829284;5786483,021999502554536;7,030218519000073;52,212329087000057;5211117705000590000;0
33974;5;1;24;0;2021;1;15;6;3;5;3;1;1;0;0;0;0;0;371132,806999893859029;5680235,391999524086714;7,153124103000039;51,258890697000027;5210122503100690000;0
33976;5;5;54;20;2021;1;12;4;3;3;2;1;0;0;0;0;0;1;364556,103820484131575;5787268,607457544654608;7,017257146000077;52,219175923000080;5210127705000590000;1
33987;5;3;14;0;2021;7;16;7;3;5;2;1;1;0;0;0;0;0;370035,561999887228012;5623897,463999502360821;7,157582203000061;50,752288307000072;5210710600140070000;0
33994;5;3;15;0;2021;1;17;4;3;0;7;1;0;0;0;0;2;0;362001,466413280926645;5640248,703334763646126;7,037604152000029;50,897390827000038;5210120601600270000;0
33999;5;3;82;56;2021;11;14;6;3;4;6;1;0;1;0;0;0;0;371248,117010730318725;5626674,524262247607112;7,173790692000068;50,777519575000042;5211126607400990000;1
34011;5;3;82;56;2021;6;18;6;3;5;3;1;1;0;0;0;0;0;370751,217545871622860;5628578,061363106593490;7,166077103000021;50,794518458000027;5210625607500070000;0
34015;5;3;14;0;2021;11;5;5;3;5;5;1;1;0;0;0;2;0;361779,529999847523868;5619870,633999433368444;7,042122699000060;50,714189340000075;5211111600310470000;0
34017;5;3;78;4;2021;9;9;5;3;5;3;1;1;0;0;0;0;0;366792,267566461116076;5645819,004470514133573;7,103655954000033;50,948579989000052;5210916606100890000;0
34018;5;3;14;0;2021;11;13;5;3;5;3;1;1;0;0;0;0;0;365189,426999865099788;5620898,135999465361238;7,090019047000055;50,724225360000048;5211125600110080000;0
34032;5;1;22;0;2021;3;17;3;3;0;1;1;0;0;0;0;0;0;361827,451552153564990;5667689,308247106149793;7,024675586000058;51,143961977000060;5210302503400970000;0
34035;5;1;24;0;2021;6;9;5;3;6;6;1;0;1;0;0;0;0;368639,882999883964658;5682981,512999508529902;7,116407850000030;51,283001748000061;5210610503100590000;0
34040;5;5;62;32;2021;10;7;5;2;5;2;1;1;0;0;0;1;0;373327,860560571774840;5718863,922987684607506;7,170748871000058;51,606548032000035;5211028701110800000;0
34053;5;3;82;68;2021;9;15;7;3;5;3;1;1;0;0;0;0;0;370657,010086477734149;5629061,206645363941789;7,164570976000050;50,798840046000066;5210925607000780000;0
34054;5;1;24;0;2021;12;16;4;3;5;2;1;1;0;0;0;1;0;370840,098212819546461;5676865,578615173697472;7,150147127000025;51,228538498000034;5211201503100290000;1
34061;5;5;62;20;2021;4;12;7;3;4;6;1;1;0;0;0;0;0;371199,116014189086854;5717942,025837387889624;7,140363889000071;51,597780207000028;5210403701200840000;0
34064;5;3;82;68;2021;6;18;3;2;5;2;1;1;0;0;0;0;0;371581,421503654681146;5630737,713949602097273;7,177095138000027;50,814114500000073;5210601607400270000;0
34065;5;3;15;0;2021;12;13;2;3;5;2;1;1;0;0;0;0;0;358350,450999828055501;5642957,857999397441745;6,984667593000040;50,920854208000037;5211220601000290000;0
34071;5;1;13;0;2021;10;16;1;3;0;2;1;1;0;0;0;0;0;361511,608999849297106;5694894,694999445229769;7,009626442000069;51,388371945000074;5211024502229070000;0
34080;5;5;62;20;2021;12;14;2;3;5;3;1;1;0;0;0;0;0;368811,899456480517983;5718395,919272840023041;7,105747430000065;51,601308269000072;5211227701200270000;1
34082;5;5;62;20;2021;1;15;3;2;5;3;1;1;0;0;0;0;0;371435,640172842890024;5720024,848394010215998;7,143013172000053;51,616552230000082;5210112701200130000;0
34083;5;1;58;8;2021;6;10;5;3;3;2;1;1;0;0;0;0;0;360226,600999839603901;5672818,635999426245689;6,999810943000057;51,189669399000081;5210617516700560000;0
34096;5;3;16;0;2021;11;13;1;3;0;1;1;0;0;0;0;0;0;366739,604999872855842;5657680,592999486252666;7,098552469000026;51,055174461000036;5211114601700970000;1
34097;5;3;78;16;2021;10;14;6;3;0;1;1;0;0;0;0;0;0;366023,027387410402298;5664058,952300686389208;7,085968919000038;51,112332303000073;5211001606700780000;0
34099;5;9;16;0;2021;2;13;1;3;5;3;1;1;0;0;0;0;0;370890,178195435553789;5709707,606883119791746;7,138930074000029;51,523707754000043;5210221300420630000;0
34105;5;1;13;0;2021;9;9;7;2;0;1;1;0;0;0;0;0;0;362559,356999853625894;5701004,156999455764890;7,022306545000049;51,443529357000045;5210918502106450000;0
34108;5;1;13;0;2021;5;18;5;3;0;3;1;1;0;0;0;0;0;361790,209052419289947;5705879,178575454279780;7,009340092000059;51,487150865000046;5210520502325670000;0
34110;5;5;62;14;2021;11;14;4;3;3;2;1;0;0;0;0;0;1;361262,003538520075381;5714320,766114778816700;6,998412769000026;51,562879377000058;5211103701300040000;1
34122;5;1;13;0;2021;6;14;5;3;3;2;1;1;0;0;0;0;0;366397,567298117093742;5695250,317154036834836;7,079671111000039;51,392739192000079;5210610502232570000;0
34124;5;3;78;20;2021;9;15;6;3;8;6;1;1;0;0;0;0;0;367348,745384441688657;5656485,212727071717381;7,107677001000070;51,044572000000073;5210903606700980000;0
34129;5;3;16;0;2021;1;16;4;3;5;3;1;1;0;0;0;0;0;358947,388670895248652;5654779,736181527376175;6,988568955000062;51,027243737000049;5210113601700700000;0
34131;5;1;58;32;2021;12;10;6;2;5;2;1;1;0;0;0;0;0;363992,781999859958887;5688963,732999470084906;7,047532106000062;51,335672188000046;5211224516100880000;1
34134;5;5;13;0;2021;6;17;6;3;5;3;1;1;0;0;0;0;0;364935,898999867029488;5716758,769999483600259;7,050445592000074;51,585680078000053;5210611700000340000;0
34135;5;3;16;0;2021;6;20;2;3;0;3;1;1;0;0;0;0;0;360919,465999844484031;5655326,445999432355165;7,016463118000047;51,032637584000042;5210628601700180000;0
34137;5;1;58;32;2021;2;15;6;3;2;6;1;1;0;0;0;0;0;370389,677037003450096;5692926,862044753506780;7,137866326000051;51,372783909000077;5210219516100160000;0
34139;5;5;54;20;2021;5;14;4;3;1;3;1;1;0;0;0;0;0;367035,414833202958107;5785541,998516244813800;7,054206702000045;52,204265548000080;5210519705000090000;1
34146;5;1;24;0;2021;3;13;3;3;5;3;1;1;0;0;0;0;0;369269,722516229376197;5679339,782262174412608;7,126765510000041;51,250417415000072;5210309503100390000;1
34147;5;5;62;14;2021;9;18;6;3;5;2;1;1;0;0;0;0;0;361494,234754794277251;5713402,822177117690444;7,002122602000043;51,554687662000049;5210903701300670000;0
34155;5;3;82;44;2021;9;11;4;2;5;3;1;1;0;0;0;0;0;363743,793999857269228;5627148,417999455705285;7,067237046000059;50,780064237000033;5210901607400070000;0
34163;5;1;13;0;2021;3;15;6;3;5;3;1;1;0;0;0;0;0;361731,692581885494292;5706754,646538861095905;7,008154879000074;51,495003782000026;5210319502325490000;0
34168;5;3;82;56;2021;11;18;5;3;5;3;1;1;0;0;0;2;0;370746,868988634087145;5624379,023039489984512;7,167491343000052;50,756775524000034;5211104607500070000;1
34170;5;5;54;20;2021;9;10;7;2;5;3;1;1;0;0;0;0;0;363194,407665763981640;5786742,530755482614040;6,997549273000061;52,214112601000068;5210911705000080000;0
34171;5;1;22;0;2021;5;16;2;3;5;3;1;1;0;0;0;0;0;361259,869161351583898;5667846,146058388054371;7,016506157000038;51,145234182000081;5210503503400740000;0
34176;5;5;58;12;2021;6;21;7;2;0;1;1;0;0;0;0;2;0;369380,272306608036160;5746617,504884235560894;7,103361693000068;51,855052893000050;5210605706000590000;0
34178;5;5;62;12;2021;4;18;3;2;3;6;1;0;0;1;0;0;0;367345,937574031762779;5733629,724868629127741;7,078808339000034;51,737862314000040;5210420701610550000;0
34179;5;3;78;4;2021;6;7;4;3;2;6;1;0;0;0;0;0;0;369628,936045239679515;5648551,545588962733746;7,143036764000044;50,973788181000032;5210602606110980000;0
34180;5;3;16;0;2021;9;13;4;3;0;2;1;1;0;0;0;0;0;359862,323325654491782;5659566,503813639283180;6,999754750000022;51,070485933000043;5210929601000850000;0
34182;5;3;14;0;2021;5;15;4;3;3;1;1;0;0;0;1;0;0;365677,733999867923558;5622306,753999471664429;7,096420039000066;50,736999043000026;5210512600110290000;0
34183;5;1;13;0;2021;6;16;3;3;5;3;1;1;0;0;0;0;0;365895,953999870456755;5701609,665999488905072;7,070059196000045;51,449770738000041;5210608502134480000;0
34184;5;3;14;0;2021;10;14;5;3;3;6;1;0;0;0;0;0;0;368144,284194894134998;5622039,125247947871685;7,131451068000047;50,735158811000076;5211014600140690000;0
34186;5;5;54;4;2021;11;17;4;3;5;3;1;1;0;0;0;2;0;362164,242218340747058;5772902,666227480396628;6,988096132000067;52,089502438000068;5211117705000890000;1
34189;5;1;13;0;2021;9;16;5;3;0;1;1;0;0;0;0;0;0;360310,554502406157553;5698747,087178047746420;6,990859006000051;51,422696504000044;5210923502210070000;0
34193;5;3;78;4;2021;5;14;7;3;1;3;1;1;0;0;0;0;0;364922,313490705564618;5652630,295916989445686;7,074520158000041;51,009361017000060;5210522606100880000;1
34196;5;3;15;0;2021;9;7;5;3;5;3;1;1;0;0;0;0;0;363172,180999855510890;5639361,167999450117350;7,054574352000031;50,889692703000037;5210923601620590000;0
34198;5;1;58;32;2021;2;16;4;3;5;3;1;1;0;0;0;0;0;362686,085075353272259;5690223,995375573635101;7,028299479000054;51,346683642000073;5210217516110280000;1
34217;5;5;13;0;2021;4;13;4;3;5;3;1;1;0;0;0;0;0;366891,164875657297671;5709323,346327623352408;7,081465197000057;51,519326191000061;5210414700100980000;0
34220;5;3;15;0;2021;4;6;6;3;6;4;1;0;1;0;0;0;0;358355,437151699326932;5639729,209614181891084;6,985991369000033;50,891839308000044;5210416601220220000;0
34222;5;5;13;0;2021;4;17;5;2;5;3;1;1;0;0;0;0;0;364671,269031196832657;5716649,135921878740191;7,046670496000047;51,584631378000040;5210401700000070000;0
34233;5;1;22;0;2021;2;18;5;3;5;2;1;0;0;1;0;2;0;364979,553999864496291;5668972,369999475777149;7,069229254000049;51,156245214000080;5210225503400780000;0
34237;5;3;15;0;2021;6;17;3;3;0;6;1;0;0;0;1;0;0;360801,503999842330813;5645044,673999426886439;7,018720791000021;50,940205414000047;5210615601600480000;0
34243;5;1;58;32;2021;10;14;1;2;8;1;1;0;0;0;0;0;0;370715,514620795845985;5688228,216556731611490;7,144252292000033;51,330630380000059;5211010516100180000;0
34245;5;3;15;0;2021;4;16;3;3;5;3;1;1;0;0;0;0;0;367448,686616561375558;5644998,507079998031259;7,113293916000032;50,941356922000068;5210420601600850000;0
34248;5;5;62;20;2021;5;16;3;2;1;5;1;1;0;0;0;0;0;371853,288805217482150;5718161,471183216199279;7,149723398000049;51,599901543000044;5210511701200490000;0
34249;5;3;15;0;2021;9;13;3;3;5;3;1;1;0;0;0;0;0;359115,229944737628102;5646136,854636181145906;6,994312391000051;50,949611373000039;5210921601500240000;0
34260;5;5;13;0;2021;6;2;6;3;0;7;1;0;0;0;0;2;0;364496,592726261354983;5713447,653336690738797;7,045385441000064;51,555819668000026;5210618700200260000;0
34262;5;1;13;0;2021;9;13;6;3;3;6;1;1;0;0;0;0;0;362629,160900185815990;5701478,163249237462878;7,023126350000041;51,447805927000047;5210917502111880000;0
34268;5;5;58;12;2021;9;18;4;2;5;2;1;1;0;0;0;0;0;374196,296013422310352;5756905,943704314529896;7,169497425000031;51,948616550000054;5210908706200350000;0
34271;5;5;62;12;2021;3;12;3;3;5;2;1;1;0;0;0;0;0;362623,731827990151942;5724709,371515935286880;7,013974855000072;51,656566415000043;5210330701610630000;0
34273;5;3;15;0;2021;6;21;5;3;0;1;1;0;0;0;0;0;0;359941,115173053927720;5647729,950840203091502;7,005449308000038;50,964129980000052;5210603601500890000;0
34274;5;3;14;0;2021;10;16;3;3;5;3;1;1;0;0;0;0;0;366331,420999871566892;5622363,383999474346638;7,105657964000045;50,737658854000074;5211026600110080000;0
34275;5;3;15;0;2021;11;6;6;3;5;2;1;1;0;0;0;2;0;365990,607807237654924;5643739,404500387609005;7,093015208000054;50,929703548000077;5211119601600450000;1
34276;5;3;78;8;2021;9;13;7;2;0;3;1;0;0;1;0;0;0;369997,624485182575881;5661828,201729927212000;7,143522141000062;51,093198599000061;5210918606700280000;0
34280;5;5;62;24;2021;9;5;6;3;4;6;1;0;0;0;0;2;0;366621,233139538206160;5724500,678170703351498;7,071809874000053;51,655653792000066;5210917701500570000;1
34290;5;3;15;0;2021;11;14;2;3;1;5;1;1;0;0;0;0;0;359348,974407378584146;5644778,645226240158081;6,998162360000038;50,937462104000076;5211129601600660000;1
34293;5;3;14;0;2021;3;23;4;3;0;7;1;0;0;0;0;2;0;364338,768999859690666;5623879,623999461531639;7,076876726000023;50,750824502000057;5210310600110170000;1
34303;5;3;15;0;2021;12;19;4;3;5;5;1;1;0;0;0;2;0;360096,134106636978686;5644926,249694122001529;7,008732865000070;50,938970402000052;5211201601600390000;1
34310;5;5;54;4;2021;5;12;4;3;5;3;1;1;0;0;0;0;0;362785,704414413310587;5771692,132689923048019;6,997648259000073;52,078779807000046;5210526705000880000;0
34322;5;9;11;0;2021;10;18;6;2;0;1;1;0;0;0;0;1;0;372109,377856220118701;5700783,008411398157477;7,159726836000061;51,443778880000082;5211029300400090000;0
34329;5;5;62;14;2021;12;16;4;3;5;3;1;1;0;0;0;1;0;361580,032495917752385;5712489,441350774839520;7,003718796000044;51,546500909000031;5211215701300690000;1
34341;5;3;15;0;2021;10;16;7;3;5;7;1;1;0;0;0;0;0;360045,568999838083982;5644910,034999420866370;7,008019860000047;50,938812407000057;5211002601600280000;0
34342;5;3;15;0;2021;12;10;2;3;5;2;1;1;0;0;0;0;0;359721,760124373249710;5647256,118708435446024;7,002510223000058;50,959818240000061;5211220601500390000;0
34345;5;3;15;0;2021;12;11;3;3;5;3;1;1;0;0;0;0;0;365148,088275858201087;5637062,779338968917727;7,083498831000043;50,869500264000067;5211214601600370000;0
34346;5;5;62;24;2021;10;5;5;3;3;6;1;0;0;0;0;2;1;373987,481583560816944;5725841,425312483683228;7,177756915000032;51,669402634000051;5211014701500780000;1
34348;5;3;14;0;2021;6;18;4;3;5;3;1;1;0;0;0;0;0;369361,025999883189797;5616862,758999496698380;7,150516370000048;50,688907287000063;5210616600380470000;0
34349;5;1;13;0;2021;9;18;3;3;0;7;1;0;0;0;0;0;0;360876,190970496274531;5705174,338129375129938;6,996461649000025;51,480592871000056;5210907502325870000;0
34354;5;1;22;0;2021;6;17;3;3;0;7;1;1;0;0;0;0;0;365716,348279521800578;5672475,644036343321204;7,078450377000024;51,187903139000070;5210601503400570000;0
34365;5;3;15;0;2021;9;14;7;3;5;3;1;1;0;0;0;0;0;361423,453465409576893;5645348,168759066611528;7,027452221000033;50,943082810000078;5210918601600980000;0
34367;5;3;78;4;2021;6;9;4;3;5;3;1;1;0;0;0;0;0;367566,050999877043068;5647126,147999493405223;7,114189558000021;50,960506496000050;5210609606110270000;0
34370;5;3;15;0;2021;6;17;2;3;4;7;1;0;0;0;1;0;0;363854,635360726155341;5638590,275167832151055;7,064558802000022;50,882925528000044;5210614601620370000;0
34371;5;1;13;0;2021;10;5;1;3;6;7;1;0;1;0;0;2;1;365902,419136568903923;5703983,343849806115031;7,069251995000059;51,471103755000058;5211017502135680000;0
34374;5;3;82;12;2021;6;18;4;3;5;3;1;1;0;0;0;0;0;361747,736365565098822;5625948,803809767588973;7,039391962000025;50,768810160000044;5210602600360330000;0
34381;5;1;13;0;2021;11;15;4;2;1;3;1;1;0;1;0;0;0;360867,457993844524026;5694559,905848730355501;7,000505833000034;51,385205831000064;5211110502229090000;0
34387;5;5;62;14;2021;9;18;5;3;5;3;1;1;0;0;0;0;0;361023,687426799908280;5714949,277864124625921;6,994728295000073;51,568468582000037;5210923701300080000;0
34395;5;3;15;0;2021;2;7;6;3;0;6;1;0;0;0;0;1;0;364372,715410746634007;5649131,423288486897945;7,067997180000020;50,977785955000058;5210219601510320000;0
34398;5;3;78;28;2021;9;13;1;2;0;6;1;0;0;0;0;0;0;371708,962277281098068;5642726,591198153793812;7,174699962000034;50,921900561000029;5210926606400080000;0
34406;5;3;78;4;2021;10;17;7;3;3;2;1;1;0;0;0;0;0;365917,897776001133025;5650244,857774384319782;7,089584250000030;50,988154845000054;5211009606100270000;0
34411;5;3;15;0;2021;2;12;5;3;1;7;1;1;0;0;0;0;0;363388,939630423672497;5638533,005971580743790;7,057963938000057;50,882300897000050;5210225601600170000;0
34413;5;1;24;0;2021;9;17;4;3;0;7;1;0;0;0;0;0;0;370605,936859581619501;5680221,735798131674528;7,145582374000071;51,258648626000081;5210908503100270000;0
34421;5;3;78;20;2021;6;15;5;3;5;3;1;1;0;0;0;0;0;367792,840275035239756;5655102,136249631643295;7,114513260000024;51,032243885000071;5210610606000630000;0
34422;5;5;13;0;2021;9;13;6;3;5;3;1;1;0;0;0;0;0;366463,019999872893095;5714484,887999499216676;7,073339464000071;51,565609740000070;5210917700000590000;0
34424;5;3;14;0;2021;6;9;1;3;0;7;1;0;0;0;0;0;0;363459,192646784707904;5622584,444086823612452;7,064895543000034;50,738977509000051;5210620600110390000;0
34433;5;3;15;0;2021;4;16;6;3;5;3;1;1;0;0;0;0;0;366826,619793285615742;5636933,719080025330186;7,107386939000037;50,868729448000067;5210423601600280000;0
34442;5;3;15;0;2021;11;12;4;3;0;3;1;1;0;0;0;0;0;362028,307571334764361;5648048,752575729042292;7,035032850000050;50,967498774000035;5211124601500480000;0
34443;5;3;15;0;2021;2;15;5;2;4;6;1;0;0;0;0;0;0;363137,514999854378402;5642229,956999454647303;7,053006338000046;50,915467608000029;5210225601600080000;0
34448;5;3;78;4;2021;6;8;4;3;5;2;1;1;0;0;0;0;0;369275,253320433199406;5646604,917745005339384;7,138701372000071;50,956212100000073;5210609606100060000;0
34451;5;3;78;28;2021;6;9;7;3;5;2;1;1;0;0;0;0;0;371715,639799444936216;5643878,639096856117249;7,174389539000060;50,932256704000054;5210605606140480000;1
34452;5;3;15;0;2021;9;12;3;3;5;2;1;0;0;0;1;0;0;358376,926999826915562;5644757,199999397620559;6,984345002000055;50,937031469000033;5210914601500740000;0
34454;5;5;54;16;2021;11;14;7;3;5;3;1;1;0;0;0;0;0;364573,784997363574803;5755546,370774656534195;7,030107064000049;51,934140477000028;5211106705000060000;0
34455;5;3;15;0;2021;6;13;4;3;0;5;1;1;0;0;0;0;0;361054,016255465336144;5640857,947476927191019;7,023907725000072;50,902639102000080;5210616601620990000;0
34456;5;3;14;0;2021;11;10;4;3;5;2;1;1;0;0;0;0;0;367639,217999877408147;5623203,617999486625195;7,123879477000060;50,745510480000064;5211117600140280000;1
34457;5;5;54;20;2021;12;15;4;3;5;2;1;1;0;0;0;0;0;365182,460090656764805;5784947,346676493063569;7,027344684000070;52,198472328000037;5211201705000820000;1
34459;5;3;78;4;2021;6;16;4;3;5;3;1;1;0;0;0;0;0;368694,690404223278165;5650402,368725623935461;7,129068546000042;50,990210635000039;5210602606100070000;0
34461;5;5;62;24;2021;4;16;2;3;6;4;1;0;1;0;0;0;0;373462,152199277654290;5725658,528498688712716;7,170230635000053;51,667640893000055;5210412701500140000;0
34463;5;1;13;0;2021;3;15;5;3;5;3;1;1;0;0;0;0;0;362311,133361909538507;5704103,719938272610307;7,017530312000076;51,471323010000049;5210311502325080000;1
34468;5;3;14;0;2021;9;9;5;3;5;3;1;1;0;0;0;0;0;365271,554035682231188;5621663,617049179971218;7,090902238000069;50,731124497000053;5210909600110370000;0
34470;5;5;62;14;2021;10;14;6;3;5;3;1;1;0;0;0;0;0;361386,938722473569214;5713957,935986895114183;7,000357100000031;51,559649650000040;5211001701300480000;0
34473;5;3;15;0;2021;12;11;6;3;3;3;1;0;0;0;1;0;0;364560,507999862544239;5645615,875999465584755;7,071979272000021;50,946234317000062;5211224601600170000;1
34476;5;3;15;0;2021;10;13;5;3;0;1;1;0;0;0;0;0;0;358654,278716176748276;5642615,452455932274461;6,989120171000025;50,917851489000043;5211007601600760000;0
34481;5;3;15;0;2021;11;14;6;2;0;7;1;0;0;0;0;0;0;363023,492609205655754;5639336,873192930594087;7,052470705000076;50,889439114000027;5211119601600880000;1
34485;5;5;62;24;2021;12;12;2;3;5;2;1;1;0;0;0;0;0;366934,117180169560015;5724376,521943660452962;7,076377583000067;51,654612226000040;5211206701500680000;1
34488;5;3;82;32;2021;5;17;2;3;5;3;1;1;0;0;0;0;0;362499,805876883678138;5610818,818387132138014;7,055684003000067;50,633004145000029;5210510600350670000;0
34491;5;1;13;0;2021;9;14;1;3;3;5;1;1;0;0;0;0;0;362935,792609811760485;5698673,507466476410627;7,028621784000052;51,422676194000076;5210926502214580000;0
34493;5;3;82;68;2021;11;12;6;3;2;6;1;0;0;0;0;0;0;367797,141029098071158;5632170,032446242868900;7,122891291000030;50,826136679000058;5211126607400080000;0
34495;5;3;15;0;2021;9;8;5;3;4;6;1;0;0;0;0;0;0;360147,872118768282235;5648154,813835320994258;7,008228450000047;50,967998500000078;5210916601500170000;0
34500;5;3;15;0;2021;6;11;2;3;0;2;1;1;0;0;0;0;0;363761,267697123810649;5648804,667465619742870;7,059414922000030;50,974704938000059;5210614601500120000;0