OID_;ULAND;UREGBEZ;UKREIS;UGEMEINDE;UJAHR;UMONAT;USTUNDE;UWOCHENTAG;UKATEGORIE;UART;UTYP1;IstRad;IstPKW;IstFuss;IstKrad;IstSonstige;ULICHTVERH;IstGkfz;LINREFX;LINREFY;XGCSWGS84;YGCSWGS84;UIDENTSTLAE;IstStrassenzustand
34504;5;3;15;0;2021;10;20;5;2;0;6;1;0;0;1;0;2;0;360324,376311577856541;5644649,453969744965434;7,012085477000028;50,936538121000069;5211007601600290000;0
34509;5;1;22;0;2021;9;8;6;3;0;1;1;0;0;0;0;0;0;365742,469547021202743;5669848,626639755442739;7,079805223000051;51,164299822000032;5210917503400200000;0
34512;5;3;14;0;2021;10;22;5;3;0;1;1;0;0;0;0;2;0;365525,424999866634607;5622217,674999468028545;7,094295331000069;50,736163160000046;5211021600110590000;1
34513;5;5;13;0;2021;9;20;4;3;0;7;1;0;0;0;0;2;0;366223,559123179875314;5714466,178231624886394;7,069893772000057;51,565384850000044;5210922700200670000;0
34521;5;1;58;32;2021;10;17;7;3;0;1;1;0;0;0;0;0;0;364105,982239204458892;5688617,398307599127293;7,049288292000028;51,332586827000057;5211030516110960000;0
34523;5;5;54;20;2021;9;19;1;2;5;6;1;1;0;0;0;1;0;364472,695023337379098;5787363,204352721571922;7,015999040000054;52,220005386000082;5210926705000620000;0
34524;5;3;15;0;2021;7;20;1;3;2;2;1;1;0;0;0;0;0;360265,549797832965851;5644965,894728459417820;7,011127417000068;50,939367778000076;5210711601610400000;0
34525;5;3;14;0;2021;3;20;1;3;5;2;1;1;0;0;0;2;0;364255,823968860320747;5623961,151278175413609;7,075671559000057;50,751537863000067;5210307600110580000;0
34528;5;5;54;20;2021;10;18;2;2;8;1;1;0;0;0;0;0;0;367027,326565723866224;5786237,603521037846804;7,053815240000063;52,210513921000029;5211011705000080000;0
34531;5;3;15;0;2021;6;16;4;3;5;2;1;1;0;0;0;0;0;361598,939163448289037;5649984,642264684662223;7,028184774000067;50,984794019000049;5210609601500690000;0
34536;5;5;54;4;2021;11;7;4;3;5;3;1;1;0;0;0;1;0;363033,799073677510023;5772328,157857744023204;7,001010896000025;52,084556146000068;5211124705000390000;0
34537;5;3;14;0;2021;7;9;4;3;1;5;1;0;0;0;0;0;1;365655,075999867171049;5618964,894999468699098;7,097316284000044;50,706957292000027;5210707600110390000;0
34539;5;3;14;0;2021;1;11;2;3;5;2;1;0;0;0;1;0;0;371316,695336537435651;5614410,414738969877362;7,179041590000054;50,667300401000034;5210118600380670000;0
34552;5;3;16;0;2021;7;11;7;3;9;1;1;0;0;0;0;0;0;358883,966723073273897;5655808,690726138651371;6,987264487000061;51,036475280000047;5210710601700490000;0
34557;5;1;13;0;2021;1;15;2;3;6;7;1;0;1;0;0;0;0;362565,466039361432195;5700267,172298857942224;7,022680505000039;51,436907956000027;5210111502215080000;0
34568;5;3;78;16;2021;12;14;5;3;5;3;1;1;0;0;0;0;0;360939,297748507000506;5662921,225640403106809;7,013825718000021;51,100896643000056;5211223606700870000;0
34573;5;3;15;0;2021;1;16;4;3;5;2;1;1;0;0;0;0;0;359504,232667073607445;5644798,061703136190772;7,000363171000060;50,937674449000042;5210113601610700000;0
34574;5;3;82;68;2021;9;0;4;2;2;2;1;0;0;0;1;2;0;367101,920074802823365;5629560,695450365543365;7,113970838000057;50,802525021000065;5210922607400480000;0
34580;5;3;15;0;2021;9;12;4;3;5;3;1;1;0;0;0;0;0;358955,362272247672081;5644592,098603030666709;6,992636093000044;50,935689457000080;5210908601600970000;0
34582;5;5;54;20;2021;10;10;7;3;8;6;1;0;0;0;0;0;0;367022,806749624200165;5786892,988004609942436;7,053491652000048;52,216401748000067;5211009705000220000;0
34593;5;5;54;20;2021;11;17;1;3;0;7;1;1;0;0;0;2;0;362336,888969456776977;5786865,403060205280781;6,984956010000076;52,215003048000028;5211121705000020000;0
34596;5;1;13;0;2021;5;9;3;3;0;7;1;0;0;0;0;0;0;362559,356999853625894;5701004,156999455764890;7,022306545000049;51,443529357000045;5210511502100270000;1
34603;5;1;24;0;2021;4;9;4;3;0;1;1;0;0;0;0;0;0;371090,318055881187320;5679949,485162291675806;7,152618531000030;51,256311525000058;5210428503100680000;0
34607;5;3;78;4;2021;6;13;3;3;2;2;1;1;0;0;0;0;0;368017,712404946796596;5651666,943297386169434;7,118968432000031;51,001421361000041;5210615606100270000;0
34609;5;3;78;4;2021;9;13;2;3;2;6;1;1;0;0;0;0;0;367084,873495132662356;5650679,775833288207650;7,106042548000062;50,992334363000055;5210920606100180000;0
34614;5;5;13;0;2021;2;9;2;3;5;3;1;1;0;0;0;0;0;366459,428263557143509;5715285,384426532313228;7,072983455000042;51,572802576000072;5210222700200030000;0
34620;5;1;13;0;2021;9;20;5;3;1;5;1;0;0;1;0;1;0;360475,875189964659512;5700522,496669810265303;6,992535890000056;51,438691608000056;5210902502209280000;0
34621;5;1;58;8;2021;9;18;4;2;3;6;1;1;0;0;0;0;0;362693,832632730714977;5674895,682132290676236;7,034300596000037;51,208933673000047;5210922516700980000;0
34622;5;5;13;0;2021;1;10;5;3;0;7;1;0;0;0;1;0;0;364914,245392103679478;5716768,166968712583184;7,050129616000049;51,585759332000066;5210114700000260000;0
34633;5;1;58;8;2021;1;17;5;2;5;3;1;1;0;0;0;2;0;360755,251703875139356;5672977,583983477205038;7,007309512000063;51,191226871000026;5210107516700990000;1
34634;5;5;13;0;2021;3;16;1;3;1;5;1;1;0;0;0;0;0;370094,574663484469056;5710593,516906160861254;7,127141585000061;51,531486878000067;5210321700100550000;0
34637;5;3;14;0;2021;9;16;7;3;0;1;1;0;0;0;0;0;0;364952,036512092687190;5623263,643253816291690;7,085791030000053;50,745431150000059;5210925600110480000;0
34641;5;1;24;0;2021;10;13;6;3;0;1;1;0;0;0;0;0;0;371045,650038693100214;5679936,284747408702970;7,151983517000076;51,256182787000057;5211029503100870000;0
34643;5;3;15;0;2021;9;10;5;3;5;3;1;1;0;0;0;0;0;362263,691890596412122;5651372,113335741683841;7,037123522000059;50,997422973000027;5210909601500780000;0
34649;5;3;78;4;2021;11;11;3;3;0;3;1;1;0;0;0;0;0;368325,102700905874372;5650338,394916899502277;7,123828603000049;50,989551226000060;5211102606100050000;0
34654;5;5;62;24;2021;11;13;7;2;5;2;1;1;0;0;0;0;0;373289,759489513002336;5725619,467613967135549;7,167753331000029;51,667251007000061;5211106701500640000;0
34656;5;5;54;4;2021;11;15;2;3;5;2;1;1;0;0;0;0;0;362726,494060608558357;5771181,975157540291548;6,996990030000063;52,074181191000037;5211122705000820000;0
34660;5;3;15;0;2021;9;12;3;3;0;1;1;0;0;0;0;0;0;359991,970068410038948;5647881,631435742601752;7,006114679000063;50,965505511000060;5210914601500980000;0
34664;5;3;78;4;2021;3;12;1;3;2;6;1;0;0;0;0;0;0;367398,217445219866931;5651003,823589159175754;7,110386592000054;50,995319058000064;5210314606100150000;1
34667;5;1;24;0;2021;6;19;7;2;0;1;1;0;0;0;0;0;0;369660,203988382592797;5680751,793216375634074;7,131843099000037;51,263196989000051;5210612503100860000;0
34668;5;1;20;0;2021;2;13;7;3;4;2;1;1;0;0;0;0;0;371544,714168748818338;5670865,665243664756417;7,162380685000073;51,174772982000036;5210227503300270000;0
34673;5;3;15;0;2021;10;19;4;3;5;2;1;1;0;0;0;1;0;361957,339999848976731;5648027,866999439895153;7,034030705000021;50,967294068000058;5211027601500750000;0
34685;5;1;24;0;2021;3;12;2;3;0;2;1;0;0;0;0;0;0;369034,808999883942306;5680416,597999511286616;7,123007216000076;51,260041157000046;5210308503100480000;1
34691;5;3;15;0;2021;1;13;5;3;5;2;1;1;0;0;0;0;0;363775,733133655972779;5645489,282326960936189;7,060861946000045;50,944911654000066;5210128601610800000;1
34692;5;3;82;24;2021;10;9;4;3;5;3;1;1;0;0;0;0;0;371339,336199940182269;5618666,309989443048835;7,177880297000058;50,705559254000036;5211027600120590000;0
34697;5;3;78;4;2021;6;17;3;3;0;1;1;0;0;0;0;0;0;367771,426820912398398;5647859,712329428642988;7,116845727000054;50,967146717000048;5210615606100580000;0
34698;5;3;15;0;2021;9;18;5;2;5;2;1;1;0;0;0;1;0;359872,137999837286770;5649177,311999421566725;7,003909975000056;50,977120765000052;5210909601500270000;1
34699;5;3;14;0;2021;2;15;3;3;0;1;1;0;0;0;0;0;0;366231,611324921250343;5622349,464571943506598;7,104249347000064;50,737510765000081;5210216600110070000;0
34701;5;5;13;0;2021;6;18;7;3;0;7;1;0;0;0;0;0;0;366916,681825374253094;5716141,447293527424335;7,079253352000023;51,580603753000048;5210626700200080000;0
34712;5;1;13;0;2021;6;22;2;2;1;7;1;1;0;0;0;2;0;363232,913999858312309;5700697,581999463960528;7,032110944000067;51,440937365000082;5210607502213050000;0
34723;5;5;62;16;2021;11;7;4;2;0;1;1;0;0;0;0;2;0;372634,801386018283665;5733227,501060660928488;7,155508998000073;51,735474507000049;5211124701700480000;1
34725;5;1;13;0;2021;7;1;1;2;0;3;1;1;0;0;0;2;0;362386,809999853372574;5701493,926999457180500;7,019634839000048;51,447888747000036;5210704502113360000;1
34726;5;3;78;16;2021;1;9;4;3;0;1;1;0;0;0;0;0;0;361042,781999844126403;5663350,908999431878328;7,015137388000028;51,104783273000066;5210127606700070000;1
34731;5;3;15;0;2021;11;16;6;3;0;3;1;1;0;0;0;1;0;365158,080148935317993;5636341,509625567123294;7,083906594000041;50,863020059000064;5211105601600280000;0
34732;5;3;82;56;2021;11;1;1;3;8;1;1;0;0;0;0;2;0;371320,392288234084845;5625246,978534724563360;7,175314694000065;50,764704424000058;5211107607500630000;1
34734;5;5;62;20;2021;6;12;2;3;5;3;1;1;0;0;0;0;0;371858,207197306677699;5718164,691830910742283;7,149793197000065;51,599931605000052;5210607701200380000;0
34743;5;3;14;0;2021;1;14;2;3;4;6;1;0;0;0;0;0;0;362839,701475529931486;5620404,530597591772676;7,056932193000023;50,719239024000046;5210111600310920000;0
34749;5;3;15;0;2021;11;7;3;3;5;3;1;1;0;0;0;0;0;361632,875511684454978;5644068,418369740247726;7,030917306000049;50,931631633000052;5211123601600660000;0
34751;5;3;14;0;2021;6;2;5;3;0;1;1;0;0;0;0;2;0;367768,557213701307774;5623430,841564174741507;7,125630151000053;50,747582255000054;5210610600140720000;0
34757;5;1;24;0;2021;6;16;3;3;5;3;1;1;0;0;0;0;0;372374,980497778393328;5682658,306867862120271;7,170051687000068;51,280946060000076;5210622503100270000;0
34760;5;3;15;0;2021;5;15;2;3;5;2;1;1;0;0;0;0;0;360754,610999840311706;5644300,427999427542090;7,018338177000032;50,933505394000065;5210531601600380000;0
34761;5;5;62;12;2021;5;17;4;2;3;2;1;1;0;0;0;0;0;362795,559999855235219;5731931,217999465763569;7,013617882000062;51,721504155000048;5210512701620040000;0
34764;5;5;13;0;2021;3;1;2;3;5;2;1;1;0;0;0;2;0;368678,155177365988493;5710178,555052261799574;7,106887591000032;51,527430046000063;5210308700100370000;0
34768;5;3;78;4;2021;9;18;4;3;0;5;1;1;0;0;0;0;0;367421,932645161636174;5645936,444571642205119;7,112571886000069;50,949780673000078;5210915606100070000;1
34769;5;3;15;0;2021;10;18;2;3;0;3;1;0;0;0;0;1;0;365150,706021202728152;5637706,188117910176516;7,083298770000056;50,875283616000047;5211004601600390000;0
34772;5;5;62;16;2021;6;11;4;2;0;1;1;0;0;0;0;0;0;373120,188006464391947;5738040,679832765832543;7,160777438000025;51,778839182000070;5210602701700380000;0
34781;5;3;14;0;2021;11;9;7;3;5;2;1;1;0;0;0;0;0;364339,645489087328315;5622973,811819363385439;7,077222754000047;50,742683428000078;5211106600110170000;0
34784;5;3;78;4;2021;4;16;3;3;1;5;1;1;0;0;0;0;0;365332,911379079334438;5653257,259866127744317;7,080136835000076;51,015092090000053;5210427606100830000;0
34785;5;3;14;0;2021;10;11;6;3;5;2;1;1;0;0;0;0;0;362800,000065551139414;5622663,926291741430759;7,055529367000076;50,739536508000072;5211001600110080000;0
34786;5;9;16;0;2021;12;13;5;3;1;5;1;1;0;0;0;0;0;373379,727179714478552;5708789,786216741427779;7,175126013000067;51,516022832000033;5211209300700570000;0
34787;5;1;13;0;2021;7;15;2;3;5;2;1;1;0;0;0;0;0;360852,495999845676124;5702754,559999438002706;6,997073365000062;51,458842256000082;5210705502104080000;1
34793;5;1;13;0;2021;12;13;3;3;0;3;1;1;0;0;0;0;0;361744,474999849684536;5705459,501999448984861;7,008846129000062;51,483368340000027;5211221502325040000;0
34797;5;1;24;0;2021;12;18;5;3;0;7;1;1;0;0;0;2;0;371132,806999893859029;5680235,391999524086714;7,153124103000039;51,258890697000027;5211209503100880000;1
34798;5;1;13;0;2021;6;13;7;3;0;3;1;0;0;0;0;0;0;360717,474731090478599;5696245,685010176151991;6,997690376000037;51,400318129000027;5210626502226970000;0
34801;5;3;78;20;2021;7;10;6;3;0;3;1;1;0;0;0;0;0;368071,544802308082581;5655404,431657932698727;7,118375680000042;51,035024839000073;5210702606100690000;0
34802;5;1;13;0;2021;9;10;2;3;0;1;1;0;0;0;0;0;0;361339,642999846488237;5702475,087999444454908;7,004190482000070;51,456450363000044;5210906502104680000;0
34803;5;3;15;0;2021;4;16;5;3;0;2;1;0;0;1;0;0;0;359663,285124636255205;5644819,404355676844716;7,002617228000076;50,937904988000071;5210422601500670000;0
34809;5;1;24;0;2021;10;11;7;3;4;7;1;1;0;0;0;0;0;365287,297406991012394;5677580,156921569257975;7,070397549000063;51,233676816000070;5211002503100390000;1
34811;5;9;11;0;2021;4;20;6;3;1;5;1;1;0;0;0;0;0;372149,722258926369250;5703451,431523684412241;7,159342474000027;51,467769519000058;5210423300210560000;0
34812;5;1;13;0;2021;6;16;3;3;0;1;1;0;0;0;0;0;0;360175,581999840214849;5700786,950999431312084;6,988113702000021;51,440994026000055;5210622502210850000;1
34819;5;3;15;0;2021;12;17;4;3;4;2;1;1;0;0;0;2;0;364872,983999863266945;5645483,642999466508627;7,076473838000027;50,945119201000068;5211201601600670000;1
34821;5;1;58;32;2021;9;16;7;3;0;1;1;0;0;0;0;0;0;365247,909829586744308;5688268,409840170294046;7,065802206000058;51,329722277000030;5210918516000930000;0
34825;5;1;13;0;2021;6;7;3;2;5;7;1;1;0;0;0;0;0;362600,165778509341180;5705664,770047513768077;7,021081974000026;51,485421481000060;5210615502338970000;0
34827;5;1;13;0;2021;11;13;3;3;5;2;1;1;0;0;0;0;0;361622,964489100500941;5704662,557507216930389;7,007409495000047;51,476177029000041;5211130502325170000;1
34828;5;3;14;0;2021;6;11;5;3;5;2;1;1;0;0;0;0;0;367871,951999878510833;5622606,941999489441514;7,127390423000065;50,740200514000037;5210624600140190000;0
34835;5;1;24;0;2021;9;12;6;3;4;2;1;1;0;0;0;0;0;370944,645999893546104;5676390,098999524489045;7,151814867000041;51,224288792000038;5210903503100290000;0
34836;5;3;15;0;2021;6;7;6;2;0;1;1;0;0;0;0;0;0;359280,778332111425698;5647739,731406498700380;6,996047937000071;50,964056967000033;5210611601500080000;0
34841;5;1;22;0;2021;9;16;4;3;0;2;1;1;0;0;0;0;0;366434,396073481999338;5669753,764621850103140;7,089730698000039;51,163609253000061;5210901503400270000;0
34856;5;1;13;0;2021;7;10;1;3;0;7;1;1;0;0;0;0;0;362072,195955359376967;5710645,317610822618008;7,011534692000055;51,530049665000035;5210711502340860000;1
34870;5;5;13;0;2021;11;14;3;3;5;2;1;1;0;0;0;0;0;368849,791999884881079;5715839,210999518632889;7,107249643000046;51,578340784000034;5211102700000890000;0
34872;5;1;13;0;2021;9;15;4;3;0;7;1;0;0;0;0;0;0;361236,154999846592546;5705291,026999441906810;7,001596292000045;51,481729891000043;5210908502325090000;0
34875;5;3;82;68;2021;7;13;3;3;5;3;1;1;0;0;0;0;0;370597,732999889180064;5629044,152999509125948;7,163736281000070;50,798673531000077;5210713607000870000;1
34876;5;3;14;0;2021;11;8;4;3;0;2;1;1;0;0;0;0;0;369300,126999884843826;5616224,472999496385455;7,149880397000061;50,683156506000046;5211110600380580000;1
34877;5;1;22;0;2021;3;13;4;3;5;2;1;1;0;0;0;0;0;359744,188999837264419;5667700,250999417155981;6,994908254000052;51,143553694000047;5210331503400680000;0
34878;5;3;15;0;2021;2;16;7;3;0;1;1;0;0;0;0;0;0;362111,173217602074146;5651588,222591917961836;7,034869281000056;50,999328665000064;5210220601500550000;0
34880;5;3;15;0;2021;7;10;3;3;5;3;1;1;0;0;0;0;0;366281,090960111469030;5635851,551225325092673;7,100034108000045;50,858877246000077;5210713601620760000;1
34884;5;3;14;0;2021;12;11;5;3;5;3;1;1;0;0;0;0;0;364417,612999861128628;5617926,296999458223581;7,080182270000023;50,697335202000033;5211230600110780000;1
34886;5;1;24;0;2021;6;21;5;3;8;1;1;0;0;0;0;1;0;372705,268299623392522;5680493,600891146808863;7,175555799000051;51,261564632000045;5210603503200770000;0
34888;5;5;54;16;2021;6;6;2;2;0;1;1;0;0;0;0;0;0;365673,085999870672822;5756162,194999502971768;7,045846787000073;51,939940567000065;5210614705000490000;0
34889;5;3;15;0;2021;11;17;4;3;0;6;1;0;1;0;0;2;0;361712,469883676618338;5650431,118719303980470;7,029631305000066;50,988833874000079;5211110601500490000;0
34890;5;1;13;0;2021;9;6;2;3;0;3;1;1;0;0;0;1;0;362555,648354833945632;5698332,688237085938454;7,023289883000075;51,419521371000030;5210927502214810000;0
34891;5;3;82;68;2021;2;11;6;3;5;3;1;1;0;0;0;0;0;367947,941999877803028;5629196,687999488785863;7,126101221000056;50,799446756000066;5210205607121380000;0
34899;5;1;24;0;2021;11;15;6;3;2;6;1;1;0;0;0;1;0;370278,592999889515340;5680516,240999517962337;7,140786870000056;51,261221062000061;5211119503100990000;1
34913;5;1;13;0;2021;11;8;6;3;0;2;1;1;0;0;0;0;0;361908,662999849766493;5706608,488999452441931;7,010759790000066;51,493733619000068;5211112502325840000;0
34914;5;3;14;0;2021;6;21;2;3;0;1;1;0;0;0;0;1;0;367140,635317282751203;5622504,180424097925425;7,117068707000044;50,739110029000074;5210607600140770000;0
34922;5;1;13;0;2021;4;8;5;3;2;6;1;1;0;0;0;0;0;362130,088104791939259;5694880,536868769675493;7,018515080000043;51,388395305000074;5210415502230150000;0
34925;5;1;13;0;2021;12;13;2;3;3;7;1;1;0;0;0;0;0;361520,819203743711114;5702323,466479925438762;7,006855909000024;51,455132185000082;5211220502111280000;0
34926;5;5;62;14;2021;11;7;3;3;5;3;1;1;0;0;0;0;0;361573,218999847769737;5713148,169999448582530;7,003361393000034;51,552418697000064;5211109701300420000;0
34928;5;1;13;0;2021;6;7;5;3;5;2;1;0;0;0;0;0;1;361162,982656255364418;5703443,911266108974814;7,001268979000031;51,465113216000077;5210610502103860000;0
34931;5;5;62;16;2021;11;12;6;3;5;3;1;1;0;0;0;0;0;374087,918999905698001;5734447,062999559566379;7,176099975000056;51,746762772000068;5211126701700450000;1
34937;5;3;15;0;2021;4;15;7;3;0;3;1;1;0;0;0;0;0;366461,734332887455821;5640390,758770303800702;7,100941190000071;50,899716240000032;5210424601600580000;0
34943;5;9;54;16;2021;10;9;3;3;5;2;1;1;0;0;0;0;0;373105,976287353783846;5695843,367712683975697;7,175828212000056;51,399609097000052;5211005310110960000;0
34946;5;5;54;44;2021;6;10;2;2;5;3;1;1;0;0;0;0;0;364376,391999865882099;5744326,508999481797218;7,031647696000050;51,833272810000039;5210628705000070000;0
34948;5;3;15;0;2021;4;17;5;3;5;3;1;0;0;1;0;0;0;368165,252383381128311;5639205,032218769192696;7,125581094000040;50,889450568000029;5210401601610750000;0
34949;5;1;13;0;2021;11;15;2;3;0;7;1;0;0;0;0;0;0;362960,194927489385009;5704030,339852560311556;7,026898104000054;51,470821155000067;5211129502338570000;1
34951;5;3;78;4;2021;5;14;2;3;5;3;1;1;0;0;0;0;0;367655,182497900910676;5646361,328126212581992;7,115736137000056;50,953653005000035;5210510606100080000;0
34952;5;3;78;4;2021;9;16;2;3;0;1;1;0;0;0;0;0;0;368817,966999881900847;5646206,141999505460262;7,132337795000069;50,952524072000074;5210920606100470000;0
34955;5;9;11;0;2021;9;17;2;2;0;1;1;0;0;0;0;0;0;371660,511542878113687;5698633,168576939031482;7,154050619000031;51,424356398000043;5210920300400990000;0
34957;5;1;13;0;2021;9;16;4;3;5;3;1;1;0;0;0;0;0;362025,741999849677086;5692285,321999449282885;7,018024144000037;51,365047968000056;5210901502230270000;0
34959;5;3;15;0;2021;7;16;4;3;3;6;1;1;0;0;0;0;0;367897,741404702886939;5641772,867487905547023;7,120850763000021;50,912468679000028;5210707601620180000;0
34960;5;3;78;16;2021;10;8;2;3;0;6;1;0;0;0;0;1;0;360386,456221857108176;5663862,028305308893323;7,005570759000022;51,109217171000068;5211025606800060000;0
34961;5;3;14;0;2021;2;16;6;3;3;6;1;1;0;0;0;0;0;366335,499263585545123;5621985,906708853319287;7,105852624000022;50,734267030000069;5210205600110490000;0
34962;5;3;15;0;2021;6;17;5;3;1;5;1;1;0;0;0;0;0;365820,105904716998339;5638405,548891736194491;7,092551059000073;50,881725067000048;5210617601600870000;0
34979;5;3;14;0;2021;4;18;3;3;3;1;1;0;0;0;0;0;0;364132,930090307258070;5616707,915045442059636;7,076601653000068;50,686318064000034;5210420600310080000;0
34986;5;1;22;0;2021;4;14;3;3;2;6;1;1;0;0;0;0;0;361700,291056491434574;5671001,894296862185001;7,021585498000036;51,173701124000047;5210427503400460000;0
34992;5;3;14;0;2021;11;12;7;3;5;2;1;1;0;0;0;0;0;365901,658999868668616;5623443,623999474570155;7,099177800000064;50,747268918000032;5211113600110670000;1
34994;5;9;11;0;2021;6;8;4;3;3;6;1;0;0;0;1;0;0;372715,119574107229710;5701146,156882030889392;7,168307703000039;51,447179030000029;5210602300400170000;0
34995;5;3;14;0;2021;6;7;4;3;0;1;1;0;0;0;0;0;0;369653,075478223152459;5623627,782615877687931;7,152258412000037;50,749778589000073;5210616600140290000;0
34998;5;1;13;0;2021;5;13;6;3;0;7;1;0;1;0;0;0;0;362104,938744612038136;5710709,346517074853182;7,011981359000060;51,530633043000080;5210507502340080000;0
35006;5;3;14;0;2021;10;17;2;3;5;2;1;1;0;0;0;0;0;365674,488999868743122;5622288,892999472096562;7,096380588000045;50,736837758000036;5211025600110990000;0
35010;5;1;13;0;2021;7;10;2;3;0;1;1;0;0;0;0;0;0;360162,211032142862678;5700839,062579322606325;6,987900854000031;51,441459014000031;5210705502209780000;1
35012;5;3;16;0;2021;10;8;6;3;1;5;1;1;0;0;0;0;0;363201,501291709952056;5658795,290934693068266;7,047677987000043;51,064360522000072;5211001601700470000;0
35019;5;5;13;0;2021;9;15;1;2;0;7;1;0;0;0;0;0;0;365923,416555876843631;5712461,770974690094590;7,066330253000046;51,547300937000045;5210926700000680000;0
35021;5;5;58;12;2021;12;9;5;2;0;7;1;0;0;0;0;0;0;374448,855999908410013;5755991,674999568611383;7,173504127000058;51,940457563000052;5211209706000500000;2
35025;5;3;15;0;2021;10;19;1;2;0;1;1;0;0;0;0;2;0;360069,712764291092753;5647642,437869673594832;7,007313115000045;50,963374740000063;5211017601500680000;0
35031;5;3;14;0;2021;7;16;1;3;0;6;1;1;0;0;0;0;0;371280,860999893397093;5614389,314999507740140;7,178542123000057;50,667102825000029;5210704600380080000;1
35033;5;3;78;4;2021;11;9;5;3;5;2;1;1;0;0;0;0;0;370187,927999888546765;5648096,925999509170651;7,151156708000030;50,969828396000025;5211111606100570000;0
35034;5;5;54;4;2021;12;17;7;3;5;3;1;1;0;0;0;2;0;362709,289505410008132;5772577,001563815400004;6,996177705000036;52,086711703000049;5211218705000090000;1
35044;5;5;54;56;2021;10;15;7;3;5;3;1;0;0;1;0;0;0;361722,582578925415874;5761120,900689337402582;6,986417454000048;51,983529194000027;5211009705000680000;0
35046;5;5;54;20;2021;6;1;4;3;1;1;1;1;0;0;0;2;0;366498,978070112876594;5782490,218826757743955;7,047563501000070;52,176714307000054;5210602705000220000;0
35047;5;3;16;0;2021;11;10;1;2;0;1;1;0;0;0;0;0;0;359019,946374076418579;5654238,040220394730568;6,989813597000023;51,022393357000055;5211114601700690000;1
35051;5;5;62;14;2021;6;19;4;3;5;2;1;1;0;0;0;0;0;362418,844962548464537;5712284,244097154587507;7,015888482000037;51,544862081000076;5210609701300770000;0
35052;5;5;54;16;2021;5;0;7;2;0;7;1;0;0;0;0;2;0;363332,895999860018492;5757128,609999472275376;7,011440150000055;51,948054574000082;5210529705000890000;0
35057;5;3;14;0;2021;3;8;5;3;5;3;1;1;0;0;0;0;0;363627,300400140695274;5618957,427625466138124;7,068617586000073;50,706418068000062;5210304600310050000;1
35059;5;1;24;0;2021;9;13;4;3;3;6;1;1;0;0;0;0;0;371349,478196959942579;5680732,506735503673553;7,156048819000034;51,263407419000032;5210901503100880000;0
35066;5;3;14;0;2021;10;15;2;3;0;1;1;0;0;0;0;0;0;366383,622498247772455;5621841,276623601093888;7,106586602000050;50,732978168000045;5211025600110590000;0
35069;5;5;13;0;2021;9;15;1;3;2;3;1;1;0;0;0;0;0;369039,404684492386878;5708122,630954595282674;7,112856245000046;51,509037730000045;5210905700100980000;0
35073;5;9;11;0;2021;5;12;6;3;0;6;1;0;0;0;1;0;0;371501,323697380721569;5703195,890959398820996;7,150105611000072;51,465326091000065;5210521300210650000;0
35075;5;3;16;0;2021;7;20;6;2;0;1;1;0;0;0;0;0;0;362424,524999851360917;5659967,754999449476600;7,036150263000025;51,074711906000061;5210709601700080000;0
35078;5;5;58;12;2021;4;14;7;3;5;3;1;0;0;0;0;0;0;369134,627327980473638;5745732,452205577865243;7,100132007000070;51,847042056000078;5210417706200370000;0
35079;5;5;13;0;2021;9;17;2;3;4;7;1;0;0;0;0;0;0;367382,929688207805157;5708510,198135573416948;7,088854836000053;51,512134347000028;5210906700100990000;0
35080;5;5;62;24;2021;5;14;2;3;1;5;1;1;0;0;0;0;0;367023,874656235799193;5724985,675966780632734;7,077442644000030;51,660107579000055;5210510701500380000;0
35084;5;1;24;0;2021;2;10;4;3;0;3;1;1;0;0;0;0;0;372748,395134104415774;5680609,592089293524623;7,176132306000056;51,262616735000051;5210224503200260000;0
35085;5;5;54;4;2021;10;15;5;3;5;3;1;1;0;0;0;0;0;361925,690144467167556;5773003,763099862262607;6,984575521000068;52,090351360000057;5211028705000980000;0
35088;5;3;15;0;2021;6;12;4;2;5;3;1;1;0;0;0;0;0;360963,103999841958284;5640902,582999434322119;7,022598593000055;50,903018369000051;5210623601620310000;0
35093;5;1;58;32;2021;11;11;5;3;0;2;1;1;0;0;0;0;0;365071,773131909780204;5689424,078592604026198;7,062837722000040;51,340066323000030;5211111516100080000;0
35094;5;3;14;0;2021;5;18;3;3;8;1;1;0;0;0;0;0;0;370696,224623296409845;5615448,739163663238287;7,169903307000027;50,676495820000071;5210504600380750000;0
35100;5;1;58;8;2021;3;15;5;3;5;3;1;1;0;0;0;0;0;360446,595999841578305;5673361,591999428346753;7,002746064000064;51,194602561000067;5210311516700880000;0
35101;5;5;54;36;2021;11;16;4;3;0;7;1;1;0;0;0;1;0;369994,143240159377456;5765950,549208501353860;7,104960954000035;52,028925748000063;5211124705000190000;0
35106;5;3;78;4;2021;10;13;2;3;3;3;1;1;0;0;0;0;0;366374,133665050379932;5649628,407922919839621;7,096307598000067;50,982720562000054;5211018606100370000;0
35107;5;3;14;0;2021;11;20;6;3;5;2;1;1;0;0;0;2;0;364055,072999859228730;5624159,254999460652471;7,072754264000025;50,753271397000049;5211119600110170000;0
35110;5;3;15;0;2021;11;6;6;3;7;7;1;0;0;0;1;2;0;358662,044859847053885;5642601,173650003969669;6,989236117000075;50,917725066000060;5211112601600490000;0
35113;5;5;62;12;2021;10;19;6;3;5;3;1;1;0;0;0;2;0;361494,452359201386571;5736279,464698402211070;6,993062425000062;51,760256978000029;5211022701610980000;0
35117;5;3;14;0;2021;11;15;3;3;3;5;1;1;0;0;1;0;0;364977,294713839888573;5622344,704392440617085;7,086485584000059;50,737177713000051;5211123600110080000;0