OID_;ULAND;UREGBEZ;UKREIS;UGEMEINDE;UJAHR;UMONAT;USTUNDE;UWOCHENTAG;UKATEGORIE;UART;UTYP1;IstRad;IstPKW;IstFuss;IstKrad;IstSonstige;ULICHTVERH;IstGkfz;LINREFX;LINREFY;XGCSWGS84;YGCSWGS84;UIDENTSTLAE;IstStrassenzustand
35128;5;1;13;0;2021;10;7;6;3;4;7;1;0;0;0;0;1;0;361798,288077635690570;5706627,343445649370551;7,009163460000025;51,493876081000053;5211029502325570000;0
35130;5;1;58;8;2021;5;18;6;3;5;3;1;1;0;0;0;0;0;360421,328560143709183;5674228,441717837005854;7,002047617000073;51,202386527000044;5210528516700080000;0
35131;5;3;14;0;2021;7;23;7;3;0;1;1;0;0;0;0;2;0;365785,005300556309521;5622359,379243578761816;7,097920200000033;50,737496836000048;5210710600110580000;1
35135;5;5;58;12;2021;6;12;6;3;5;3;1;1;0;0;0;0;0;372972,343254292383790;5755418,532948851585388;7,152247746000057;51,934971980000057;5210618706000690000;0
35140;5;3;14;0;2021;9;17;2;3;3;6;1;0;0;0;1;0;0;366174,904320929199457;5622355,262904312461615;7,103444065000076;50,737549815000079;5210920600110380000;0
35146;5;3;15;0;2021;10;14;6;3;0;2;1;1;0;0;0;0;0;364232,094432837329805;5638482,745509376749396;7,069961441000032;50,882047918000069;5211029601600590000;0
35152;5;3;15;0;2021;9;13;6;3;5;3;1;1;0;0;0;0;0;360494,340521467849612;5646655,141126075759530;7,013734637000027;50,954604729000039;5210924601500060000;0
35154;5;3;15;0;2021;4;19;2;3;5;2;1;1;0;0;0;0;0;360012,867999836802483;5648032,982999417930841;7,006353855000043;50,966870801000027;5210419601500280000;0
35155;5;3;14;0;2021;12;7;4;3;5;2;1;0;0;0;1;2;0;366331,420999871566892;5622363,383999474346638;7,105657964000045;50,737658854000074;5211215600110970000;1
35156;5;5;13;0;2021;3;15;2;3;5;2;1;1;0;0;0;0;0;367776,461999879218638;5713674,870999509468675;7,092583015000059;51,558639899000070;5210322700000370000;0
35160;5;5;13;0;2021;6;17;1;3;5;2;1;1;0;0;0;0;0;366888,266999877057970;5706788,703999498859048;7,082380235000073;51,496547508000049;5210613700100080000;0
35169;5;3;15;0;2021;4;15;7;3;5;3;1;1;0;0;0;0;0;362103,043054642155766;5644277,529935069382191;7,037524871000073;50,933623587000056;5210417601610230000;0
35170;5;1;22;0;2021;6;7;4;3;3;2;1;1;0;0;0;0;0;360081,335050308145583;5669542,165146121755242;6,999008899000046;51,160189072000037;5210623503400690000;0
35172;5;3;14;0;2021;2;16;6;3;3;6;1;0;0;0;0;0;0;364965,914353500120342;5621995,866000948473811;7,086452203000022;50,734039746000064;5210219600110890000;0
35178;5;5;54;20;2021;10;11;7;3;0;1;1;0;0;0;0;0;0;366215,753999873995781;5782750,103999510407448;7,043321491000029;52,178980889000059;5211016705000080000;0
35201;5;5;13;0;2021;4;9;4;3;5;2;1;1;0;0;0;0;0;366212,361999871209264;5714455,602999497205019;7,069736345000024;51,565287159000036;5210407700000720000;1
35202;5;3;78;4;2021;9;12;1;3;0;7;1;0;0;0;0;0;0;368792,783252755180001;5651967,789086002856493;7,129899804000047;51,004302551000080;5210926606100880000;0
35207;5;1;13;0;2021;9;12;4;3;5;2;1;1;0;0;0;0;0;360384,346999842673540;5700480,108999431133270;6,991236573000037;51,438288149000073;5210915502200270000;1
35210;5;3;16;0;2021;12;10;5;3;0;3;1;1;0;0;0;0;0;361072,693775161169469;5659276,121448969468474;7,017131317000064;51,068170521000070;5211230601700980000;1
35217;5;3;78;8;2021;3;12;5;3;6;6;1;0;1;0;0;0;0;371186,759956274181604;5663105,044811127707362;7,160038380000060;51,104942828000048;5210304606700570000;1
35222;5;3;78;4;2021;3;15;2;3;5;3;1;1;0;0;0;0;0;368563,602538249455392;5650389,767146218568087;7,127206339000054;50,990067455000030;5210329606100560000;0
35223;5;3;15;0;2021;12;18;6;3;1;5;1;1;0;0;0;2;0;359590,334019278176129;5644806,893976975232363;7,001584427000068;50,937774797000031;5211210601600390000;1
35228;5;9;16;0;2021;6;12;5;3;3;2;1;1;0;0;0;0;0;371778,004011536017060;5710551,210004277527332;7,151413464000029;51,531491484000071;5210603300600430000;0
35230;5;1;13;0;2021;10;8;6;3;5;3;1;1;0;0;0;0;0;363696,587914288975298;5707345,830524398013949;7,036214090000044;51,500793570000042;5211015502339090000;0
35233;5;5;13;0;2021;6;19;6;3;5;2;1;1;0;0;0;0;0;367358,873999876901507;5707121,211999503895640;7,089030779000041;51,499646282000072;5210611700100780000;0
35234;5;3;14;0;2021;12;18;6;3;5;3;1;1;0;0;0;2;0;364421,780999861657619;5622826,683999460190535;7,078440340000043;50,741380251000066;5211203600110060000;1
35239;5;3;15;0;2021;3;13;2;3;6;6;1;0;1;0;0;0;0;358471,633274256251752;5644699,852356653660536;6,985714295000037;50,936539335000077;5210308601610620000;0
35242;5;3;15;0;2021;12;17;3;3;5;3;1;0;0;0;0;2;0;358620,595999828539789;5640331,048999404534698;6,989526163000050;50,897313077000035;5211207601200090000;0
35243;5;1;13;0;2021;6;7;2;3;5;3;1;1;0;0;0;0;0;363178,454123595729470;5700609,116445936262608;7,031362031000072;51,440129216000059;5210614502114960000;0
35247;5;1;22;0;2021;4;14;7;3;0;7;1;1;0;0;0;0;0;360900,792829120531678;5669080,387646201997995;7,010898983000061;51,156238976000054;5210417503400360000;0
35257;5;5;54;16;2021;1;7;3;3;7;7;1;0;0;0;0;1;0;363582,259851660579443;5757278,788209056481719;7,015006538000023;51,949465228000065;5210126705000340000;1
35261;5;3;78;8;2021;10;20;4;3;8;1;1;0;0;0;0;2;0;370086,764101546257734;5663393,071555482223630;7,144231195000032;51,107283263000056;5211020606700750000;1
35264;5;3;15;0;2021;6;8;3;3;1;2;1;1;0;0;0;0;0;365117,135197589173913;5638334,286834549158812;7,082590162000031;50,880920912000079;5210622601620180000;0
35267;5;3;78;4;2021;9;8;3;3;3;2;1;1;0;0;0;0;0;370070,134326534345746;5647303,387373883277178;7,149763413000073;50,962669624000057;5210928606100730000;0
35270;5;3;15;0;2021;6;16;6;3;5;3;1;1;0;0;0;0;0;363026,724999853409827;5638035,487999454140663;7,053004356000031;50,877743704000068;5210604601620490000;0
35283;5;5;62;24;2021;6;7;4;3;5;2;1;1;0;0;0;0;0;370282,605263770557940;5727008,606033761054277;7,123778407000032;51,679048508000051;5210602701500780000;0
35288;5;5;62;24;2021;11;11;5;3;5;3;1;1;0;0;0;0;0;373458,754324245266616;5725658,011327501386404;7,170181715000069;51,667635480000058;5211118701500260000;0
35292;5;3;14;0;2021;9;15;4;3;5;2;1;1;0;0;0;0;0;367361,488906485959888;5623885,714204067364335;7,119699476000051;50,751577808000036;5210922600140130000;0
35294;5;3;14;0;2021;10;10;7;3;5;2;1;1;0;0;0;0;0;366331,420999871566892;5622363,383999474346638;7,105657964000045;50,737658854000074;5211023600110690000;0
35299;5;5;13;0;2021;12;16;4;3;0;7;1;0;0;0;0;2;0;366493,111965804360807;5718706,961111258715391;7,072167793000062;51,603558556000053;5211208700000280000;0
35300;5;3;78;4;2021;6;15;5;3;5;3;1;1;0;0;0;0;0;368826,417999882251024;5650388,835999501869082;7,130949312000041;50,990119042000060;5210603606100970000;0
35302;5;1;13;0;2021;5;17;2;3;0;7;1;0;0;0;0;0;0;360055,307342540472746;5693822,979004541411996;6,989132332000054;51,378383866000036;5210510502230070000;0
35310;5;3;14;0;2021;9;13;7;3;5;3;1;1;0;0;0;0;0;364248,838594876229763;5622708,337907627224922;7,076034290000052;50,740276172000051;5210925600110890000;0
35313;5;3;82;32;2021;3;18;6;3;5;2;1;1;0;0;0;0;0;362515,826012719422579;5610822,032836075872183;7,055909204000045;50,633036815000025;5210326600350380000;0
35320;5;1;13;0;2021;6;16;3;3;0;2;1;1;0;0;0;0;0;361539,141999848186970;5701060,675999443978071;7,007613621000075;51,443788773000051;5210622502111270000;1
35325;5;3;15;0;2021;12;19;5;3;3;2;1;1;0;0;0;2;0;363760,848703658208251;5648804,443310828879476;7,059409042000027;50,974702824000076;5211223601500420000;0
35329;5;5;54;20;2021;11;15;6;3;5;3;1;1;0;0;0;0;0;366238,512011576443911;5787485,034379312768579;7,041784419000066;52,221531655000035;5211126705000480000;1
35331;5;3;78;4;2021;6;7;5;3;4;6;1;0;0;0;0;0;0;367878,999376349151134;5651227,363621728494763;7,117152576000024;50,997438740000064;5210610606110580000;0
35333;5;3;15;0;2021;11;6;2;3;5;2;1;1;0;0;0;2;0;359731,364867108874023;5647237,441334558650851;7,002654100000029;50,959652723000033;5211129601500090000;0
35334;5;5;13;0;2021;10;12;1;2;0;2;1;0;0;0;0;0;0;368521,146991099230945;5712665,131856009364128;7,103696755000044;51,549739735000060;5211024700000080000;1
35338;5;3;15;0;2021;3;6;7;3;0;7;1;0;0;0;0;2;0;359509,071294997818768;5646712,609887326136231;6,999693418000049;50,954881864000072;5210306601500190000;0
35343;5;5;54;4;2021;7;21;7;3;5;3;1;1;0;0;0;0;0;362163,499364142306149;5772903,023830862715840;6,988085152000053;52,089505466000048;5210710705000090000;0
35344;5;1;24;0;2021;2;13;4;3;1;5;1;1;0;0;0;0;0;370750,974282023496926;5680980,326484084129333;7,147385677000045;51,265499277000060;5210224503100070000;0
35347;5;3;82;32;2021;10;15;7;3;5;3;1;1;0;0;0;0;0;360794,404211889021099;5610108,537064708769321;7,031850561000056;50,626215532000060;5211009600350280000;0
35348;5;5;13;0;2021;7;16;3;3;5;3;1;1;0;0;0;0;0;364895,925089830532670;5718855,210839321836829;7,049061698000060;51,604509881000070;5210713700000980000;0
35349;5;1;13;0;2021;6;22;6;2;0;7;1;0;0;0;0;2;0;362800,355847368016839;5703894,244350209832191;7,024651043000063;51,469559409000055;5210625502114830000;0
35354;5;5;13;0;2021;11;17;3;3;5;3;1;1;0;0;0;2;0;365687,477805183269083;5709898,689554804936051;7,063907412000049;51,524211615000070;5211109700000070000;1
35359;5;3;16;0;2021;6;21;3;3;3;3;1;1;0;0;0;1;0;361248,842999846674502;5659209,308999434113503;7,019669467000028;51,067612684000039;5210622601700160000;1
35362;5;1;13;0;2021;6;19;5;2;5;3;1;1;0;0;0;1;0;361561,092638686299324;5704102,986810531467199;7,006738382000037;51,471133410000050;5210624502313270000;0
35365;5;3;15;0;2021;9;12;2;2;5;3;1;1;0;0;0;0;0;365144,458598718047142;5636354,179321780800819;7,083708479000052;50,863130753000064;5210920601600070000;0
35366;5;5;62;32;2021;10;14;2;3;5;3;1;1;0;0;0;0;0;373836,472999904304743;5720940,854999557137489;7,177341911000042;51,625327600000048;5211004701110150000;0
35368;5;9;16;0;2021;2;9;4;3;5;3;1;1;0;0;0;0;0;371768,279958825558424;5710569,434926094487309;7,151266713000041;51,531653063000078;5210224300700280000;0
35370;5;3;16;0;2021;6;11;6;3;0;3;1;0;0;0;1;0;0;362502,516350986436009;5660481,343208208680153;7,037067506000028;51,079346266000073;5210611601700890000;0
35387;5;3;14;0;2021;3;14;4;3;5;3;1;1;0;0;0;0;0;367037,827971999533474;5624864,883046133443713;7,114760223000076;50,760304535000046;5210331600140070000;0
35395;5;5;13;0;2021;2;18;6;3;3;2;1;1;0;0;0;1;0;364590,086617640219629;5714258,531781731173396;7,046420929000021;51,563129000000060;5210226700200060000;0
35406;5;3;82;56;2021;3;18;2;3;6;4;1;0;1;0;0;0;0;371053,842999892309308;5624543,968999510630965;7,171783373000039;50,758326393000061;5210329607500080000;0
35420;5;3;15;0;2021;11;11;4;3;5;3;1;1;0;0;0;0;0;362326,160966198891401;5643840,879981582984328;7,040863111000021;50,929752568000026;5211103601600490000;1
35424;5;3;14;0;2021;2;15;6;3;5;3;1;1;0;0;0;0;0;368724,872829770669341;5623055,440198533236980;7,139311977000034;50,744425128000046;5210226600140470000;0
35429;5;1;13;0;2021;6;22;7;3;0;1;1;0;0;0;0;2;0;364235,139622086659074;5703339,715256575495005;7,045508524000070;51,464922173000048;5210612502136870000;0
35435;5;3;82;68;2021;5;7;4;3;6;6;1;0;1;0;0;0;0;367260,071999874897301;5632209,457999482750893;7,115255734000073;50,826368140000056;5210519607500170000;0
35437;5;3;78;4;2021;6;12;6;2;0;2;1;1;0;0;0;0;0;368927,812922834418714;5651449,066668957471848;7,132010581000031;50,999671203000048;5210604606100870000;0
35439;5;1;22;0;2021;4;19;6;2;0;7;1;0;0;0;0;0;0;365004,100306653417647;5670742,475831294432282;7,068915668000045;51,172159187000034;5210402503400080000;0
35440;5;3;82;56;2021;11;15;2;3;5;3;1;1;0;0;0;0;0;370902,204999891109765;5627199,253999510779977;7,168702709000058;50,782159073000059;5211122607500590000;0
35450;5;3;78;8;2021;9;12;4;3;5;3;1;1;0;0;0;0;0;367915,042999879457057;5660681,435999499633908;7,114218594000022;51,082416171000034;5210922606700580000;0
35451;5;1;22;0;2021;12;15;5;3;4;7;1;0;1;0;0;0;0;366030,683887528255582;5671326,292467754334211;7,083374269000046;51,177647475000072;5211223503400570000;0
35462;5;1;58;32;2021;6;12;7;3;9;1;1;0;0;0;0;0;0;370362,138986485078931;5691067,914930302649736;7,138148692000073;51,356070924000051;5210626516100680000;0
35464;5;3;14;0;2021;9;11;6;3;5;3;1;1;0;0;0;0;0;364534,789999862201512;5621680,963999457657337;7,080462175000036;50,731109059000062;5210910600110580000;0
35471;5;1;24;0;2021;11;7;3;3;2;6;1;1;0;0;0;2;0;369124,643919363617897;5682419,973202787339687;7,123560602000055;51,278066640000077;5211130503100090000;1
35479;5;3;78;16;2021;6;19;5;3;5;2;1;1;0;0;0;0;0;361213,175967428833246;5662897,649705545976758;7,017744017000041;51,100751131000038;5210610606230270000;0
35480;5;5;54;16;2021;9;7;2;3;0;7;1;1;0;0;0;0;0;363476,117923949845135;5757410,597028039395809;7,013410732000068;51,950623572000040;5210920705000690000;0
35481;5;3;78;4;2021;4;13;6;3;0;3;1;1;0;0;0;0;0;367946,877456480637193;5649000,624213714152575;7,118928676000053;50,977441130000045;5210423606100670000;0
35482;5;3;15;0;2021;4;8;4;3;5;3;1;1;0;0;0;0;0;359994,595926966518164;5647898,550071652978659;7,006145539000045;50,965658198000028;5210428601500570000;0
35483;5;5;13;0;2021;10;17;4;2;5;3;1;1;0;0;0;0;0;368432,679420179687440;5705274,750988207757473;7,105180291000067;51,483303433000060;5211027700000740000;0
35496;5;5;13;0;2021;5;9;2;3;5;2;1;1;0;0;0;0;0;365012,213028864003718;5718130,680350994691253;7,051018728000031;51,598026872000048;5210503700200370000;0
35498;5;5;13;0;2021;9;5;3;3;5;3;1;1;0;0;0;2;0;367246,175999878905714;5713358,636999504640698;7,085057248000055;51,555673473000070;5210914700000180000;0
35499;5;3;15;0;2021;12;9;2;2;2;6;1;0;0;0;0;0;0;364872,983999863266945;5645483,642999466508627;7,076473838000027;50,945119201000068;5211220601600360000;0
35505;5;1;22;0;2021;5;13;4;3;0;2;1;1;0;0;0;0;0;362242,722999850288033;5671411,596999447792768;7,029183180000075;51,177514012000074;5210512503400990000;0
35515;5;9;16;0;2021;2;18;3;3;0;2;1;1;0;0;0;1;0;372811,855046395212412;5710698,924614189192653;7,166256975000067;51,533052848000068;5210223300711780000;0
35518;5;3;82;12;2021;9;16;3;3;5;3;1;0;0;0;1;0;0;361626,903536473400891;5626806,372172139585018;7,037356827000053;50,776488808000067;5210928600360590000;0
35519;5;3;15;0;2021;6;15;3;3;1;3;1;1;0;0;0;0;0;362329,660927180200815;5640142,582190707325935;7,042308302000038;50,896515408000027;5210629601620870000;0
35520;5;3;82;68;2021;10;12;6;3;0;3;1;1;0;0;0;0;0;367396,142999875359237;5633622,317999484017491;7,116675530000066;50,839097964000075;5211015607400380000;1
35529;5;9;11;0;2021;9;17;4;3;5;7;1;1;0;0;0;0;0;370111,293999889865518;5705010,867999525740743;7,129438646000040;51,481319926000026;5210922300200580000;0
35531;5;1;58;20;2021;4;8;3;3;5;3;1;1;0;0;0;0;0;359149,232189501635730;5665483,603547472506762;6,987274918000026;51,123487189000059;5210420516800080000;0
35543;5;1;24;0;2021;1;12;7;3;4;2;1;1;0;0;0;0;0;369659,854999886825681;5669989,113999513909221;7,135749763000035;51,166468475000045;5210123503100670000;0
35544;5;5;13;0;2021;9;12;3;3;3;6;1;1;0;0;0;0;0;365800,050825087353587;5715563,122560970485210;7,063368244000060;51,575141894000069;5210907700000680000;0
35545;5;3;82;44;2021;5;12;1;3;5;3;1;1;0;0;0;0;0;363832,434999857097864;5627096,390999455004930;7,068512905000034;50,779617454000061;5210509607400660000;0
35550;5;5;54;4;2021;12;12;3;2;5;2;1;1;0;0;0;0;0;363983,357999864034355;5772079,056999482214451;7,014959793000060;52,082551993000038;5211207705000540000;1
35551;5;3;78;4;2021;7;10;7;3;0;1;1;0;0;0;0;0;0;368132,336999879218638;5650025,338999498635530;7,121197185000028;50,986693449000029;5210703606100070000;0
35555;5;3;14;0;2021;1;11;6;3;0;1;1;0;0;0;0;0;0;366744,998931556940079;5620933,230216823518276;7,112032696000028;50,724899636000032;5210115600110450000;0
35559;5;1;24;0;2021;9;7;4;3;5;2;1;1;0;0;0;0;0;370943,211999893188477;5681878,058999523520470;7,149815527000044;51,273611110000047;5210922503100280000;0
35566;5;3;14;0;2021;1;8;4;3;5;3;1;1;0;0;0;0;0;368556,654160995036364;5615270,904665846377611;7,139701053000067;50,674418118000062;5210113600380590000;1
35569;5;3;82;56;2021;7;14;1;3;0;1;1;0;0;0;0;0;0;371315,440999891608953;5624305,124999508261681;7,175573832000055;50,756237657000042;5210711607500570000;0
35574;5;3;15;0;2021;10;19;6;3;4;6;1;0;0;0;0;1;0;361068,406999842263758;5644251,823999429121614;7,022819627000047;50,933144254000069;5211029601600180000;0
35576;5;1;13;0;2021;5;2;5;3;0;1;1;0;0;0;0;2;0;362962,975435471162200;5704038,733696833252907;7,026934857000072;51,470897259000026;5210527502338070000;1
35583;5;5;54;20;2021;5;16;7;3;0;6;1;0;0;0;0;0;0;366077,745618354529142;5785865,296622719615698;7,040073241000073;52,206938662000027;5210529705000320000;0
35596;5;3;14;0;2021;6;9;4;3;5;3;1;1;0;0;0;0;0;370286,357999889180064;5623332,769999504089355;7,161334509000028;50,747268796000071;5210630600140070000;0
35598;5;1;13;0;2021;6;1;4;2;0;7;1;0;0;0;0;2;0;364553,642999864183366;5707250,491999480873346;7,048590953000030;51,500142836000066;5210602502339110000;0
35602;5;1;13;0;2021;5;13;5;2;5;1;1;0;0;1;0;0;0;363526,746999858878553;5693477,738999463617802;7,039114337000058;51,376126462000059;5210520502242850000;0
35610;5;3;82;68;2021;1;1;7;2;0;6;1;0;0;0;1;2;0;371373,561729797162116;5629862,492393324151635;7,174452901000052;50,806201687000055;5210130607400250000;1
35612;5;3;15;0;2021;3;11;5;3;5;2;1;1;0;0;0;0;0;361580,786955967545509;5644073,052379200235009;7,030174749000025;50,931660782000051;5210325601600180000;0
35614;5;3;78;4;2021;10;16;4;3;0;3;1;1;0;0;0;0;0;368323,092999881133437;5650338,684999501332641;7,123799879000046;50,989553373000035;5211027606100150000;0
35618;5;3;14;0;2021;9;8;6;3;5;3;1;1;0;0;0;0;0;365903,212661347351968;5623422,456452367827296;7,099207516000035;50,747079024000072;5210903600110570000;0
35619;5;1;13;0;2021;9;12;7;3;3;7;1;0;0;0;0;0;0;365170,629999868571758;5700403,144999483600259;7,060086831000035;51,438755912000033;5210904502111780000;0
35623;5;1;13;0;2021;4;7;5;3;5;3;1;1;0;0;0;0;0;362148,463562074117362;5700793,431607492268085;7,016479889000038;51,441535832000056;5210422502105460000;0
35626;5;3;15;0;2021;11;14;6;3;5;3;1;1;0;0;0;0;0;359839,545999836176634;5644858,481999417766929;7,005109252000068;50,938299053000037;5211119601600390000;0
35630;5;5;62;20;2021;11;6;6;3;0;7;1;0;1;0;0;2;0;371407,286156515590847;5717779,772642964497209;7,143427237000026;51,596369624000033;5211126701200160000;1
35636;5;1;20;0;2021;6;7;3;3;2;6;1;1;0;0;0;0;0;371429,295564581640065;5673716,318882599473000;7,159710072000053;51,200367491000065;5210629503300230000;0
35637;5;5;54;20;2021;11;15;4;3;0;7;1;0;0;0;0;0;0;362560,995768781751394;5786832,743068063631654;6,988247443000034;52,214765541000077;5211103705000170000;1
35639;5;1;13;0;2021;1;21;6;3;0;7;1;0;0;0;0;2;0;364286,698389668017626;5699154,313733911141753;7,047855362000064;51,427322082000046;5210101502200470000;1
35644;5;5;54;20;2021;11;17;7;3;0;7;1;0;0;0;0;2;0;366095,902653062716126;5787345,081915142014623;7,039753387000076;52,220239486000082;5211113705000420000;1
35658;5;5;62;12;2021;3;9;1;2;5;3;1;1;0;0;0;0;0;361260,838114062324166;5728170,393157945945859;6,992910043000052;51,687332232000074;5210307701610250000;0
35660;5;5;54;20;2021;11;7;3;3;5;3;1;1;0;0;0;0;0;366842,143999877385795;5782107,489999517798424;7,052729345000046;52,173358225000072;5211109705000080000;0
35663;5;3;14;0;2021;4;14;1;3;5;2;1;1;0;0;0;0;0;365992,334999868646264;5622909,138999473303556;7,100656796000067;50,742485931000033;5210404600110490000;0
35664;5;3;14;0;2021;6;16;3;3;1;6;1;1;0;0;0;0;0;364920,331999863497913;5620374,241999467834830;7,086400659000049;50,719454150000047;5210608600110490000;0
35665;5;3;78;4;2021;9;15;2;3;0;2;1;1;0;0;0;0;0;365134,850773483514786;5652958,495298376306891;7,077425978000065;51,012360555000043;5210913606100070000;0
35672;5;1;13;0;2021;7;17;3;3;1;5;1;1;0;0;0;0;0;364120,372999861836433;5703291,130999470129609;7,043876035000039;51,464458027000035;5210706502136880000;0
35675;5;3;78;4;2021;7;8;6;3;5;3;1;1;0;0;0;0;0;368196,814979716204107;5646071,653467692434788;7,123548092000021;50,951173608000033;5210702606100070000;1
35680;5;3;14;0;2021;10;9;6;3;1;5;1;0;0;0;1;0;0;370503,249998901039362;5615636,738573323935270;7,167107701000020;50,678142727000079;5211001600380570000;0
35681;5;1;24;0;2021;3;8;2;3;5;3;1;1;0;0;0;0;0;371186,638348083943129;5685278,725611837580800;7,152076697000041;51,304229260000056;5210301503000380000;0
35683;5;3;15;0;2021;10;15;4;3;0;1;1;0;0;0;0;0;0;360773,147999842651188;5649063,971999429166317;7,016779815000064;50,976320710000039;5211013601500570000;0
35684;5;1;13;0;2021;11;10;5;3;0;6;1;1;0;0;0;0;0;361928,608774458989501;5701743,610353821888566;7,012947778000068;51,450020970000025;5211111502114980000;0
35685;5;3;14;0;2021;9;17;3;3;5;3;1;1;0;0;0;0;0;367213,806817622855306;5624346,615118948742747;7,117440902000055;50,755686631000060;5210907600140070000;0
35686;5;1;13;0;2021;3;12;5;3;8;1;1;0;0;0;0;0;0;361341,152200105600059;5701310,893284648656845;7,004668467000045;51,445988878000037;5210311502100080000;0
35688;5;1;22;0;2021;4;14;4;3;0;7;1;0;0;0;1;0;0;366564,259225948713720;5669924,254886502400041;7,091523658000028;51,165171799000063;5210428503400170000;0
35689;5;1;24;0;2021;7;17;4;3;0;1;1;0;0;1;0;0;0;370454,791999890469015;5680144,130999522283673;7,143445556000074;51,257916839000075;5210707503100270000;0
35691;5;3;15;0;2021;3;15;2;3;0;3;1;1;0;0;0;0;0;366166,427212486043572;5643166,269571276381612;7,095726075000073;50,924593238000057;5210322601620860000;0
35692;5;3;14;0;2021;7;8;5;3;0;7;1;0;0;0;0;0;0;363779,597999857738614;5619415,425999451428652;7,070604191000029;50,710570191000045;5210701600310470000;1
35697;5;1;58;32;2021;7;15;6;3;3;6;1;0;0;0;0;0;0;364097,950402694754303;5692055,124225452542305;7,047860338000021;51,363478862000079;5210702516100230000;0
35702;5;5;62;24;2021;6;11;3;3;5;3;1;1;0;0;0;0;0;366941,941772919148207;5723322,716734128072858;7,076891532000047;51,645144135000066;5210622701500940000;0
35703;5;3;78;4;2021;9;14;2;3;5;3;1;1;0;0;0;0;0;369241,632999884895980;5649459,401999507099390;7,137196702000040;50,981859987000064;5210913606100970000;0
35705;5;5;13;0;2021;1;7;4;2;3;3;1;0;0;0;1;2;0;365724,347223347984254;5707681,736303731799126;7,065283034000061;51,504297571000052;5210127700100360000;0
35714;5;3;15;0;2021;10;15;3;3;0;5;1;1;0;0;1;0;0;359592,216199568472803;5644807,087050963193178;7,001611123000032;50,937776991000078;5211019601600080000;1
35723;5;1;13;0;2021;2;13;6;3;5;3;1;1;0;0;0;0;0;364014,742999861948192;5704736,526999473571777;7,041800142000056;51,477421734000075;5210219502338680000;0
35724;5;3;14;0;2021;7;16;2;2;5;2;1;1;0;0;0;0;0;367058,968999872915447;5622488,042999483644962;7,115917791000072;50,738946295000062;5210712600140280000;0
35726;5;3;14;0;2021;10;15;5;3;5;3;1;1;0;0;0;0;0;365225,074939797632396;5623061,554747631773353;7,089732792000063;50,743678246000059;5211007600110080000;0
35728;5;3;82;68;2021;10;15;4;3;5;3;1;1;0;0;0;0;0;369068,626691593788564;5631432,934420164674520;7,141197689000023;50,819800574000055;5211027607000280000;0
35731;5;3;78;4;2021;3;16;4;3;3;2;1;1;0;0;0;0;0;365427,077446660026908;5652869,401191089302301;7,081622369000058;51,011628279000035;5210324606100470000;0
35742;5;1;58;32;2021;9;21;5;2;0;1;1;0;0;0;0;2;0;361774,509871347807348;5688346,601658139377832;7,015947246000053;51,329591323000045;5210916516100080000;0
35743;5;1;58;8;2021;6;18;5;3;5;3;1;1;0;0;0;0;0;361047,397241189144552;5673639,360801039263606;7,011231512000052;51,197245220000070;5210617516700370000;0
35747;5;3;15;0;2021;12;8;3;3;5;3;1;1;0;0;0;1;0;364069,153999859467149;5648653,516999464482069;7,063854282000023;50,973419242000034;5211221601500590000;2
35752;5;5;54;20;2021;11;16;2;3;0;7;1;0;0;0;0;0;0;364656,756604947149754;5786234,206794034689665;7,019143266000071;52,209906311000054;5211108705000020000;1
35755;5;1;13;0;2021;11;15;6;3;5;3;1;1;0;0;0;0;0;361532,593994867056608;5702203,741429245099425;7,007072142000027;51,454059174000065;5211119502101280000;0
35758;5;5;62;12;2021;10;14;3;3;5;2;1;0;0;1;0;0;0;361646,653999850153923;5722109,796999450773001;7,000886650000041;51,632966935000070;5211005701610390000;0
35761;5;5;58;12;2021;7;14;6;3;5;2;1;1;0;0;0;0;0;373838,102503105998039;5756046,246701760217547;7,164603887000055;51,940809824000041;5210702706000480000;0
35767;5;1;13;0;2021;10;19;5;3;0;7;1;1;1;0;0;2;0;367144,325529203750193;5702960,829146889969707;7,087506626000049;51,462207619000026;5211007502147770000;0
35775;5;3;15;0;2021;10;16;1;2;5;3;1;0;0;0;0;0;0;361679,478425128385425;5644724,296732036396861;7,031331142000056;50,937537379000048;5211024601600080000;0
35781;5;1;24;0;2021;3;1;7;1;0;1;1;0;0;0;0;2;0;369701,197820837609470;5681073,274195048958063;7,132313189000058;51,266095610000036;5210327503100350000;1
35786;5;1;13;0;2021;10;13;6;3;0;3;1;0;1;0;0;0;0;362328,716999852098525;5703457,720999453216791;7,018034951000061;51,465522089000046;5211015502103090000;0
35787;5;3;15;0;2021;12;12;3;3;3;3;1;1;0;0;0;0;0;360438,506210062652826;5644441,202392259612679;7,013788529000067;50,934694156000035;5211207601600980000;0
35789;5;3;15;0;2021;2;13;2;3;5;3;1;1;0;0;0;0;0;359954,449366742745042;5647762,370584135875106;7,005626595000024;50,964424581000060;5210201601500820000;0
35791;5;3;14;0;2021;9;19;6;3;5;2;1;1;0;0;0;1;0;365323,966999865137041;5620189,271999469026923;7,092182869000055;50,717885333000027;5210924600110480000;0
35793;5;3;15;0;2021;2;10;3;3;5;2;1;1;0;0;0;0;0;359502,977999835275114;5644797,932999415323138;7,000345375000052;50,937672987000042;5210202601600280000;1
35797;5;5;62;20;2021;10;14;5;3;5;2;1;1;0;0;0;0;0;370590,314975161105394;5719824,147890506312251;7,130884360000039;51,614554879000082;5211028701200480000;0