OID_;ULAND;UREGBEZ;UKREIS;UGEMEINDE;UJAHR;UMONAT;USTUNDE;UWOCHENTAG;UKATEGORIE;UART;UTYP1;IstRad;IstPKW;IstFuss;IstKrad;IstSonstige;ULICHTVERH;IstGkfz;LINREFX;LINREFY;XGCSWGS84;YGCSWGS84;UIDENTSTLAE;IstStrassenzustand
35801;5;3;15;0;2021;2;16;5;3;5;3;1;1;0;0;0;0;0;358963,370999830774963;5644686,768999407067895;6,992713358000060;50,936542226000029;5210225601500560000;0
35815;5;1;13;0;2021;6;8;2;3;0;7;1;0;0;0;0;0;0;362617,194999854080379;5702549,641999457031488;7,022538153000028;51,457431806000045;5210621502102070000;1
35824;5;5;62;14;2021;9;18;5;3;5;3;1;1;0;0;0;0;0;361220,701999846845865;5715160,666999440640211;6,997485636000022;51,570416674000057;5210916701300770000;0
35827;5;5;62;20;2021;12;21;3;3;5;3;1;1;0;0;0;2;0;369755,030974100343883;5718968,882260933518410;7,119144773000073;51,606676221000043;5211207701200680000;0
35833;5;3;15;0;2021;7;15;5;3;0;3;1;1;0;0;0;0;0;366818,109999872744083;5636646,626999482512474;7,107370592000052;50,866147163000051;5210708601620590000;1
35837;5;3;78;8;2021;7;15;2;3;5;3;1;1;0;0;0;0;0;368958,212321859784424;5660068,345696125179529;7,129325722000033;51,077145202000054;5210712606700570000;0
35838;5;5;58;12;2021;11;13;3;3;3;1;1;1;0;0;0;0;0;373446,795801517553627;5756398,351392813026905;7,158784766000053;51,943885116000047;5211123706000690000;1
35840;5;9;11;0;2021;6;17;6;3;1;6;1;1;0;0;0;0;0;371443,857100849971175;5706607,700481159612536;7,148036898000043;51,495975174000080;5210611300213390000;0
35843;5;5;54;20;2021;4;17;5;3;5;2;1;1;0;0;0;0;0;365585,028053828515112;5786836,225221494212747;7,032481495000070;52,215542834000075;5210401705000220000;0
35846;5;3;14;0;2021;11;14;2;3;5;3;1;1;0;0;0;0;0;364167,984597581438720;5622831,264185719192028;7,074843742000041;50,741362104000075;5211122600110890000;0
35852;5;3;14;0;2021;11;7;4;3;5;3;1;1;0;0;0;1;0;370018,250631210394204;5623952,301896186545491;7,157317568000053;50,752777327000047;5211124600140670000;0
35863;5;3;78;4;2021;3;7;6;3;0;1;1;0;0;0;0;1;0;370166,133999887853861;5648138,398999510332942;7,150831675000063;50,970196237000039;5210319606100570000;1
35879;5;3;16;0;2021;5;18;1;3;5;3;1;0;0;0;0;0;0;361965,322999848984182;5656299,443999445065856;7,030998734000036;51,041634188000046;5210523601700570000;0
35882;5;3;15;0;2021;12;7;2;3;5;3;1;1;0;0;0;2;0;360609,080674268305302;5646330,028123928233981;7,015491731000054;50,951710646000038;5211206601500090000;1
35886;5;5;62;20;2021;4;10;4;3;5;2;1;1;0;0;0;0;0;370820,130999893881381;5717581,019999537616968;7,135028117000047;51,594449128000065;5210428701200700000;0
35888;5;3;82;44;2021;9;18;2;3;5;3;1;1;0;0;0;0;0;363836,129516092129052;5627095,250186603516340;7,068565701000068;50,779608068000073;5210913607400990000;0
35889;5;9;54;16;2021;5;16;5;2;0;1;1;0;0;0;0;0;0;372853,828999900259078;5696083,062999542802572;7,172119541000029;51,401706851000029;5210513310110680000;0
35890;5;5;62;32;2021;4;14;6;3;4;6;1;0;0;0;0;0;0;372357,135610742494464;5722335,569863151758909;7,155473623000034;51,637528098000075;5210423701110070000;0
35897;5;5;54;24;2021;9;8;3;3;1;6;1;1;0;0;0;0;0;370417,137958041392267;5776081,993139801546931;7,107275735000030;52,120065319000048;5210928705000990000;0
35901;5;5;13;0;2021;2;12;4;3;5;3;1;1;0;0;0;0;0;367138,556642822921276;5714957,909367883577943;7,082901326000069;51,570020149000072;5210224700200060000;0
35903;5;1;22;0;2021;7;10;6;3;0;7;1;0;0;0;1;0;0;365478,803017099387944;5672985,459467016160488;7,074862284000062;51,192429056000037;5210702503400580000;0
35904;5;3;82;72;2021;3;13;3;3;2;2;1;1;0;0;0;0;0;368319,248999879695475;5611079,648999489843845;7,137833607000061;50,636692295000046;5210302600320390000;0
35907;5;5;58;12;2021;12;12;5;3;0;1;1;0;0;0;0;0;0;374448,855999908410013;5755991,674999568611383;7,173504127000058;51,940457563000052;5211230706200660000;1
35908;5;3;15;0;2021;4;20;3;3;5;7;1;1;0;0;0;2;0;361558,287842909805477;5647909,374101653695107;7,028396194000038;50,966133380000031;5210413601510030000;1
35915;5;1;22;0;2021;10;16;7;3;0;5;1;1;0;0;0;0;0;366079,976716388016939;5669451,124380391091108;7,084777460000055;51,160806497000067;5211009503400590000;0
35920;5;3;15;0;2021;5;11;5;3;0;3;1;1;0;0;0;0;0;359182,589999831281602;5644764,224999411031604;6,995801389000064;50,937291902000027;5210520601600670000;0
35924;5;5;13;0;2021;6;0;1;3;0;7;1;0;0;0;0;2;0;367586,880999878980219;5713636,624999508261681;7,089864214000045;51,558251725000048;5210620700200610000;1
35928;5;3;14;0;2021;12;13;5;3;5;3;1;1;0;0;0;0;0;364623,158889805898070;5621774,334453765302896;7,081679323000060;50,731968862000031;5211230600110770000;1
35938;5;1;13;0;2021;11;15;1;3;0;1;1;0;0;0;0;0;0;362081,657027001492679;5700773,694928336888552;7,015526932000057;51,441342208000037;5211121502214580000;1
35940;5;5;62;24;2021;6;9;3;3;5;2;1;1;0;0;0;0;0;369735,223372640088201;5725125,319254495203495;7,116567990000021;51,661997472000053;5210615701500680000;0
35946;5;3;14;0;2021;6;17;4;2;5;3;1;1;0;0;0;0;0;369892,529973501339555;5623834,586347062140703;7,155577872000038;50,751691106000067;5210623600140090000;0
35951;5;5;54;16;2021;9;11;7;2;3;6;1;0;0;1;0;0;0;363051,893692865967751;5759003,747413609176874;7,006606743000020;51,964834667000048;5210925705000520000;0
35953;5;3;14;0;2021;11;17;4;3;5;3;1;1;0;0;0;2;0;368871,739898281171918;5617567,760995697230101;7,143343114000061;50,695133941000051;5211103600380070000;1
35958;5;3;14;0;2021;10;14;1;3;5;2;1;1;0;0;0;0;0;369298,096832086332142;5616221,491138182580471;7,149852729000031;50,683129248000057;5211024600380380000;0
35959;5;3;16;0;2021;10;10;7;3;4;6;1;0;0;0;0;0;0;359413,984060138463974;5656884,882415495812893;6,994401443000072;51,046276846000069;5211016601700480000;0
35962;5;3;14;0;2021;10;10;5;3;0;2;1;1;0;0;0;0;0;365907,182999868877232;5622353,417999472469091;7,099652841000022;50,737471480000067;5211007600110290000;1
35965;5;1;24;0;2021;11;12;2;3;5;3;1;1;0;0;0;0;0;370182,531999887898564;5679394,927999516949058;7,139817735000065;51,251121552000029;5211129503100380000;1
35985;5;3;14;0;2021;11;11;7;3;5;2;1;1;0;0;0;0;0;366331,420999871566892;5622363,383999474346638;7,105657964000045;50,737658854000074;5211113600110080000;1
35991;5;5;62;20;2021;6;9;2;3;5;3;1;1;0;0;0;0;0;370566,257999891415238;5718384,650999533012509;7,131068531000039;51,601612918000058;5210628701200980000;0
35994;5;1;24;0;2021;10;15;5;3;7;7;1;0;0;0;0;0;0;370837,957999891601503;5679891,241999525576830;7,149025054000049;51,255730957000026;5211007503100070000;0
35996;5;3;15;0;2021;3;11;2;3;5;3;1;1;0;0;0;0;0;359226,965623839758337;5652986,714229445904493;6,993249119000041;51,011198477000050;5210301601510140000;0
36001;5;1;13;0;2021;4;7;3;3;5;2;1;1;0;0;0;0;0;367950,153999879956245;5703036,762999508529902;7,099071499000047;51,463078599000028;5210427502111180000;0
36002;5;3;14;0;2021;2;6;3;3;0;1;1;0;0;0;0;1;0;364982,610265108756721;5621964,396950712427497;7,086700184000051;50,733760787000051;5210223600110680000;0
36003;5;1;13;0;2021;9;16;3;3;0;1;1;0;0;0;0;0;0;366160,653999872505665;5696012,273999489843845;7,075980568000034;51,399530923000043;5210907502231070000;0
36009;5;3;82;32;2021;11;17;5;3;0;1;1;0;0;0;0;2;0;360552,874442892149091;5610432,864180749282241;7,028315906000046;50,629072786000052;5211111600350180000;0
36010;5;5;54;4;2021;10;18;1;3;5;3;1;1;0;0;0;2;0;364472,624608954414725;5772590,845339370891452;7,021892199000035;52,087270640000042;5211031705000420000;1
36013;5;3;82;44;2021;5;11;1;2;0;1;1;0;0;0;0;0;0;359853,252999836578965;5633523,771999415010214;7,009651474000066;50,836434720000057;5210530607400070000;0
36020;5;1;22;0;2021;9;5;7;2;5;2;1;1;0;0;0;2;0;361072,967999844811857;5670582,220999436452985;7,012779419000026;51,169777535000037;5210918503400980000;0
36023;5;3;14;0;2021;3;14;4;3;0;1;1;0;0;0;0;0;0;366231,611324921250343;5622349,464571943506598;7,104249347000064;50,737510765000081;5210303600110170000;0
36024;5;3;14;0;2021;11;15;5;3;5;3;1;1;0;0;0;0;0;365263,339846953749657;5621666,519743744283915;7,090784851000024;50,731148681000036;5211111600110930000;0
36025;5;1;22;0;2021;5;16;5;3;5;3;1;1;0;0;0;0;0;365693,304999869316816;5669728,097999481484294;7,079147486000068;51,163205068000082;5210513503400570000;0
36034;5;3;14;0;2021;7;11;3;2;1;5;1;0;0;0;1;0;0;362180,663024553097785;5620075,462076527997851;7,047724679000055;50,716125529000067;5210713600310260000;1
36044;5;3;14;0;2021;4;14;6;3;5;2;1;1;0;0;0;0;0;362680,448409978300333;5620289,373703736811876;7,054720399000075;50,718166414000052;5210402600310050000;0
36055;5;9;16;0;2021;4;18;2;3;0;1;1;0;0;0;0;0;0;373535,097720582969487;5708651,247920915484428;7,177413728000033;51,514812571000050;5210426300700950000;0
36059;5;3;82;12;2021;11;16;6;3;0;7;1;0;0;0;0;1;0;361538,833052174188197;5625798,313940826803446;7,036487918000034;50,767407798000079;5211126600360890000;0
36064;5;3;14;0;2021;10;12;5;3;5;3;1;1;0;0;0;0;0;368649,887999881990254;5617893,152999490499496;7,140087952000044;50,698008579000032;5211014600380430000;1
36071;5;1;13;0;2021;7;11;6;3;5;3;1;1;0;0;0;0;0;363237,105806811712682;5702875,592462321743369;7,031329298000060;51,460511053000062;5210702502102980000;0
36075;5;1;22;0;2021;12;7;6;3;5;3;1;1;0;0;0;1;0;360892,888999843969941;5670448,186999434605241;7,010257076000073;51,168529226000032;5211210503400090000;0
36076;5;3;78;4;2021;9;16;3;3;2;7;1;1;0;0;0;0;0;367576,802448734641075;5646688,730291305109859;7,114501733000054;50,956577592000031;5210914606100290000;0
36080;5;3;15;0;2021;10;11;6;3;0;1;1;0;0;0;0;0;0;364315,377978932112455;5643314,324739534407854;7,069348885000068;50,925491511000075;5211022601600890000;0
36081;5;3;82;68;2021;5;12;4;3;0;7;1;0;1;0;0;0;0;371155,283045133575797;5630756,291381595656276;7,171042854000063;50,814186835000044;5210512607000270000;0
36082;5;9;11;0;2021;5;4;5;3;5;3;1;1;0;0;0;1;0;372005,808699891902506;5707258,246753875166178;7,155891772000075;51,501949189000072;5210520300120100000;0
36090;5;5;54;4;2021;6;13;5;3;5;3;1;1;0;0;0;0;0;363035,602435120381415;5772355,733583889901638;7,001026123000031;52,084804370000029;5210624705000040000;0
36096;5;5;62;14;2021;1;15;3;3;0;1;1;0;0;0;0;0;0;361019,578745731152594;5714960,224532041698694;6,994664721000049;51,568565937000074;5210105701300720000;1
36098;5;5;62;24;2021;2;19;6;3;5;3;1;1;0;0;0;2;0;365198,725477837026119;5721216,950073491781950;7,052523063000024;51,625805869000033;5210205701500190000;0
36099;5;5;54;20;2021;12;7;4;2;5;3;1;1;0;0;0;2;0;363278,717999860644341;5784977,544999480247498;6,999495139000032;52,198274855000079;5211229705000040000;1
36100;5;5;13;0;2021;11;10;1;3;8;7;1;0;0;0;0;0;0;368286,764999883249402;5713089,891999512910843;7,100159235000035;51,553502263000041;5211107700000860000;1
36108;5;3;15;0;2021;6;13;6;3;0;7;1;0;0;0;0;0;0;358379,893999828957021;5642924,039999397471547;6,985099351000031;50,920557511000027;5210604601600990000;0
36112;5;3;14;0;2021;4;16;3;2;5;3;1;1;0;0;0;0;0;367608,058999875560403;5619632,074999487027526;7,124720527000022;50,713402010000038;5210427600380280000;0
36116;5;3;14;0;2021;3;16;5;3;0;5;1;1;0;0;0;0;0;363151,514093626290560;5620609,653777549043298;7,061270662000027;50,721156137000037;5210325600310080000;0
36120;5;5;54;20;2021;6;16;4;3;0;7;1;0;0;0;0;0;0;364544,604062499478459;5786133,717464756220579;7,017543093000029;52,208975834000057;5210602705000850000;0
36125;5;5;13;0;2021;5;8;3;3;5;3;1;1;0;0;0;0;0;367485,301013331860304;5708362,279037918895483;7,090384826000047;51,510829060000049;5210525700100800000;0
36129;5;3;14;0;2021;9;8;3;3;0;2;1;1;0;0;0;0;0;363780,625078954733908;5617531,913435677066445;7,071313519000057;50,693641685000046;5210907600310030000;0
36130;5;1;24;0;2021;5;15;1;2;0;7;1;0;0;0;0;0;0;369305,364666119217873;5670778,595713660120964;7,130395414000077;51,173483011000030;5210523503100480000;0
36132;5;3;15;0;2021;2;15;1;3;1;5;1;1;0;0;0;0;0;358566,767681230790913;5639659,001967718824744;6,989021426000022;50,891260129000045;5210221601220370000;0
36134;5;1;58;32;2021;6;10;6;2;3;2;1;1;0;0;0;0;0;364041,593249431811273;5688907,487937528640032;7,048253856000031;51,335178402000054;5210611516000590000;0
36144;5;5;62;24;2021;6;21;4;2;6;4;1;0;1;0;0;1;0;373664,810501524247229;5725715,639898169785738;7,173138868000024;51,668199751000031;5210602701500480000;0
36161;5;1;58;8;2021;2;13;1;3;0;7;1;0;0;0;0;0;0;361968,595439937897027;5674908,302929945290089;7,023919720000038;51,208872279000047;5210221516700080000;0
36162;5;3;78;8;2021;9;15;6;3;0;1;1;0;0;0;0;0;0;368550,930131003260612;5659289,859489787369967;7,123797983000031;51,070055353000043;5210903606220880000;0
36164;5;1;13;0;2021;12;10;6;3;5;3;1;1;0;0;0;0;0;361839,307271764613688;5706552,396258223801851;7,009783310000046;51,493212608000078;5211231502325380000;0
36167;5;3;82;56;2021;10;17;5;3;5;3;1;1;0;0;0;1;0;371052,292694388888776;5628529,602260988205671;7,170363769000062;50,794149960000027;5211028607400070000;0
36169;5;1;13;0;2021;1;19;5;3;5;3;1;1;0;0;0;2;0;362377,639982773922384;5703825,070024818181992;7,018595782000034;51,468835132000038;5210107502103570000;1
36172;5;3;15;0;2021;12;11;4;3;5;3;1;1;0;0;0;0;0;359954,955213323235512;5647763,592595327645540;7,005633324000030;50,964435687000048;5211208601500470000;0
36174;5;3;14;0;2021;11;7;6;3;5;2;1;1;0;0;0;0;0;365286,806966103613377;5621658,209188984706998;7,091120219000061;50,731079429000033;5211119600110790000;1
36177;5;5;13;0;2021;6;6;2;3;5;3;1;1;0;0;0;0;0;368927,637999884784222;5708515,894999517127872;7,111100426000064;51,512546009000062;5210628700100980000;1
36188;5;3;15;0;2021;2;17;3;3;0;1;1;0;0;0;0;1;0;362188,986393099650741;5644107,745235437527299;7,038811404000057;50,932118218000028;5210223601600480000;0
36190;5;1;13;0;2021;10;22;7;2;0;1;1;0;0;0;0;2;0;366159,799659439362586;5696013,859100267291069;7,075967696000021;51,399544967000054;5211009502214860000;0
36196;5;1;13;0;2021;5;11;6;3;2;6;1;1;0;0;0;0;0;363043,628999855369329;5701916,683999463915825;7,028917326000055;51,451847073000067;5210528502106070000;0
36200;5;1;13;0;2021;11;13;7;3;5;2;1;1;0;0;0;0;0;361744,474999849684536;5705459,501999448984861;7,008846129000062;51,483368340000027;5211127502325430000;0
36204;5;1;22;0;2021;5;11;2;3;0;2;1;0;0;0;0;0;1;366126,106357134878635;5671015,050731668248773;7,084854537000069;51,174872634000053;5210510503400970000;0
36207;5;1;24;0;2021;9;8;3;3;2;6;1;0;0;0;1;0;0;371121,677240392193198;5679932,728543918579817;7,153073720000066;51,256168016000061;5210907503200090000;0
36208;5;5;54;16;2021;12;21;5;3;0;1;1;0;0;0;0;2;0;362401,177999855019152;5758335,001999463886023;6,997409170000026;51,958664971000076;5211202705000880000;2
36210;5;3;14;0;2021;9;16;5;3;5;3;1;1;0;0;0;0;0;367179,249828352592885;5620182,782323017716408;7,118451870000058;50,718253986000036;5210909600380780000;0
36212;5;3;78;4;2021;6;13;5;3;5;2;1;1;0;0;0;0;0;366810,927679038606584;5645820,549496490508318;7,103920878000054;50,948598188000062;5210624606110590000;0
36214;5;3;15;0;2021;3;20;6;3;9;1;1;0;0;0;0;2;0;365042,556701832450926;5642998,413975453004241;7,079806576000067;50,922822815000075;5210326601620570000;0
36216;5;5;54;24;2021;6;9;6;3;0;2;1;1;0;0;0;0;0;370552,357832521200180;5775853,747869243845344;7,109336441000039;52,118046011000047;5210611705000290000;0
36217;5;5;13;0;2021;6;13;7;3;0;1;1;0;0;0;0;0;0;367914,053044696338475;5713513,704997526481748;7,094627223000032;51,557223791000069;5210619700000470000;0
36221;5;5;12;0;2021;6;18;4;3;5;3;1;1;0;0;0;0;0;360451,432999841868877;5709696,252999434247613;6,988559979000058;51,521123006000039;5210602701400280000;0
36223;5;3;15;0;2021;6;10;6;3;5;2;1;1;0;0;0;0;0;362977,637999854981899;5650841,541999449953437;7,047491796000031;50,992825028000027;5210611601500680000;0
36227;5;3;15;0;2021;10;18;6;3;0;5;1;1;0;0;1;2;0;359731,886486186645925;5644833,778852246701717;7,003587449000065;50,938050864000047;5211029601600990000;0
36235;5;5;62;24;2021;12;16;7;3;5;3;1;1;0;0;0;1;0;373597,185999902896583;5725672,156999552622437;7,172177256000055;51,667793765000056;5211218701500680000;1
36237;5;1;13;0;2021;5;13;7;3;0;7;1;0;0;0;0;0;0;363116,246999857015908;5707131,617999464273453;7,027941280000050;51,498728327000038;5210508502339070000;0
36240;5;1;13;0;2021;4;15;5;3;0;4;1;0;1;0;0;0;0;361750,534926173277199;5709389,422195684164762;7,007393248000028;51,518685215000062;5210401502340860000;0
36247;5;5;54;16;2021;5;18;2;3;5;3;1;0;0;0;1;0;0;362275,353993979282677;5757595,561180658638477;6,995875532000071;51,951989561000062;5210531705000820000;0
36251;5;3;14;0;2021;1;13;5;3;1;5;1;1;0;0;0;0;0;365050,273999863304198;5623171,731999464333057;7,087216318000060;50,744627905000073;5210114600110310000;0
36253;5;1;24;0;2021;12;16;6;3;2;6;1;1;0;0;0;2;0;370186,370930839329958;5680556,759729996323586;7,139451152000049;51,261564225000029;5211210503100300000;0
36255;5;3;16;0;2021;10;11;6;3;0;7;1;0;0;0;0;0;0;363752,672924671322107;5654285,999787887558341;7,057235669000022;51,023965460000056;5211029601700460000;1
36262;5;3;82;4;2021;10;20;1;3;5;3;1;1;0;0;0;2;0;360521,420299027115107;5623575,583653828129172;7,022911336000050;50,747187262000068;5211031600370890000;0
36267;5;3;16;0;2021;6;15;6;2;3;3;1;0;0;0;1;0;0;364270,330093189142644;5655275,625038225203753;7,064241909000032;51,032981989000064;5210611601700380000;0
36277;5;5;62;20;2021;5;21;7;3;5;3;1;1;0;0;0;0;0;371513,997129550203681;5717389,449250450357795;7,145109955000066;51,592886190000058;5210529701200590000;0
36278;5;3;15;0;2021;12;21;5;3;0;1;1;0;0;0;0;2;0;359273,230214042589068;5637344,444197203963995;6,999950815000034;50,870631294000077;5211223601200060000;1
36279;5;3;82;68;2021;10;7;4;3;4;6;1;0;0;1;0;1;0;367175,726857464760542;5632715,211231084540486;7,113875602000064;50,830894448000038;5211020607400390000;0
36280;5;3;15;0;2021;10;10;3;3;5;3;1;1;0;0;0;0;0;365095,904592726379633;5638464,278384810313582;7,082240566000053;50,882084274000078;5211026601600270000;1
36285;5;3;14;0;2021;3;17;2;3;5;3;1;1;0;0;0;0;0;361342,748935936018825;5623017,236613908782601;7,034756377000065;50,742365805000077;5210329600310490000;0
36286;5;3;15;0;2021;7;8;5;3;5;3;1;1;0;0;0;0;0;363026,724999853409827;5638035,487999454140663;7,053004356000031;50,877743704000068;5210708601620380000;0
36299;5;3;82;12;2021;11;7;2;2;0;1;1;0;0;0;0;1;0;360610,972999840043485;5628933,563999421894550;7,022149531000025;50,795363601000076;5211115600360420000;0
36304;5;5;54;24;2021;6;15;1;2;5;3;1;1;0;0;0;0;0;367297,291106468997896;5772977,461918845772743;7,062943745000041;52,091429057000028;5210620705000520000;0
36308;5;5;54;44;2021;6;12;4;3;5;3;1;1;0;0;0;0;0;363431,873519282788038;5744122,177236665040255;7,018029026000022;51,831206589000033;5210616705000160000;0
36312;5;3;15;0;2021;5;12;4;3;3;2;1;1;0;0;0;0;0;366772,139631299301982;5638234,195117959752679;7,106139324000026;50,880405285000052;5210512601620190000;0
36316;5;3;14;0;2021;10;20;6;3;5;3;1;1;0;0;0;2;0;365654,827292462810874;5622309,926706451922655;7,096094446000052;50,737022260000060;5211015600110970000;0
36319;5;9;16;0;2021;11;19;4;3;5;2;1;1;0;0;0;2;0;372403,882999899797142;5710111,107999542728066;7,160591242000066;51,527678059000039;5211117300700880000;1
36322;5;3;15;0;2021;2;11;5;3;5;2;1;1;0;0;0;0;0;363027,200693664140999;5651177,957192562520504;7,048070726000049;50,995860286000038;5210211601500690000;1
36339;5;5;62;14;2021;9;13;3;3;5;2;1;1;0;0;0;0;0;361481,474322239868343;5713510,117038579657674;7,001896398000042;51,555648699000074;5210907701300580000;0
36344;5;3;82;56;2021;3;0;5;3;0;1;1;0;0;0;0;2;0;370794,859528041444719;5628996,098681740462780;7,166548951000038;50,798285595000038;5210311607500620000;1
36349;5;5;13;0;2021;5;7;2;3;5;3;1;1;0;0;0;0;0;369480,371999887749553;5715453,210999524220824;7,116488261000029;51,575018267000075;5210524700200860000;0
36350;5;1;22;0;2021;7;18;3;3;5;3;1;1;0;0;0;0;0;367575,643999879248440;5672736,044999495148659;7,104944489000047;51,190677249000032;5210706503400580000;0
36359;5;5;54;64;2021;6;16;3;2;0;7;1;0;0;0;0;0;0;361454,237579885870218;5751220,847419029101729;6,986500351000075;51,894505566000078;5210615705000790000;0
36368;5;3;14;0;2021;10;10;6;3;5;3;1;1;0;0;0;0;0;367050,133999872952700;5622502,108999479562044;7,115787576000059;50,739070699000081;5211022600140290000;0
36371;5;3;14;0;2021;6;17;3;3;5;3;1;1;0;0;0;0;0;363198,335999854840338;5614975,577999446541071;7,064020018000065;50,670529062000071;5210601600310690000;0
36375;5;5;54;20;2021;9;13;6;3;0;1;1;0;0;0;0;0;0;365250,280240925960243;5785970,084017941728234;7,027929490000076;52,207678529000077;5210910705000120000;0
36377;5;3;15;0;2021;3;8;6;3;0;2;1;1;0;0;0;0;0;360491,730137152597308;5644350,684834644198418;7,014580166000030;50,933893534000049;5210305601000870000;0
36379;5;3;15;0;2021;6;0;1;3;7;1;1;0;0;0;0;2;0;359667,215004648081958;5633982,751941185444593;7,006835311000032;50,840514631000076;5210613601620260000;0
36382;5;3;78;4;2021;6;17;4;3;0;2;1;1;0;0;0;0;0;367549,777545388787985;5647164,816839993000031;7,113943889000041;50,960850298000082;5210630606100570000;0
36391;5;3;15;0;2021;12;18;4;3;5;3;1;1;0;0;0;2;0;361644,805219437927008;5650157,003745026886463;7,028772190000041;50,986354090000077;5211208601500470000;0
36398;5;5;13;0;2021;10;15;6;3;5;3;1;1;0;0;0;0;0;367241,197564400732517;5714288,503846190869808;7,084634351000034;51,564028650000068;5211022700000090000;1
36401;5;9;16;0;2021;10;16;2;3;0;3;1;1;0;0;0;0;0;372768,693523393012583;5711845,005673056468368;7,165220794000049;51,543343017000041;5211018300700110000;0
36402;5;3;82;56;2021;7;9;2;2;5;5;1;0;0;0;0;0;1;369641,871999885886908;5627047,435999501496553;7,150888172000066;50,780512531000056;5210705607000670000;0
36404;5;5;54;20;2021;9;18;6;3;1;7;1;0;0;0;0;0;0;366237,103227248415351;5787483,595994690433145;7,041764377000050;52,221518389000039;5210903705000080000;0
36405;5;3;16;0;2021;9;7;2;3;0;1;1;0;0;0;0;0;0;360735,122999841347337;5659428,362999428063631;7,012257742000031;51,069456909000053;5210927601700080000;0
36406;5;3;78;4;2021;10;18;6;3;0;3;1;1;0;0;0;1;0;367832,170061524957418;5649742,763350909575820;7,117025765000051;50,984084915000039;5211001606100390000;0
36408;5;5;13;0;2021;3;14;6;3;5;3;1;1;0;0;0;0;0;368371,655842878855765;5705295,232935450971127;7,104294318000029;51,483473302000050;5210305700100710000;0
36410;5;3;78;8;2021;5;14;1;2;0;1;1;0;0;0;0;0;0;365559,321239564567804;5662458,440454635769129;7,079944501000057;51,097839458000067;5210530606220880000;0
36414;5;1;13;0;2021;9;12;4;3;0;7;1;0;0;0;0;0;0;365930,343999871052802;5701630,266999494284391;7,070546007000075;51,449964016000081;5210915502134280000;1
36419;5;1;13;0;2021;10;17;7;2;0;1;1;0;0;0;0;0;0;360279,782999841496348;5696104,981999428942800;6,991457719000039;51,398946084000045;5211009502226270000;0
36423;5;5;54;16;2021;10;16;4;3;5;3;1;0;0;0;0;0;0;363669,887958608567715;5757170,196469776332378;7,016323843000066;51,948510944000077;5211006705000250000;1
36430;5;9;16;0;2021;1;14;4;3;1;5;1;1;0;0;0;0;0;373156,570999902673066;5708969,297999549657106;7,171847001000060;51,517586063000067;5210106300700810000;0
36431;5;5;58;12;2021;9;17;6;3;0;1;1;0;0;0;0;0;0;373296,088999902829528;5756360,027999566867948;7,156607489000066;51,943506426000056;5210903706000070000;0
36433;5;3;15;0;2021;9;8;5;2;0;1;1;0;0;0;0;0;0;360841,450415071099997;5644286,224918683990836;7,019578660000036;50,933398708000027;5210930601600080000;0
36437;5;1;13;0;2021;10;15;3;3;0;2;1;1;0;0;0;0;0;361163,573891623876989;5703436,004631308838725;7,001280590000022;51,465042310000058;5211012502103570000;0
36438;5;5;13;0;2021;6;3;7;3;0;7;1;0;0;0;0;2;0;367965,874701463617384;5708754,681147506460547;7,097159095000052;51,514467982000042;5210605700100070000;1
36439;5;1;13;0;2021;10;15;4;3;0;6;1;0;0;0;0;0;0;366832,541672647930682;5700864,047039307653904;7,083810423000045;51,443291061000082;5211027502146090000;0
36451;5;3;15;0;2021;2;9;4;3;4;6;1;0;0;0;0;0;0;363355,782473018392920;5641801,848763400688767;7,056269811000050;50,911671726000066;5210224601620500000;0
36453;5;3;15;0;2021;6;9;4;3;6;4;1;0;1;0;0;0;0;358480,998074456118047;5640473,604534730315208;6,987487087000034;50,898560045000067;5210616601200120000;0
36457;5;1;58;32;2021;12;21;5;2;0;7;1;0;0;0;0;2;0;362797,802395831793547;5688675,448063446208835;7,030499318000068;51,332794360000037;5211223516100300000;1
36458;5;3;82;4;2021;2;5;5;3;5;3;1;1;0;0;0;2;0;360431,710999839007854;5618164,675999423488975;7,023687969000036;50,698534796000047;5210218600370660000;1
36464;5;3;82;56;2021;5;14;4;3;0;3;1;1;0;0;0;0;0;370975,535255470313132;5627868,120893226936460;7,169507548000070;50,788187331000074;5210526607500630000;1
36465;5;5;62;24;2021;4;18;7;3;5;3;1;0;0;0;1;0;0;372379,204999898560345;5725514,207999549806118;7,154632371000048;51,666098983000040;5210417701500140000;0
36474;5;3;15;0;2021;9;22;4;3;5;2;1;1;0;0;0;2;0;359503,914999835193157;5644801,296999413520098;7,000357405000045;50,937703448000036;5210922601600280000;0
36475;5;5;13;0;2021;10;18;7;3;1;3;1;1;0;0;0;0;0;368931,667087368667126;5707031,572529006749392;7,111710096000024;51,499207590000026;5211016700000280000;0
36480;5;1;24;0;2021;12;14;4;3;4;2;1;1;0;0;0;0;0;370854,196999893523753;5681630,642999522387981;7,148629498000048;51,271367321000071;5211222503100570000;0
36481;5;5;62;14;2021;6;14;4;3;1;5;1;0;0;0;1;0;0;360878,730671793222427;5715003,464722717180848;6,992616661000056;51,568919765000032;5210609701300360000;0
36487;5;3;14;0;2021;6;12;4;3;5;2;1;1;0;0;0;0;0;364880,389595778658986;5619573,159551521763206;7,086128500000029;50,712244801000054;5210630600110080000;0
36500;5;1;13;0;2021;6;17;6;3;0;5;1;0;0;0;1;0;0;361820,998357241973281;5709886,716842362657189;7,008213177000073;51,523171274000049;5210625502340370000;0