OID_;ULAND;UREGBEZ;UKREIS;UGEMEINDE;UJAHR;UMONAT;USTUNDE;UWOCHENTAG;UKATEGORIE;UART;UTYP1;IstRad;IstPKW;IstFuss;IstKrad;IstSonstige;ULICHTVERH;IstGkfz;LINREFX;LINREFY;XGCSWGS84;YGCSWGS84;UIDENTSTLAE;IstStrassenzustand
36507;5;1;13;0;2021;3;12;7;3;0;5;1;1;0;0;0;0;0;362136,913200701586902;5710771,380962312221527;7,012417748000075;51,531198309000047;5210327502340370000;0
36510;5;5;62;24;2021;6;11;6;3;5;2;1;1;0;0;0;0;0;368859,911999884061515;5721432,686999520286918;7,105303938000077;51,628609767000057;5210618701500580000;0
36515;5;3;15;0;2021;6;22;5;3;5;2;1;1;0;0;0;1;0;359821,878999835811555;5647480,672999417409301;7,003848433000030;50,961860697000077;5210610601500990000;0
36517;5;5;58;12;2021;6;17;3;3;5;3;1;1;0;0;0;0;0;371558,501999896951020;5755853,894999548792839;7,131531110000026;51,938559764000047;5210608706200410000;0
36521;5;3;15;0;2021;3;7;2;3;1;5;1;1;0;0;0;0;0;362621,982071027159691;5637049,035441057756543;7,047625303000075;50,868781915000056;5210308601620240000;0
36523;5;1;13;0;2021;5;17;1;3;3;7;1;1;0;0;0;0;0;363360,717957638204098;5700886,916268913075328;7,033875617000035;51,442669665000039;5210502502111980000;0
36524;5;3;15;0;2021;7;18;3;3;0;1;1;0;0;0;0;0;0;363155,319388619624078;5645328,044834097847342;7,052096446000064;50,943315618000042;5210713601600980000;0
36527;5;1;13;0;2021;6;12;4;2;5;3;1;1;0;0;0;0;0;362148,176001830957830;5700793,170314488932490;7,016475856000056;51,441533414000048;5210630502210070000;0
36528;5;3;14;0;2021;11;18;4;3;2;6;1;1;0;0;0;2;0;364244,903999859467149;5622713,890999458730221;7,075976514000047;50,740325162000033;5211124600110530000;0
36535;5;3;78;4;2021;11;17;5;2;5;3;1;1;0;0;0;2;0;368281,031521135009825;5650347,885046383365989;7,123197573000027;50,989626436000037;5211111606100860000;0
36548;5;3;14;0;2021;9;1;1;3;0;6;1;0;0;0;1;2;0;367144,223936594091356;5622505,010870676487684;7,117119237000054;50,739118314000052;5210905600140880000;0
36549;5;3;14;0;2021;11;14;5;3;1;5;1;0;0;0;1;0;0;366103,850824595429003;5622359,136149728670716;7,102436284000021;50,737568251000027;5211111600110390000;0
36550;5;3;14;0;2021;12;8;5;3;0;2;1;1;0;0;0;0;0;365238,801999864168465;5623054,682999465614557;7,089929755000071;50,743619670000044;5211209600110090000;0
36554;5;1;22;0;2021;10;12;4;3;0;7;1;1;0;0;0;0;0;365915,363909293897450;5671557,125913701951504;7,081639314000029;51,179694984000037;5211013503400270000;0
36556;5;3;15;0;2021;1;19;1;3;0;1;1;0;0;0;0;2;0;363396,028999856673181;5639861,067999454215169;7,057568147000040;50,894238533000077;5210117601620030000;1
36564;5;3;82;12;2021;2;11;3;2;0;3;1;0;0;0;1;0;0;360043,126104972325265;5624625,540966184809804;7,015736857000036;50,756508634000056;5210223600360080000;1
36568;5;5;13;0;2021;2;15;1;2;2;7;1;1;0;0;0;0;0;370793,639680552296340;5713651,630387252196670;7,136091377000071;51,559130242000037;5210221700200980000;0
36569;5;1;58;32;2021;10;13;2;3;4;2;1;1;0;0;0;0;0;365130,923601655289531;5688191,277705978602171;7,064153242000032;51,329001370000071;5211011516100980000;1
36570;5;3;15;0;2021;11;12;3;3;5;3;1;1;0;0;0;0;0;364170,502999857999384;5638485,437999460846186;7,069085405000067;50,882057641000074;5211116601600450000;1
36571;5;3;14;0;2021;12;11;3;3;0;1;1;0;0;0;0;0;0;370737,054216185584664;5615424,673849659040570;7,170489285000031;50,676288580000062;5211228600380780000;1
36574;5;1;13;0;2021;2;10;3;3;5;3;1;1;0;0;0;0;0;362497,130843488499522;5706910,916398340836167;7,019113517000051;51,496594765000054;5210223502325170000;0
36577;5;5;13;0;2021;10;17;1;2;0;7;1;0;0;0;0;2;0;361982,811190254054964;5719344,059592356905341;7,006830266000065;51,608196329000066;5211031700000990000;1
36584;5;5;58;12;2021;4;16;4;2;5;3;1;1;0;0;0;0;0;373829,650582974776626;5757462,162848183885217;7,163961330000063;51,953531925000050;5210428706200380000;0
36587;5;5;54;20;2021;7;13;7;3;0;7;1;0;0;0;0;0;0;365782,772999873384833;5787078,106999509036541;7,035278239000036;52,217764428000066;5210710705000320000;0
36588;5;5;13;0;2021;9;14;1;2;0;7;1;0;0;0;0;0;0;364111,046999862417579;5709985,231999475508928;7,041164248000030;51,524612216000037;5210926700100340000;0
36594;5;5;13;0;2021;11;17;2;3;5;3;1;1;0;0;0;1;0;365292,227999868802726;5714870,402999488636851;7,056310016000054;51,568795695000063;5211108700000470000;0
36612;5;1;13;0;2021;12;12;3;3;5;3;1;1;0;0;0;0;0;367533,767964142374694;5703100,169875264167786;7,093057204000047;51,463551125000038;5211228502147570000;1
36614;5;3;14;0;2021;6;8;2;3;0;2;1;1;0;0;0;0;0;366624,093813696876168;5621228,833872184157372;7,110213783000063;50,727528788000029;5210607600110070000;0
36615;5;1;13;0;2021;9;17;2;3;5;2;1;1;0;0;0;0;0;366773,324621652252972;5701191,659796921536326;7,082835517000035;51,446221317000038;5210906502134570000;0
36625;5;1;13;0;2021;7;19;4;2;8;1;1;0;0;0;0;0;0;360724,873749231919646;5696258,477338038384914;6,997791652000046;51,400434902000029;5210707502226270000;0
36626;5;5;54;44;2021;5;15;6;3;4;3;1;1;0;0;0;0;0;368964,583391444757581;5744822,661752060055733;7,098009511000043;51,838826576000031;5210528705000490000;0
36627;5;3;14;0;2021;1;16;3;3;5;2;1;1;0;0;0;0;0;364993,653431928716600;5622352,939000906422734;7,086714262000044;50,737255527000059;5210126600110480000;1
36632;5;1;20;0;2021;11;16;3;3;0;7;1;1;0;0;0;1;0;372397,126860462129116;5671562,195882569998503;7,174320918000035;51,181224016000044;5211109503300770000;0
36636;5;5;62;24;2021;10;22;7;3;0;1;1;0;0;0;0;2;0;370336,353371457196772;5725470,434782519936562;7,125126351000063;51,665237923000063;5211030701500850000;0
36640;5;3;15;0;2021;12;8;5;3;0;5;1;1;0;0;0;1;0;359250,623999833129346;5638866,735999409109354;6,999043708000045;50,884306934000051;5211202601200690000;1
36642;5;3;15;0;2021;6;10;4;3;0;1;1;0;0;0;0;0;0;366410,683994554914534;5636386,220853516831994;7,101679189000038;50,863712689000067;5210630601600190000;0
36649;5;5;62;14;2021;12;17;3;3;5;2;1;1;0;0;0;2;0;360316,092075772583485;5715377,965181177482009;6,984354853000070;51,572145946000035;5211214701300940000;0
36651;5;3;82;44;2021;10;15;2;3;5;3;1;1;0;0;0;0;0;361387,130405892618001;5632592,560707371681929;7,031773764000036;50,828434926000057;5211025607400080000;0
36654;5;3;82;4;2021;12;12;6;3;5;2;1;1;0;0;0;0;0;360720,741947426460683;5620118,329638775438070;7,027041044000043;50,716162783000073;5211210600370230000;0
36662;5;3;78;16;2021;9;23;7;3;0;1;1;0;0;0;0;2;0;361207,186939204111695;5662795,668533487245440;7,017697741000063;51,099833181000065;5210904606230080000;0
36663;5;5;62;14;2021;12;13;6;3;6;7;1;0;1;0;0;0;0;362239,193308734335005;5712495,945889774709940;7,013216446000058;51,546720660000062;5211217701300170000;0
36674;5;3;15;0;2021;9;17;7;2;2;6;1;0;0;0;0;0;0;368694,697507565841079;5638598,087830554693937;7,133322531000033;50,884116008000035;5210918601620070000;0
36676;5;3;14;0;2021;3;14;4;3;5;2;1;1;0;0;0;0;0;369429,112999885343015;5622789,094999497756362;7,149382673000048;50,742189966000069;5210303600140830000;0
36683;5;3;14;0;2021;2;9;4;3;5;3;1;1;0;0;0;0;0;364879,479114724323153;5620251,841378247365355;7,085867092000058;50,718344526000067;5210203600110870000;1
36696;5;3;15;0;2021;6;10;3;2;1;1;1;1;0;0;0;0;0;359235,487647061236203;5638897,729274647310376;6,998816726000030;50,884581789000038;5210615601200380000;0
36697;5;3;14;0;2021;5;15;7;3;0;1;1;0;0;0;0;0;0;365785,109342655166984;5622359,403115648776293;7,097921665000058;50,737497075000078;5210508600110630000;0
36699;5;3;82;68;2021;9;11;6;3;5;2;1;1;0;0;0;0;0;370971,191151116043329;5630763,788340497761965;7,168428449000032;50,814213236000057;5210903607400670000;0
36700;5;1;24;0;2021;11;17;3;3;3;6;1;1;0;0;0;2;0;370959,187892237678170;5676169,221152245998383;7,152102519000039;51,222306945000071;5211130503100770000;1
36718;5;3;16;0;2021;9;17;3;3;0;2;1;1;0;0;0;0;0;363104,291651916690171;5655298,918545693159103;7,047613518000048;51,032914766000033;5210907601700770000;0
36720;5;1;13;0;2021;11;16;4;3;0;7;1;0;0;0;0;1;0;363221,830588677898049;5698857,471569560468197;7,032662216000062;51,424398491000034;5211124502214570000;0
36730;5;1;22;0;2021;11;15;5;3;0;3;1;1;0;0;0;0;0;361684,896317657083273;5672387,125015171244740;7,020832229000064;51,186146266000037;5211118503400070000;0
36733;5;3;78;8;2021;11;17;3;3;5;2;1;1;0;0;0;2;0;368758,285004167817533;5659512,854461222887039;7,126674972000046;51,072106990000066;5211116606700570000;1
36739;5;1;24;0;2021;12;17;4;3;1;5;1;1;0;0;0;2;0;371057,981624857522547;5681987,159194322302938;7,151420608000024;51,274617619000026;5211229503100970000;1
36743;5;5;54;24;2021;9;14;1;3;0;1;1;0;0;0;1;0;0;370126,423061124049127;5776435,979443220421672;7,102896890000068;52,123177968000050;5210905705000190000;0
36749;5;3;78;4;2021;3;5;5;3;5;2;1;1;0;0;0;2;0;368796,686864312738180;5651966,888723377138376;7,129955736000056;51,004295349000074;5210311606100030000;1
36751;5;1;58;20;2021;6;14;3;3;5;3;1;1;0;0;0;0;0;358997,811581654474139;5663601,943792743608356;6,985848173000022;51,106539917000077;5210615516800070000;0
36754;5;3;15;0;2021;1;8;4;3;0;1;1;0;0;0;0;0;0;358622,717775315977633;5640327,440290817990899;6,989557712000021;50,897281164000049;5210113601200880000;1
36756;5;5;13;0;2021;1;11;7;3;0;7;1;0;0;0;0;0;0;364910,190257929265499;5716796,132274487987161;7,050060358000053;51,586009667000042;5210130700000580000;1
36761;5;1;22;0;2021;1;14;6;3;3;6;1;1;0;0;0;0;0;365370,022575220093131;5671144,086581259965897;7,073996511000075;51,175854784000080;5210122503400090000;0
36764;5;1;22;0;2021;5;14;6;3;5;2;1;1;0;0;0;0;0;365139,828069267794490;5674811,932399936020374;7,069327871000041;51,208763823000027;5210521503400890000;0
36769;5;3;16;0;2021;6;15;5;3;0;2;1;1;0;0;0;0;0;360879,768232230097055;5657425,498764647170901;7,015091068000061;51,051492239000027;5210617601700380000;0
36771;5;1;13;0;2021;11;10;6;3;0;1;1;0;0;0;0;0;0;361705,636999851092696;5708641,047999449074268;7,007040168000060;51,511949141000059;5211105502324270000;0
36774;5;3;15;0;2021;9;17;7;3;4;6;1;0;0;0;1;0;0;359637,977779830805957;5647555,275908408686519;7,001202584000055;50,962486388000059;5210904601500940000;0
36791;5;3;15;0;2021;7;13;6;2;0;1;1;0;0;0;0;0;0;358278,476350195705891;5640711,126321880146861;6,984516785000039;50,900645006000047;5210702601200440000;0
36794;5;3;15;0;2021;10;12;3;3;0;1;1;0;0;0;0;0;0;361090,939808257855475;5645047,350511865690351;7,022836824000024;50,940299269000036;5211026601600780000;1
36797;5;1;13;0;2021;11;18;6;3;5;3;1;1;0;0;0;2;0;361822,169406114146113;5706413,163437286391854;7,009591107000062;51,491957231000072;5211126502325080000;1
36798;5;3;14;0;2021;9;16;2;3;0;1;1;0;0;0;0;0;0;366969,130851847119629;5622479,310936748981476;7,114648464000027;50,738847238000062;5210920600140090000;0
36822;5;1;13;0;2021;5;20;4;3;5;3;1;1;0;0;0;1;0;360911,207867152057588;5702332,145846433937550;6,998084047000020;51,455060745000026;5210526502104270000;1
36824;5;1;22;0;2021;3;9;4;3;5;3;1;1;0;0;0;0;0;366213,092999870888889;5671188,447999490424991;7,086033647000022;51,176451350000036;5210324503400570000;0
36826;5;3;78;4;2021;9;13;4;3;4;2;1;1;0;0;0;0;0;369238,222345331683755;5649472,986746488139033;7,137143253000033;50,981981309000048;5210915606100080000;1
36834;5;3;14;0;2021;10;14;6;2;5;3;1;0;0;0;1;0;0;367566,959311739541590;5623033,029514670372009;7,122917174000065;50,743960742000070;5211029600140590000;0
36849;5;3;14;0;2021;10;19;4;3;0;5;1;1;0;0;0;2;0;365249,549517077393830;5622278,177234927192330;7,090365959000053;50,736643006000065;5211006600110970000;1
36859;5;1;13;0;2021;2;21;7;3;0;5;1;1;0;0;0;2;0;364328,941532989032567;5701312,258412817493081;7,047635766000042;51,446724787000051;5210220502111570000;0
36866;5;3;14;0;2021;6;9;6;3;5;3;1;1;0;0;0;0;0;368329,165695873089135;5618470,296348821371794;7,135343327000044;50,703123531000074;5210625600380280000;0
36881;5;1;24;0;2021;4;9;5;3;0;7;1;0;0;0;0;0;0;371038,716429041698575;5680232,970983576029539;7,151777258000038;51,258847662000051;5210422503100370000;0
36882;5;1;13;0;2021;3;5;2;3;5;2;1;1;0;0;0;2;0;360926,316999843344092;5706780,857999438419938;6,996550195000054;51,495041781000054;5210315502324570000;1
36887;5;3;14;0;2021;9;17;5;3;5;2;1;1;0;0;0;0;0;364399,370999862439930;5622944,215999461710453;7,078079656000057;50,742431376000070;5210916600110070000;0
36902;5;1;24;0;2021;10;13;2;3;8;1;1;0;0;0;0;0;0;370277,516363684087992;5679772,393686681985855;7,141041181000048;51,254535591000035;5211004503100770000;0
36904;5;3;78;4;2021;2;16;3;3;5;2;1;1;0;0;0;0;0;367269,457622081041336;5650815,964598229154944;7,108621454000058;50,993600973000071;5210202606100160000;1
36908;5;3;14;0;2021;11;15;5;3;5;3;1;1;0;0;0;0;0;370020,113750241696835;5623952,812802242115140;7,157343786000069;50,752782336000053;5211111600140690000;0
36916;5;3;15;0;2021;9;10;5;3;4;5;1;1;0;0;0;0;1;364568,508751455694437;5638372,153000349178910;7,074781900000062;50,881132908000041;5210909601620480000;0
36923;5;1;22;0;2021;6;6;6;3;0;5;1;1;0;0;0;0;0;361648,590817563235760;5669924,557474685832858;7,021260904000030;51,164006732000075;5210611503400190000;0
36926;5;3;15;0;2021;6;11;3;3;1;5;1;1;0;0;0;0;0;359651,523401505313814;5644816,944251323118806;7,002450882000062;50,937880016000065;5210622601600490000;0
36927;5;3;78;8;2021;3;17;3;3;5;2;1;1;0;0;0;0;0;368758,545172285288572;5659513,140559040009975;7,126678580000032;51,072109621000038;5210330606700440000;0
36934;5;3;15;0;2021;11;7;3;2;7;1;1;0;0;0;0;2;0;359293,108492448925972;5647733,333810551092029;6,996225888000026;50,964002483000058;5211130601500880000;0
36939;5;5;13;0;2021;1;18;5;3;5;3;1;1;0;0;0;2;0;366795,992288436740637;5714795,285450307652354;7,078022997000062;51,568477895000058;5210114700000520000;0
36943;5;1;58;32;2021;12;5;6;3;0;1;1;0;0;0;0;2;0;364709,213999863713980;5689108,020999474450946;7,057755756000063;51,337139806000039;5211210516100480000;2
36957;5;1;13;0;2021;9;22;6;3;0;1;1;0;0;0;0;2;0;365699,419777550734580;5698571,116192854940891;7,068384984000033;51,422417597000049;5210910502243670000;1
36958;5;5;62;24;2021;1;6;4;3;0;1;1;0;0;0;0;2;0;373601,477991423569620;5725674,467796636745334;7,172238449000076;51,667815498000039;5210113701500780000;2
36963;5;5;62;24;2021;5;17;3;3;5;2;1;1;0;0;0;0;0;370141,386744205839932;5725316,641315201297402;7,122366008000029;51,663810814000044;5210504701500580000;1
36964;5;1;13;0;2021;9;21;4;3;0;5;1;1;0;0;0;2;0;361700,895446657203138;5709281,188530614599586;7,006720727000072;51,517700449000074;5210929502340080000;1
36967;5;3;15;0;2021;12;14;4;3;0;7;1;1;0;0;0;0;0;359609,350972553715110;5646971,579436667263508;7,001020381000046;50,957233684000073;5211208601500890000;0
36970;5;3;82;44;2021;10;7;5;3;5;3;1;1;0;0;0;2;0;364152,104999860748649;5627078,708999456837773;7,073051100000043;50,779533508000043;5211014607400570000;1
36971;5;3;82;68;2021;6;10;1;2;2;1;1;0;0;0;0;0;0;370725,061999890021980;5636425,871999509632587;7,162938798000027;50,865049876000057;5210620607400870000;0
36975;5;3;15;0;2021;12;10;5;3;5;3;1;1;0;0;0;0;0;363027,318179862573743;5638036,909285839647055;7,053012250000052;50,877756619000081;5211209601600080000;0
36979;5;3;14;0;2021;12;15;4;3;0;1;1;0;0;0;0;0;0;364369,869833707809448;5623848,860687050968409;7,077328675000047;50,750555275000067;5211215600110830000;1
36980;5;3;78;4;2021;10;15;2;3;5;3;1;1;0;0;0;0;0;369280,544834032654762;5649077,644432444125414;7,137888028000020;50,978437671000052;5211004606100470000;0
36989;5;5;62;24;2021;11;10;2;3;5;2;1;1;0;0;0;0;0;370286,378913471475244;5727001,355408221483231;7,123835651000036;51,678984221000064;5211122701500580000;0
36990;5;3;15;0;2021;12;22;6;3;0;3;1;1;0;0;0;2;0;361450,687428272329271;5646003,302284412086010;7,027590398000029;50,948977205000062;5211203601600790000;1
36992;5;1;24;0;2021;4;13;6;3;4;2;1;1;0;0;0;0;0;369424,990999885834754;5679448,602999512106180;7,128949375000047;51,251430994000032;5210423503100980000;0
36995;5;5;62;20;2021;2;18;5;3;0;1;1;0;0;0;0;2;0;372114,577481554821134;5718284,412287589162588;7,153449139000031;51,601065790000064;5210218701200560000;1
36996;5;3;15;0;2021;7;15;3;3;0;4;1;0;1;0;0;0;0;360804,574147148989141;5646117,187462380155921;7,018354562000070;50,949845052000057;5210706601500660000;0
36999;5;3;15;0;2021;6;14;3;3;5;3;1;1;0;0;0;0;0;359954,098685735836625;5647761,523417951539159;7,005621931000064;50,964416883000069;5210615601500170000;0
37000;5;3;14;0;2021;11;14;7;3;0;2;1;0;0;0;1;0;0;366332,840999870561063;5622352,110999474301934;7,105682166000065;50,737557859000049;5211106600110070000;0
37001;5;5;13;0;2021;11;14;5;3;5;2;1;1;0;0;0;0;0;367526,091506790369749;5709438,923032214865088;7,090567643000043;51,520514109000032;5211118700000280000;0
37003;5;1;13;0;2021;6;14;6;3;0;7;1;0;0;0;0;0;0;361051,338999846018851;5702735,501999437808990;6,999941177000039;51,458719837000046;5210625502104570000;0
37007;5;3;78;4;2021;10;15;1;3;0;1;1;0;0;0;0;0;0;368828,104901265352964;5651905,892445361241698;7,130425326000022;51,003754297000057;5211017606100180000;0
37011;5;1;58;32;2021;6;12;2;3;5;2;1;1;0;0;0;0;0;363995,089011970907450;5688961,025108046829700;7,047566238000059;51,335648405000029;5210614516100890000;0
37016;5;3;15;0;2021;9;19;2;3;0;2;1;1;0;0;0;0;0;365301,542999864555895;5635711,395999468863010;7,086175893000075;50,857390231000068;5210906601620290000;0
37017;5;5;13;0;2021;11;12;1;3;0;1;1;0;0;0;0;0;0;366708,546989651396871;5715076,511973325163126;7,076655348000031;51,570984487000032;5211107700000870000;1
37021;5;3;78;20;2021;1;14;6;3;4;6;1;1;0;0;0;0;0;371901,127885160967708;5654107,023607190698385;7,173423344000071;51,024230332000059;5210101606100540000;1
37026;5;3;82;4;2021;7;16;3;3;5;3;1;1;0;0;0;0;0;360513,453999840654433;5617762,320999421179295;7,024996664000071;50,694938194000031;5210713600370930000;0
37029;5;3;15;0;2021;10;18;4;3;1;5;1;1;0;0;0;2;0;359592,071304100565612;5644807,072187591344118;7,001609068000050;50,937776822000046;5211006601600990000;1
37035;5;1;13;0;2021;2;15;4;3;0;7;1;0;0;0;0;0;0;360603,558558251708746;5695046,295161096379161;6,996524846000057;51,389511966000043;5210224502229170000;0
37046;5;5;62;24;2021;11;6;3;3;5;3;1;1;0;0;0;2;0;366537,113999874331057;5724694,628999503329396;7,070520510000051;51,657376742000054;5211123701500350000;1
37055;5;3;15;0;2021;3;12;7;3;5;2;1;1;0;0;0;0;0;361281,420005526393652;5647829,113832132890821;7,024486318000072;50,965345461000027;5210320601510980000;0
37059;5;1;24;0;2021;3;10;7;2;0;7;1;0;0;0;0;0;0;369670,511022233404219;5674559,790597856044769;7,134243676000040;51,207549599000060;5210320503100670000;0
37063;5;5;58;12;2021;9;11;4;3;5;1;1;1;0;0;0;0;0;373265,235865030437708;5756352,355423804372549;7,156161691000023;51,943430450000051;5210929706200770000;1
37069;5;3;15;0;2021;11;11;2;3;8;1;1;0;0;0;0;0;0;359355,830999832600355;5638656,130999410524964;7,000619447000076;50,882439806000036;5211101601200290000;1
37072;5;9;16;0;2021;6;19;7;2;0;1;1;0;0;0;0;0;0;373673,053159871138632;5712025,936985461041331;7,178190324000070;51,545172222000076;5210612300700490000;0
37074;5;3;14;0;2021;12;10;5;3;0;4;1;0;1;0;0;0;0;369412,564691795036197;5616784,852708676829934;7,151273138000022;50,688218613000060;5211216600380870000;0
37081;5;5;62;20;2021;3;16;2;2;5;2;1;1;0;0;0;0;0;371171,907383174635470;5717571,393682049587369;7,140107368000031;51,594443173000059;5210301701200060000;0
37084;5;9;54;16;2021;12;15;7;3;3;1;1;1;0;0;0;1;0;373126,317999903112650;5695062,914999540895224;7,176399477000075;51,392599462000078;5211218310110070000;1
37093;5;3;78;4;2021;10;8;3;3;1;2;1;1;0;0;0;0;0;367587,817999877035618;5646535,022999493405223;7,114714404000040;50,955198649000067;5211012606100670000;1
37096;5;3;78;28;2021;9;14;5;2;2;6;1;1;0;0;1;0;0;371324,733834357932210;5639996,079361498355865;7,170198978000030;50,897273027000040;5210930606400380000;0
37101;5;3;14;0;2021;3;13;6;3;5;2;1;1;0;0;0;0;0;367364,102818968705833;5623859,597802652046084;7,119745917000046;50,751343670000040;5210319600140560000;0
37102;5;3;15;0;2021;4;16;5;3;1;5;1;1;0;0;0;0;0;359976,082779405638576;5647817,199513934552670;7,005913372000066;50,964922593000040;5210415601500680000;0
37106;5;1;58;32;2021;6;16;5;3;5;3;1;1;0;0;0;0;0;366320,154659663327038;5684398,284961484372616;7,082634367000026;51,295194632000062;5210624516120760000;0
37116;5;3;14;0;2021;4;13;6;3;3;6;1;1;0;0;0;0;0;365902,288999595679343;5622342,004671385511756;7,099587678000034;50,737367767000080;5210416600110880000;0
37122;5;3;14;0;2021;9;13;3;3;5;3;1;1;0;0;0;0;0;362858,146755444817245;5625334,733935160562396;7,055358278000028;50,763554669000030;5210914600110090000;0
37123;5;3;78;28;2021;10;16;6;3;5;3;1;1;0;0;0;0;0;371698,536639596335590;5642310,678566420450807;7,174698019000061;50,918159996000043;5211022606400080000;0
37124;5;3;82;12;2021;5;5;6;2;0;3;1;1;0;0;0;0;0;357840,852157780900598;5625535,742287268862128;6,984182641000075;50,764153634000081;5210528600360520000;0
37129;5;1;13;0;2021;10;13;1;3;0;7;1;0;0;0;0;0;0;362921,541999856010079;5703932,725999461486936;7,026379796000072;51,469934592000072;5211031502103480000;0
37131;5;5;58;40;2021;7;9;4;3;0;1;1;0;0;0;0;0;0;371521,738093269988894;5763322,155877402052283;7,128201437000030;52,005662611000048;5210707706000980000;0
37132;5;5;54;20;2021;11;11;3;3;9;1;1;0;0;0;0;0;0;367571,112497701309621;5788866,803926110267639;7,060739930000068;52,234269455000060;5211102705000960000;1
37135;5;3;82;60;2021;6;18;4;3;5;3;1;1;0;0;0;0;0;375044,865566931664944;5627945,371754294261336;7,227183591000028;50,789773146000073;5210623607100660000;0
37146;5;9;54;24;2021;3;16;1;3;5;2;1;1;0;0;0;0;0;380555,462516104802489;5684035,195436831563711;7,286828615000047;51,295095644000071;5210321310210490000;0
37147;5;5;62;32;2021;11;10;6;2;1;3;1;1;0;0;0;0;0;375199,072933973744512;5714851,374724382534623;7,199183006000055;51,570904527000039;5211126701120480000;0
37154;5;5;66;84;2021;2;13;7;3;5;3;1;1;0;0;0;0;0;388603,861580406315625;5775098,031624374911189;7,373112844000048;52,115186182000059;5210206709300070000;0
37163;5;5;62;36;2021;1;7;2;3;5;3;1;1;0;0;0;1;0;388798,475330820307136;5719211,969518862664700;7,393945938000059;51,612944210000080;5210111701930730000;0
37164;5;3;78;20;2021;9;7;4;3;5;3;1;1;0;0;0;0;0;372411,805999897420406;5653238,268999526277184;7,181006887000024;51,016535593000071;5210908606300950000;0
37166;5;5;66;76;2021;10;7;7;3;0;1;1;0;0;0;0;1;0;393658,983641880564392;5792977,623100643977523;7,441298401000040;52,276871450000044;5211016709500370000;1
37172;5;9;13;0;2021;5;15;2;2;4;3;1;1;0;0;0;0;0;394386,438096104189754;5716547,513300960883498;7,475422182000045;51,590071157000068;5210531301203080000;0
37174;5;5;62;4;2021;9;5;4;3;5;3;1;1;0;0;0;2;0;382608,488937512040138;5714700,827735006809235;7,306095715000026;51,571142923000082;5210908701800250000;0
37182;5;5;62;32;2021;6;8;2;2;1;5;1;1;0;0;0;0;0;375187,554240193217993;5719335,330160614103079;7,197422148000044;51,611199901000077;5210628701110080000;0
37197;5;9;13;0;2021;9;18;7;3;5;2;1;1;0;0;0;0;0;388421,269402517005801;5704454,299289846792817;7,393180586000028;51,480226060000064;5210904301502190000;0
37199;5;5;62;32;2021;9;11;5;3;6;6;1;0;1;0;0;0;0;376091,453218052163720;5714805,075434995815158;7,212069177000046;51,570685250000054;5210916701103480000;0
37200;5;3;82;16;2021;3;19;6;3;5;3;1;1;0;0;0;2;0;389964,633283308707178;5625034,339557144790888;7,439641352000024;50,766628776000061;5210305607300030000;0
37207;5;5;62;4;2021;10;14;4;3;6;7;1;0;1;0;0;0;0;382511,997069077566266;5715820,436133958399296;7,304329529000029;51,581185494000067;5211027701800830000;0
37210;5;5;62;32;2021;3;15;3;3;5;3;1;1;0;0;0;0;0;374371,114945213310421;5719218,164305834099650;7,185679228000026;51,609965337000062;5210323701110370000;0
37214;5;5;62;32;2021;9;14;7;3;4;3;1;0;0;0;0;0;0;377949,223999919369817;5718521,961999574676156;7,237569592000057;51,604495388000032;5210918701110610000;0
37220;5;5;62;36;2021;2;15;3;1;2;6;1;1;0;0;0;0;0;392438,100566129200161;5719936,787999883294106;7,446268423000049;51,620166243000028;5210223701930820000;0
37226;5;9;14;0;2021;2;15;2;3;5;3;1;0;0;0;1;0;0;389828,450999950990081;5689492,109999602660537;7,418086068000036;51,346015446000081;5210222302120160000;0
37231;5;5;58;16;2021;6;2;7;3;0;6;1;0;1;0;0;2;0;381636,274761431850493;5745676,132884046062827;7,281554040000060;51,849326528000063;5210626706100390000;0
37237;5;3;82;40;2021;7;11;2;3;5;2;1;1;0;0;0;0;0;382048,448999930173159;5636755,390999566763639;7,323666398000057;50,870433126000080;5210705607100370000;0
37239;5;1;20;0;2021;9;22;4;3;0;7;1;0;0;0;0;2;0;377220,938340016640723;5671369,843522777780890;7,243367909000028;51,180551535000063;5210908503300070000;0
37240;5;3;74;52;2021;6;12;7;2;0;1;1;0;0;0;0;0;0;388145,648522046394646;5664313,105121556669474;7,401795083000025;51,119362188000082;5210626605152410000;0
37244;5;9;54;36;2021;5;19;1;2;3;6;1;0;0;1;0;0;0;385466,989999941550195;5698323,409999597817659;7,352640367000049;51,424530661000063;5210509300800030000;0
37249;5;1;24;0;2021;3;18;4;3;3;6;1;1;0;0;0;2;0;376887,441645978018641;5682109,528755107894540;7,234909040000048;51,277006863000054;5210317503200870000;0
37256;5;5;66;76;2021;6;16;7;3;0;7;1;0;0;0;0;0;0;394433,438999962061644;5793733,432999659329653;7,452408873000024;52,283813362000046;5210619709500450000;0
37262;5;5;62;4;2021;3;15;4;3;6;6;1;0;1;0;0;0;0;382695,176553624682128;5712606,165223475545645;7,308044980000034;51,552334753000082;5210303701800560000;0
37264;5;9;54;36;2021;5;13;6;2;4;1;1;0;0;0;0;0;1;382753,264999932609499;5697030,388999590650201;7,314053792000038;51,412354139000058;5210514300510650000;0
37276;5;3;82;20;2021;12;9;7;3;0;1;1;0;0;0;0;0;0;379545,130248446948826;5625928,878609104081988;7,291661527000031;50,772599865000075;5211211607200870000;1