OID_;ULAND;UREGBEZ;UKREIS;UGEMEINDE;UJAHR;UMONAT;USTUNDE;UWOCHENTAG;UKATEGORIE;UART;UTYP1;IstRad;IstPKW;IstFuss;IstKrad;IstSonstige;ULICHTVERH;IstGkfz;LINREFX;LINREFY;XGCSWGS84;YGCSWGS84;UIDENTSTLAE;IstStrassenzustand
37279;5;9;13;0;2021;6;16;4;3;1;7;1;1;0;0;0;0;0;392968,867121389135718;5702794,085485262796283;7,459146402000044;51,466182040000035;5210616301103260000;0
37285;5;9;13;0;2021;12;12;7;3;4;2;1;1;0;0;0;0;0;395189,248353282921016;5706162,391146179288626;7,490099970000074;51,496874104000028;5211211301101580000;1
37294;5;9;11;0;2021;10;17;4;3;5;3;1;1;0;0;0;0;0;376638,770985378883779;5700631,856147628277540;7,224920664000024;51,443425081000044;5211027300500830000;0
37295;5;5;58;44;2021;10;1;7;2;5;3;1;1;0;0;0;2;0;395070,947999962605536;5746040,354999637231231;7,476413552000054;51,855287248000081;5211016706300790000;0
37303;5;5;62;28;2021;2;14;2;3;5;3;1;1;0;0;0;0;0;381150,267374036833644;5721995,237992985174060;7,282592173000069;51,636396152000032;5210222701920520000;0
37307;5;9;11;0;2021;10;13;7;3;0;6;1;0;0;0;0;0;0;376521,227999913506210;5700280,771999560296535;7,223352651000027;51,440244101000076;5211009300100480000;0
37310;5;9;14;0;2021;9;14;7;2;0;1;1;0;0;0;0;0;0;392560,909852198325098;5692559,610489070415497;7,456378264000023;51,374111357000061;5210918302100580000;0
37313;5;3;82;28;2021;5;13;2;3;0;7;1;0;0;0;1;0;0;378426,231733356602490;5634940,626585299149156;7,272814813000025;50,853370382000037;5210510607100580000;0
37317;5;3;82;60;2021;6;14;3;2;5;3;1;1;0;0;0;0;0;375157,938999908976257;5628150,991999534890056;7,228717148000044;50,791645731000074;5210615607100280000;0
37328;5;9;11;0;2021;6;8;4;3;5;2;1;1;0;0;0;0;0;374387,752068084664643;5701863,244000384584069;7,192110147000051;51,453997207000043;5210602300400540000;0
37331;5;9;54;12;2021;6;16;3;3;5;2;1;1;0;0;0;0;0;386959,674659502692521;5688171,011517968028784;7,377331281000068;51,333577576000039;5210622310230590000;0
37336;5;5;66;84;2021;9;16;6;3;3;2;1;1;0;0;0;0;0;385929,456999943591654;5778392,686999632045627;7,332967181000072;52,144249852000030;5210917709300780000;0
37343;5;9;13;0;2021;6;7;6;3;3;6;1;1;0;0;0;0;0;394132,039508115500212;5707814,627019014209509;7,474379675000023;51,511528269000053;5210611301101860000;0
37356;5;5;66;76;2021;12;9;6;3;5;3;1;1;0;0;0;0;0;395526,804999962449074;5791176,715999662876129;7,469223137000029;52,261044231000028;5211224709500010000;1
37359;5;3;74;20;2021;11;6;3;3;0;1;1;0;0;0;0;2;0;386383,284999942407012;5653204,016999581828713;7,380115086000046;51,019158164000032;5211116605120680000;1
37361;5;9;78;32;2021;9;17;4;3;0;7;1;0;1;0;0;0;0;392744,653145615942776;5728241,159406205639243;7,448146947000055;51,694866010000055;5210922317000500000;0
37370;5;5;62;32;2021;12;15;7;3;5;3;1;1;0;0;0;0;0;376130,482633130624890;5715087,998281918466091;7,212532302000056;51,573236520000080;5211218701120060000;1
37374;5;9;11;0;2021;10;17;3;3;5;3;1;1;0;0;0;0;0;375132,607611921615899;5702773,821968926116824;7,202503365000041;51,462345671000037;5211026300500930000;0
37376;5;3;82;24;2021;11;15;5;3;0;6;1;0;1;0;0;0;0;372190,760183705016971;5615217,299778819084167;7,191124843000068;50,674745649000045;5211111600120750000;0
37380;5;9;14;0;2021;9;14;2;2;5;3;1;1;0;0;0;0;0;392989,540999959222972;5691560,849999612197280;7,462834897000050;51,365214760000072;5210906302223070000;0
37389;5;9;13;0;2021;10;15;6;3;5;2;1;1;0;0;0;0;0;386874,096157818101346;5709093,787244925275445;7,369421904000035;51,521618851000028;5211008301201890000;0
37394;5;9;11;0;2021;10;16;6;3;5;2;1;0;0;0;1;0;0;375512,694996562786400;5705791,996780434623361;7,206908386000066;51,489554821000070;5211008300100590000;0
37395;5;9;13;0;2021;12;16;5;3;5;2;1;1;0;0;0;2;0;392711,013812411576509;5711182,855983724817634;7,452883879000069;51,541535225000075;5211202301203260000;1
37400;5;5;66;60;2021;1;18;5;3;5;3;1;1;0;0;0;2;0;390140,911319639533758;5786616,680268770083785;7,391822474000037;52,219013702000041;5210128709500560000;1
37407;5;9;11;0;2021;9;7;3;3;5;3;1;1;0;0;0;0;0;381337,184027572162449;5706890,099769271910191;7,290392822000058;51,500676618000057;5210907300311570000;0
37420;5;9;16;0;2021;5;18;2;3;5;3;1;1;0;0;0;0;0;378699,423496083356440;5712386,930702917277813;7,250515973000063;51,549519451000037;5210503300600670000;0
37421;5;1;24;0;2021;6;8;5;3;0;1;1;0;0;0;0;0;0;376940,644442025572062;5681093,245168538764119;7,236021324000035;51,267884191000064;5210603503200080000;0
37422;5;9;13;0;2021;6;10;6;3;0;1;1;0;0;0;0;0;0;395606,783169902861118;5708082,731797927990556;7,495544275000043;51,514212575000045;5210625301302080000;0
37423;5;5;58;8;2021;6;19;3;2;3;1;1;0;0;0;0;0;0;387659,331736339256167;5764496,823437489569187;7,362813316000029;52,019720193000069;5210601706000790000;0
37431;5;5;62;32;2021;4;11;4;3;5;3;1;1;0;0;0;0;0;376995,813977144658566;5714889,211821569129825;7,225082375000056;51,571639434000076;5210414701120980000;0
37434;5;5;66;84;2021;11;9;6;3;0;3;1;1;0;0;0;0;0;384221,086416626349092;5776997,184381846338511;7,308487910000053;52,131353281000031;5211112709300770000;0
37437;5;5;66;4;2021;11;12;3;3;5;4;1;0;1;0;0;0;0;394781,923999962396920;5767157,604999648407102;7,465753715000062;52,045030924000059;5211109709110370000;0
37439;5;9;11;0;2021;10;14;3;3;5;2;1;1;0;0;0;0;0;375664,376575779169798;5705678,882260313257575;7,209131871000068;51,488571595000053;5211005300100890000;0
37451;5;9;13;0;2021;7;5;2;3;5;3;1;1;0;0;0;0;0;387586,542263629846275;5709396,903683055192232;7,379589836000036;51,524485543000026;5210705301201980000;0
37468;5;9;54;16;2021;9;15;3;2;5;1;1;1;0;0;0;0;0;376456,294905006885529;5695053,743087908253074;7,224240580000071;51,393251868000050;5210928310110080000;0
37470;5;9;54;36;2021;1;12;1;3;5;3;1;1;0;0;0;0;0;389319,991999948397279;5699318,104999611154199;7,407724943000062;51,434236906000081;5210103300813560000;0
37473;5;9;13;0;2021;11;19;6;3;0;7;1;0;1;0;0;2;0;393369,299761178903282;5709302,701401175931096;7,462942119000047;51,524760331000039;5211126301201060000;1
37474;5;9;54;8;2021;2;19;2;3;2;6;1;0;0;0;1;1;0;385456,963999940082431;5684231,919999592006207;7,357035149000069;51,297871063000059;5210222310220290000;0
37477;5;9;54;36;2021;10;17;1;2;5;2;1;1;0;0;0;0;0;384370,966947840526700;5697338,092395611107349;7,337204537000048;51,415452014000039;5211010300800070000;0
37478;5;9;54;24;2021;7;14;1;3;5;3;1;1;0;0;0;0;0;380307,269899684935808;5683717,089139176532626;7,283377200000075;51,292184382000073;5210704310210080000;1
37479;5;9;11;0;2021;2;17;1;3;5;3;1;1;0;0;0;1;0;374860,105307652615011;5704520,389758450910449;7,197964236000075;51,477982458000042;5210228300110610000;0
37480;5;3;78;28;2021;6;10;7;3;0;1;1;0;0;0;0;0;0;372646,485028868541121;5641168,846891272813082;7,188575482000033;50,908107052000048;5210605606500230000;0
37489;5;3;82;20;2021;1;9;7;3;5;3;1;1;0;0;0;0;0;378105,456188170239329;5625945,871684014797211;7,271247731000074;50,772451842000066;5210130607200080000;1
37493;5;3;82;8;2021;9;15;6;2;0;1;1;0;0;0;0;0;0;374797,296072165481746;5611717,598008705303073;7,229179682000051;50,643854332000046;5210903600120880000;0
37495;5;3;82;8;2021;7;18;6;3;5;3;1;1;0;0;0;0;0;380687,799310026690364;5611842,828057702630758;7,312412959000028;50,646216044000028;5210702600130380000;0
37499;5;5;58;16;2021;12;14;3;3;7;5;1;1;0;0;0;0;0;381641,715021966956556;5743967,935134598985314;7,282217522000053;51,833975842000029;5211207706100960000;0
37503;5;3;82;24;2021;3;15;3;3;5;3;1;1;0;0;0;0;0;377283,138719325885177;5618452,537375750020146;7,262086444000033;50,704922674000045;5210302600120880000;0
37506;5;3;82;56;2021;5;17;3;3;0;1;1;0;0;0;0;0;0;372506,286690325476229;5626864,057879388332367;7,191561241000045;50,779501141000026;5210525607500580000;1
37513;5;5;62;32;2021;3;18;6;3;5;2;1;1;0;0;0;2;0;374411,571560707874596;5718578,354962162673473;7,186492361000035;51,604224362000082;5210312701110060000;0
37518;5;9;14;0;2021;10;7;3;3;5;2;1;1;0;0;0;1;0;395530,921275611035526;5695215,858739705756307;7,498252199000035;51,398542144000032;5211026302100270000;1
37525;5;5;62;32;2021;10;13;6;3;5;3;1;1;0;0;0;0;0;375882,030999912880361;5719492,257999567314982;7,207391114000075;51,612763766000057;5211008701110290000;0
37527;5;9;11;0;2021;4;14;6;3;1;5;1;1;0;0;0;0;0;376986,724629555828869;5705272,970981845632195;7,228309896000042;51,485212706000027;5210402300120930000;0
37533;5;9;14;0;2021;5;8;3;3;0;7;1;0;0;0;0;0;0;393172,267557394690812;5692361,730231910943985;7,465217985000038;51,372448033000069;5210504302100370000;1
37539;5;5;62;32;2021;6;20;7;2;0;1;1;0;0;0;0;0;0;375458,411999911069870;5718418,829999564215541;7,201657429000022;51,603023177000068;5210612701110100000;0
37545;5;9;54;36;2021;6;12;6;3;0;1;1;0;0;0;0;0;0;386928,797345770522952;5699630,453896600753069;7,373239520000027;51,436572176000027;5210611300800680000;0
37548;5;3;82;56;2021;2;16;1;2;0;1;1;0;0;0;0;0;0;371891,357999896630645;5623856,531999515369534;7,183890600000041;50,752332956000032;5210214607500170000;2
37551;5;9;16;0;2021;5;18;5;3;5;2;1;1;0;0;0;0;0;377580,681933142244816;5710568,923143176361918;7,235021248000066;51,532938686000080;5210520300600530000;0
37555;5;5;66;76;2021;3;9;2;3;0;7;1;0;0;0;0;0;0;393632,471185133792460;5792521,257107051089406;7,441053884000041;52,272764866000045;5210308709500060000;0
37556;5;9;16;0;2021;6;17;2;3;3;3;1;1;0;0;0;0;0;379687,837173304520547;5711396,828369356691837;7,265103066000052;51,540832502000058;5210628300600690000;0
37559;5;3;14;0;2021;2;20;6;3;5;3;1;1;0;0;0;2;0;372407,068999896757305;5613268,588999511674047;7,194856575000074;50,657277027000077;5210205600380880000;1
37562;5;5;58;20;2021;7;16;5;3;0;1;1;0;0;0;0;0;0;390967,564999955706298;5759281,392999637871981;7,412664210000059;51,973506460000067;5210701706000780000;1
37564;5;9;13;0;2021;12;14;7;3;5;2;1;1;0;0;0;0;0;390843,937999954447150;5708743,516999615356326;7,426727427000060;51,519251730000065;5211225301201780000;0
37565;5;3;78;24;2021;6;13;1;3;5;3;1;1;0;0;0;0;0;381563,312146775424480;5642723,285424910485744;7,314839291000055;50,923977957000034;5210606606140380000;1
37570;5;5;58;16;2021;1;7;3;2;5;3;1;1;0;0;0;2;0;381771,086413239128888;5744171,724818261340261;7,284024601000056;51,835834736000038;5210112706100370000;1
37573;5;9;11;0;2021;1;12;3;3;0;1;1;0;0;0;0;0;0;377922,991171836853027;5705894,172430753707886;7,241572742000074;51,490998640000043;5210119300120400000;1
37581;5;3;82;20;2021;11;16;2;3;6;3;1;0;1;0;0;2;0;378306,195357942953706;5626714,116172580048442;7,273839063000025;50,779399561000048;5211122607200760000;0
37585;5;9;54;20;2021;6;16;3;3;5;2;1;1;0;0;0;0;0;391164,247999954968691;5697676,900999611243606;7,434750426000051;51,419842271000050;5210601310130570000;0
37588;5;3;82;60;2021;3;18;5;3;2;2;1;1;0;0;0;1;0;373223,949999900534749;5629492,302999524399638;7,200828681000075;50,803282170000045;5210325607100790000;1
37589;5;9;54;36;2021;9;7;6;2;5;2;1;1;0;0;0;0;0;383500,369505737908185;5700816,179553830996156;7,323546685000053;51,446534774000042;5210917300500900000;0
37598;5;5;58;12;2021;6;14;6;2;0;2;1;0;0;0;0;0;0;375244,550999912433326;5758406,929999576881528;7,184196737000036;51,962341262000052;5210611706200170000;0
37599;5;9;11;0;2021;4;10;5;3;5;2;1;1;0;0;0;0;0;376322,962325037457049;5704544,260910598561168;7,219010259000072;51,478518723000036;5210415300110540000;0
37607;5;5;62;32;2021;1;5;4;3;0;1;1;0;0;0;0;2;0;375836,490703349001706;5720659,139443919062614;7,206320241000071;51,623240648000035;5210113701110210000;2
37608;5;5;66;76;2021;5;17;2;2;0;1;1;0;0;0;0;0;0;394232,063020331785083;5792917,620745396241546;7,449713833000033;52,276442750000058;5210531709500250000;0
37614;5;5;62;4;2021;11;7;5;1;5;3;1;1;0;0;0;1;0;382894,959018935449421;5716399,928974071517587;7,309660821000023;51,586473495000064;5211125701800440000;0
37621;5;5;58;32;2021;3;14;4;3;0;1;1;0;0;0;0;0;0;385732,351999942213297;5755295,076999625191092;7,337807539000039;51,936628765000080;5210331706100340000;0
37626;5;9;54;28;2021;6;14;7;3;0;1;1;0;0;0;0;0;0;377466,885999917984009;5687949,826999565586448;7,241206762000047;51,329623186000049;5210619310140080000;0
37629;5;3;82;20;2021;1;18;2;3;5;5;1;1;0;0;0;2;0;384935,840026427991688;5621033,975437453016639;7,369610406000049;50,729692916000033;5210118607200980000;1
37635;5;5;62;32;2021;1;13;3;3;5;2;1;1;0;0;0;0;0;375858,889529122970998;5717319,911555634811521;7,207826043000068;51,593235429000060;5210126701110930000;1
37638;5;9;13;0;2021;10;8;2;2;5;3;1;1;0;0;0;0;0;395230,276068033650517;5706132,419755754992366;7,490699693000067;51,496612308000067;5211004301101530000;1
37639;5;5;58;32;2021;10;7;2;2;5;3;1;1;0;0;0;0;0;389453,910408716648817;5752553,866849737241864;7,392800083000054;51,912743792000072;5211004706000980000;0
37643;5;9;78;24;2021;1;8;6;1;0;1;1;0;0;0;0;2;0;392007,886051391251385;5716629,743883252143860;7,441074974000060;51,590359377000027;5210108301301680000;1
37645;5;9;11;0;2021;9;11;2;2;1;5;1;0;0;0;0;0;0;375310,139351568184793;5703205,914170483127236;7,204905222000036;51,466268181000032;5210906300500830000;0
37647;5;9;11;0;2021;6;11;6;3;5;3;1;1;0;0;0;0;0;374521,432477445341647;5702030,605593057349324;7,193973759000073;51,455530984000063;5210604300400170000;0
37648;5;9;13;0;2021;9;13;4;3;0;1;1;0;0;0;0;0;0;394154,606096392497420;5701934,872757464647293;7,476467383000056;51,458681942000055;5210908301103860000;0
37655;5;9;54;12;2021;7;17;5;3;5;7;1;1;0;0;0;0;0;384141,283264766447246;5689871,999392900615931;7,336338447000060;51,348299054000051;5210701310230590000;1
37657;5;5;62;32;2021;5;13;3;2;0;1;1;0;0;0;0;0;0;375292,381839035078883;5720057,362633105367422;7,198678367000070;51,617712112000049;5210518701110340000;1
37662;5;3;78;24;2021;10;11;1;3;0;2;1;0;0;0;1;0;0;385173,335127679631114;5644013,417948914691806;7,365774914000042;50,936304726000060;5211017607300990000;0
37664;5;9;16;0;2021;5;15;1;3;5;3;1;1;0;0;0;0;0;376268,702828285284340;5711892,884168326854706;7,215650237000034;51,544551520000027;5210530300600680000;0
37666;5;3;82;20;2021;1;15;2;3;5;2;1;1;0;0;0;0;0;378110,760845500975847;5625904,623520813882351;7,271336597000072;50,772082187000080;5210104607200070000;0
37673;5;5;62;4;2021;6;19;2;3;5;3;1;1;0;0;0;0;0;383088,570589675568044;5717652,489185692742467;7,312036868000064;51,597771310000041;5210607701800070000;0
37679;5;9;13;0;2021;6;10;3;2;5;2;1;1;0;0;0;0;0;391453,516999954357743;5704581,092999614775181;7,436790588000065;51,481955780000078;5210601301103780000;0
37689;5;9;13;0;2021;9;11;4;2;3;6;1;0;0;0;0;0;1;393202,180997230112553;5703232,781505726277828;7,462371393000069;51,470169355000053;5210908301103380000;0
37690;5;3;82;20;2021;3;17;7;3;4;2;1;0;0;0;1;0;0;383739,151999935507774;5624212,322999564930797;7,351658441000041;50,758025362000069;5210306607000040000;0
37706;5;9;11;0;2021;12;12;6;3;5;3;1;1;0;0;0;0;0;377018,679716644808650;5706914,324650906026363;7,228197957000020;51,499971220000077;5211210300100590000;1
37711;5;3;74;16;2021;3;17;3;3;1;5;1;1;0;0;0;1;0;382379,611774139106274;5667628,610854690894485;7,318363082000076;51,148008625000045;5210309605116070000;1
37715;5;9;78;24;2021;5;16;3;3;5;2;1;1;0;0;0;0;0;391349,036999954842031;5717248,349999617785215;7,431376405000037;51,595792867000057;5210525301301780000;1
37716;5;5;62;8;2021;9;7;4;3;5;2;1;1;0;0;0;0;0;385078,959047302603722;5723276,514120899140835;7,338915762000056;51,648728309000035;5210908701910680000;0
37719;5;9;54;12;2021;5;15;1;3;0;1;1;0;0;0;0;0;0;384844,144365933723748;5689163,394566806033254;7,346655837000071;51,342072820000055;5210502310230680000;0
37720;5;3;82;56;2021;10;13;1;3;5;2;1;1;0;0;0;0;0;372354,293999896384776;5626619,441999519243836;7,189491367000073;50,777269011000044;5211010607500250000;0
37723;5;9;11;0;2021;9;7;6;3;1;5;1;1;0;0;0;1;0;381567,188007852993906;5703028,164001075550914;7,295000222000056;51,466014686000051;5210924300300570000;0
37735;5;9;11;0;2021;9;14;6;3;5;2;1;1;0;0;0;0;0;375960,575944672338665;5706022,335768628865480;7,213275256000031;51,491723390000061;5210924300110790000;0
37738;5;5;62;32;2021;11;14;3;3;5;2;1;1;0;0;0;0;0;375612,523439073935151;5719709,383307022973895;7,203423674000021;51,614655617000039;5211109701110360000;0
37739;5;9;54;36;2021;7;15;6;3;0;5;1;1;0;0;0;0;0;383722,306543227285147;5701087,866179151460528;7,326649658000065;51,449022299000035;5210702300800350000;0
37741;5;1;24;0;2021;9;14;3;3;5;3;1;1;0;0;0;0;0;376355,465739663690329;5683112,196349114179611;7,226938874000041;51,285903394000059;5210921503200590000;0
37742;5;9;78;32;2021;6;12;4;3;5;6;1;0;0;0;0;0;0;394927,786387231200933;5724809,301131514832377;7,480754931000035;51,664432406000060;5210630317250180000;0
37743;5;9;14;0;2021;5;16;3;2;5;3;1;1;0;0;0;0;0;389039,501291248016059;5689091,912180915474892;7,406887258000040;51,342264785000054;5210518302120590000;1
37750;5;5;62;8;2021;6;16;5;3;5;2;1;1;0;0;0;0;0;384831,576442532241344;5722588,178958531469107;7,335568295000030;51,642491136000046;5210610701910640000;0
37767;5;5;62;4;2021;3;12;3;3;1;3;1;1;0;0;0;0;0;383414,128860172815621;5710685,082731068134308;7,319046503000038;51,535217505000048;5210323701800300000;0
37769;5;5;58;24;2021;6;7;3;3;5;2;1;1;0;0;0;0;0;392175,594999956898391;5736410,287999631837010;7,437386172000060;51,768181356000071;5210629706300430000;0
37780;5;9;54;36;2021;5;14;2;2;0;1;1;0;0;0;0;0;0;384251,421271565370262;5700736,547688022255898;7,334375593000061;51,445973051000067;5210510300800070000;0
37787;5;9;13;0;2021;11;14;4;3;6;7;1;0;1;0;0;0;0;394123,366352544166148;5709385,855251738801599;7,473782665000044;51,525649639000051;5211117301202590000;1
37793;5;3;82;56;2021;9;15;4;1;3;6;1;0;0;0;0;0;0;375169,101884670555592;5623378,776255646720529;7,230494945000032;50,748752791000072;5210908607500830000;0
37794;5;9;14;0;2021;4;13;3;3;5;3;1;1;0;0;0;0;0;394341,439999960362911;5691914,992999618873000;7,482141795000075;51,368651190000037;5210427302100780000;0
37799;5;9;78;32;2021;6;16;5;3;0;1;1;0;0;0;0;0;0;394138,385999960824847;5727092,396999631077051;7,468653259000064;51,684805269000037;5210617317250480000;0
37802;5;5;66;76;2021;5;15;4;3;5;2;1;0;0;0;0;0;0;393207,178854048252106;5793178,952264891937375;7,434614949000036;52,278593250000029;5210512709500470000;0
37806;5;5;58;24;2021;3;19;4;2;8;1;1;0;0;0;0;2;0;384121,348038990981877;5733219,789721677079797;7,321777917000077;51,737897716000077;5210317706300390000;0
37819;5;3;82;56;2021;11;9;5;3;5;2;1;1;0;0;0;0;0;372528,324120402336121;5626901,086635788902640;7,191860826000038;50,779838814000072;5211111607500030000;0
37823;5;9;54;4;2021;2;11;4;3;5;3;1;1;0;0;0;0;0;392667,283676678314805;5680253,623418264091015;7,461611287000039;51,263515971000061;5210224310240680000;0
37825;5;1;24;0;2021;5;16;5;3;5;2;1;1;0;0;0;0;0;373542,681999903172255;5683828,716999545693398;7,186371296000061;51,291725592000034;5210513503200070000;0
37826;5;5;66;84;2021;5;8;3;3;5;3;1;1;0;0;0;0;0;385929,456999943591654;5778392,686999632045627;7,332967181000072;52,144249852000030;5210511709300940000;1
37838;5;3;82;60;2021;12;13;2;3;5;3;1;1;0;0;0;0;0;373625,379800125025213;5628263,498712178319693;7,206945506000068;50,792324878000045;5211213607100430000;1
37839;5;9;14;0;2021;10;17;5;3;0;3;1;1;0;0;0;0;0;392320,256121242418885;5693813,584262631833553;7,452541929000063;51,385337274000051;5211028302232590000;0
37840;5;9;11;0;2021;9;20;4;3;5;3;1;1;0;0;0;2;0;377992,436999920755625;5698245,046999571844935;7,245211338000047;51,422266601000047;5210908300300900000;0
37843;5;3;74;8;2021;10;14;5;3;5;3;1;1;0;0;0;0;0;388894,791898492723703;5649308,686243390664458;7,417100223000034;50,984633617000043;5211028605108890000;0
37845;5;9;54;8;2021;4;12;7;2;9;1;1;0;0;1;0;0;0;387609,539999946951866;5683477,863999599590898;7,388135110000064;51,291522275000034;5210403310220970000;0
37856;5;9;11;0;2021;6;17;3;3;5;3;1;1;0;0;0;0;0;378032,017958100885153;5700792,843938937410712;7,244902838000030;51,445173724000028;5210601300310440000;0
37858;5;5;62;4;2021;5;13;1;3;5;3;1;0;0;1;0;0;0;382130,890830737538636;5718287,195265661925077;7,298003165000068;51,603276206000032;5210509701800280000;0
37861;5;9;54;36;2021;11;15;3;3;3;2;1;1;0;0;0;0;0;385597,668927181512117;5700386,411495149135590;7,353852662000065;51,443099553000081;5211102300800570000;0
37868;5;5;62;32;2021;1;7;3;3;0;1;1;0;0;0;0;2;0;376885,959732186980546;5718375,409427773207426;7,222275281000066;51,602946835000068;5210112701110970000;1
37871;5;3;78;32;2021;3;7;4;3;0;3;1;1;0;0;0;0;0;375057,940488823689520;5666219,336356788873672;7,214225822000060;51,133790764000082;5210317606600280000;1
37875;5;5;58;24;2021;6;7;4;2;5;3;1;1;0;0;0;0;0;393194,290900794789195;5738033,873550262302160;7,451644036000062;51,782969445000049;5210609706300690000;0
37876;5;3;82;40;2021;10;20;7;3;5;3;1;1;0;0;0;2;0;382433,919999931938946;5637116,706999562680721;7,329026085000066;50,873759482000025;5211009607100370000;0
37877;5;5;62;32;2021;11;14;2;3;5;3;1;1;0;0;0;0;0;377207,252519142813981;5714973,535164752975106;7,228102333000038;51,572443365000026;5211122701120780000;0
37889;5;1;24;0;2021;9;16;5;3;2;6;1;1;0;0;0;0;0;374426,331999907270074;5681760,163999546319246;7,199764852000044;51,273329776000026;5210923503200590000;0
37891;5;5;62;16;2021;9;11;1;3;5;3;1;1;0;0;0;0;0;374869,668347283266485;5731639,933485148474574;7,188427115000025;51,721710611000049;5210905701700480000;0
37897;5;9;13;0;2021;6;20;6;3;5;2;1;1;0;0;0;0;0;393127,101999958045781;5715726,454999623820186;7,457500148000065;51,582453735000058;5210611301203180000;0
37898;5;9;16;0;2021;11;23;6;3;5;3;1;1;0;0;0;2;0;379269,571889773011208;5713739,307680804282427;7,258270663000076;51,561796202000039;5211126300600070000;0
37900;5;3;78;28;2021;5;10;6;3;5;2;1;1;0;0;0;0;0;372227,108999898657203;5639973,190999519079924;7,183032113000024;50,897267673000044;5210514606400740000;0
37901;5;3;82;24;2021;11;0;4;3;8;1;1;0;0;0;0;2;0;374295,770704273134470;5621372,044165125116706;7,218806224000048;50,730526720000057;5211103600120590000;1
37902;5;5;58;16;2021;9;11;3;3;5;3;1;1;0;0;0;0;0;381394,869999931193888;5750825,660999603569508;7,276281972000049;51,895554543000060;5210928706100900000;0
37907;5;3;14;0;2021;9;10;2;3;5;3;1;1;0;0;0;0;0;371436,031787672080100;5614475,449730310589075;7,180706778000058;50,667911332000074;5210906600380890000;0
37909;5;9;14;0;2021;10;13;3;3;5;3;1;1;0;0;0;0;0;391503,535420596599579;5694027,744063496589661;7,440744110000026;51,387106717000052;5211005302000090000;0
37912;5;3;78;24;2021;9;13;7;3;0;3;1;1;0;0;0;0;0;382507,637446804903448;5643756,828317351639271;7,327936235000038;50,933461338000029;5210904606500980000;0
37914;5;3;82;60;2021;10;15;1;3;3;3;1;1;0;0;0;0;0;374962,945804803632200;5627873,286950154229999;7,226046468000050;50,789107546000082;5211010607100070000;0
37917;5;5;66;24;2021;4;12;5;3;5;2;1;1;0;0;0;0;0;384006,835999937728047;5771489,812999621033669;7,307234856000036;52,081814360000067;5210401709300870000;0
37924;5;9;11;0;2021;7;19;7;3;0;1;1;0;0;0;0;0;0;380846,880250489339232;5707460,395479472354054;7,283139633000076;51,505699107000055;5210710300311970000;0
37928;5;9;13;0;2021;6;9;4;3;5;2;1;0;0;0;1;0;0;393925,906999960541725;5709389,961999621242285;7,470936130000041;51,525649496000028;5210623301201490000;0
37930;5;9;13;0;2021;5;12;3;3;3;6;1;1;0;0;0;0;0;392793,925900171510875;5701278,530376508831978;7,457088365000061;51,452526319000071;5210511301103980000;0
37934;5;3;82;16;2021;9;13;4;3;0;6;1;1;0;0;1;0;0;390503,702114474959671;5621582,955559194087982;7,448308924000060;50,735704274000057;5210901607300000000;0
37948;5;3;82;56;2021;5;16;5;2;0;7;1;0;0;0;0;0;0;372463,987914965488017;5626793,372944002971053;7,190986091000070;50,778856499000028;5210513607100670000;0
37957;5;3;82;20;2021;5;10;5;2;5;3;1;1;0;0;0;0;0;376781,464999914169312;5623307,046999538317323;7,253363133000050;50,748452519000068;5210520607200530000;0
37964;5;9;13;0;2021;11;15;3;3;6;4;1;0;1;0;0;0;0;392115,877153200097382;5708028,422625767067075;7,445271545000026;51,513068561000068;5211116301101410000;0
37965;5;5;66;24;2021;10;19;5;3;8;1;1;0;0;0;1;0;0;381624,017757742665708;5775817,961052712053061;7,270973952000077;52,120205799000075;5211007709300300000;0
37993;5;3;78;12;2021;4;18;4;3;6;6;1;0;1;0;0;0;0;377420,818880946375430;5657935,982175212353468;7,250793240000064;51,059849422000070;5210414606200180000;0
37994;5;5;62;32;2021;3;8;3;3;5;2;1;1;0;0;0;0;0;377736,725202001631260;5716569,267961103469133;7,235183132000031;51,586899826000035;5210330701120070000;0
37995;5;9;13;0;2021;2;14;6;3;5;3;1;0;0;0;1;0;0;395554,512173489667475;5704472,459285156801343;7,495860024000024;51,481751519000056;5210205301102680000;0
38009;5;5;62;4;2021;6;10;4;3;5;2;1;1;0;0;0;0;0;383208,586999936029315;5714099,276999598369002;7,314950744000043;51,565860979000036;5210623701800400000;0
38034;5;5;58;32;2021;10;9;1;2;3;1;1;0;0;0;0;0;0;389672,443999952636659;5755665,955999631434679;7,394978318000028;51,940757157000064;5211003706000500000;1
38045;5;5;62;32;2021;11;7;7;3;5;3;1;1;0;0;0;1;0;377716,867999918758869;5715597,512999573722482;7,235235088000024;51,578162034000059;5211113701120060000;1
38048;5;9;11;0;2021;12;9;2;3;5;3;1;1;0;0;0;0;0;376051,954898267053068;5704285,512312510982156;7,215200488000050;51,476133929000071;5211206300100970000;1
38049;5;5;66;76;2021;7;16;2;3;3;2;1;1;0;0;0;0;0;393707,324447147548199;5792390,117782456800342;7,442191836000063;52,271600764000027;5210705709500570000;0
38052;5;9;13;0;2021;4;22;7;3;6;7;1;0;1;0;0;2;0;392470,605148871429265;5706522,842052644118667;7,450840635000077;51,499603387000036;5210417301101360000;0
38055;5;3;82;8;2021;2;15;2;3;1;5;1;1;0;0;0;0;0;374675,512048257514834;5611497,444497875869274;7,227532558000064;50,641849246000049;5210222600130090000;0