OID_;ULAND;UREGBEZ;UKREIS;UGEMEINDE;UJAHR;UMONAT;USTUNDE;UWOCHENTAG;UKATEGORIE;UART;UTYP1;IstRad;IstPKW;IstFuss;IstKrad;IstSonstige;ULICHTVERH;IstGkfz;LINREFX;LINREFY;XGCSWGS84;YGCSWGS84;UIDENTSTLAE;IstStrassenzustand
38061;5;3;74;8;2021;9;7;4;3;5;3;1;1;0;0;0;0;0;392402,700999956578016;5650579,500999592244625;7,466681002000030;50,996723703000043;5210922605112990000;0
38063;5;3;82;56;2021;10;16;6;3;5;3;1;0;0;0;1;0;0;373733,054991241544485;5626548,175096428021789;7,209061737000070;50,776930270000037;5211001607500150000;0
38065;5;9;54;12;2021;6;16;2;3;5;3;1;1;0;0;0;0;0;384194,658360010012984;5686882,552682425826788;7,338076581000053;51,321440206000034;5210628310230280000;0
38067;5;3;78;28;2021;9;9;6;2;5;3;1;1;0;0;0;0;0;373410,455596598796546;5641840,244024492800236;7,199203217000047;50,914309743000047;5210903606400880000;0
38078;5;9;11;0;2021;5;18;1;3;0;1;1;0;0;0;0;0;0;376333,687186785973608;5702930,021386159583926;7,219729544000074;51,464013209000029;5210523300110470000;0
38085;5;5;62;32;2021;11;7;3;3;5;3;1;0;0;0;1;0;0;376204,187195739708841;5715636,351443206891418;7,213402056000064;51,578180889000066;5211116701120060000;1
38088;5;5;62;32;2021;9;18;6;3;0;1;1;0;0;0;0;0;0;375589,023716948926449;5718071,631799845024943;7,203665583000031;51,599931725000033;5210910701110090000;0
38090;5;3;78;28;2021;10;17;5;3;0;3;1;1;0;0;0;0;0;373051,802999900653958;5643843,578999524936080;7,193406486000072;50,932237229000066;5211028606400690000;0
38095;5;9;13;0;2021;11;7;4;3;3;6;1;0;0;0;0;2;1;390492,378327231854200;5707514,937395328655839;7,422044115000062;51,508140847000050;5211124301201280000;1
38096;5;9;78;32;2021;11;17;4;3;5;7;1;1;0;0;0;2;0;393746,498138394206762;5723704,856632720679045;7,464016922000042;51,654283255000053;5211117317250610000;1
38103;5;9;11;0;2021;6;18;6;3;3;6;1;1;0;0;0;0;0;377609,160999918356538;5702936,074999568983912;7,238079479000021;51,464344881000045;5210611300513980000;0
38104;5;3;82;28;2021;6;14;5;3;5;2;1;1;0;0;0;0;0;374950,538211708888412;5634783,471176030114293;7,223514696000052;50,851216768000029;5210610607100680000;0
38105;5;9;13;0;2021;10;13;6;2;0;1;1;0;0;0;0;0;0;393910,762395050376654;5709305,578041421249509;7,470743317000029;51,524888168000075;5211001301202480000;0
38111;5;9;11;0;2021;10;9;6;3;5;2;1;1;0;0;0;0;0;380325,246348886750638;5708953,021697983145714;7,275120433000041;51,519004056000028;5211001300300580000;0
38120;5;5;62;32;2021;9;14;1;3;1;5;1;1;0;0;0;0;0;376099,218449060805142;5714862,958444839343429;7,212160754000024;51,571207164000043;5210912701120270000;0
38125;5;9;13;0;2021;5;7;4;3;3;2;1;1;0;0;0;0;0;383701,529999936930835;5707513,287999594584107;7,324235276000024;51,506769192000036;5210526301204380000;0
38128;5;5;66;96;2021;7;22;7;3;0;1;1;0;0;0;0;2;0;383895,933749532327056;5788538,674988567829132;7,299787690000073;52,235005266000030;5210710709300180000;0
38129;5;9;13;0;2021;5;17;1;3;0;7;1;1;0;0;0;0;0;387417,668179257772863;5707793,821890899911523;7,377668712000059;51,510043255000028;5210509301201460000;0
38130;5;9;13;0;2021;3;16;5;3;3;3;1;1;0;0;0;0;0;393244,191999957896769;5707573,081999620422721;7,461663343000055;51,509190085000057;5210325301101060000;0
38131;5;3;74;20;2021;6;18;5;2;2;6;1;0;0;0;0;0;0;384538,160120802931488;5652945,753995563834906;7,353902052000024;51,016469133000044;5210617605120580000;0
38139;5;9;54;32;2021;3;16;3;3;0;1;1;1;0;0;0;0;0;386460,684132505208254;5692224,134022852405906;7,368878110000026;51,369908883000051;5210302310120080000;0
38142;5;9;54;20;2021;6;12;3;2;2;7;1;1;0;0;0;0;0;391895,446844478137791;5698679,080675248056650;7,444956401000070;51,428990317000057;5210608310130080000;0
38160;5;3;78;4;2021;9;6;4;3;3;2;1;1;0;0;0;1;0;372993,763504743576050;5649732,194991063326597;7,190525840000021;50,985151806000033;5210929606100470000;0
38163;5;3;82;20;2021;10;9;1;3;5;3;1;1;0;0;0;0;0;379976,420999924652278;5626854,428999552503228;7,297473261000050;50,781008928000062;5211010607200420000;0
38167;5;3;74;52;2021;9;13;5;3;5;2;1;1;0;0;0;0;0;387019,848471666686237;5664477,931669803336263;7,385664509000037;51,120622870000034;5210909605152080000;0
38168;5;3;78;28;2021;7;12;2;3;5;2;1;1;0;0;0;0;0;372267,806946367025375;5640471,884443229064345;7,183436090000043;50,901758999000037;5210705606400680000;0
38169;5;1;24;0;2021;6;14;5;3;6;6;1;0;1;0;0;0;0;375854,225095340050757;5681934,777687804773450;7,220163940000020;51,275212047000082;5210617503200740000;0
38172;5;5;58;44;2021;4;10;2;2;5;3;1;1;0;0;0;0;0;396381,675725650042295;5746145,763607814908028;7,495406791000050;51,856479562000061;5210419706300970000;0
38175;5;9;13;0;2021;2;14;3;3;0;5;1;1;0;0;0;0;0;392088,373021143488586;5708029,326044509187341;7,444875061000062;51,513071428000046;5210223301101960000;0
38182;5;9;13;0;2021;7;18;5;3;5;3;1;1;0;0;0;0;0;394402,740496917627752;5708136,390301922336221;7,478182768000067;51,514471108000066;5210701301101080000;1
38183;5;5;58;36;2021;6;11;7;3;4;6;1;1;0;0;0;0;0;390175,899999951943755;5730550,517999622970819;7,410267983000040;51,715125696000030;5210626706300970000;0
38184;5;5;62;4;2021;12;12;4;3;5;3;1;1;0;0;0;0;0;382608,196999932639301;5714702,234999595209956;7,306091034000076;51,571155510000040;5211208701800960000;1
38189;5;9;11;0;2021;9;15;3;3;0;2;1;1;0;0;0;0;0;375664,913799168542027;5705678,340815348550677;7,209139796000045;51,488566847000072;5210921300100090000;0
38190;5;5;66;76;2021;1;7;3;3;5;2;1;1;0;0;0;1;0;393095,999999959953129;5793846,912999656051397;7,432774116000076;52,284574711000062;5210119709000360000;1
38192;5;3;74;20;2021;5;14;1;2;0;1;1;0;0;0;0;0;0;379966,743999925442040;5653890,090999562293291;7,288446958000065;51,024021186000027;5210530605120580000;0
38195;5;3;14;0;2021;6;7;2;3;0;3;1;1;0;0;0;0;0;372016,708317006006837;5613156,421286487951875;7,189375590000054;50,656183151000050;5210621600380360000;0
38198;5;9;13;0;2021;3;17;2;3;0;3;1;1;0;0;0;0;0;393882,263881981372833;5706447,102045027539134;7,471193128000039;51,499189391000073;5210315301101780000;1
38202;5;3;82;56;2021;6;14;5;3;0;1;1;0;0;0;0;0;0;371844,719673790968955;5627733,488930990919471;7,181879120000076;50,787170022000055;5210610607500580000;0
38203;5;9;16;0;2021;3;6;3;3;5;3;1;1;0;0;0;1;0;376463,627547587268054;5711942,174905940890312;7,218442510000045;51,545037215000036;5210330300600780000;0
38209;5;9;14;0;2021;5;19;4;3;6;7;1;0;1;0;0;0;0;388331,059828153811395;5688814,414166374132037;7,396807128000034;51,339631769000050;5210512302100870000;0
38211;5;5;58;12;2021;1;18;2;3;5;2;1;1;0;0;0;2;0;374707,363785145804286;5750754,065568765625358;7,179168378000043;51,893447861000027;5210125706000870000;0
38213;5;9;78;24;2021;6;11;2;3;5;2;1;1;0;0;0;0;0;392021,509969729930162;5716543,715169200673699;7,441298034000056;51,589588740000067;5210607301301780000;0
38221;5;3;82;20;2021;6;16;3;3;0;1;1;0;0;0;0;0;0;380507,039163783192635;5626925,728946927934885;7,304973345000064;50,781759428000043;5210608607200180000;0
38232;5;9;13;0;2021;10;13;6;3;5;3;1;1;0;0;0;0;0;393889,988305562175810;5709141,833998775109649;7,470493298000065;51,523412454000038;5211015301202670000;1
38239;5;3;74;8;2021;6;12;4;3;0;3;1;1;0;0;0;0;0;391562,179569828324020;5649585,901808649301529;7,455004410000072;50,987634219000029;5210602605108970000;0
38253;5;5;58;36;2021;11;15;6;2;0;7;1;0;0;0;0;0;0;384112,903999938629568;5729425,285999605432153;7,322918169000047;51,703792756000041;5211105706000470000;1
38255;5;3;82;20;2021;6;10;6;2;0;1;1;0;0;0;0;0;0;376446,551610147580504;5627124,130645865574479;7,247336291000067;50,782691782000029;5210611607200020000;0
38257;5;3;82;20;2021;9;18;7;2;5;3;1;1;0;0;0;1;0;380005,798341293819249;5627038,360953925177455;7,297829739000065;50,782668348000072;5210925607200080000;0
38260;5;9;54;36;2021;9;18;4;3;5;3;1;0;0;0;1;0;0;385449,412886743433774;5699650,325293364003301;7,351958523000064;51,436453573000051;5210908300812060000;0
38263;5;1;20;0;2021;11;13;4;3;1;3;1;1;0;0;0;0;0;375084,838230782188475;5671060,968499580398202;7,212929335000069;51,177312667000081;5211110503300550000;0
38264;5;5;66;76;2021;1;12;5;3;0;3;1;1;0;0;0;0;0;393622,845270369201899;5792102,100455097854137;7,441045043000031;52,268995954000047;5210128709500660000;1
38272;5;9;11;0;2021;6;20;5;3;0;1;1;0;0;0;0;0;0;382350,246024796739221;5704689,392643144354224;7,305714917000046;51,481108870000071;5210603300310600000;0
38276;5;3;82;68;2021;9;1;5;3;1;5;1;1;0;0;0;2;0;371765,962603084743023;5630638,366567909717560;7,179748010000026;50,813262430000066;5210902607400560000;0
38278;5;9;54;36;2021;9;14;3;3;3;6;1;0;0;0;0;0;1;384322,661761868745089;5699086,231265023350716;7,335939511000049;51,431154522000043;5210928300800090000;0
38281;5;5;62;16;2021;5;12;7;3;5;2;1;0;0;1;0;0;0;374894,691050484776497;5732962,214292690157890;7,188314070000047;51,733599372000072;5210501701700970000;0
38285;5;9;54;32;2021;9;17;7;3;5;3;1;1;0;0;0;0;0;386462,495332427322865;5692226,810025669634342;7,368903263000050;51,369933297000046;5210918310120480000;0
38286;5;9;13;0;2021;5;6;4;3;0;3;1;0;0;0;1;0;0;392913,708109254017472;5710354,189118089154363;7,456057699000041;51,534125330000052;5210519301202380000;0
38291;5;9;11;0;2021;9;9;3;3;5;3;1;1;0;0;0;0;0;379900,472125752829015;5703950,081115456297994;7,270703961000038;51,473949320000031;5210914300000330000;0
38297;5;5;62;36;2021;3;18;3;2;5;3;1;1;0;0;0;0;0;388713,382716039195657;5720116,783446665853262;7,392430123000054;51,621059868000032;5210302701930050000;0
38299;5;9;13;0;2021;11;13;2;3;5;2;1;1;0;0;0;0;0;393893,027727025561035;5709251,004222903400660;7,470504211000048;51,524394300000040;5211129301202280000;0
38301;5;5;58;24;2021;12;17;4;3;0;1;1;1;0;0;0;2;0;392212,705040490254760;5736467,162438960745931;7,437906113000054;51,768699688000027;5211201706300320000;1
38304;5;3;82;28;2021;6;16;3;2;0;6;1;1;0;0;0;0;0;373497,085999902337790;5633578,216999523341656;7,203293634000033;50,840067512000076;5210629607100830000;0
38306;5;1;20;0;2021;12;16;3;3;5;3;1;1;0;0;0;1;0;373571,965233519673347;5672007,034923907369375;7,190964363000035;51,185483136000073;5211207503300080000;1
38308;5;3;78;24;2021;10;17;6;2;5;2;1;1;0;0;0;0;0;380440,625947690568864;5644762,137638136744499;7,298203927000031;50,942072883000037;5211015606400380000;0
38315;5;5;58;40;2021;4;14;3;2;5;3;1;1;0;0;0;0;0;380330,963341617025435;5765276,680355381220579;7,255793200000028;52,025196426000036;5210420706200980000;0
38318;5;3;78;24;2021;4;18;3;3;1;3;1;1;0;0;0;0;0;375131,932146283797920;5645147,362520840018988;7,222546504000036;50,944410090000076;5210427606400880000;0
38321;5;9;11;0;2021;9;7;4;3;5;3;1;1;0;0;0;0;0;376107,082254607230425;5704019,383068038150668;7,216087210000069;51,473754194000037;5210908300500270000;0
38323;5;5;58;16;2021;1;17;6;2;5;2;1;1;0;0;0;2;0;380664,842241950333118;5742757,555598527193069;7,268464010000059;51,822890167000025;5210115706100320000;1
38327;5;5;58;44;2021;11;8;2;2;5;3;1;1;0;0;0;0;0;395520,759506715461612;5746264,248252686113119;7,482874718000062;51,857383994000031;5211129706300350000;1
38330;5;3;74;52;2021;2;11;1;3;3;7;1;0;0;1;0;0;0;387314,805308486334980;5664051,060896744951606;7,390010661000076;51,116843922000044;5210221605152840000;0
38331;5;5;62;8;2021;9;16;3;3;5;3;1;1;0;0;0;0;0;383622,844155683182180;5723392,236216958612204;7,317840087000036;51,649468863000038;5210907701910540000;0
38335;5;5;66;76;2021;11;15;2;3;5;3;1;0;0;0;0;0;0;393241,161999959498644;5791602,611999658867717;7,435611780000045;52,264432986000031;5211129709500070000;0
38354;5;9;11;0;2021;10;17;7;2;5;2;1;1;0;0;0;2;0;376009,390971283428371;5705563,135778956115246;7,214139339000042;51,487607096000033;5211023300100590000;0
38367;5;9;13;0;2021;11;20;7;3;5;7;1;1;0;0;0;2;0;393570,958999958820641;5709324,488999621942639;7,465841287000046;51,524994209000056;5211106301202770000;0
38368;5;5;66;36;2021;10;7;4;3;0;1;1;0;0;0;0;2;0;387443,313744316808879;5768359,819915661588311;7,358395113000029;52,054393977000075;5211027709300680000;1
38369;5;9;11;0;2021;4;13;6;3;0;1;1;0;0;0;0;0;0;375690,726492397487164;5703615,837127586826682;7,210237280000058;51,470036045000029;5210409300500070000;0
38371;5;5;66;84;2021;9;10;7;3;4;2;1;1;0;0;0;0;0;386324,774122918955982;5778332,621608138084412;7,338761823000027;52,143791543000077;5210904709300140000;0
38388;5;5;66;76;2021;4;9;3;3;5;3;1;1;0;0;0;0;0;396950,405999965965748;5787665,308999665081501;7,491145423000034;52,229754148000040;5210406709500970000;1
38391;5;5;62;32;2021;10;11;1;3;0;1;1;0;0;0;0;0;0;374061,452088329009712;5721115,705338357016444;7,180527496000025;51,626949376000027;5211031701110960000;0
38392;5;3;82;60;2021;11;6;6;3;5;3;1;1;0;0;0;2;0;374028,071999902836978;5627987,567999528720975;7,212750702000051;50,789932350000072;5211105607100030000;1
38393;5;5;66;76;2021;10;9;1;3;5;3;1;1;0;0;0;0;0;393374,987999958917499;5792891,626999661326408;7,437164581000047;52,276043579000032;5211010709500050000;0
38396;5;9;11;0;2021;10;17;7;3;0;1;1;0;0;0;0;0;0;383628,031856279820204;5703830,150057654827833;7,324390990000040;51,473650417000044;5211009300312770000;0
38398;5;9;13;0;2021;11;22;3;3;5;3;1;1;0;0;0;2;0;394387,052364686504006;5709291,629775753244758;7,477610517000073;51,524852070000065;5211123301202570000;1
38402;5;9;13;0;2021;11;16;1;3;0;7;1;0;0;0;0;0;0;393224,113159482367337;5704480,817224018275738;7,462309819000041;51,481391494000036;5211121301103470000;1
38404;5;1;24;0;2021;6;21;3;3;9;1;1;0;0;0;0;2;0;372991,880319284275174;5679036,338953867554665;7,180178716000057;51,248531326000034;5210629503200270000;1
38408;5;3;78;4;2021;9;15;3;3;6;4;1;0;1;0;1;0;0;372827,800958400592208;5648797,743798056617379;7,188489578000031;50,976716291000059;5210914606100920000;0
38415;5;5;66;76;2021;10;18;7;3;0;1;1;0;0;0;0;0;0;394009,616467900574207;5793432,601249737665057;7,446292752000033;52,281028153000079;5211016709500070000;0
38421;5;5;66;4;2021;10;16;5;2;5;3;1;1;0;0;0;0;0;396027,584999963641167;5768481,721999654546380;7,483507582000072;52,057166770000038;5211014709100370000;0
38422;5;3;82;36;2021;6;17;6;2;2;6;1;1;0;0;0;0;0;388608,654920727945864;5638912,001518120989203;7,416204001000040;50,891120957000055;5210611607300070000;0
38430;5;5;58;24;2021;9;16;7;3;5;3;1;1;0;0;0;0;0;392054,842999957501888;5735829,578999627381563;7,435817350000036;51,762938694000070;5210911706300860000;0
38431;5;3;82;40;2021;10;11;6;3;2;6;1;1;0;0;0;0;0;383281,864999935030937;5638187,975999567657709;7,340730531000077;50,883560898000042;5211029607100050000;0
38434;5;9;11;0;2021;11;7;3;3;1;7;1;1;0;0;0;0;0;383498,808649201877415;5703261,157379036769271;7,322718786000053;51,468509764000032;5211123300300990000;1
38436;5;1;24;0;2021;3;7;4;3;2;6;1;1;0;0;0;0;0;377686,504114434123039;5684047,232805391773582;7,245695999000077;51,294594747000076;5210324503200060000;0
38437;5;5;62;36;2021;11;13;6;3;5;2;1;0;0;0;1;0;0;389631,429411461576819;5718951,740170687437057;7,406052982000062;51,610769170000026;5211105701930540000;0
38440;5;9;13;0;2021;10;11;6;3;5;3;1;1;0;0;0;0;0;393083,999999959021807;5704818,477999620139599;7,460190584000031;51,484400091000055;5211008301103970000;0
38448;5;5;58;44;2021;5;16;6;3;5;7;1;1;0;0;0;0;0;396208,857999965548515;5746208,911999642848969;7,492879356000060;51,857015029000081;5210528706300190000;0
38452;5;9;11;0;2021;11;17;6;3;5;3;1;1;0;0;0;2;0;376051,847999913617969;5704286,521999562159181;7,215198595000061;51,476142980000077;5211105300100760000;1
38457;5;5;66;84;2021;3;15;3;2;5;3;1;1;0;0;0;0;0;385932,364646459929645;5783133,377838987857103;7,331416451000052;52,186854531000051;5210316709300370000;0
38461;5;9;11;0;2021;12;8;2;3;4;2;1;1;0;0;0;0;0;382664,908631950616837;5705928,619493169710040;7,309832428000050;51,492312198000036;5211220300300870000;1
38464;5;9;78;32;2021;4;17;5;3;0;3;1;1;0;0;0;0;0;393979,162996488623321;5728422,211990356445313;7,465946815000052;51,696727883000051;5210429317250310000;1
38469;5;5;58;16;2021;12;12;6;3;5;3;1;1;0;0;0;0;0;382064,933192032389343;5744692,858426049351692;7,288109781000060;51,840580390000071;5211217706100670000;1
38476;5;9;13;0;2021;10;14;7;3;5;3;1;1;0;0;0;0;0;394073,290999961085618;5709909,755999624729156;7,472903537000036;51,530349324000042;5211002301202280000;0
38480;5;5;66;68;2021;6;11;3;2;7;5;1;0;0;0;1;0;0;375867,409985137172043;5786197,504956515505910;7,183140191000064;52,212215824000054;5210608709300410000;0
38481;5;9;16;0;2021;3;12;5;3;2;2;1;1;0;0;0;0;0;376499,647137537598610;5710109,799598935991526;7,219604517000050;51,528576948000079;5210325300600980000;0
38487;5;3;82;60;2021;6;16;3;3;3;2;1;1;0;0;0;0;0;374042,491999903693795;5627993,003999529406428;7,212953319000064;50,789984345000050;5210622607100370000;1
38492;5;9;11;0;2021;5;23;5;3;5;3;1;1;0;0;0;2;0;374541,740999907255173;5704733,193999553099275;7,193306598000049;51,479824472000075;5210527300120950000;1
38493;5;5;66;84;2021;10;13;7;3;5;2;1;1;0;0;0;0;0;386113,412999943830073;5778935,557999636977911;7,335472341000070;52,149166558000047;5211002709300180000;0
38495;5;5;58;16;2021;9;16;3;3;5;3;1;1;0;0;0;0;0;379736,257999924942851;5741844,038999598473310;7,255314312000053;51,814481245000081;5210928706000270000;0
38502;5;5;66;76;2021;12;7;5;3;5;3;1;1;0;0;0;2;0;393757,587331078946590;5794106,133605126291513;7,442387456000063;52,287032666000073;5211202709500560000;1
38504;5;9;11;0;2021;1;15;4;3;0;3;1;1;0;0;0;0;0;375328,392082095146179;5703010,219009023159742;7,205236878000051;51,464513418000081;5210120300400030000;1
38505;5;5;58;24;2021;9;20;7;2;0;7;1;0;0;0;0;1;0;393021,369167327880859;5736971,151885466650128;7,449465683000028;51,773384666000027;5210911706300670000;1
38520;5;3;82;20;2021;3;15;7;3;0;2;1;1;0;0;0;0;0;383482,100064351223409;5622550,822964577004313;7,348541300000022;50,743038340000055;5210320607200930000;0
38531;5;3;78;32;2021;3;6;5;3;5;3;1;1;0;0;0;2;0;376585,185412765480578;5667584,349091710522771;7,235575551000068;51,146390709000059;5210304606700490000;1
38532;5;9;13;0;2021;10;19;4;2;6;6;1;0;1;0;0;2;0;395235,810471393167973;5706139,762460814788938;7,490777211000022;51,496679334000078;5211006301101380000;1
38539;5;5;62;32;2021;6;13;2;3;5;3;1;1;0;0;0;0;0;374961,925999908708036;5719845,529999557882547;7,193983282000033;51,615735044000076;5210621701110670000;1
38549;5;5;62;4;2021;1;7;4;3;5;3;1;1;0;0;0;1;0;384726,431818340905011;5716813,703744407743216;7,335949009000046;51,590570064000076;5210120701800670000;0
38550;5;3;78;24;2021;9;11;5;2;5;7;1;1;0;0;0;0;0;379356,909861572086811;5643704,266361210495234;7,283136069000022;50,932338397000080;5210930606400070000;0
38553;5;5;62;28;2021;12;8;3;2;0;1;1;0;0;0;0;0;0;378309,577530902810395;5721290,713988829404116;7,241808975000026;51,629457013000035;5211221701920080000;2
38554;5;9;13;0;2021;12;18;5;2;5;3;1;1;0;0;0;2;0;394005,529880505986512;5709655,206043737009168;7,472003640000025;51,528048590000026;5211223301202880000;0
38574;5;9;13;0;2021;3;14;6;3;3;3;1;1;0;0;0;0;0;394307,035983164794743;5708142,732141548767686;7,476802143000043;51,514510215000030;5210319301101680000;0
38575;5;9;14;0;2021;11;14;7;3;4;2;1;1;0;0;0;0;0;388914,456999949179590;5689006,619999606162310;7,405119298000045;51,341473713000028;5211106302120480000;0
38578;5;5;66;60;2021;7;11;6;3;2;1;1;0;0;0;0;0;0;387854,167085776105523;5788146,189509162679315;7,357855463000021;52,232298513000046;5210702709500770000;0
38579;5;3;78;28;2021;9;13;6;2;0;1;1;0;0;0;0;0;0;372443,467415816150606;5639233,187559977173805;7,186365568000042;50,890664240000035;5210924606400580000;0
38580;5;9;54;8;2021;10;7;2;3;8;1;1;0;0;0;0;2;0;383879,239075317978859;5684241,120417436584830;7,334412020000059;51,297634138000035;5211025310220060000;0
38581;5;5;62;32;2021;3;6;6;3;8;1;1;0;0;0;0;1;0;375271,668953129090369;5720019,613340957090259;7,198392779000073;51,617368266000028;5210326701110980000;0
38597;5;3;74;52;2021;5;12;1;2;8;1;1;0;0;0;0;0;0;381837,883955646306276;5662170,059596402570605;7,312410689000046;51,098833393000064;5210530605152990000;0
38598;5;5;66;36;2021;6;15;6;2;3;1;1;0;0;1;0;0;0;389636,117747167125344;5771915,392816755920649;7,389212943000075;52,086790022000059;5210611709300410000;0
38599;5;9;54;36;2021;4;5;7;3;5;3;1;1;0;0;0;1;0;383256,203934378921986;5699777,814579349011183;7,320377185000041;51,437151720000031;5210424300800870000;0
38619;5;1;24;0;2021;10;10;5;3;1;5;1;1;0;0;1;0;0;376972,350623592734337;5680602,561240060254931;7,236644407000028;51,263480854000079;5211028503200280000;0
38628;5;5;62;8;2021;6;7;4;3;5;2;1;1;0;0;0;0;0;384603,055999939329922;5723412,396999606862664;7,331995296000059;51,649852106000026;5210609701910210000;0
38636;5;9;78;32;2021;7;22;7;2;0;1;1;0;0;0;0;2;0;393977,885981940664351;5732261,275244105607271;7,464760208000030;51,731233794000048;5210710317250780000;0
38650;5;5;58;44;2021;10;15;2;1;5;3;1;0;0;1;0;0;0;393939,428103168494999;5748457,290640302002430;7,459247884000035;51,876796569000078;5211004706300710000;0
38652;5;3;82;56;2021;10;14;3;3;0;1;1;0;0;0;0;0;0;371916,910999895073473;5627719,887999514117837;7,182907478000061;50,787063727000032;5211026607500380000;0
38654;5;9;54;28;2021;3;11;4;3;0;6;1;1;0;0;0;0;0;379956,525597684085369;5688305,342437392100692;7,276804755000057;51,333349537000061;5210303310140540000;0
38656;5;5;62;32;2021;11;10;6;3;0;1;1;0;0;0;0;0;0;377737,290218515321612;5716578,195717649534345;7,235188174000029;51,586980185000073;5211119701120180000;1
38661;5;5;66;76;2021;9;16;3;3;0;7;1;1;0;0;0;0;0;393673,740774613805115;5792987,705820467323065;7,441511439000067;52,276964920000069;5210928709500570000;0
38665;5;1;24;0;2021;1;21;7;3;2;6;1;1;0;0;0;2;0;373982,819550424814224;5681752,217152280732989;7,193412806000026;51,273160441000073;5210109503200540000;1
38672;5;5;66;36;2021;1;5;4;2;5;3;1;0;0;0;0;2;1;387229,326875719241798;5769063,297320302575827;7,355043308000063;52,060672738000051;5210106709300480000;1
38680;5;9;78;32;2021;12;17;3;3;4;6;1;0;0;0;0;2;0;394167,572159541770816;5725540,842888316139579;7,469545563000054;51,670865027000048;5211228317250410000;1
38682;5;9;13;0;2021;12;14;3;3;0;1;1;0;0;0;0;0;0;393100,951678846962750;5715734,813102550804615;7,457120322000037;51,582523901000059;5211207301203380000;0
38687;5;9;11;0;2021;11;15;5;2;0;1;1;0;0;0;0;0;0;375539,477493547834456;5703426,769593805074692;7,208127376000050;51,468303576000039;5211118300500970000;0
38703;5;5;66;60;2021;1;17;5;3;5;3;1;1;0;0;0;2;0;389065,700763946399093;5787085,892055749893188;7,375935916000060;52,223015044000078;5210121709500070000;0
38720;5;5;62;8;2021;11;15;6;3;6;4;1;0;1;0;0;0;0;386462,687111911363900;5724053,109754059463739;7,358655315000021;51,655989327000043;5211105701910040000;0
38721;5;5;58;24;2021;5;15;2;3;5;3;1;1;0;0;0;0;0;391651,676763622090220;5734909,523471951484680;7,430264453000063;51,754591414000060;5210531706300990000;0
38724;5;9;11;0;2021;9;15;3;3;0;5;1;1;0;0;0;0;0;374901,627905705012381;5706037,938999533653259;7,198024197000052;51,491630315000066;5210921300111980000;0
38725;5;3;14;0;2021;5;19;6;2;0;7;1;0;0;0;0;0;0;371909,493969106115401;5613078,143290735781193;7,187886680000076;50,655455977000031;5210514600380360000;1
38730;5;9;13;0;2021;9;20;6;2;4;2;1;1;0;0;0;2;0;392745,940999957732856;5701872,869999613612890;7,456217804000062;51,457859471000063;5210917301103580000;0
38739;5;9;54;36;2021;12;8;5;3;0;1;1;0;0;0;0;0;0;383241,041999935172498;5699750,382999589666724;7,320168193000029;51,436902041000053;5211202300815330000;1
38740;5;5;62;32;2021;10;14;2;3;5;2;1;1;0;0;0;0;0;376115,133898742496967;5714981,432366767898202;7,212348511000073;51,572275415000036;5211004701120840000;0
38742;5;3;78;12;2021;4;19;6;2;0;1;1;0;0;0;0;0;0;378064,976188075728714;5654150,957925135269761;7,261255188000064;51,025965708000058;5210409606200070000;0
38749;5;9;54;12;2021;5;13;6;3;2;3;1;1;0;0;0;0;0;385314,482999941334128;5687318,374999593943357;7,353999790000046;51,325584382000045;5210521310230280000;0
38751;5;5;62;4;2021;3;15;5;3;5;3;1;0;0;0;0;0;1;384581,915979226119816;5716559,240911263972521;7,333947458000068;51,588253420000058;5210318701800570000;0
38752;5;3;82;56;2021;11;8;3;3;5;3;1;1;0;0;0;0;0;372909,104607585817575;5627503,675565123558044;7,197050858000068;50,785338694000075;5211102607500040000;0
38753;5;5;58;16;2021;1;11;7;3;5;3;1;1;0;0;0;0;0;379730,665698794648051;5741838,631354309618473;7,255235102000029;51,814431443000046;5210102706100860000;1
38757;5;5;58;32;2021;3;21;6;2;7;7;1;0;0;0;0;2;0;387687,569217013195157;5756399,292746875435114;7,365875815000038;51,946950826000034;5210326706000060000;0
38759;5;1;24;0;2021;3;18;1;3;0;6;1;1;0;0;0;1;0;375642,763999911956489;5684825,320999557152390;7,216127294000046;51,301145254000062;5210307503200590000;0
38760;5;9;14;0;2021;4;13;5;3;5;3;1;0;0;0;1;0;0;391765,211999956518412;5690223,974999608471990;7,445661635000022;51,352966074000051;5210422302120070000;0
38764;5;9;11;0;2021;11;16;4;3;5;2;1;1;0;0;0;0;0;377017,001934022642672;5704398,880308203399181;7,229050124000025;51,477363439000044;5211103300100960000;1
38765;5;5;58;44;2021;9;9;6;3;5;3;1;1;0;0;0;0;0;395495,323519428260624;5746261,256487887352705;7,482506411000031;51,857352341000080;5210903706300590000;0
38768;5;5;62;36;2021;2;12;1;3;5;2;1;1;0;0;0;0;0;388482,096729446202517;5720526,280863786116242;7,388960177000058;51,624694640000030;5210221701930240000;0
38770;5;9;78;32;2021;9;13;6;3;5;3;1;1;0;0;0;0;0;394030,789999960921705;5727446,847999630495906;7,466989798000043;51,687970857000039;5210910317250880000;0
38777;5;9;54;36;2021;10;7;5;3;0;1;1;0;0;0;0;0;0;383357,688416019082069;5701608,914431665092707;7,321233067000037;51,453630459000067;5211007300800670000;1
38784;5;3;74;20;2021;5;11;2;3;0;4;1;0;1;0;0;0;0;384544,329776938073337;5654807,788724130019546;7,353396972000041;51,033207729000026;5210524605120570000;0