OID_;ULAND;UREGBEZ;UKREIS;UGEMEINDE;UJAHR;UMONAT;USTUNDE;UWOCHENTAG;UKATEGORIE;UART;UTYP1;IstRad;IstPKW;IstFuss;IstKrad;IstSonstige;ULICHTVERH;IstGkfz;LINREFX;LINREFY;XGCSWGS84;YGCSWGS84;UIDENTSTLAE;IstStrassenzustand
38796;5;9;13;0;2021;6;22;3;3;5;2;1;1;0;0;0;2;0;392513,937999959103763;5707165,332999618723989;7,451268892000030;51,505386618000045;5210601301101880000;0
38801;5;3;74;8;2021;12;18;4;3;8;5;1;1;0;0;0;2;0;388633,086675786413252;5649856,939724395051599;7,413205218000030;50,989511336000078;5211208605108390000;1
38818;5;5;58;36;2021;9;9;7;3;5;3;1;1;0;0;0;0;0;387658,085898213088512;5729923,096692970022559;7,374039887000038;51,708987943000068;5210918706300770000;0
38821;5;5;62;32;2021;12;8;6;3;3;6;1;1;0;0;0;2;0;374064,103999905288219;5717455,448999553918839;7,181880765000074;51,594055161000028;5211217701110080000;1
38824;5;5;62;32;2021;9;14;5;3;5;3;1;0;0;0;1;0;0;378674,322999921627343;5717809,001999577507377;7,248281471000041;51,598244444000045;5210916701110280000;0
38831;5;3;78;24;2021;10;17;7;2;0;1;1;0;0;0;0;0;0;378193,769907838664949;5644509,874098762869835;7,266322266000032;50,939335108000080;5211016606400280000;0
38832;5;5;54;52;2021;9;18;4;3;2;1;1;0;0;0;0;0;0;376825,143428348004818;5768032,553073044866323;7,203729108000061;52,049194681000074;5210922705000980000;0
38843;5;9;54;36;2021;6;9;5;3;6;4;1;0;1;0;0;0;0;384312,634175270795822;5697275,188003743067384;7,336386594000032;51,414874725000061;5210603300800980000;0
38858;5;9;11;0;2021;6;10;6;3;0;1;1;0;0;0;0;0;0;378163,919999919831753;5701646,251999571919441;7,246506063000027;51,452872199000069;5210625300511930000;0
38859;5;1;20;0;2021;10;16;7;3;5;3;1;1;0;0;0;0;0;376290,972999914549291;5674413,314999550580978;7,229020806000051;51,207705482000051;5211009503300580000;0
38864;5;9;11;0;2021;6;19;3;3;0;6;1;1;0;0;0;0;0;375869,604759223759174;5703761,502288643270731;7,212760194000055;51,471384465000028;5210615300500310000;0
38873;5;9;13;0;2021;9;20;7;3;9;1;1;0;0;0;0;2;0;387567,785999946296215;5714716,117999611422420;7,377619585000048;51,572291168000049;5210918301205070000;0
38874;5;9;14;0;2021;12;6;3;3;4;2;1;1;0;0;0;2;0;392883,772544040344656;5690817,584813814610243;7,461540058000026;51,358513836000043;5211221302100980000;1
38877;5;5;62;8;2021;10;17;4;2;5;3;1;1;0;0;0;1;0;384749,013233602046967;5722426,841429261490703;7,334428763000062;51,641024167000069;5211020701910670000;0
38878;5;9;11;0;2021;9;7;3;3;5;3;1;1;0;0;0;0;0;374630,865674993023276;5701342,372390644624829;7,195791909000036;51,449369843000056;5210928300400190000;0
38885;5;3;82;60;2021;9;8;4;3;4;2;1;1;0;0;0;0;0;374281,139560446143150;5627863,340893268585205;7,216381788000035;50,788870680000059;5210908607100080000;0
38890;5;5;62;32;2021;9;13;6;3;0;7;1;0;0;0;0;0;0;377205,002818103879690;5714972,689971992745996;7,228070182000067;51,572435279000047;5210910701120660000;1
38891;5;9;13;0;2021;4;8;6;2;5;3;1;1;0;0;0;0;0;394621,835640062578022;5706677,545506790280342;7,481775044000074;51,501399113000048;5210409301101180000;0
38893;5;5;62;4;2021;6;8;4;3;5;2;1;1;0;0;0;0;0;382851,401686321943998;5713351,145256133750081;7,310049066000033;51,559062892000043;5210609701800370000;0
38894;5;3;82;20;2021;10;16;1;2;9;1;1;0;0;0;0;0;0;386496,761999944224954;5622761,915999570861459;7,391186157000050;50,745533091000027;5211010607200070000;0
38907;5;9;54;36;2021;6;17;1;2;3;6;1;1;0;1;0;0;0;381549,973490191623569;5700007,639707792550325;7,295763909000073;51,438863162000075;5210613300800880000;0
38911;5;5;58;20;2021;6;14;6;3;4;6;1;0;0;0;0;0;0;389235,567376015707850;5758363,983760235831141;7,387755815000048;51,964918803000046;5210604706000090000;0
38918;5;9;11;0;2021;1;18;5;3;5;3;1;1;0;0;0;1;0;375954,291564327664673;5702411,043044209480286;7,214452782000023;51,459265907000031;5210107300500370000;1
38920;5;3;82;20;2021;6;8;3;3;4;3;1;1;0;0;0;0;0;377741,603250801563263;5626035,482259511947632;7,266060169000070;50,773180747000026;5210601607500680000;0
38924;5;5;62;32;2021;6;9;2;3;5;3;1;0;0;0;0;0;0;374959,617190819233656;5719089,665392467752099;7,194219600000054;51,608941512000058;5210614701110210000;0
38928;5;5;66;84;2021;10;13;6;3;0;7;1;0;0;0;0;0;0;384040,886999937705696;5776884,399999625980854;7,305894923000039;52,130301926000072;5211022709300480000;1
38941;5;9;13;0;2021;5;14;6;3;6;4;1;0;1;0;0;0;0;394711,287021617405117;5709116,704926718026400;7,482334809000065;51,523340298000051;5210528301202080000;0
38946;5;9;13;0;2021;11;8;2;2;0;1;1;0;0;0;0;0;0;393585,898940198123455;5705439,717259913682938;7,467228910000074;51,490078780000033;5211101301103400000;1
38948;5;5;62;32;2021;2;11;5;2;5;2;1;1;0;0;0;0;0;376170,796809189952910;5718890,766077550128102;7,211771978000058;51,607421644000055;5210204701110850000;0
38964;5;3;78;4;2021;6;7;3;3;5;2;1;1;0;0;0;0;0;373318,634994580410421;5650031,295527925714850;7,195047581000040;50,987911720000056;5210615606110770000;0
38966;5;9;11;0;2021;1;9;2;2;0;1;1;0;0;0;0;0;0;377488,160861808806658;5704161,027400888502598;7,235913814000071;51,475327973000049;5210118300110780000;1
38969;5;9;11;0;2021;9;14;5;3;0;3;1;1;0;0;0;0;0;375949,012823961675167;5703818,820342537015676;7,213882798000043;51,471917020000035;5210909300500470000;0
38972;5;3;82;60;2021;4;12;5;3;4;6;1;0;0;0;0;0;0;373559,004161332733929;5630623,905029742047191;7,205191367000054;50,813526657000068;5210422607100030000;0
38985;5;5;58;16;2021;9;15;6;3;5;3;1;1;0;0;0;0;0;376639,909999916329980;5745732,681999580934644;7,209032373000070;51,848752997000076;5210917706100780000;0
38988;5;3;82;20;2021;9;16;7;3;6;7;1;0;1;0;0;0;0;379157,774564674124122;5626154,035899989306927;7,286096533000034;50,774543191000078;5210925607200780000;0
38994;5;9;13;0;2021;9;16;2;3;3;2;1;1;0;0;0;0;0;393964,984962502494454;5706458,178655475378036;7,472381081000037;51,499304478000056;5210913301101670000;0
38995;5;9;13;0;2021;6;18;3;2;5;2;1;1;0;0;0;0;0;387033,762834528461099;5709163,166749069467187;7,371700068000052;51,522274397000047;5210615301201060000;0
39005;5;5;66;60;2021;7;11;6;3;0;3;1;1;0;0;0;0;0;390581,195999953895807;5785956,715999647974968;7,398478253000064;52,213170156000047;5210709709500170000;0
39008;5;5;62;32;2021;9;15;5;3;5;2;1;1;0;0;0;0;0;376175,755427600815892;5715426,116840027272701;7,213066068000046;51,576285217000077;5210902701120370000;0
39009;5;5;66;76;2021;2;19;5;3;5;2;1;1;0;0;0;2;0;393643,165999960154295;5794093,788999659940600;7,440714502000048;52,286899591000065;5210204709500870000;1
39010;5;5;58;16;2021;5;16;1;3;4;6;1;0;0;0;0;0;0;380358,812725667841733;5740682,152123460546136;7,264742481000042;51,804172832000063;5210509706000170000;0
39017;5;5;62;4;2021;6;8;4;3;5;3;1;1;0;0;0;0;0;382522,625303827226162;5716070,131983434781432;7,304399306000050;51,583431891000032;5210630701800980000;0
39018;5;5;58;32;2021;9;14;4;3;5;2;1;0;0;0;0;0;0;391618,980999954976141;5755013,452999638393521;7,423490047000030;51,935275261000072;5210908706100880000;0
39019;5;9;14;0;2021;6;18;6;3;0;7;1;0;0;0;0;0;0;393043,282601685263216;5691781,623364882543683;7,463540155000032;51,367209348000074;5210618302222190000;0
39022;5;9;13;0;2021;11;14;4;3;5;3;1;1;0;0;0;0;0;391059,902861870825291;5704634,312214368954301;7,431107900000029;51,482358455000053;5211110301103480000;0
39024;5;5;58;16;2021;12;18;4;3;5;7;1;1;0;0;0;2;0;381773,069999932311475;5744174,083999603986740;7,284052570000028;51,835856358000058;5211201706000760000;1
39025;5;9;11;0;2021;10;20;4;3;5;3;1;1;0;0;0;2;0;374896,173005220480263;5706039,439353877678514;7,197945132000029;51,491642592000062;5211013300100040000;0
39026;5;5;62;16;2021;6;7;3;3;5;3;1;1;0;0;0;0;0;374841,363975171931088;5732848,678682826459408;7,187583067000048;51,732567138000036;5210629701700550000;1
39030;5;5;58;16;2021;6;7;2;3;1;1;1;1;0;0;0;0;0;387685,219680506736040;5747624,210554556921124;7,368702066000026;51,868084769000063;5210628706100660000;0
39031;5;9;13;0;2021;3;15;3;3;3;2;1;0;0;0;1;0;0;392747,707251223735511;5701850,604142086580396;7,456249970000044;51,457659668000076;5210330301502260000;0
39035;5;5;62;32;2021;1;14;2;3;0;1;1;0;0;0;0;0;0;375783,427999913692474;5713613,957999564707279;7,208047861000068;51,559912631000032;5210111701120910000;0
39045;5;9;13;0;2021;2;18;4;3;2;2;1;1;0;0;0;2;0;391607,396137760020792;5704560,601524207741022;7,439012051000020;51,481801106000034;5210217301502640000;0
39048;5;9;11;0;2021;9;11;5;3;5;2;1;1;0;0;0;0;0;375269,692999910563231;5707216,393999557942152;7,202906592000033;51,502302767000060;5210902300120380000;0
39052;5;5;58;16;2021;1;11;4;3;5;3;1;1;0;0;0;0;0;382685,561988253146410;5742356,490270823240280;7,297906152000053;51,819713605000061;5210127706100580000;1
39065;5;5;66;76;2021;12;12;3;3;5;3;1;1;0;0;0;0;0;395841,002999964170158;5790708,027999661862850;7,473969719000024;52,256891545000030;5211207709500220000;0
39066;5;5;62;32;2021;6;11;6;3;5;3;1;1;0;0;0;0;0;376460,136999914422631;5720074,513999572023749;7,215530943000033;51,618123768000032;5210618701110880000;0
39069;5;9;11;0;2021;6;16;3;2;0;1;1;0;0;0;0;0;0;375487,121430668979883;5703359,329935861751437;7,207397755000045;51,467685953000057;5210601300500390000;0
39071;5;3;82;60;2021;3;16;4;3;5;3;1;1;0;0;0;0;0;375044,842492582276464;5627945,344577327370644;7,227183273000037;50,789772896000045;5210324607100570000;0
39086;5;3;82;24;2021;6;12;6;3;5;2;1;1;0;0;0;0;0;376069,959830379113555;5618474,166961845010519;7,244906726000067;50,704859769000052;5210611600120020000;0
39091;5;3;78;32;2021;4;10;4;3;5;3;1;1;0;0;0;0;0;378205,631736605428159;5667948,278096087276936;7,258607915000027;51,150008847000038;5210414606700960000;0
39100;5;5;66;52;2021;4;16;5;3;5;3;1;1;0;0;0;0;0;377808,082999919541180;5779188,028999596834183;7,214055344000030;52,149660309000069;5210415709300510000;0
39104;5;9;54;36;2021;9;7;6;3;0;1;1;0;0;0;0;0;0;383674,433584259822965;5696489,899828037247062;7,327470920000053;51,407685944000036;5210910300800530000;0
39106;5;5;62;16;2021;5;10;7;2;5;3;1;0;0;0;0;0;0;377691,107999918051064;5737905,720999583601952;7,227049205000071;51,778643953000028;5210529701700770000;0
39124;5;9;16;0;2021;3;18;3;3;0;1;1;0;0;0;0;0;0;379173,409538830630481;5710684,408691296353936;7,257933250000065;51,534319731000039;5210330300600570000;0
39127;5;9;16;0;2021;1;6;6;3;1;5;1;1;0;0;0;2;0;376365,434713020920753;5709923,995495073497295;7,217735922000031;51,526877694000063;5210108300600850000;1
39133;5;5;66;84;2021;5;11;6;3;5;3;1;1;0;0;0;0;0;390010,228809336200356;5775780,267483647912741;7,393422890000068;52,121599137000032;5210528709300480000;0
39134;5;5;62;4;2021;4;9;7;3;5;3;1;1;0;0;0;0;0;381727,023415768519044;5712398,691151149570942;7,294157146000032;51,550267916000053;5210424701800140000;0
39156;5;3;82;28;2021;2;17;3;3;6;6;1;0;1;0;0;0;0;374420,344693802297115;5635933,807157199829817;7,215591874000040;50,861441531000025;5210223607100530000;0
39160;5;9;13;0;2021;7;13;7;3;0;7;1;1;0;0;0;0;0;392801,280575876124203;5709229,181565932929516;7,454779815000052;51,523991964000061;5210710301202470000;0
39164;5;5;58;16;2021;4;9;5;3;0;7;1;0;0;0;0;0;0;382003,737999932840466;5744599,350999604910612;7,287253826000040;51,839727094000068;5210415706100370000;0
39179;5;9;16;0;2021;10;9;6;2;0;1;1;0;0;0;0;0;0;377342,687089707702398;5712649,962449960410595;7,230866410000033;51,551590109000074;5211029300600990000;1
39180;5;9;13;0;2021;10;15;3;3;0;1;1;0;1;0;0;0;0;395328,040255336090922;5708095,039719624444842;7,491525031000037;51,514271628000074;5211005301302490000;0
39183;5;3;82;60;2021;7;12;4;3;0;6;1;0;0;0;0;0;0;371762,368649026378989;5629653,836136881262064;7,180041003000042;50,804412424000077;5210707607400880000;0
39185;5;5;66;76;2021;5;16;2;2;0;7;1;0;0;0;0;0;0;393665,875486308708787;5794101,013574210926890;7,441045030000055;52,286968914000056;5210503709500560000;0
39190;5;9;11;0;2021;7;17;2;2;0;1;1;0;0;0;0;0;0;376648,172100609168410;5704302,458970163017511;7,223775400000022;51,476416553000035;5210712300110850000;0
39196;5;5;62;8;2021;2;12;7;2;5;3;1;0;0;1;0;0;0;386373,283367094583809;5726468,794299324974418;7,356577827000024;51,677682880000077;5210220701910070000;0
39197;5;5;66;68;2021;5;17;1;3;5;3;1;1;0;0;0;0;0;375613,091999914497137;5786909,922999588772655;7,179158077000068;52,218560325000055;5210509709300940000;0
39204;5;5;62;32;2021;9;6;4;3;0;1;1;0;0;0;0;1;0;377058,251999917440116;5718429,686999572440982;7,224742807000041;51,603472280000062;5210922701110780000;0
39210;5;9;11;0;2021;5;15;6;3;0;1;1;0;0;0;0;0;0;375475,513999910093844;5704732,684999560937285;7,206746703000022;51,480026237000061;5210514300110660000;0
39215;5;3;74;8;2021;9;21;7;3;0;7;1;0;0;0;0;2;0;388894,791898492723703;5649308,686243390664458;7,417100223000034;50,984633617000043;5210911605108640000;0
39221;5;9;11;0;2021;5;14;3;3;5;3;1;1;0;0;0;0;0;375901,516265424899757;5706638,090366378426552;7,212208443000065;51,497244435000027;5210525300100270000;1
39222;5;9;13;0;2021;11;16;4;3;3;5;1;1;0;0;0;2;0;391722,658187016844749;5712757,061401305720210;7,438152855000055;51,555495920000055;5211117301203570000;1
39225;5;5;62;32;2021;6;16;3;2;1;5;1;1;0;0;0;0;0;375556,253069827333093;5720238,293825441971421;7,202423535000037;51,619396562000077;5210622701110780000;0
39231;5;5;58;8;2021;7;12;1;3;0;3;1;1;0;0;0;0;0;388457,982642574235797;5760077,646878065541387;7,375885628000049;51,980164684000044;5210711706100350000;1
39232;5;9;13;0;2021;4;14;1;2;0;1;1;0;0;0;0;0;0;393300,907242525368929;5707678,729291621595621;7,462448314000028;51,510150405000047;5210404301101610000;0
39239;5;9;78;24;2021;2;12;7;3;0;7;1;1;0;0;0;0;0;395790,484999964013696;5720665,071999628096819;7,494458643000030;51,627343099000029;5210206301301920000;1
39244;5;5;66;76;2021;7;17;6;3;5;3;1;1;0;0;0;0;0;393882,227413972839713;5793159,371866930276155;7,444512107000037;52,278548004000072;5210709709500610000;0
39247;5;9;13;0;2021;12;8;2;3;3;2;1;1;0;0;0;0;0;392482,809465077705681;5707976,885194487869740;7,450573078000048;51,512675271000035;5211227301101570000;1
39252;5;5;62;4;2021;9;19;4;2;5;3;1;0;0;1;0;1;0;382910,080354288220406;5716134,714107276871800;7,309967446000030;51,584092971000075;5210908701800470000;0
39255;5;9;78;32;2021;4;13;7;3;5;2;1;1;0;0;0;0;0;393978,991999960504472;5728431,242999633774161;7,465941597000040;51,696809023000071;5210403317250180000;0
39256;5;3;74;20;2021;6;10;6;1;4;6;1;1;0;0;0;0;0;379145,281962257809937;5652454,958269158378243;7,277217598000050;51,010949526000047;5210611605120290000;0
39275;5;9;13;0;2021;9;15;1;2;4;7;1;0;0;0;1;0;0;395145,168933364562690;5706194,730421055108309;7,489455590000034;51,497156614000062;5210926301101760000;0
39277;5;5;62;32;2021;12;16;4;3;5;2;1;1;0;0;0;1;0;376200,707347241230309;5715611,423275865614414;7,213360649000037;51,577956090000043;5211222701120970000;0
39284;5;9;13;0;2021;4;10;6;3;5;6;1;1;0;0;0;0;0;394590,259476852603257;5709171,534875983372331;7,480574533000038;51,523810561000062;5210423301202860000;0
39304;5;5;58;16;2021;12;15;2;3;5;3;1;1;0;0;0;0;0;379473,583507085219026;5745865,947284318506718;7,250104823000072;51,850569643000028;5211213706000680000;1
39308;5;5;62;4;2021;9;7;3;3;5;7;1;1;0;0;0;0;0;383529,239335331134498;5713248,807121179997921;7,319856715000071;51,558283478000078;5210928701800370000;1
39310;5;5;58;24;2021;12;12;2;3;5;3;1;0;0;0;0;0;0;392175,594999956898391;5736410,287999631837010;7,437386172000060;51,768181356000071;5211206706300930000;0
39318;5;9;13;0;2021;12;5;5;3;5;3;1;1;0;0;0;2;0;393219,926850441843271;5709277,866603024303913;7,460797304000039;51,524508880000042;5211202301202390000;1
39320;5;5;66;68;2021;6;15;6;3;0;1;1;0;0;0;0;0;0;376033,009693888016045;5785168,870105285197496;7,185939275000067;52,203009658000042;5210625709000450000;0
39328;5;9;13;0;2021;5;15;4;3;0;7;1;1;0;0;0;0;0;394042,471577530726790;5707217,431441647931933;7,473268902000029;51,506143574000077;5210512301101770000;0
39337;5;5;66;76;2021;11;15;2;3;5;1;1;1;0;0;0;0;0;396351,777999964542687;5787016,996999662369490;7,482582309000065;52,223815125000044;5211115709500500000;0
39343;5;9;11;0;2021;6;7;6;3;5;3;1;1;0;0;0;0;0;380691,795621195808053;5706829,786654930561781;7,281119423000064;51,499998680000033;5210618300310920000;0
39345;5;5;66;76;2021;9;17;5;3;5;2;1;1;0;0;0;0;0;393201,076423918828368;5793315,375371249392629;7,434482322000065;52,279818122000052;5210916709500160000;0
39350;5;5;62;32;2021;9;20;5;3;5;3;1;1;0;0;0;2;0;374715,164519173093140;5719089,240795748308301;7,190691364000031;51,608883356000035;5210930701110190000;0
39354;5;9;54;12;2021;9;7;6;3;5;3;1;1;0;0;0;0;0;386922,292009107768536;5688135,341108042746782;7,376806217000023;51,333249524000053;5210924310230590000;1
39355;5;9;13;0;2021;12;9;4;2;5;3;1;1;0;0;0;0;0;393085,816274686716497;5705958,008178055286407;7,459871586000077;51,494643093000036;5211215301101190000;1
39356;5;9;54;36;2021;5;13;2;3;5;3;1;1;0;0;0;0;0;385383,759999940171838;5700148,882999597117305;7,350852987000053;51,440921378000041;5210531300800030000;0
39359;5;5;62;32;2021;9;3;4;2;0;1;1;0;0;0;0;2;0;375174,639248246327043;5719096,203228402882814;7,197320874000070;51,609047979000081;5210908701110280000;0
39365;5;9;11;0;2021;9;12;6;2;7;1;1;0;0;0;0;0;0;376055,977907728403807;5704261,305037280544639;7,215266880000058;51,475917250000066;5210917300100890000;0
39391;5;9;13;0;2021;4;22;1;3;0;1;1;0;0;0;0;2;0;390275,861999951303005;5708003,907999616116285;7,418773313000031;51,512493852000034;5210425301201980000;0
39392;5;3;82;8;2021;6;13;1;3;5;3;1;1;0;0;0;0;0;380744,422999928705394;5612744,120999554172158;7,312923271000045;50,654329486000051;5210627600130840000;0
39399;5;5;62;4;2021;4;13;3;3;5;3;1;1;0;0;0;0;0;385199,126782534644008;5714425,895318949595094;7,343550225000058;51,569205336000039;5210406701800230000;0
39406;5;9;54;36;2021;11;15;3;2;5;3;1;1;0;0;0;0;0;381858,741645984351635;5698456,322385929524899;7,300721781000050;51,424984600000073;5211109300800940000;0
39407;5;3;74;8;2021;12;13;4;2;5;2;1;1;0;0;0;0;0;386120,478999943472445;5649033,380999580025673;7,377678007000043;50,981616790000032;5211208605108020000;1
39413;5;1;24;0;2021;10;17;5;3;6;7;1;0;1;0;0;1;0;378200,507475768215954;5681955,104342671111226;7,253777946000071;51,275901140000030;5211028503200880000;0
39420;5;9;13;0;2021;11;13;2;3;3;2;1;1;0;0;0;0;0;391943,673999954946339;5705989,562999619171023;7,443415544000061;51,494709566000040;5211115301101290000;0
39421;5;5;58;16;2021;10;14;6;3;5;3;1;1;0;0;0;0;0;380664,842241950333118;5742757,555598527193069;7,268464010000059;51,822890167000025;5211001706100980000;0
39424;5;9;54;32;2021;4;14;6;2;5;3;1;1;0;0;0;0;0;383662,218052403070033;5692280,924376510083675;7,328674513000067;51,369852885000057;5210416310120780000;0
39425;5;3;82;8;2021;12;12;4;3;5;3;1;1;0;0;0;0;0;374695,035072627477348;5611538,433955622836947;7,227794670000037;50,642221889000041;5211222600130870000;0
39430;5;3;78;24;2021;11;8;2;3;5;3;1;1;0;0;0;0;0;381791,389760087244213;5646706,990877036005259;7,316790173000072;50,959833103000051;5211108606500090000;0
39433;5;9;54;16;2021;9;8;5;3;5;3;1;1;0;0;0;0;0;375506,071999909356236;5697150,255999553948641;7,209853961000022;51,411886552000055;5210902310110060000;0
39437;5;9;11;0;2021;9;1;7;3;3;6;1;1;0;0;0;2;0;375090,215442294254899;5707885,502596452832222;7,200085100000024;51,508276596000030;5210911300100770000;0
39441;5;5;58;36;2021;6;16;7;2;0;1;1;0;0;0;0;0;0;389037,633059058338404;5726972,049898277968168;7,394936791000021;51,682738801000028;5210605706300790000;0
39447;5;5;62;16;2021;12;15;7;3;5;3;1;1;0;0;0;1;0;374555,767286384478211;5734321,786738622933626;7,182918495000024;51,745741880000026;5211204701700480000;1
39448;5;3;82;24;2021;5;16;2;3;5;2;1;1;0;0;0;0;0;374274,813999904319644;5621382,731999523937702;7,218505782000022;50,730618253000046;5210510600120560000;0
39453;5;5;66;68;2021;3;17;2;2;5;3;1;1;0;0;0;0;0;375717,774871320463717;5786334,585058297961950;7,180900929000074;52,213413911000032;5210308709300910000;0
39455;5;5;66;76;2021;12;12;4;3;5;3;1;1;0;0;0;0;0;393632,945999961346388;5792118,928999656811357;7,441187704000072;52,269149150000032;5211208709500070000;0
39462;5;5;58;36;2021;5;10;7;3;5;2;1;1;0;0;0;0;0;389879,852999951690435;5729129,829999621957541;7,406433262000064;51,702298616000064;5210501706300610000;0
39472;5;5;66;68;2021;12;12;3;2;0;7;1;0;0;0;0;0;0;376087,773800466209650;5785043,009358638897538;7,186786273000052;52,201890969000033;5211228709300790000;1
39474;5;9;13;0;2021;2;22;5;3;5;3;1;1;0;0;0;2;0;393927,220999959856272;5709390,308999624103308;7,470954960000029;51,525652862000072;5210225301201900000;1
39476;5;9;13;0;2021;7;17;2;3;5;3;1;1;0;0;0;0;0;392890,533706513233483;5706354,055701341480017;7,456939360000035;51,498165989000029;5210705301101330000;0
39477;5;9;13;0;2021;6;12;7;3;1;6;1;1;0;0;0;0;0;387837,531797785311937;5707764,384124783799052;7,383725791000074;51,509862168000041;5210626301201180000;0
39484;5;3;82;52;2021;9;11;6;3;0;1;1;0;0;0;0;0;0;393563,901999958790839;5633737,938999589532614;7,488137940000058;50,845542812000076;5210917607100980000;0
39494;5;3;82;16;2021;2;14;1;3;5;2;1;1;0;0;0;0;0;387361,201999944634736;5624797,761999571695924;7,402810902000056;50,764002452000057;5210228607300080000;0
39495;5;5;58;8;2021;9;15;3;3;6;7;1;0;1;0;0;0;0;383523,982042546384037;5761030,966930748894811;7,303753420000021;51,987719819000063;5210914706200870000;0
39497;5;5;66;76;2021;9;15;3;3;0;3;1;1;0;0;0;0;0;395069,492285517044365;5792972,935625990852714;7,461966367000059;52,277100357000052;5210907709500570000;0
39500;5;5;62;8;2021;3;13;1;3;0;1;1;0;0;0;0;0;0;384597,542788405902684;5721955,321118667721748;7,332396245000041;51,636755222000033;5210328701910640000;0
39504;5;9;14;0;2021;1;2;4;3;5;3;1;1;0;0;0;2;0;395431,164882955141366;5693936,406131984665990;7,497195646000023;51,387023025000076;5210113302100820000;2
39514;5;9;13;0;2021;3;15;6;3;5;2;1;1;0;0;0;0;0;394620,359999962151051;5706678,951999621465802;7,481753372000071;51,501411480000058;5210312301101050000;0
39526;5;9;11;0;2021;9;11;4;3;5;3;1;1;0;0;0;0;0;375105,350551644340158;5705951,377644173800945;7,200987786000042;51,490897399000062;5210922300120600000;0
39530;5;5;58;16;2021;5;16;2;3;2;2;1;1;0;0;0;0;0;389880,709361660294235;5744537,619364144280553;7,401560004000032;51,840781193000055;5210503706100980000;0
39533;5;9;13;0;2021;6;1;4;3;0;6;1;0;0;0;1;0;0;393138,839999959804118;5708414,388999622315168;7,459890789000042;51,516732222000030;5210609301101670000;0
39534;5;9;54;12;2021;6;16;2;3;5;3;1;1;0;0;0;0;0;387621,563557800836861;5688532,103986991569400;7,386714552000058;51,336954431000038;5210614310230080000;0
39542;5;3;82;8;2021;11;16;2;2;0;1;1;0;0;0;0;0;0;373740,411420402117074;5610406,749135229736567;7,214685771000063;50,631843458000048;5211122600130930000;0
39543;5;5;66;76;2021;9;7;5;3;4;6;1;0;0;0;0;0;0;393858,038970841094851;5793141,196934960782528;7,444163413000069;52,278379992000055;5210923709500070000;0
39554;5;5;58;16;2021;2;16;7;2;0;1;1;0;0;0;0;0;0;383919,176834463141859;5748229,159196851775050;7,313824576000059;51,872750669000027;5210220706100760000;1
39562;5;9;54;32;2021;2;13;4;3;1;5;1;1;0;0;0;0;0;385211,491831815801561;5695368,787335574626923;7,349923584000067;51,397922437000034;5210224310120280000;0
39564;5;3;82;60;2021;12;16;3;3;6;7;1;0;1;0;0;0;0;375990,003404911607504;5630384,128467749804258;7,239762463000034;50,811897031000058;5211207607100180000;0
39573;5;9;11;0;2021;2;16;5;3;5;3;1;0;0;0;0;0;0;378429,051664110273123;5708694,040783394128084;7,247893440000041;51,516271539000059;5210218300300530000;0
39582;5;5;66;84;2021;2;18;3;2;5;2;1;1;0;0;0;1;0;385557,117999942973256;5777983,075999632477760;7,327666229000044;52,140491700000041;5210223709300520000;0
39589;5;9;13;0;2021;2;21;6;3;0;1;1;0;0;0;0;2;0;393484,320425152778625;5712240,845770061016083;7,463710394000032;51,551191359000029;5210219301201030000;0
39590;5;5;66;36;2021;10;0;7;2;0;1;1;0;0;0;0;2;0;387333,761065219528973;5768400,371090982109308;7,356784657000048;52,054736155000057;5211009709100770000;1
39596;5;9;11;0;2021;1;12;7;3;5;3;1;1;0;0;0;0;0;377777,536930472590029;5705796,294068379327655;7,239512538000042;51,490087536000033;5210102300110080000;0
39597;5;5;66;76;2021;6;14;4;3;5;2;1;1;0;0;0;0;0;397547,745999966748059;5787546,371999662369490;7,499924466000039;52,228796657000032;5210623709500530000;0
39600;5;3;74;8;2021;10;16;7;2;4;2;1;1;0;0;0;0;0;385493,627999940887094;5648471,820999581366777;7,368928685000071;50,976444659000038;5211009605108390000;0
39608;5;9;11;0;2021;9;20;4;3;5;3;1;1;0;0;0;1;0;377992,319190694950521;5698247,247491106390953;7,245208887000047;51,422286353000061;5210908300300630000;0
39610;5;9;13;0;2021;6;17;3;3;1;5;1;1;0;0;0;0;0;394910,825855044648051;5706368,886439820751548;7,486029023000071;51,498678513000073;5210629301101780000;0
39617;5;9;54;20;2021;4;18;5;3;8;6;1;1;0;0;0;0;0;386772,647999945096672;5694872,446999600157142;7,372513647000062;51,393774954000037;5210401310130370000;0
39648;5;5;58;16;2021;4;7;2;3;5;3;1;1;0;0;0;0;0;387930,295664206147194;5747423,525637514889240;7,372325202000070;51,866330395000034;5210412706100070000;0
39654;5;5;66;68;2021;2;21;4;3;5;2;1;1;0;0;0;2;0;377525,291110822930932;5785553,808178488165140;7,207625587000052;52,206802392000043;5210224709300210000;0
39656;5;9;11;0;2021;7;12;4;3;6;4;1;0;1;0;0;0;0;378153,644749362021685;5703761,394304167479277;7,245629298000040;51,471879974000046;5210707300100220000;0
39657;5;9;16;0;2021;10;16;5;3;5;3;1;1;0;0;0;0;0;377167,145629706792533;5710959,001201037317514;7,228926064000063;51,536354643000038;5211028300600190000;0
39660;5;9;11;0;2021;2;18;4;3;0;1;1;0;0;0;0;2;0;383307,038257156498730;5703829,306081840768456;7,319771502000037;51,473576715000036;5210224300300080000;0