OID_;ULAND;UREGBEZ;UKREIS;UGEMEINDE;UJAHR;UMONAT;USTUNDE;UWOCHENTAG;UKATEGORIE;UART;UTYP1;IstRad;IstPKW;IstFuss;IstKrad;IstSonstige;ULICHTVERH;IstGkfz;LINREFX;LINREFY;XGCSWGS84;YGCSWGS84;UIDENTSTLAE;IstStrassenzustand
39661;5;9;13;0;2021;10;16;6;3;5;3;1;1;0;0;0;0;0;393846,341999961063266;5708877,189999623224139;7,469944143000021;51,521025503000033;5211022301202970000;1
39670;5;5;66;76;2021;9;16;6;2;5;7;1;1;0;0;0;0;0;391141,543999955058098;5795282,316999653354287;7,403669744000069;52,297091078000051;5210903709500700000;0
39673;5;9;13;0;2021;5;9;2;3;5;7;1;0;0;0;0;0;1;393489,386826781556010;5715603,021691020578146;7,462764431000039;51,581412859000068;5210503301203370000;0
39675;5;3;78;4;2021;9;18;7;3;0;7;1;0;0;0;0;0;0;372588,417839738540351;5647679,549101721495390;7,185473287000036;50,966613008000081;5210904606100030000;0
39678;5;9;11;0;2021;6;15;5;3;5;3;1;1;0;0;0;0;0;379015,508105866611004;5708266,976584296673536;7,256487936000042;51,512559188000068;5210610300310220000;0
39680;5;9;62;12;2021;9;9;7;2;5;2;1;0;0;0;0;0;1;395026,036999962292612;5671668,478999610990286;7,497921044000066;51,186782941000047;5210918307000180000;0
39681;5;3;82;8;2021;12;16;5;3;1;3;1;1;0;0;0;2;0;374246,137873311527073;5612323,967043116688728;7,221182455000076;50,649186115000077;5211202600130230000;0
39682;5;5;58;36;2021;11;12;2;3;5;3;1;1;0;0;0;0;0;387168,350999944843352;5728734,265999615192413;7,367339624000067;51,698204739000062;5211108706000010000;0
39685;5;9;78;24;2021;9;9;3;3;0;7;1;0;0;0;0;0;1;392463,536777556873858;5716025,788875017315149;7,447834974000045;51,585018009000066;5210914301301570000;0
39692;5;5;62;4;2021;7;13;6;3;5;2;1;1;0;0;0;0;0;382898,052999935112894;5712810,453999597579241;7,310901794000074;51,554212993000078;5210702701800060000;0
39697;5;5;58;16;2021;11;7;2;3;0;6;1;1;0;0;0;1;0;381497,464557196944952;5743706,963403455913067;7,280214340000043;51,831599861000029;5211129706100290000;2
39698;5;5;62;32;2021;12;19;1;3;6;7;1;0;1;0;0;2;0;376104,511894702911377;5716433,743601337075233;7,211682953000036;51,585325327000078;5211205701110760000;1
39699;5;9;78;24;2021;11;9;2;2;5;3;1;1;0;0;0;0;0;391690,267999955452979;5717992,993999622762203;7,436070937000068;51,602551609000045;5211129301301070000;1
39708;5;9;13;0;2021;9;7;3;3;5;3;1;1;0;0;0;1;0;387143,268999946303666;5709199,114999609068036;7,373266295000064;51,522619395000049;5210928301201790000;0
39712;5;3;82;60;2021;6;15;3;3;5;2;1;1;0;0;0;0;0;374553,860624680295587;5627707,948192168027163;7,220302032000063;50,787533017000044;5210622607100660000;1
39719;5;1;20;0;2021;12;15;2;2;0;1;1;0;0;0;0;0;0;378900,627381873317063;5667772,536047538742423;7,268599074000065;51,148576732000038;5211213503300600000;1
39721;5;5;58;24;2021;2;7;2;3;5;3;1;1;0;0;0;0;0;393194,290900794789195;5738033,873550262302160;7,451644036000062;51,782969445000049;5210222706200370000;0
39723;5;1;24;0;2021;9;14;1;3;1;7;1;1;0;0;0;0;0;374135,699101521633565;5681289,586943326517940;7,195766220000053;51,269036287000063;5210905503200470000;0
39728;5;5;58;32;2021;9;12;1;3;1;7;1;1;0;0;0;0;0;391790,299865717999637;5750381,926252782344818;7,427436195000041;51,893681839000067;5210905706100080000;0
39732;5;5;62;32;2021;11;17;6;3;5;7;1;1;0;0;0;2;0;376061,896766265854239;5719150,800879906862974;7,210108242000047;51,609734661000061;5211105701110180000;1
39738;5;3;78;28;2021;1;14;3;2;0;1;1;0;0;0;0;0;0;372705,812230170704424;5641242,012518560513854;7,189393358000075;50,908777761000067;5210105606400580000;1
39745;5;5;62;32;2021;11;8;6;3;5;3;1;1;0;0;0;1;0;374117,899999907240272;5719172,004999553784728;7,182040877000077;51,609493945000054;5211119701110570000;1
39754;5;1;24;0;2021;6;7;6;3;5;3;1;1;0;0;0;0;0;372988,010999900288880;5680724,161999536678195;7,179524113000070;51,263699879000058;5210625503200970000;0
39756;5;9;78;24;2021;5;9;5;3;0;3;1;1;0;0;0;0;0;391997,446043087169528;5716676,453121919184923;7,440909952000027;51,590777210000056;5210513301301080000;0
39758;5;1;24;0;2021;6;12;6;3;1;6;1;1;0;0;0;0;0;374567,457774480804801;5676625,725737329572439;7,203586479000023;51,227214147000041;5210618503200090000;0
39761;5;3;82;24;2021;3;12;2;3;1;5;1;0;0;0;1;0;0;374665,809426985681057;5620761,941834591329098;7,224254256000052;50,725122715000055;5210322600120510000;0
39762;5;9;13;0;2021;9;16;5;3;4;2;1;1;0;0;0;0;0;394171,272387242875993;5708521,459124825894833;7,474732605000042;51,517888991000063;5210930301101180000;0
39771;5;9;11;0;2021;2;17;2;3;5;2;1;1;0;0;0;2;0;374275,322794992476702;5707010,314042808488011;7,188660990000074;51,500230361000035;5210201300111580000;0
39773;5;9;11;0;2021;11;10;1;3;0;1;1;0;0;0;0;0;0;376635,168520389124751;5704328,511815147474408;7,223579151000024;51,476647866000064;5211107300100770000;1
39776;5;9;13;0;2021;4;21;1;3;5;3;1;1;0;0;0;2;0;392738,796999957412481;5701957,301999615505338;7,456089406000046;51,458617036000078;5210425301502180000;0
39779;5;5;62;28;2021;10;12;2;3;5;3;1;1;0;0;0;0;0;379609,534462006762624;5722421,545284060761333;7,260192543000073;51,639899879000041;5211004701920340000;0
39783;5;1;20;0;2021;6;10;7;2;0;7;1;0;0;0;0;0;0;377415,936728417873383;5674108,143551604822278;7,245221558000026;51,205205174000071;5210626503300380000;0
39784;5;9;16;0;2021;7;16;1;3;5;3;1;1;0;0;0;0;0;377182,868199298158288;5710963,471569741144776;7,229151085000069;51,536398241000029;5210704300600070000;1
39789;5;9;78;32;2021;6;12;7;3;5;3;1;1;0;0;0;0;0;394046,576684409752488;5727946,912555318325758;7,467066238000029;51,692468524000049;5210626317250180000;0
39793;5;5;58;24;2021;9;13;6;3;5;3;1;1;0;0;0;0;0;392119,597999957390130;5736395,434999631717801;7,436579590000065;51,768037070000048;5210903706300300000;0
39794;5;9;54;12;2021;11;6;4;3;0;1;1;0;0;0;0;2;0;384393,186001739464700;5685660,327460220083594;7,341320676000066;51,310494936000055;5211117310230780000;1
39800;5;5;58;24;2021;2;2;1;3;8;1;1;0;0;0;0;2;0;389837,822904855944216;5736014,195204703137279;7,403646330000072;51,764166216000035;5210228706300470000;0
39803;5;5;66;76;2021;10;12;7;3;0;6;1;0;0;0;0;0;0;395100,047999964095652;5791857,881999662145972;7,462760843000069;52,267084865000072;5211023709500810000;0
39805;5;5;62;16;2021;5;14;7;2;5;3;1;1;0;0;0;0;0;374748,182027031667531;5732563,479760967195034;7,186337050000077;51,729983282000035;5210529701700490000;0
39810;5;9;13;0;2021;10;19;7;2;2;1;1;1;0;0;0;2;0;395884,508999964222312;5712494,571999629959464;7,498240573000032;51,553920034000043;5211023301306610000;0
39811;5;3;82;60;2021;6;16;6;3;0;7;1;0;0;0;0;0;0;374608,771781831979752;5627433,724317828193307;7,221174217000055;50,785080038000046;5210611607000060000;0
39812;5;5;58;16;2021;10;12;6;3;0;1;1;0;0;0;0;0;0;387309,384748433716595;5747717,638147242367268;7,363215226000023;51,868848653000043;5211008706100660000;0
39816;5;5;58;32;2021;10;20;4;3;0;6;1;0;1;0;0;2;0;392882,324135628528893;5751448,906509658321738;7,442968200000053;51,903482588000031;5211006706000580000;1
39819;5;9;13;0;2021;12;14;6;3;5;3;1;0;0;0;1;0;0;392479,784999959170818;5708046,161999616771936;7,450508379000041;51,513297385000044;5211210301101790000;0
39821;5;3;78;24;2021;10;13;1;3;5;7;1;1;0;0;0;0;0;375563,031947251409292;5646424,284666877239943;7,228243496000061;50,955980631000045;5211010606400870000;0
39826;5;5;62;4;2021;7;13;6;3;5;3;1;1;0;0;0;0;0;383122,341709377244115;5709597,826965581625700;7,315202266000028;51,525385143000051;5210702701800980000;0
39833;5;5;62;32;2021;6;11;6;3;5;3;1;1;0;0;0;0;0;375468,941284587606788;5719945,138838645070791;7,201267184000073;51,616742634000047;5210618701110840000;0
39836;5;3;82;24;2021;5;16;3;3;5;2;1;1;0;0;0;0;0;376067,110999910160899;5618473,442999532446265;7,244866644000069;50,704852654000035;5210511600120790000;0
39837;5;9;14;0;2021;3;17;4;3;0;2;1;1;0;0;0;0;0;388494,091900032944977;5688862,792193427681923;7,399131591000071;51,340098616000034;5210331302120870000;0
39839;5;3;74;20;2021;9;19;2;3;4;2;1;1;0;0;0;0;0;385888,381171547807753;5653106,310258701443672;7,373092799000062;51,018181884000057;5210913605120370000;0
39844;5;3;78;12;2021;9;19;4;3;4;2;1;1;0;0;0;1;0;375014,140264849178493;5652415,406928107142448;7,218371814000022;51,009711130000028;5210929606000480000;1
39856;5;3;74;8;2021;5;14;6;2;0;1;1;0;0;0;0;0;0;384304,273728108964860;5648511,093364581465721;7,351982040000053;50,976559937000047;5210514605108760000;1
39857;5;9;16;0;2021;1;8;4;3;0;1;1;0;0;0;0;0;0;374167,840687198564410;5710711,351591236889362;7,185791940000058;51,533468384000059;5210113300420010000;1
39862;5;9;13;0;2021;7;6;4;3;0;1;1;0;0;0;0;0;0;395765,514640348032117;5708100,528308497741818;7,497825714000044;51,514401850000070;5210714301302710000;0
39865;5;9;13;0;2021;4;16;5;3;4;7;1;0;0;0;0;0;0;394094,164906308986247;5709394,621752144768834;7,473359249000055;51,525722961000042;5210429301201860000;0
39866;5;9;11;0;2021;10;16;6;3;6;6;1;0;1;0;0;0;0;376120,253993323072791;5704576,329022409394383;7,216081466000048;51,478762575000076;5211029300100760000;0
39885;5;9;54;16;2021;1;18;5;3;5;3;1;1;0;0;0;2;0;374131,478999907150865;5695984,084999550133944;7,190512531000024;51,401102254000079;5210128310110380000;1
39886;5;3;82;8;2021;10;12;1;2;2;1;1;0;0;0;0;0;0;375929,322398736141622;5612200,745029836893082;7,245020780000061;50,648439406000080;5211010600130560000;0
39890;5;9;13;0;2021;5;17;7;3;3;3;1;1;0;0;0;0;0;393046,593444175086915;5703159,432500507682562;7,460154380000063;51,469480667000028;5210515301502380000;0
39891;5;9;13;0;2021;6;9;4;3;2;7;1;1;0;0;0;0;0;388082,744999948889017;5712315,511999612674117;7,385811477000061;51,550816841000028;5210616301205480000;0
39905;5;9;16;0;2021;6;18;1;3;5;3;1;0;0;0;1;0;0;376989,421401698142290;5709261,265951314941049;7,226957809000055;51,521057763000044;5210620300611490000;0
39907;5;9;13;0;2021;11;8;2;3;5;3;1;1;0;0;0;1;0;390041,587561285123229;5710970,201149774715304;7,414472635000038;51,539110071000039;5211122301201180000;0
39908;5;5;66;24;2021;6;11;6;3;5;2;1;1;0;0;0;0;0;384010,075999938882887;5774210,676999624818563;7,306356182000059;52,106267130000049;5210625709000720000;0
39913;5;5;62;32;2021;9;15;4;3;5;2;1;1;0;0;0;0;0;375982,585445643402636;5716963,631638638675213;7,209736761000045;51,590060717000028;5210901701110460000;0
39914;5;3;82;52;2021;10;11;6;3;5;3;1;1;0;0;0;0;0;389652,477999951690435;5633159,889999583363533;7,432774404000043;50,839613656000040;5211008607300820000;0
39916;5;9;11;0;2021;5;16;2;3;5;3;1;1;0;0;0;0;0;380931,531999928876758;5704786,318999584764242;7,285260986000026;51,481683139000040;5210503300310470000;0
39917;5;1;24;0;2021;2;10;7;3;5;3;1;0;0;0;1;0;0;374335,164999905042350;5677777,004999546334147;7,199857571000052;51,237510401000065;5210220503200180000;0
39927;5;9;11;0;2021;4;18;1;3;0;1;1;0;0;0;0;0;0;376135,730050134472549;5703933,789752714335918;7,216529496000021;51,472991204000039;5210425300500670000;0
39930;5;9;11;0;2021;2;12;6;3;6;6;1;0;1;0;0;0;0;378414,463416147977114;5703786,728424290195107;7,249374019000072;51,472163774000080;5210226300300560000;0
39937;5;5;66;76;2021;9;17;5;3;0;1;1;0;0;0;0;0;0;393656,099266792647541;5794099,687238924205303;7,440902178000044;52,286955102000036;5210902709500160000;0
39939;5;9;11;0;2021;4;22;6;3;5;2;1;1;0;0;0;2;0;375256,076612670905888;5704657,386364951729774;7,203614890000040;51,479301151000072;5210402300110950000;0
39945;5;3;74;20;2021;5;16;6;2;8;1;1;0;0;0;0;0;0;389442,430095206946135;5656169,249406380578876;7,422808088000068;51,046409138000058;5210514605120180000;0
39960;5;3;82;60;2021;9;9;4;3;5;3;1;1;0;0;0;0;0;373596,954999901354313;5628272,807999528944492;7,206539211000063;50,792402355000036;5210908607100780000;0
39969;5;9;54;4;2021;9;0;5;2;0;1;1;0;0;0;0;2;0;393115,844365379773080;5679107,399608576670289;7,468380483000033;51,253296989000035;5210923310240880000;0
39975;5;9;54;28;2021;11;18;5;3;5;3;1;1;0;0;0;2;0;380982,388927399180830;5692806,897282062098384;7,290017764000027;51,374024941000073;5211118310140780000;0
39977;5;3;74;36;2021;9;16;6;2;5;2;1;1;0;0;0;0;0;382705,530999935232103;5673622,921999581158161;7,321064521000039;51,201954595000075;5210924605136990000;0
39978;5;3;82;24;2021;9;20;6;3;0;1;1;0;0;0;0;2;0;372272,252495798282325;5615034,522537020966411;7,192340706000039;50,673120641000025;5210910600120590000;1
39982;5;9;54;8;2021;5;15;7;3;0;1;1;0;0;0;0;0;0;386757,088041475974023;5684560,495898520573974;7,375571315000059;51,301084542000069;5210529310220090000;0
39983;5;9;13;0;2021;11;12;5;3;4;2;1;1;0;0;0;0;0;393142,980999957770109;5709273,715999620035291;7,459689843000035;51,524457018000078;5211118301202990000;0
39996;5;9;16;0;2021;3;18;3;3;5;2;1;1;0;0;0;0;0;379838,884091659449041;5712196,956189615651965;7,267006854000044;51,548055863000059;5210330300600980000;0
39998;5;5;66;76;2021;5;17;3;3;0;1;1;0;0;0;0;0;0;394143,812999960966408;5788373,370999660342932;7,449845607000043;52,235585367000056;5210518709500470000;1
40002;5;5;58;20;2021;11;17;2;2;0;6;1;0;0;0;1;2;0;390989,607343625277281;5759878,760883944109082;7,412795225000025;51,978879653000035;5211122706200200000;1
40006;5;9;78;32;2021;3;10;3;2;3;6;1;0;0;0;0;0;0;394037,529611400328577;5728004,571230154484510;7,466917883000065;51,692985064000027;5210330317250360000;0
40009;5;5;66;76;2021;6;17;7;3;5;2;1;1;0;0;0;0;0;393190,497999958693981;5793312,537999657914042;7,434328219000065;52,279790567000077;5210605709500370000;0
40010;5;9;54;36;2021;3;13;2;3;0;1;1;0;0;0;0;0;0;384531,989632952958345;5699508,795922202989459;7,338811630000066;51,434995250000043;5210329300800970000;0
40014;5;3;78;28;2021;9;14;2;3;0;3;1;1;0;0;0;0;0;372731,973617034032941;5641273,647362399846315;7,189754242000049;50,909067869000069;5210927606400090000;0
40016;5;3;74;52;2021;9;12;2;3;4;6;1;1;0;0;0;0;0;387987,793891192413867;5663962,436333715915680;7,399649480000051;51,116179253000041;5210906605152080000;0
40020;5;3;74;8;2021;6;18;4;3;5;3;1;1;0;0;0;0;0;391782,495204171165824;5650016,340387791395187;7,458013966000067;50,991545005000035;5210602605108650000;0
40021;5;3;74;20;2021;4;17;5;3;3;2;1;1;0;0;0;0;0;386696,588112532161176;5653332,056015094742179;7,384540082000058;51,020370919000072;5210415605120050000;0
40029;5;5;62;32;2021;7;20;4;3;5;2;1;1;0;0;0;0;0;376175,526999912224710;5715424,467999566346407;7,213063355000031;51,576270348000037;5210707701120450000;0
40033;5;9;13;0;2021;6;9;3;3;0;5;1;1;0;0;0;0;0;383769,649999937042594;5706844,553999597206712;7,325436753000076;51,500772708000056;5210601301204070000;0
40041;5;5;66;76;2021;4;14;5;3;5;2;1;1;0;0;0;0;0;395268,696999962441623;5793949,619999663904309;7,464581677000069;52,285916095000061;5210415709500270000;0
40043;5;5;66;76;2021;10;21;2;3;0;1;1;0;0;0;0;2;0;392771,845579236745834;5794108,201857693493366;7,427940779000039;52,286859801000048;5211018709500660000;0
40053;5;3;82;56;2021;6;10;6;3;6;7;1;0;1;0;0;0;0;374331,631585828028619;5626068,179674880579114;7,217711427000040;50,772745852000071;5210604607500860000;0
40054;5;5;62;28;2021;6;18;2;3;5;3;1;1;0;0;0;0;0;380636,174166398122907;5722362,222270594909787;7,275041856000030;51,639585542000077;5210621701920840000;0
40062;5;5;66;76;2021;10;15;2;3;5;3;1;1;0;0;0;0;0;393578,396791458129883;5792647,284639775753021;7,440221911000037;52,273887038000055;5211025709500510000;0
40063;5;9;11;0;2021;10;14;4;3;5;3;1;1;0;0;0;0;0;379383,559639634564519;5706382,656397454440594;7,262433714000053;51,495702402000063;5211006300300940000;1
40065;5;3;74;52;2021;12;12;2;3;0;7;1;0;0;0;0;0;0;382672,629602192901075;5661888,495684074237943;7,324418534000074;51,096473984000056;5211206605152000000;0
40069;5;5;66;76;2021;3;8;1;3;4;2;1;1;0;0;0;0;0;396946,398343594744802;5787668,183323297649622;7,491085888000043;52,229779231000066;5210314709700070000;1
40071;5;3;82;8;2021;6;10;6;3;3;6;1;0;0;0;0;0;1;373690,684076737612486;5613283,024557569995522;7,213002356000061;50,657686590000026;5210625600130730000;0
40091;5;9;13;0;2021;6;19;5;3;0;1;1;0;0;0;0;0;0;393883,599490404129028;5707729,349818907678127;7,470826544000033;51,510715146000052;5210617301101370000;0
40096;5;5;62;16;2021;6;20;4;2;5;3;1;1;0;0;0;0;0;376977,972429193556309;5736479,801629289984703;7,217222327000059;51,765672979000044;5210616701700490000;0
40099;5;3;82;28;2021;9;15;1;2;3;2;1;0;0;0;0;0;0;376792,747284018434584;5636403,913357300683856;7,249126947000036;50,866177489000052;5210905607000080000;0
40100;5;9;11;0;2021;6;7;5;3;5;6;1;1;0;0;0;0;0;377155,450559688732028;5702827,961046986281872;7,231588837000061;51,463274908000074;5210617300500590000;0
40101;5;5;15;0;2021;5;15;4;3;9;1;1;0;0;0;0;0;0;395756,374535800889134;5755954,490096835419536;7,483364081000047;51,944523600000082;5210512702100360000;0
40102;5;5;66;84;2021;12;17;4;3;7;1;1;0;0;0;0;2;0;389963,634310681372881;5775435,865994179621339;7,392853950000074;52,118494648000080;5211222709300840000;1
40103;5;5;62;4;2021;2;10;4;2;0;1;1;0;0;0;0;0;0;381648,572950902394950;5714618,752855561673641;7,292278821000025;51,570204579000062;5210224701800940000;0
40113;5;5;66;76;2021;10;9;2;2;5;3;1;1;0;0;0;0;0;395018,351999963633716;5792303,413999661803246;7,461425468000073;52,271073406000028;5211025709500570000;0
40120;5;9;13;0;2021;11;6;4;3;5;3;1;1;0;0;0;2;0;395697,100032219663262;5706878,551235949620605;7,497201604000054;51,503405338000050;5211103301101580000;0
40130;5;3;78;12;2021;4;16;3;3;5;2;1;1;0;0;0;0;0;375870,752828698605299;5652822,600828044116497;7,230436950000069;51,013556573000074;5210427606300270000;0
40134;5;9;11;0;2021;4;16;6;3;3;2;1;0;0;0;0;0;1;379239,261180321685970;5707459,632710186764598;7,259987352000053;51,505351004000033;5210430300310270000;0
40141;5;3;82;40;2021;9;13;6;3;5;3;1;1;0;0;0;0;0;383285,506999935954809;5638179,123999567702413;7,340785110000070;50,883482064000077;5210903607100580000;0
40142;5;5;58;16;2021;3;18;5;3;5;2;1;1;0;0;0;2;0;382102,957999932579696;5744734,536999605596066;7,288647260000062;51,840962993000062;5210311706100370000;1
40147;5;5;66;84;2021;1;16;2;2;5;3;1;1;0;0;0;0;0;390446,300933562219143;5774739,942787161096931;7,400124568000024;52,112336048000031;5210118709300570000;1
40148;5;5;62;8;2021;5;16;1;3;5;3;1;1;0;0;0;0;0;382382,299999931827188;5723025,018999595195055;7,300040724000041;51,645910331000039;5210509701910060000;0
40151;5;9;54;36;2021;6;15;6;2;1;5;1;1;0;0;0;0;0;385468,153999941423535;5696892,465999597683549;7,353119479000043;51,411669379000045;5210611300510330000;0
40163;5;9;16;0;2021;6;11;5;3;5;3;1;1;0;0;0;0;0;379872,074843626469374;5711474,140406021848321;7,267732070000022;51,541566591000048;5210610300600790000;0
40164;5;3;82;28;2021;9;19;7;3;5;3;1;1;0;0;0;0;0;373588,694282002747059;5631583,135154955089092;7,205282054000065;50,822155050000049;5210904607000130000;0
40165;5;5;66;76;2021;9;13;5;3;5;2;1;1;0;0;0;0;0;394352,395567128434777;5794380,303746012970805;7,451018477000048;52,289611367000077;5210916709500430000;0
40166;5;9;54;12;2021;6;7;3;3;5;3;1;1;0;0;0;0;0;383514,263460328802466;5686589,338472595438361;7,328412497000045;51,318665820000035;5210615310230580000;0
40167;5;9;11;0;2021;9;13;3;3;6;4;1;0;1;0;0;0;0;374654,508025165647268;5705560,322446517646313;7,194636060000050;51,487283112000057;5210921300100190000;0
40172;5;9;13;0;2021;9;17;1;3;3;6;1;1;0;0;0;0;0;390859,109450156800449;5715747,919443802908063;7,424772649000033;51,582212002000063;5210905301205170000;0
40177;5;5;58;24;2021;9;16;5;3;5;3;1;0;0;0;0;0;0;391823,586775066331029;5735218,028118306770921;7,432658045000039;51,757397471000047;5210902706300570000;0
40180;5;3;78;32;2021;6;17;4;3;4;6;1;0;0;0;0;0;0;374028,180639096535742;5665768,493982134386897;7,199673019000045;51,129513055000075;5210602606210080000;0
40182;5;9;16;0;2021;11;7;2;3;5;2;1;1;0;0;0;0;0;374389,833573929965496;5709723,006190348416567;7,189343333000068;51,524635373000081;5211108300600740000;1
40191;5;9;16;0;2021;11;16;5;3;5;3;1;1;0;0;0;1;0;376437,905999914743006;5711030,191999563947320;7,218391939000071;51,536835308000036;5211125300600390000;1
40198;5;9;11;0;2021;12;16;2;3;3;2;1;1;0;0;0;1;0;375964,234012632630765;5705984,773590642958879;7,213341121000042;51,491386607000038;5211213300100290000;1
40200;5;5;58;16;2021;4;19;2;3;5;3;1;1;0;0;0;0;0;380417,776044499129057;5744745,185435039922595;7,264194091000036;51,840700352000056;5210412706000660000;0
40210;5;5;62;8;2021;4;14;3;2;5;6;1;0;0;1;0;0;0;386365,493115887977183;5726457,054225452244282;7,356469024000035;51,677575787000080;5210420701910850000;0
40213;5;9;54;28;2021;6;7;5;3;5;3;1;1;0;0;0;0;0;380377,657455289736390;5688538,526059787720442;7,282768762000046;51,335534134000056;5210624310140190000;0
40215;5;5;62;16;2021;2;14;1;2;4;6;1;0;0;0;0;0;0;374832,853379182517529;5731838,226319465786219;7,187823150000042;51,723484430000042;5210221701700280000;0
40228;5;9;14;0;2021;5;15;2;3;0;7;1;1;0;0;0;0;0;394621,657839020714164;5692574,158813728019595;7,485970354000074;51,374628358000052;5210531302100100000;0
40229;5;5;62;36;2021;9;8;4;3;3;6;1;1;0;0;0;0;0;388740,263999951072037;5719985,470999617129564;7,392859970000075;51,619884946000070;5210908701930780000;0
40230;5;3;82;40;2021;9;11;1;3;8;1;1;0;0;0;0;0;0;381719,306855982169509;5633944,831033691763878;7,319899030000045;50,845102168000039;5210926607100180000;1
40235;5;5;62;32;2021;6;16;3;2;2;6;1;1;0;0;0;0;0;375523,927591129206121;5720172,693006264045835;7,201980150000054;51,618799852000052;5210601701110180000;0
40238;5;3;74;8;2021;2;16;5;3;0;6;1;0;0;0;0;0;0;388058,169934074394405;5649780,272508803755045;7,405040614000029;50,988710644000037;5210225605108790000;0
40243;5;5;62;24;2021;1;7;6;3;3;2;1;0;0;0;1;2;0;374448,958957818336785;5723926,545814240351319;7,185114469000041;51,652296997000064;5210108701500290000;1
40277;5;3;82;20;2021;9;16;5;3;0;1;1;0;0;0;0;0;0;386122,071694601327181;5622967,153793780133128;7,385814026000048;50,747304664000069;5210902607200790000;0
40279;5;5;62;32;2021;4;4;6;3;5;3;1;1;0;0;0;2;0;376672,779999914579093;5714727,397999569773674;7,220480297000051;51,570114599000078;5210430701120970000;0
40285;5;5;62;4;2021;5;15;6;3;4;6;1;0;0;0;1;0;0;382536,320999935269356;5715000,526999594643712;7,304954648000034;51,573821492000036;5210507701800270000;0
40296;5;9;13;0;2021;6;13;4;3;5;3;1;1;0;0;0;0;0;394133,754104983992875;5710156,740715842694044;7,473700618000066;51,532580683000049;5210602301202080000;0
40298;5;9;13;0;2021;11;14;6;3;5;2;1;1;0;0;0;0;0;392142,313565730117261;5704196,571785697713494;7,446823645000052;51,478631305000079;5211126301103660000;0
40310;5;5;62;32;2021;9;17;2;3;0;6;1;1;0;0;0;0;0;375963,910440512001514;5714332,923007294535637;7,210396434000074;51,566413862000047;5210920701120720000;0
40331;5;5;62;36;2021;9;14;2;3;4;6;1;0;0;0;0;0;0;392361,488071911968291;5722494,709550287574530;7,444375769000033;51,643142730000079;5210906701930780000;0
40336;5;5;62;32;2021;9;12;4;3;5;2;1;1;0;0;0;0;0;375081,474234391003847;5719460,353057654574513;7,195846371000073;51,612299966000080;5210922701110180000;0
40345;5;5;62;32;2021;2;17;7;3;5;3;1;1;0;0;0;0;0;375966,161646578460932;5715008,010090567171574;7,210190595000029;51,572481520000053;5210227701120710000;0
40347;5;5;62;8;2021;10;9;6;3;0;5;1;1;0;0;0;0;0;385085,747353198938072;5723149,540651122108102;7,339055553000037;51,647588494000047;5211015701910880000;0
40348;5;3;82;20;2021;5;16;1;3;1;5;1;1;0;0;0;0;0;379138,008376760408282;5626165,976357229053974;7,285812399000065;50,774646403000077;5210530607200070000;0
40351;5;9;11;0;2021;9;14;2;3;0;5;1;0;0;0;1;0;0;374305,744927979074419;5706755,098509104922414;7,189189978000059;51,497943445000033;5210913300120080000;0
40354;5;9;11;0;2021;9;7;4;3;5;2;1;1;0;0;0;0;0;381602,419680953025818;5703045,492648521438241;7,295501383000044;51,466177804000040;5210908300300790000;0
40360;5;3;78;32;2021;6;19;7;2;0;1;1;0;0;0;0;0;0;375427,967441627755761;5667102,021543726325035;7,219206545000077;51,141804901000057;5210619606210080000;0
40377;5;9;13;0;2021;12;7;2;3;0;1;1;0;0;0;0;0;0;390469,310443424619734;5709931,559050805866718;7,420960712000067;51,529857654000068;5211206301201280000;2
40387;5;3;74;8;2021;10;19;5;3;0;1;1;0;0;0;0;1;0;392726,677903203293681;5652708,730771481990814;7,470666705000042;51,015924447000032;5211007605108470000;0
40389;5;9;13;0;2021;6;7;3;3;0;3;1;1;0;0;0;0;0;392950,064160214737058;5710688,152532117441297;7,456480117000069;51,537134025000057;5210601301203080000;0
40399;5;9;13;0;2021;5;10;2;2;5;3;1;1;0;0;0;0;0;395077,599927655421197;5713148,560181291773915;7,486410941000031;51,559648908000042;5210524301203280000;0
40401;5;5;62;36;2021;12;6;5;3;5;2;1;1;0;0;0;2;0;388786,718857420608401;5719054,444689197465777;7,393826197000067;51,611526051000055;5211209701930470000;0
40412;5;3;78;24;2021;9;6;5;3;5;2;1;1;0;0;0;2;0;380439,488631135784090;5644761,164979863911867;7,298188066000023;50,942063904000065;5210923606500080000;0
40413;5;9;54;36;2021;3;13;4;3;0;1;1;0;0;0;0;0;0;387096,324429303407669;5699603,902803668752313;7,375657164000074;51,436366942000063;5210331300800560000;0
40415;5;9;54;36;2021;9;13;6;3;0;1;1;0;0;0;0;0;0;385480,221602881327271;5702964,214078238233924;7,351328823000074;51,466245297000057;5210903300510460000;0
40416;5;5;62;16;2021;10;11;1;3;3;2;1;1;0;0;0;0;0;374750,630109542980790;5732286,622618889436126;7,186472079000055;51,727495751000049;5211024701700680000;0
40423;5;9;54;36;2021;12;8;3;3;5;2;1;1;0;0;0;0;0;386385,609047151170671;5701080,120718462392688;7,364962714000058;51,449493324000059;5211221300800630000;0
40424;5;9;13;0;2021;5;5;2;3;5;3;1;1;0;0;0;0;0;394188,336172237992287;5710343,339592214673758;7,474431164000066;51,534268157000042;5210510301202560000;0