OID_;ULAND;UREGBEZ;UKREIS;UGEMEINDE;UJAHR;UMONAT;USTUNDE;UWOCHENTAG;UKATEGORIE;UART;UTYP1;IstRad;IstPKW;IstFuss;IstKrad;IstSonstige;ULICHTVERH;IstGkfz;LINREFX;LINREFY;XGCSWGS84;YGCSWGS84;UIDENTSTLAE;IstStrassenzustand
40425;5;9;11;0;2021;6;14;4;3;5;2;1;1;0;0;0;0;0;376128,349486785009503;5703920,986062875017524;7,216427770000053;51,472874516000047;5210602300110540000;0
40426;5;9;13;0;2021;5;10;5;3;3;2;1;1;0;0;0;0;0;392220,447338269092143;5706208,132463568821549;7,447334212000044;51,496726998000042;5210520301101580000;0
40434;5;5;66;84;2021;1;6;3;3;0;2;1;1;0;0;0;2;0;389715,684838308952749;5775490,457183703780174;7,389216359000045;52,118935868000051;5210126709300280000;1
40437;5;5;58;16;2021;10;14;6;3;8;1;1;0;0;0;0;0;0;381432,081074823625386;5743530,825780013576150;7,279326256000047;51,830003009000052;5211001706100740000;0
40440;5;5;66;84;2021;3;15;3;3;0;1;1;0;0;0;0;0;0;386528,220121357589960;5778082,983163831755519;7,341816959000028;52,141589879000037;5210330709300770000;0
40442;5;3;82;60;2021;10;16;5;3;5;2;1;1;0;0;0;0;0;373235,967999901622534;5628048,736999522894621;7,201497373000052;50,790309481000065;5211007607000090000;0
40445;5;1;20;0;2021;9;12;7;2;3;6;1;1;0;0;0;0;0;377402,944287567399442;5674211,995160194113851;7,245000182000069;51,206135800000027;5210918503300090000;0
40456;5;9;13;0;2021;10;14;3;3;2;6;1;0;0;0;0;0;0;395529,652982850559056;5709326,471010098233819;7,494064389000073;51,525377777000074;5211012301201030000;1
40457;5;5;66;84;2021;2;11;3;3;5;3;1;1;0;0;0;0;0;387671,984095889143646;5778168,717259759083390;7,358495183000059;52,142594129000031;5210202709300980000;1
40466;5;9;13;0;2021;10;14;7;3;3;2;1;0;0;0;1;0;0;394631,055999962612987;5709147,084999620914459;7,481169684000065;51,523598406000076;5211009301202890000;0
40477;5;5;62;32;2021;9;14;5;3;0;1;1;0;0;0;0;0;0;375367,171181077137589;5719441,421861253678799;7,199977126000022;51,612193150000053;5210930701110880000;0
40479;5;5;62;16;2021;3;9;5;3;5;3;1;1;0;0;0;0;0;375001,111322617158294;5734259,037502549588680;7,189388452000060;51,745277490000035;5210311701700090000;1
40486;5;1;24;0;2021;9;14;6;3;6;7;1;0;1;0;0;0;0;375718,453265483491123;5681493,120439087972045;7,218372008000074;51,271212953000031;5210924503200590000;0
40488;5;5;62;32;2021;9;17;3;3;5;3;1;1;0;0;0;0;0;375934,663269695825875;5714287,742361545562744;7,209990625000046;51,566001379000056;5210921701120290000;0
40501;5;1;20;0;2021;12;7;2;2;5;3;1;1;0;0;0;1;0;375961,434877913445234;5675183,897438991814852;7,224039198000071;51,214559888000053;5211220503300570000;1
40509;5;9;54;36;2021;11;15;5;2;5;2;1;1;0;0;0;0;0;386351,626271606422961;5703099,035101143643260;7,363825032000022;51,467632756000057;5211118300800430000;0
40516;5;9;11;0;2021;6;15;1;3;0;1;1;0;0;0;0;0;0;374540,995962393470109;5700860,500219907611609;7,194670113000029;51,445019190000039;5210613300000290000;0
40520;5;5;62;4;2021;11;20;3;3;0;7;1;0;1;0;0;0;0;382720,985209975391626;5714217,833423692733049;7,307879428000035;51,566825329000039;5211123701800060000;0
40525;5;3;82;60;2021;7;14;1;3;5;3;1;1;0;0;0;0;0;378679,548999920487404;5631799,032999549061060;7,277452161000042;50,825184801000034;5210711607100760000;0
40527;5;5;66;76;2021;9;16;4;3;5;2;1;1;0;0;0;0;0;393090,737196203321218;5793853,745862886309624;7,432694826000045;52,284635095000056;5210922709500170000;0
40533;5;5;58;16;2021;6;15;7;3;5;3;1;0;0;0;1;0;0;378941,468236208893359;5748706,395315382629633;7,241387676000045;51,875981411000055;5210619706100870000;0
40544;5;9;11;0;2021;9;19;3;3;6;4;1;0;1;0;0;0;0;378308,413870040327311;5703766,870259359478951;7,247854691000043;51,471962498000039;5210907300500410000;0
40550;5;5;66;76;2021;12;7;6;3;5;2;1;1;0;0;0;2;0;393665,190315417945385;5794100,920617384836078;7,441035018000036;52,286967946000061;5211210709500070000;1
40551;5;5;62;28;2021;5;23;7;2;5;3;1;1;0;0;0;2;0;380053,132934332825243;5723377,052897470071912;7,266272392000076;51,648582176000048;5210508701920360000;0
40554;5;9;16;0;2021;1;5;2;3;1;5;1;1;0;0;0;2;0;374715,179022110998631;5712613,429250519722700;7,193001934000051;51,550684442000033;5210104300600080000;1
40561;5;5;58;32;2021;4;7;2;3;5;2;1;1;0;0;0;0;0;386840,343999944627285;5754001,024999620392919;7,354343280000023;51,925225074000082;5210412706100020000;0
40563;5;9;13;0;2021;6;16;4;3;0;1;1;0;0;0;0;0;0;391069,324920349754393;5704633,039192799478769;7,431243929000061;51,482348828000056;5210609301103480000;0
40569;5;5;54;52;2021;7;19;3;2;0;7;1;0;0;0;0;0;0;378186,011180997826159;5769375,941980518400669;7,223085358000048;52,061567866000075;5210706705000230000;0
40577;5;5;62;32;2021;11;15;2;3;2;6;1;1;0;0;0;0;0;375948,678379554301500;5719284,851137641817331;7,208426585000041;51,610914459000071;5211122701110880000;0
40584;5;3;78;24;2021;12;14;6;2;0;3;1;1;0;0;0;0;0;381993,987947951070964;5643586,860746638849378;7,320684742000026;50,931828671000062;5211224606400290000;0
40588;5;9;78;24;2021;10;17;7;3;5;3;1;1;0;0;0;0;0;391843,605904171243310;5718385,695807836949825;7,438163035000059;51,606110770000043;5211009301301080000;0
40597;5;5;66;76;2021;11;15;5;3;2;3;1;1;0;0;0;0;0;395067,442311725579202;5791942,739846438169479;7,462256823000075;52,267841288000056;5211118709500570000;0
40601;5;5;62;32;2021;9;15;4;3;5;2;1;1;0;0;0;0;0;375077,696278793737292;5719093,527215976268053;7,195922562000021;51,609002429000043;5210929701110940000;0
40603;5;3;78;24;2021;6;17;3;3;5;3;1;1;0;0;0;0;0;376167,500999912619591;5646757,916999541223049;7,236732147000055;50,959109630000057;5210622606150380000;1
40617;5;9;14;0;2021;6;19;7;2;0;2;1;1;0;0;0;0;0;387797,239361437968910;5688853,343358017504215;7,389134227000056;51,339876565000054;5210605302120190000;1
40629;5;9;13;0;2021;9;15;6;3;5;3;1;1;0;0;0;0;0;389038,652050347998738;5712118,228963855654001;7,399654994000059;51,549232443000051;5210924301205380000;0
40632;5;9;13;0;2021;4;14;7;2;5;2;1;1;0;0;0;0;0;393032,530732926912606;5703283,268023330718279;7,459914508000054;51,470591107000075;5210424301502120000;0
40643;5;3;82;28;2021;5;17;5;3;5;3;1;1;0;0;0;0;0;377680,963872161693871;5631299,944541793316603;7,263447307000035;50,820488553000075;5210527607111580000;1
40649;5;5;66;76;2021;3;7;6;3;5;3;1;1;0;0;0;0;0;391818,235100560821593;5792940,721728488802910;7,414340435000042;52,276180669000041;5210326709000520000;0
40654;5;3;78;24;2021;4;12;3;3;5;3;1;1;0;0;0;0;0;384776,837153368629515;5644517,230621479451656;7,359975042000030;50,940754363000053;5210413606500580000;0
40655;5;9;11;0;2021;3;13;6;3;5;3;1;1;0;0;0;0;0;375717,744411260820925;5707089,510769024491310;7,209403349000070;51,501261128000067;5210319300100030000;0
40661;5;9;16;0;2021;5;22;2;3;1;6;1;1;0;0;0;2;0;378131,608424284495413;5712924,629185805097222;7,242144371000052;51,554229614000064;5210510300600070000;0
40664;5;9;13;0;2021;3;17;4;3;6;4;1;0;1;0;0;0;0;386982,165219628252089;5709321,858942300081253;7,370905755000024;51,523690408000050;5210331301201410000;0
40665;5;9;13;0;2021;9;13;3;3;5;3;1;1;0;0;0;0;0;393094,523999960161746;5707838,940999621525407;7,459426871000062;51,511551450000070;5210921301101170000;0
40672;5;5;62;32;2021;9;12;5;3;6;4;1;0;1;0;0;0;0;377400,623403431847692;5715013,600418940186501;7,230877257000031;51,572845528000073;5210923701120190000;0
40688;5;9;13;0;2021;10;20;3;3;3;2;1;1;0;0;0;2;0;393254,611999957822263;5708446,556999621912837;7,461548933000074;51,517043252000065;5211019301101180000;1
40696;5;3;78;24;2021;9;16;5;3;2;6;1;1;0;0;0;0;0;375230,129129013977945;5645030,741349387913942;7,223983536000048;50,943383129000040;5210923606400870000;0
40700;5;3;78;12;2021;7;9;4;2;0;1;1;0;0;0;0;0;0;374824,561999907717109;5652391,976999541744590;7,215678928000045;51,009459311000057;5210707606200170000;0
40713;5;5;58;16;2021;9;16;2;3;5;2;1;1;0;0;0;0;0;381503,629998376592994;5743719,240442175418139;7,280299569000022;51,831711505000044;5210920706100720000;0
40714;5;3;82;60;2021;5;12;6;3;2;2;1;1;0;0;0;0;0;374023,919231724925339;5628007,051703471690416;7,212685134000026;50,790106576000028;5210507607100380000;0
40734;5;1;24;0;2021;10;12;6;3;0;6;1;1;0;0;1;0;0;375991,350999913178384;5681955,216999556869268;7,222121760000050;51,275425611000060;5211008503200080000;0
40738;5;5;58;24;2021;11;7;2;3;4;2;1;0;0;0;1;2;0;392484,829091292805970;5736396,588370347395539;7,441870107000057;51,768117697000037;5211129706300270000;1
40739;5;5;62;28;2021;10;17;7;3;5;3;1;1;0;0;0;0;0;380274,500178229063749;5722686,013501487672329;7,269706989000042;51,642418711000062;5211016701920880000;1
40740;5;9;11;0;2021;2;15;6;3;0;1;1;0;0;0;0;0;0;375412,924080417491496;5704711,860337093472481;7,205853178000041;51,479825296000058;5210226300110490000;0
40741;5;9;13;0;2021;7;16;1;3;0;1;1;0;0;0;0;0;0;392487,075162510387599;5707741,828483158722520;7,450706211000067;51,510563295000054;5210711301101680000;0
40746;5;1;24;0;2021;10;13;6;2;0;1;1;0;0;0;0;0;0;373458,784999904222786;5678935,333999538794160;7,186900814000069;51,247727320000081;5211001503200380000;0
40748;5;9;14;0;2021;4;15;6;3;3;6;1;1;0;0;0;0;0;395555,216526343487203;5693758,950871229171753;7,499029985000050;51,385450757000058;5210409302100070000;0
40755;5;5;66;76;2021;11;7;5;3;0;1;1;0;0;0;0;0;0;394102,199860163033009;5792999,524206193163991;7,447785408000072;52,277153836000082;5211111709500070000;0
40758;5;9;78;32;2021;6;10;4;3;5;3;1;1;0;0;0;0;0;393178,727096469141543;5729500,386426158249378;7,454039254000065;51,706266899000070;5210609317250510000;0
40759;5;3;78;24;2021;10;8;4;2;3;1;1;0;0;0;1;0;0;376879,957842163741589;5649377,295231476426125;7,245985001000065;50,982806141000026;5211006606400680000;1
40762;5;9;11;0;2021;10;11;5;3;5;3;1;1;0;0;0;0;0;382823,180289807729423;5703780,002183936536312;7,312824162000027;51,473033571000030;5211028300300160000;0
40765;5;9;14;0;2021;12;14;6;3;3;3;1;1;0;0;0;0;0;393499,945999958552420;5695150,030999612063169;7,469087684000044;51,397572773000036;5211231302000470000;0
40769;5;9;54;32;2021;7;5;4;2;0;1;1;0;0;0;0;1;0;384561,525763964280486;5695465,716766962781549;7,340553036000074;51,398661758000060;5210707310120680000;0
40773;5;3;78;28;2021;6;12;6;2;5;3;1;1;0;0;0;0;0;372923,697231546975672;5641509,752252928912640;7,192397627000048;50,911232257000052;5210604606400080000;0
40775;5;5;58;32;2021;4;17;5;3;4;6;1;0;0;0;0;0;0;390087,872898852452636;5752057,843600414693356;7,402171469000052;51,908411204000060;5210401706000870000;0
40777;5;9;13;0;2021;3;19;3;2;5;2;1;1;0;0;0;2;0;387263,582999946549535;5708449,312999607995152;7,375239647000058;51,515904145000036;5210302301201270000;0
40781;5;3;82;24;2021;6;16;7;2;0;7;1;0;0;0;0;0;0;371860,053999895229936;5617907,856999510899186;7,185514051000041;50,698856939000052;5210605600120370000;0
40786;5;9;13;0;2021;7;11;1;2;5;3;1;1;0;0;0;0;0;395394,484832645393908;5706846,707317093387246;7,492852583000058;51,503063174000033;5210704301101580000;0
40797;5;9;13;0;2021;5;12;3;3;0;5;1;1;0;0;0;0;0;394776,466028102673590;5709125,991155734285712;7,483271192000075;51,523435915000050;5210518301202170000;1
40803;5;3;82;20;2021;10;11;1;3;0;7;1;0;0;0;1;0;0;378531,765204248949885;5623372,517604721710086;7,278140204000067;50,749409902000082;5211010607200080000;0
40808;5;5;62;32;2021;10;15;3;3;6;4;1;1;1;0;0;0;0;375456,010067272931337;5719902,257873069494963;7,201095744000042;51,616354397000066;5211005701110880000;0
40811;5;3;78;12;2021;5;11;7;2;8;1;1;0;0;0;0;0;0;376902,399999914690852;5654024,292999546974897;7,244728611000028;51,024579431000063;5210529606200070000;0
40813;5;3;82;28;2021;9;18;3;2;0;1;1;0;0;0;0;0;0;379994,902672360651195;5634267,146790884435177;7,295310867000069;50,847644260000038;5210928607100170000;0
40821;5;5;66;16;2021;11;9;3;2;0;3;1;0;0;0;0;0;1;397186,943999966606498;5801007,598999669775367;7,490536452000072;52,349710857000048;5211109709500070000;0
40826;5;5;58;16;2021;12;7;3;3;7;1;1;0;0;0;0;2;0;380267,699999928474426;5740852,024999596178532;7,263362971000049;51,805679998000073;5211221706200300000;2
40830;5;9;11;0;2021;4;11;4;3;3;2;1;1;0;0;0;0;0;376726,760766974650323;5700989,428426574915648;7,226061571000059;51,446657920000064;5210428300413370000;0
40834;5;5;66;76;2021;11;13;4;3;5;3;1;0;0;0;1;0;0;392534,087237891741097;5794301,367190213873982;7,424394862000042;52,288549357000079;5211110709500070000;0
40863;5;9;13;0;2021;9;8;3;3;3;6;1;1;0;0;0;1;0;394239,349999960511923;5707026,830999620258808;7,476161782000077;51,504467237000028;5210921301101270000;0
40877;5;9;11;0;2021;9;11;6;3;5;3;1;1;0;0;0;0;0;376165,107339511625469;5705437,321379402652383;7,216425113000071;51,486510475000046;5210903300100360000;0
40879;5;3;78;24;2021;10;15;5;3;5;3;1;1;0;0;0;0;0;378501,689264587126672;5646854,205822963267565;7,269920462000073;50,960472043000038;5211028606400680000;0
40883;5;5;58;12;2021;10;17;2;3;4;6;1;0;0;0;0;0;0;378270,278134610503912;5751545,104760006070137;7,230640543000050;51,901346346000082;5211004706000430000;0
40884;5;9;13;0;2021;3;6;2;3;5;3;1;1;0;0;0;2;0;394660,678876889869571;5709087,930398687720299;7,481614206000074;51,523072219000028;5210308301202670000;1
40886;5;5;62;8;2021;6;10;1;3;5;3;1;1;0;0;0;0;0;383089,044005574658513;5720579,533438581973314;7,311067453000021;51,624078655000062;5210627701910070000;0
40890;5;5;66;96;2021;3;6;3;2;3;6;1;1;0;0;0;2;0;382623,484933834522963;5788984,644184840843081;7,281008293000070;52,238743193000062;5210302709300680000;0
40899;5;5;62;36;2021;6;14;4;3;2;6;1;1;0;0;0;0;0;389189,675999950617552;5720452,843999618664384;7,399201121000033;51,624174370000048;5210609701930750000;0
40905;5;3;82;60;2021;2;12;5;3;5;3;1;1;0;0;0;0;0;374553,236071719788015;5627708,758319918066263;7,220292900000061;50,787540164000063;5210225607000530000;0
40915;5;5;58;16;2021;4;12;3;3;0;1;1;1;0;0;0;0;0;380573,492999927140772;5740291,635999593883753;7,267989167000053;51,800709101000052;5210420706000060000;0
40917;5;3;82;16;2021;5;13;6;2;0;1;1;1;0;0;0;0;0;390742,845338474027812;5625542,530441747978330;7,450521543000036;50,771344278000072;5210521607300230000;0
40918;5;5;62;4;2021;5;20;6;3;5;3;1;1;0;0;0;0;0;384405,073999937623739;5716654,983999602496624;7,331364387000065;51,589077685000063;5210507701800330000;0
40920;5;1;24;0;2021;10;8;3;3;6;7;1;0;1;0;0;0;0;376426,493288449943066;5683224,333093822002411;7,227918086000045;51,286926666000056;5211005503200590000;0
40925;5;3;78;24;2021;9;15;7;3;7;1;1;0;0;0;0;0;0;381650,121249285526574;5646523,797296330332756;7,314839115000041;50,958157437000068;5210904606400370000;0
40929;5;5;66;76;2021;10;7;3;3;0;1;1;0;0;0;0;1;0;393117,662506883032620;5793298,982499284669757;7,433265287000040;52,279654584000070;5211012709000460000;1
40936;5;5;66;84;2021;3;13;4;3;0;3;1;1;0;0;0;0;0;390178,320105777122080;5775942,711210552603006;7,395824663000042;52,123092477000057;5210310709300270000;0
40940;5;9;13;0;2021;6;16;4;3;3;7;1;1;0;0;0;0;0;393024,528505992144346;5706973,783829154446721;7,458681052000031;51,503761771000029;5210616301101580000;0
40953;5;3;82;40;2021;6;19;4;3;5;3;1;1;0;0;0;0;0;382280,798999931663275;5632640,018999561667442;7,328290253000034;50,833487848000061;5210630607000670000;0
40955;5;5;62;16;2021;6;18;2;2;4;6;1;0;0;0;0;0;0;377638,781999917700887;5737139,794999582692981;7,226561012000047;51,771749144000069;5210628701700030000;0
40960;5;9;14;0;2021;5;15;7;3;6;4;1;0;1;0;0;0;0;393036,001434543170035;5692132,476576318964362;7,463330019000068;51,370361689000049;5210529302222090000;0
40961;5;5;58;32;2021;6;17;2;3;0;7;1;0;0;0;0;0;0;386840,343999944627285;5754001,024999620392919;7,354343280000023;51,925225074000082;5210628706100870000;0
40962;5;9;13;0;2021;6;19;6;3;5;3;1;1;0;0;0;0;0;390962,866384624503553;5707881,595057185739279;7,428707497000062;51,511527471000079;5210611301201280000;0
40965;5;3;82;28;2021;12;9;2;3;5;3;1;1;0;0;0;0;0;373182,514170712791383;5637384,687984682619572;7,197509339000021;50,874212245000081;5211213607000480000;0
40966;5;3;78;28;2021;5;11;1;3;0;7;1;0;0;0;0;0;0;372588,813440463505685;5641097,755682349205017;7,187780441000029;50,907455348000042;5210509606400260000;0
40967;5;9;66;4;2021;9;17;7;2;0;1;1;0;0;0;0;0;0;421536,376519447192550;5659645,142554692924023;7,879786986000056;51,082941035000033;5210904314210260000;0
40972;5;5;66;28;2021;6;13;4;3;0;1;1;0;0;0;0;0;0;411745,968735849484801;5793145,411201011389494;7,706285062000063;52,281580928000039;5210630709700510000;0
40973;5;9;15;0;2021;7;8;4;2;5;2;1;1;0;0;0;0;0;414685,209847536869347;5727326,462810419499874;7,765733925000063;51,690407436000044;5210707303200080000;0
40975;5;5;66;8;2021;9;13;3;3;5;3;1;1;0;0;0;0;0;399310,322999969124794;5781224,858999663963914;7,527601465000032;52,172306045000028;5210907709110070000;0
40977;5;5;15;0;2021;12;13;6;3;5;2;1;1;0;0;0;0;0;404898,183970837853849;5762255,374846715480089;7,614577975000032;52,002796219000061;5211210702100040000;1
40979;5;9;78;24;2021;9;16;6;3;5;2;1;0;0;0;0;0;1;402433,198999974876642;5716573,571999633684754;7,591534095000043;51,591756391000047;5210917317210880000;0
40981;5;5;70;32;2021;7;11;1;3;1;5;1;1;0;0;0;0;0;416187,801578686572611;5770421,972780345007777;7,776997384000026;52,078023787000063;5210711711152170000;0
40985;5;5;66;16;2021;6;22;6;3;4;6;1;0;0;0;0;2;0;406897,370209859684110;5793546,191649520769715;7,635120109000070;52,284383236000053;5210625709500530000;0
40995;5;5;15;0;2021;10;11;1;3;0;7;1;0;0;0;0;0;0;411801,841797825880349;5754563,530038028955460;7,717096614000070;51,934795918000077;5211031702100770000;0
41007;5;5;15;0;2021;3;8;4;3;5;2;1;1;0;0;0;0;0;406900,763107542879879;5755808,358204914256930;7,645490981000023;51,945186781000075;5210310702100080000;0
41009;5;5;15;0;2021;4;5;5;3;5;3;1;1;0;0;0;2;0;404682,210872982628644;5759085,917833190411329;7,612313689000075;51,974271038000040;5210422702100080000;0
41014;5;9;15;0;2021;1;14;7;2;0;1;1;0;0;0;0;0;0;420754,149106391705573;5724130,226888917386532;7,854240203000074;51,662563914000032;5210102303100570000;1
41015;5;5;66;28;2021;9;16;6;3;5;3;1;1;0;0;0;0;0;410807,570472339168191;5788369,149298131465912;7,693795065000074;52,238499363000074;5210903709700190000;0
41017;5;9;78;20;2021;5;9;6;3;5;2;1;1;0;0;0;0;0;407705,100999979302287;5715751,153999639675021;7,667832307000026;51,585251917000051;5210514317210080000;0
41025;5;5;70;40;2021;9;14;6;3;3;2;1;0;0;1;0;0;0;419244,192586722783744;5744002,624663196504116;7,827797675000056;51,840991153000061;5210917711231880000;0
41031;5;9;13;0;2021;11;17;6;3;0;1;1;0;0;0;0;2;0;396684,359286550432444;5708422,151882763952017;7,510968523000031;51,517461606000040;5211112301302780000;0
41035;5;5;15;0;2021;9;17;6;3;3;3;1;0;0;0;0;0;0;409354,019640294834971;5765197,282950023189187;7,678691573000037;52,029985122000028;5210903702100770000;0
41040;5;9;70;40;2021;10;19;3;3;5;2;1;1;0;0;0;2;0;427549,671895050443709;5633097,101353440433741;7,970909855000059;50,845036068000070;5211005315110580000;1
41041;5;9;15;0;2021;6;18;1;3;0;1;1;0;0;0;0;0;0;419429,943092602305114;5726749,112566748633981;7,834494476000032;51,685918340000057;5210613303100080000;0
41051;5;5;70;44;2021;7;18;6;2;0;1;1;0;0;0;0;0;0;418809,890081213787198;5758555,191356953233480;7,818065964000027;51,971744004000072;5210709711142460000;0
41054;5;5;70;44;2021;7;13;1;3;0;1;1;0;0;0;0;0;0;417745,645711419172585;5760087,635091060772538;7,802209377000054;51,985362688000066;5210704711142750000;1
41055;5;9;78;36;2021;11;10;2;3;5;3;1;1;0;0;0;0;0;410565,006826086901128;5709178,720711342990398;7,710771897000029;51,526631125000051;5211108317110700000;1
41058;5;5;66;8;2021;3;13;6;3;5;3;1;1;0;0;0;0;0;399645,974411269649863;5778757,380088923498988;7,533237378000024;52,150190080000073;5210312709100570000;0
41060;5;5;15;0;2021;9;9;5;3;5;3;1;1;0;0;0;0;0;404853,140307161957026;5750273,552445847541094;7,617238786000030;51,895090970000069;5210909702100570000;0
41067;5;5;58;4;2021;12;14;1;2;5;3;1;1;0;0;0;0;0;406217,621999979019165;5733850,636999648064375;7,641510528000026;51,747701681000080;5211205706300700000;1
41069;5;9;13;0;2021;6;13;7;3;0;3;1;0;0;0;0;0;0;399687,874999970197678;5705294,724999627098441;7,555130997000049;51,489890987000081;5210626301303090000;0
41074;5;9;15;0;2021;9;15;1;3;4;2;1;1;0;0;0;0;0;419179,358999989926815;5724720,828999651595950;7,831339869000033;51,667648902000053;5210926303100900000;0
41075;5;9;13;0;2021;3;12;5;3;0;6;1;0;0;0;1;0;0;401549,568268617615104;5709496,774760320782661;7,580764093000028;51,527990250000073;5210318301304580000;0
41077;5;5;15;0;2021;11;2;1;3;0;7;1;0;0;0;0;2;0;407099,263801948167384;5755488,078370159491897;7,648464656000044;51,942341117000069;5211121702100890000;1
41080;5;9;78;4;2021;12;13;6;2;5;3;1;1;0;0;0;0;0;404580,588313026353717;5719362,063466744497418;7,621765045000075;51,617189849000056;5211231317220080000;0
41084;5;5;70;40;2021;11;14;4;3;0;1;1;0;0;0;0;0;0;413168,979773838073015;5746758,232121303677559;7,738943545000041;51,864849643000071;5211103711232690000;1
41091;5;5;15;0;2021;11;2;5;2;0;1;1;0;0;0;0;2;0;404935,158866432495415;5762895,513664951547980;7,614938813000037;52,008556324000040;5211125702100310000;1
41095;5;5;66;28;2021;3;12;6;3;2;6;1;1;0;0;0;0;0;412502,692150718532503;5792000,527251338586211;7,717671906000021;52,271411374000081;5210312709700730000;1
41103;5;9;58;4;2021;5;14;6;2;4;6;1;1;0;0;0;0;0;427266,698365481570363;5693709,290809733793139;7,954664805000050;51,389954939000063;5210528313110070000;0
41106;5;5;66;16;2021;9;16;5;3;5;3;1;1;0;0;0;0;0;403059,870053690858185;5795096,362570552155375;7,578434938000044;52,297652300000038;5210916709500000000;0
41109;5;5;15;0;2021;12;13;6;3;0;7;1;0;0;0;1;0;0;405507,037190240807831;5751870,835930431261659;7,626300923000031;51,909559444000081;5211203702100430000;1
41118;5;5;15;0;2021;1;12;4;3;5;2;1;1;0;0;0;0;0;406832,934999979101121;5757698,925999660044909;7,643991846000063;51,962168814000051;5210127702100080000;1
41120;5;9;13;0;2021;2;14;4;2;0;1;1;0;0;0;0;0;0;403743,533610934391618;5709958,449806636199355;7,612255441000059;51,532518543000037;5210217301304570000;2
41122;5;9;15;0;2021;10;13;6;2;0;1;1;0;0;0;0;0;0;419647,813699333928525;5723280,472572419792414;7,838443338000047;51,654767825000079;5211029303100370000;0
41124;5;9;62;52;2021;9;15;3;2;5;2;1;1;0;0;0;0;0;421146,853544718585908;5673795,181734839454293;7,871127577000038;51,210103993000075;5210914307000870000;0
41130;5;9;78;28;2021;10;14;2;3;0;6;1;0;0;0;0;0;0;399092,120368445292115;5699818,171818414703012;7,548116260000029;51,440556851000053;5211025317140680000;0
41131;5;9;78;28;2021;10;16;7;3;4;2;1;1;0;0;0;0;0;397527,755506678484380;5697301,111725995317101;7,526343963000045;51,417650496000078;5211009317140950000;0
41137;5;9;62;24;2021;10;16;1;2;4;1;1;1;0;0;0;0;0;410618,503881217911839;5692863,434375163167715;7,715665644000069;51,379972817000066;5211017307000680000;0
41140;5;9;78;24;2021;9;7;4;3;0;2;1;1;0;0;0;0;0;398678,989686066284776;5720853,744752010330558;7,536120133000054;51,629566573000034;5210915301301080000;1
41145;5;5;66;28;2021;9;15;7;3;5;3;1;1;0;0;0;0;0;408646,877999980933964;5794745,151999680325389;7,660435068000027;52,295453149000082;5210904709700240000;0
41150;5;5;15;0;2021;11;16;5;3;0;2;1;1;0;0;0;0;0;405413,104013431817293;5755346,660951977595687;7,623980599000049;51,940785885000082;5211104702100670000;1
41152;5;9;74;12;2021;9;15;3;3;0;1;1;0;0;0;0;0;0;427964,886557893827558;5705755,149240611121058;7,962245565000046;51,498340382000038;5210928316200880000;0
41155;5;5;70;4;2021;5;16;2;2;5;2;1;1;0;0;0;0;0;425991,508371499367058;5729715,098979895934463;7,928764225000066;51,713485368000079;5210531711214270000;0
41156;5;5;66;12;2021;2;12;5;3;5;3;1;1;0;0;0;0;0;401433,205596246756613;5775057,499860566109419;7,560422808000055;52,117257774000052;5210225709000670000;0
41160;5;5;66;8;2021;2;13;5;3;0;3;1;1;0;0;0;0;0;399094,718731327913702;5781289,018731642514467;7,524430704000054;52,172843310000076;5210218709100310000;0
41165;5;9;15;0;2021;3;11;6;3;5;2;1;1;0;0;0;0;0;417189,850602781400084;5728345,936445454135537;7,801718360000052;51,699947009000027;5210326303100580000;0
41172;5;5;15;0;2021;6;19;4;3;5;2;1;1;0;0;0;0;0;406276,309523944742978;5757399,150461563840508;7,635974664000059;51,959380734000035;5210616702100660000;0
41174;5;5;66;8;2021;10;17;7;3;0;3;1;1;0;0;0;0;0;399260,070475027896464;5780324,388579770922661;7,527134189000037;52,164203691000068;5211016709110270000;0
41175;5;5;15;0;2021;6;12;7;3;3;6;1;1;0;0;0;0;0;403860,225336873903871;5765051,089614598080516;7,598677086000066;52,027746011000033;5210619702100470000;0
41181;5;5;66;28;2021;11;19;6;2;5;2;1;1;0;0;0;2;0;412050,119899832643569;5791882,694099834188819;7,711071713000024;52,270280053000079;5211126709700170000;1
41182;5;9;62;48;2021;3;5;5;3;0;1;1;0;0;0;0;2;0;414230,729999986477196;5681207,777999628335238;7,770363038000028;51,275746773000037;5210325307000550000;0
41184;5;5;66;76;2021;12;12;5;3;0;1;1;0;0;0;0;0;0;398268,199632985517383;5788076,091878857463598;7,510309872000050;52,233691112000031;5211216709500670000;1
41185;5;5;15;0;2021;10;20;4;2;3;6;1;0;0;0;1;2;0;405019,475331526249647;5757703,677153179422021;7,617604600000050;51,961904668000045;5211027702100470000;0
41190;5;5;15;0;2021;6;19;5;3;0;3;1;1;0;0;0;0;0;406630,783999978564680;5758698,302999662235379;7,640778758000067;51,971117779000053;5210624702100570000;0
41193;5;5;15;0;2021;9;12;1;2;1;6;1;0;0;0;0;0;0;404392,976937214843929;5761265,217448314651847;7,607496787000059;51,993809609000039;5210919702100490000;0
41195;5;9;62;8;2021;6;13;2;3;5;3;1;1;0;0;0;0;0;418833,257140040397644;5685275,889449546113610;7,835407422000060;51,312994164000031;5210628307000490000;0
41202;5;5;66;8;2021;12;8;4;3;5;3;1;1;0;0;0;0;0;399089,844949818216264;5781291,384996369481087;7,524358755000037;52,172863686000028;5211201709110440000;1