OID_;ULAND;UREGBEZ;UKREIS;UGEMEINDE;UJAHR;UMONAT;USTUNDE;UWOCHENTAG;UKATEGORIE;UART;UTYP1;IstRad;IstPKW;IstFuss;IstKrad;IstSonstige;ULICHTVERH;IstGkfz;LINREFX;LINREFY;XGCSWGS84;YGCSWGS84;UIDENTSTLAE;IstStrassenzustand
41204;5;5;66;44;2021;9;12;5;3;5;3;1;1;0;0;0;0;0;423665,416999994777143;5772521,371999675408006;7,885618616000045;52,097977025000034;5210909709800080000;0
41206;5;5;15;0;2021;10;12;7;3;5;3;1;1;0;0;0;0;0;401848,869999974034727;5759113,913999656215310;7,571070089000045;51,974029482000049;5211002702100390000;0
41213;5;5;58;28;2021;11;16;3;3;5;3;1;1;0;0;0;0;0;397029,346999966539443;5733044,232999635860324;7,508698464000076;51,738840092000032;5211102706300680000;0
41222;5;5;15;0;2021;1;19;2;3;5;3;1;1;0;0;0;2;0;405903,779211184941232;5755952,442710017785430;7,630950787000074;51,946314139000037;5210125702100060000;0
41224;5;5;15;0;2021;10;8;5;3;5;2;1;1;0;0;0;0;0;405372,271963568404317;5761218,522911250591278;7,621768489000033;51,993557635000059;5211007702100770000;0
41235;5;5;70;4;2021;5;14;2;3;5;3;1;1;0;0;0;0;0;422663,431850075721741;5734237,727683145552874;7,879596714000058;51,753693224000074;5210503711215080000;0
41237;5;9;78;28;2021;9;15;5;3;0;1;1;0;0;0;0;0;0;400421,676571900956333;5699650,656727110967040;7,567286844000023;51,439286364000054;5210902317140480000;0
41244;5;5;66;8;2021;2;11;7;3;5;3;1;0;0;0;0;0;0;399303,633999970741570;5781628,798999665305018;7,527383784000051;52,175935324000079;5210220709100180000;0
41250;5;5;66;92;2021;6;13;4;3;5;2;1;1;0;0;0;0;0;423289,719361169263721;5796495,229684477671981;7,874703756000031;52,313424051000027;5210602709700080000;0
41252;5;5;66;28;2021;6;13;6;3;3;2;1;1;0;0;0;0;0;411238,315749661996961;5792460,139576274901628;7,699025858000027;52,275339815000052;5210625709700960000;0
41270;5;3;74;44;2021;5;15;7;3;0;1;1;0;0;0;0;0;0;402933,641505328938365;5637521,709965273737907;7,620182546000024;50,881207376000077;5210522605144780000;1
41276;5;5;15;0;2021;11;13;3;3;5;3;1;1;0;0;0;0;0;406921,386629399843514;5759731,210071818903089;7,644727772000067;51,980450786000063;5211102702100670000;0
41285;5;9;78;24;2021;9;10;2;3;4;2;1;1;0;0;0;0;0;400468,703999970108271;5718869,783999634906650;7,562532648000058;51,612052797000047;5210927301301510000;0
41286;5;3;74;40;2021;6;7;4;2;5;3;1;1;0;0;0;0;0;408316,430630794726312;5649975,430808236822486;7,693544113000030;50,994048855000074;5210602605140190000;0
41287;5;9;78;20;2021;9;19;7;3;0;1;1;0;0;0;0;0;0;406645,626391055062413;5716515,460498487576842;7,652341273000047;51,591947817000062;5210918317210770000;0
41293;5;9;15;0;2021;11;11;3;3;5;3;1;1;0;0;0;0;0;422819,247999991290271;5726694,615999650210142;7,883525080000027;51,685904571000037;5211109303100070000;0
41296;5;9;15;0;2021;5;19;6;2;5;3;1;1;0;0;0;0;0;417741,061999989673495;5727081,407999649643898;7,809990851000066;51,688660615000060;5210514303100210000;0
41298;5;9;62;52;2021;5;14;6;2;0;1;1;0;0;0;0;0;0;414107,842999986372888;5676312,594999630004168;7,769776831000058;51,231720412000072;5210528307000860000;0
41304;5;9;15;0;2021;3;13;5;3;5;2;1;0;0;0;0;0;1;415884,141956591978669;5724538,867062393575907;7,783746439000026;51,665529481000078;5210325303100870000;0
41305;5;5;15;0;2021;10;16;6;3;5;3;1;1;0;0;0;0;0;408148,428089587949216;5761314,370992880314589;7,662164799000038;51,994885277000037;5211022702100670000;1
41309;5;5;15;0;2021;12;1;7;2;0;1;1;0;0;0;1;2;0;406150,384645940735936;5757699,672652682289481;7,634060444000056;51,962060726000061;5211211702100050000;0
41310;5;5;15;0;2021;3;12;2;3;3;1;1;0;0;0;0;0;0;405477,762999978847802;5754900,428999656811357;7,625043586000061;51,936785934000056;5210329702100830000;0
41316;5;9;78;28;2021;10;11;5;3;0;1;1;0;0;0;0;0;0;399915,630639676935971;5698827,345122857019305;7,560241136000059;51,431796440000028;5211021317140590000;1
41317;5;9;78;16;2021;1;15;1;3;5;3;1;1;0;0;0;0;0;406250,588305206969380;5705078,382275819778442;7,649686800000040;51,489072487000044;5210110317120680000;0
41324;5;9;15;0;2021;12;10;3;3;5;3;1;1;0;0;0;0;0;413282,524872642941773;5721704,510454704985023;7,746841435000022;51,639654991000043;5211207303100090000;1
41325;5;9;15;0;2021;6;19;6;3;5;3;1;1;0;0;0;0;0;416992,780999988317490;5721439,944999648258090;7,800508346000072;51,637836534000030;5210604303100080000;0
41331;5;9;78;16;2021;11;15;4;3;0;5;1;1;0;0;0;0;0;403921,808622862212360;5706283,315220152959228;7,615826719000040;51,499512851000077;5211124317120890000;0
41332;5;9;15;0;2021;11;16;2;3;5;3;1;1;0;0;0;0;0;420503,760999990627170;5726532,900999650359154;7,850073900000041;51,684127744000079;5211101303100920000;0
41341;5;5;15;0;2021;7;8;4;2;0;1;1;0;0;0;0;0;0;404147,196963144466281;5758809,495583014562726;7,604604360000053;51,971694440000078;5210707702100070000;0
41350;5;5;15;0;2021;11;19;4;3;4;3;1;0;0;0;0;2;0;405407,553999979048967;5758172,530999658629298;7,623121985000068;51,966185084000074;5211124702100070000;0
41356;5;9;15;0;2021;10;14;1;3;5;2;1;1;0;0;0;0;0;413967,957622402347624;5729790,189507281407714;7,754752037000060;51,712445135000053;5211031303200570000;0
41357;5;5;15;0;2021;9;8;5;3;2;1;1;0;0;0;0;0;0;409326,875171927735209;5758675,022454129531980;7,680021797000052;51,971354914000074;5210916702100470000;0
41358;5;5;15;0;2021;1;12;7;3;5;3;1;1;0;0;0;0;0;406938,182999979704618;5759769,172999665141106;7,644961964000061;51,980794828000057;5210109702100750000;0
41362;5;9;15;0;2021;11;13;6;3;1;5;1;1;0;0;0;0;0;420208,843827407807112;5726621,267459740862250;7,845788604000063;51,684880294000038;5211105303100070000;0
41363;5;5;66;20;2021;9;15;3;2;0;1;1;0;0;0;0;0;0;404292,021130089648068;5802465,643997250124812;7,594399487000032;52,364101596000069;5210928709000990000;0
41367;5;9;78;36;2021;10;12;3;3;0;1;1;0;0;0;0;0;0;407903,334999980404973;5706687,008999636396766;7,673065219000023;51,503804565000053;5211012317110150000;1
41368;5;5;15;0;2021;6;12;4;3;4;2;1;0;0;0;0;0;0;406275,953015339560807;5757399,375952690839767;7,635969416000023;51,959382701000038;5210609702100370000;0
41371;5;9;78;24;2021;6;13;3;3;5;3;1;1;0;0;0;0;0;397918,700110957026482;5718583,023118337616324;7,525801035000029;51,609018612000057;5210601301301560000;0
41374;5;9;78;16;2021;7;18;7;3;5;3;1;1;0;0;0;0;0;403931,345285473391414;5706138,028770189732313;7,616003631000069;51,498208477000048;5210703317120110000;0
41384;5;5;15;0;2021;6;17;4;3;3;5;1;0;0;0;1;0;0;405942,462006523273885;5756798,731164775788784;7,631281826000077;51,953927517000068;5210609702100970000;0
41385;5;3;74;12;2021;11;7;5;3;5;2;1;1;0;0;0;0;0;398571,389536715112627;5653458,835506703704596;7,553752325000062;51,023728273000074;5211125605112730000;0
41395;5;5;15;0;2021;6;14;5;3;5;2;1;1;0;0;0;0;0;405380,003727867268026;5755692,163054687902331;7,623404142000027;51,943885785000077;5210617702100060000;0
41404;5;5;15;0;2021;11;18;4;3;5;3;1;1;0;0;0;2;0;406952,549999981187284;5758304,253999661654234;7,645568246000039;51,967629835000082;5211117702100370000;1
41415;5;9;78;36;2021;12;12;5;3;4;6;1;0;0;0;1;0;0;407834,654901058413088;5709458,200770135968924;7,671351263000076;51,528704399000048;5211209317110770000;0
41418;5;5;66;12;2021;9;15;5;3;5;3;1;1;0;0;0;0;0;400761,330904366448522;5777726,957850202918053;7,549834544000021;52,141130355000030;5210916709110120000;0
41420;5;5;15;0;2021;2;14;5;2;3;6;1;0;0;0;0;0;1;403851,147663071751595;5749305,786653943359852;7,602951364000035;51,886220285000036;5210225702100770000;0
41428;5;5;15;0;2021;4;15;7;3;5;2;1;1;0;0;0;0;0;405446,351672776974738;5751080,038728160783648;7,625635977000059;51,902441054000064;5210403702100130000;0
41433;5;5;66;28;2021;5;1;5;3;8;7;1;1;0;0;0;2;0;417353,343525871634483;5791223,919409194961190;7,788933778000057;52,265181318000032;5210520709700060000;0
41434;5;5;66;28;2021;11;17;5;3;5;3;1;1;0;0;0;2;0;414698,626919766888022;5792118,746841192245483;7,749816400000043;52,272819040000059;5211118709700500000;0
41435;5;5;15;0;2021;5;15;1;3;8;1;1;0;0;0;0;0;0;409580,900307464413345;5760838,463166011497378;7,683148532000075;51,990842628000053;5210509702100960000;0
41442;5;5;66;12;2021;6;15;3;3;5;3;1;1;0;0;0;0;0;403419,933999975211918;5772960,582999665290117;7,590024239000059;52,098761162000073;5210615709110270000;0
41451;5;5;66;44;2021;5;13;5;2;0;1;1;0;0;0;0;0;0;427826,520497905090451;5780887,299489255994558;7,944577654000057;52,173738712000045;5210513709800620000;0
41453;5;9;15;0;2021;10;18;6;3;0;1;1;0;0;0;0;0;0;418265,471487010829151;5725089,497322235256433;7,818041881000056;51,670830857000055;5211001303100580000;0
41461;5;9;14;0;2021;6;18;4;3;5;3;1;0;0;0;1;0;0;396566,405977117829025;5692660,721260247752070;7,513876250000067;51,375764095000079;5210616302000370000;0
41464;5;5;15;0;2021;3;12;5;3;0;1;1;0;0;0;0;0;0;412251,347929864190519;5752458,685579881072044;7,724169860000075;51,915946865000080;5210318702100940000;0
41465;5;5;70;44;2021;11;4;1;3;3;6;1;0;0;0;0;2;0;416350,671999988146126;5759109,844999665394425;7,782139052000048;51,976365067000074;5211114711141580000;0
41467;5;5;15;0;2021;6;15;3;3;6;7;1;0;1;0;0;0;0;409063,462890785187483;5752873,380435144528747;7,677722877000065;51,919162986000060;5210608702100450000;0
41469;5;5;15;0;2021;9;23;7;3;0;6;1;0;0;0;0;2;0;405989,142151147127151;5751657,904557030647993;7,633365507000065;51,907727079000040;5210904702100990000;0
41471;5;5;15;0;2021;9;13;6;3;2;6;1;1;0;0;0;0;0;404419,296695269644260;5758297,096459321677685;7,608706898000037;51,967135678000034;5210903702100060000;0
41472;5;9;66;4;2021;6;12;1;3;5;2;1;1;0;0;0;0;0;427363,355311702936888;5662794,096928453072906;7,962329082000053;51,112020342000051;5210620314210580000;0
41473;5;5;70;4;2021;6;17;3;3;5;3;1;0;0;0;1;0;0;424762,663665667176247;5735815,417651241645217;7,909661428000049;51,768162098000062;5210608711211880000;0
41483;5;5;66;88;2021;9;11;4;3;0;1;1;0;0;0;0;0;0;418790,554626177996397;5785896,456206917762756;7,811269433000064;52,217508723000037;5210922709800370000;0
41484;5;5;15;0;2021;9;18;7;3;3;1;1;0;0;0;0;0;0;401563,936512342654169;5750950,068645212799311;7,569259723000073;51,900600447000045;5210904702100170000;0
41494;5;5;15;0;2021;12;7;3;2;5;3;1;1;0;0;0;2;0;403693,656016909517348;5759592,174611588940024;7,597784349000051;51,978650990000062;5211221702100070000;1
41502;5;5;15;0;2021;1;16;4;2;5;3;1;1;0;0;0;1;0;405929,759776833467185;5756153,922500308603048;7,631273537000027;51,948129528000038;5210127702100080000;1
41507;5;9;15;0;2021;4;15;4;3;5;2;1;1;0;0;0;0;0;419260,220279434695840;5729043,941355127841234;7,831508632000066;51,706523448000041;5210428303100970000;0
41516;5;5;66;28;2021;6;7;3;3;5;6;1;0;0;0;1;0;0;413212,655565136112273;5790515,393720045685768;7,728456045000030;52,258175015000063;5210615709000210000;0
41517;5;9;15;0;2021;6;11;6;3;1;5;1;0;0;0;1;0;0;416591,631745694205165;5724822,236885977908969;7,793906120000031;51,668182298000033;5210618303100740000;0
41526;5;5;15;0;2021;6;9;3;3;5;3;1;0;0;0;0;0;0;403371,010360443964601;5758091,982975218445063;7,593510482000056;51,965110817000038;5210629702100560000;0
41529;5;9;78;36;2021;5;13;6;3;3;2;1;0;0;0;0;0;1;409516,579779938794672;5710145,539808489382267;7,695414316000040;51,535155169000063;5210521317110280000;0
41532;5;5;15;0;2021;6;21;4;3;0;1;1;0;0;0;0;1;0;406309,503859356977046;5756677,367324601858854;7,636654444000044;51,952898597000058;5210602702100260000;0
41533;5;5;15;0;2021;11;17;6;3;0;1;1;0;0;0;0;2;0;405724,626720262691379;5753790,224616121500731;7,628937654000026;51,926848755000037;5211126702100760000;1
41539;5;5;70;40;2021;11;8;4;3;0;3;1;1;0;0;0;0;0;419246,543741507455707;5744268,273905793204904;7,827769767000063;51,843379498000047;5211117711231160000;0
41545;5;9;13;0;2021;5;16;2;2;0;1;1;0;0;0;0;0;0;396832,841460510157049;5708596,031740304082632;7,513056835000043;51,519051693000051;5210510301302770000;0
41548;5;9;15;0;2021;10;7;3;3;0;1;1;0;0;0;0;2;1;415943,492999988608062;5721126,976999647915363;7,785424473000035;51,634867270000029;5211026303100050000;0
41550;5;3;74;4;2021;5;23;7;2;2;1;1;0;0;0;0;2;0;404935,842246179468930;5653570,965464828535914;7,644444125000064;51,025824064000062;5210508605104070000;0
41551;5;5;15;0;2021;11;11;4;2;5;3;1;1;0;0;0;0;0;406054,159758009016514;5757319,943116230890155;7,632764222000048;51,958631292000064;5211117702100070000;0
41556;5;5;15;0;2021;5;16;4;3;5;2;1;1;0;0;0;0;0;403038,253999975509942;5758133,420999655500054;7,588656910000054;51,965425334000031;5210519702100850000;1
41568;5;5;66;28;2021;6;19;3;3;1;7;1;1;0;0;0;0;0;414572,917850452475250;5793454,015964856371284;7,747636156000056;52,284801432000052;5210601709700060000;0
41575;5;9;78;16;2021;6;15;5;3;0;3;1;1;0;0;0;0;0;404032,489786897785962;5707311,179033258929849;7,617141085000071;51,508771225000032;5210624317120760000;0
41576;5;5;15;0;2021;6;14;5;3;5;3;1;1;0;0;0;0;0;403517,945031904615462;5759376,009239122271538;7,595287615000075;51,976677551000080;5210624702100760000;0
41579;5;9;58;44;2021;6;21;5;3;5;3;1;1;0;0;0;0;0;426594,551999993622303;5683692,013999631628394;7,947072324000032;51,299808611000060;5210617313130270000;0
41580;5;5;70;4;2021;10;15;6;3;5;3;1;1;0;0;0;0;0;423797,372440609149635;5736183,728588003665209;7,895594412000037;51,771342517000051;5211015711211880000;1
41588;5;5;66;16;2021;10;7;7;3;5;3;1;1;0;0;0;1;0;405674,013999979011714;5791787,160999678075314;7,617683431000046;52,268364616000042;5211023709500560000;1
41589;5;5;66;72;2021;6;12;5;3;0;7;1;0;0;0;0;0;0;413010,115675199776888;5801483,533022642135620;7,722654779000038;52,356727467000042;5210624709700030000;0
41595;5;9;78;4;2021;10;14;7;3;0;1;1;0;0;0;0;0;0;403991,989159835502505;5721844,331204660236835;7,612585427000056;51,639402596000082;5211009317220470000;0
41607;5;5;15;0;2021;9;14;6;3;0;2;1;1;0;0;0;0;0;403797,943999976851046;5761132,581999663263559;7,598870225000042;51,992514686000050;5210910702100060000;0
41610;5;9;15;0;2021;9;10;5;3;4;2;1;1;0;0;0;0;0;418215,721334531903267;5725911,486136222258210;7,817130112000029;51,678212919000032;5210902303100060000;0
41624;5;9;62;36;2021;2;16;5;3;3;1;1;1;0;0;0;0;0;407123,983547048643231;5661748,649091243743896;7,673536980000051;51,099699116000068;5210225307000070000;0
41625;5;5;15;0;2021;1;14;4;3;2;6;1;1;0;0;0;0;0;406558,407625704072416;5757198,904681969434023;7,640133449000075;51,957628307000050;5210113702100560000;0
41627;5;9;78;40;2021;10;13;5;2;0;1;1;0;0;0;0;0;0;404828,517622726038098;5725795,753496995195746;7,623594594000053;51,675063680000051;5211007317240690000;0
41641;5;5;15;0;2021;9;8;5;3;5;2;1;1;0;0;0;0;0;401652,989749472588301;5755588,359249377623200;7,569228630000055;51,942306408000036;5210909702100660000;0
41643;5;9;15;0;2021;5;23;2;2;5;3;1;1;0;0;0;2;0;417451,451999989338219;5725274,224999651312828;7,806229476000055;51,672372443000029;5210503303100470000;0
41651;5;9;78;40;2021;7;11;7;3;0;6;1;0;0;0;0;0;0;402744,182999975048006;5722439,129999643191695;7,594393820000050;51,644534729000043;5210703317240870000;0
41652;5;5;66;72;2021;4;19;7;3;0;1;1;0;0;0;0;0;0;412773,718289013952017;5802696,725020714104176;7,718869102000042;52,367594258000054;5210417709700580000;0
41654;5;5;66;28;2021;5;16;2;2;0;1;1;1;0;0;0;0;0;411190,474609489552677;5794383,770626008510590;7,697818008000070;52,292622069000060;5210524709700030000;0
41655;5;5;15;0;2021;5;16;5;3;5;3;1;1;0;0;0;0;0;407874,362866985611618;5758263,568763792514801;7,658993406000036;51,967417677000071;5210527702100180000;0
41667;5;5;66;28;2021;6;0;2;3;0;1;1;0;0;0;0;2;0;412465,989943899214268;5791758,367148684337735;7,717196997000030;52,269228927000029;5210628709700140000;0
41681;5;5;15;0;2021;1;7;6;2;2;6;1;1;0;0;0;2;0;404690,834062171168625;5758891,096300110220909;7,612493289000042;51,972521390000054;5210129702100270000;1
41683;5;9;66;28;2021;7;22;3;3;0;7;1;0;0;0;0;2;0;418688,655919169075787;5648251,027971448376775;7,841695933000040;50,980104427000072;5210706314130190000;0
41684;5;5;15;0;2021;6;6;4;3;5;3;1;0;0;0;1;0;0;403090,610999974422157;5760529,155999658629298;7,588742215000025;51,986967969000034;5210602702100010000;0
41690;5;5;15;0;2021;11;8;6;3;6;6;1;1;1;0;0;0;0;406179,927124433219433;5756689,574442163109779;7,634766142000046;51,952986476000035;5211119702100620000;0
41700;5;5;15;0;2021;4;8;4;3;5;3;1;1;0;0;0;0;0;411544,355265039019287;5761232,771386601030827;7,711634385000025;51,994703130000062;5210407702100250000;1
41703;5;9;13;0;2021;12;16;4;3;5;3;1;1;0;0;0;0;0;396592,902731848880649;5706926,350619139149785;7,510089620000031;51,503999611000040;5211229301402230000;1
41704;5;9;78;16;2021;3;14;4;2;0;1;1;0;0;0;0;0;0;404071,436065563000739;5708166,374199239537120;7,617469389000064;51,516465264000033;5210331317120860000;0
41705;5;5;15;0;2021;9;17;4;3;1;6;1;1;0;0;0;0;0;412453,536509206518531;5752444,364873724058270;7,727112456000043;51,915849960000060;5210929702100870000;1
41707;5;5;15;0;2021;3;0;7;3;6;6;1;0;1;0;0;2;0;407929,667634457349777;5754500,371012737974524;7,660806333000039;51,933601058000079;5210313702100160000;1
41709;5;5;15;0;2021;1;7;6;3;5;3;1;1;0;0;0;2;0;406651,596356342546642;5756707,903645385056734;7,641622623000046;51,953230597000072;5210108702100060000;1
41711;5;5;15;0;2021;9;8;5;3;3;4;1;0;1;0;0;0;0;405507,544620462693274;5756492,719090871512890;7,625039050000055;51,951103219000061;5210923702100170000;0
41715;5;5;15;0;2021;1;13;4;3;5;7;1;1;0;0;0;0;0;402809,477061438374221;5753936,172336928546429;7,586514663000059;51,927659254000048;5210120702100860000;0
41720;5;9;13;0;2021;12;14;6;3;3;2;1;1;0;0;0;0;0;399068,275976464152336;5709048,978652013465762;7,545134992000044;51,523527026000068;5211203301302980000;0
41721;5;9;78;24;2021;10;5;3;3;0;7;1;0;0;0;0;1;0;397852,081257509067655;5718043,342513604089618;7,524996540000075;51,604155567000078;5211005301301520000;0
41725;5;9;78;28;2021;11;17;4;2;0;3;1;1;0;0;0;2;0;401076,171393780969083;5700201,491238296031952;7,576546503000031;51,444352519000063;5211103317140270000;1
41729;5;5;66;56;2021;10;10;1;3;5;3;1;1;0;0;0;0;0;415605,229672566056252;5799898,117856880649924;7,761149689000035;52,342882941000028;5211003709700580000;1
41733;5;5;15;0;2021;3;19;6;3;5;3;1;1;0;0;0;2;0;404952,796999978832901;5756364,455999657511711;7,617004916000042;51,949855812000067;5210319702100340000;0
41735;5;3;74;48;2021;3;0;1;2;4;6;1;1;0;0;0;2;0;401553,949009313248098;5649451,770071137696505;7,597353095000074;50,988224108000054;5210328605148970000;0
41736;5;5;66;28;2021;9;7;2;3;0;1;1;0;0;0;0;0;0;412743,117999984882772;5792986,190999681130052;7,720939502000022;52,280309016000047;5210927709700860000;0
41740;5;5;15;0;2021;5;9;3;3;5;2;1;0;0;0;0;0;0;406257,643723851069808;5758702,994144050404429;7,635347154000044;51,971097134000047;5210525702100570000;1
41742;5;5;15;0;2021;2;17;2;3;0;1;1;0;0;0;0;1;0;405970,545532366260886;5757194,128622114658356;7,631582159000061;51,957486280000069;5210215702100060000;2
41743;5;5;15;0;2021;1;12;3;3;5;2;1;1;0;0;0;0;0;400729,030169690959156;5759697,342489581555128;7,554603740000061;51,979074505000028;5210126702100060000;0
41754;5;9;78;40;2021;6;1;1;3;8;1;1;0;0;0;0;2;0;404685,555860936641693;5724924,290045907720923;7,621765472000050;51,667205975000059;5210620317240480000;1
41761;5;9;15;0;2021;3;21;3;3;5;3;1;1;0;0;0;2;0;414122,322078549303114;5721849,590855181217194;7,758938698000065;51,641088041000046;5210309303100140000;1
41763;5;5;15;0;2021;11;15;5;3;5;2;1;0;0;0;1;0;0;406936,491011672653258;5759765,348790753632784;7,644938372000070;51,980760171000043;5211111702100560000;0
41766;5;5;15;0;2021;10;23;4;3;0;1;1;0;0;0;0;2;0;404903,914415785111487;5762254,373696681112051;7,614661707000039;52,002788202000033;5211020702100270000;1
41769;5;5;66;16;2021;4;12;7;3;5;3;1;1;0;0;0;0;0;404018,637144738808274;5795001,057287849485874;7,592517181000062;52,296964074000073;5210417709500170000;0
41775;5;9;62;32;2021;9;12;6;3;3;2;1;1;0;0;0;0;0;404687,973367854952812;5676118,901991475373507;7,634947726000064;51,228483558000050;5210903307000080000;0
41776;5;5;15;0;2021;2;13;5;3;0;2;1;1;0;0;0;0;0;406326,520560453645885;5756453,966612150892615;7,636962882000034;51,950893429000075;5210225702100950000;0
41784;5;9;78;28;2021;5;13;5;3;5;3;1;1;0;0;0;0;0;401295,659841462038457;5700347,979569993913174;7,579662906000067;51,445707606000042;5210527317140580000;1
41786;5;5;15;0;2021;9;13;6;2;0;1;1;0;0;0;0;0;0;411775,941135831177235;5754389,055592149496078;7,716764718000036;51,933223496000039;5210924702100870000;0
41819;5;5;66;28;2021;4;13;1;2;0;1;1;0;0;0;0;0;0;412570,899662029929459;5793167,929131781682372;7,718368580000060;52,281915163000065;5210418709700570000;0
41821;5;5;66;28;2021;7;5;3;3;5;2;1;1;0;0;0;0;0;411233,841427734121680;5792460,666180055588484;7,698960158000034;52,275343826000039;5210706709700060000;0
41822;5;5;15;0;2021;11;17;6;3;4;6;1;0;0;0;0;1;0;407748,320038932375610;5754708,725327540189028;7,658113478000075;51,935443838000026;5211105702100670000;1
41829;5;5;70;4;2021;9;7;6;3;0;7;1;0;0;0;0;0;0;424182,867999992333353;5736114,571999656036496;7,901195391000044;51,770773170000041;5210924711212290000;0
41834;5;5;15;0;2021;6;13;4;3;1;5;1;1;0;0;0;0;0;405609,836640057154000;5756971,597900660708547;7,626395499000068;51,955424964000031;5210630702100060000;0
41835;5;5;15;0;2021;12;9;2;3;5;3;1;1;0;0;0;0;0;399671,907365296967328;5753672,853253068402410;7,540976075000060;51,924735852000026;5211213702100470000;1
41844;5;9;78;4;2021;10;20;6;3;2;2;1;1;0;0;0;2;0;406058,068061715923250;5719181,913211733102798;7,643147518000035;51,615819011000042;5211015317220070000;0
41849;5;5;15;0;2021;5;5;3;3;5;3;1;1;0;0;0;1;0;402984,824999975040555;5754029,412999654188752;7,589037705000067;51,928527920000079;5210511702100160000;1
41851;5;9;66;24;2021;6;17;4;3;2;6;1;0;0;0;0;0;0;419850,706540529616177;5658819,520799819380045;7,855909128000064;51,075285166000072;5210609314110290000;0
41853;5;5;15;0;2021;2;14;1;2;4;6;1;0;0;0;0;0;0;409981,509191711433232;5751892,864066531881690;7,691324381000072;51,910498553000082;5210221702100970000;0
41854;5;9;78;20;2021;12;16;7;2;5;3;1;1;0;0;0;2;0;406876,999491322785616;5714896,006537746638060;7,656109969000056;51,577428644000065;5211204317210780000;1
41856;5;3;74;44;2021;7;17;3;3;5;3;1;1;0;0;0;0;0;404069,021772691048682;5637970,230890184640884;7,636199553000040;50,885429271000078;5210706605144080000;0
41858;5;9;78;24;2021;6;7;3;3;5;3;1;1;0;0;0;0;0;397929,280292365700006;5718585,967486027628183;7,525952916000051;51,609046996000075;5210608301301150000;0
41859;5;9;78;40;2021;12;15;6;3;1;7;1;1;0;0;0;0;0;403062,894216258078814;5722555,670668184757233;7,598966268000027;51,645637325000052;5211231317240310000;1
41860;5;9;66;4;2021;10;7;4;3;0;3;1;1;0;0;0;1;0;426725,135829099453986;5663045,380676491186023;7,953162194000072;51,114198335000026;5211013314210490000;1
41861;5;5;70;32;2021;9;15;4;2;5;3;1;1;0;0;0;0;0;424323,985364062711596;5767219,897356143221259;7,896406680000041;52,050411623000059;5210908711151790000;0
41862;5;9;15;0;2021;2;12;4;3;6;4;1;0;1;0;0;0;0;418458,961999990046024;5725970,040999647229910;7,820633693000048;51,678774669000063;5210203303100070000;1
41866;5;9;62;40;2021;9;20;3;3;8;1;1;0;0;0;0;2;0;414517,541006979532540;5702623,970622926950455;7,769322337000062;51,468318401000033;5210928307000690000;0
41868;5;9;13;0;2021;6;20;4;3;3;6;1;0;0;0;0;0;0;398538,703527446836233;5710818,720723461359739;7,536994297000035;51,539339894000079;5210602301306070000;0
41871;5;9;62;4;2021;6;11;5;3;3;2;1;1;0;0;0;0;0;411243,953257269226015;5684750,510837657377124;7,726673338000069;51,307137864000026;5210610307000070000;0
41875;5;5;15;0;2021;9;14;2;3;1;7;1;1;0;0;0;0;0;406525,229822135530412;5750602,958076847717166;7,641442365000046;51,898334827000042;5210913702100140000;0
41877;5;5;15;0;2021;6;11;4;3;5;7;1;1;0;0;0;0;0;405470,847737501375377;5758129,237740894779563;7,624054914000055;51,965806713000063;5210602702100980000;0
41878;5;5;15;0;2021;12;19;4;3;5;3;1;1;0;0;0;2;0;404364,062564454041421;5756269,981393763795495;7,608467478000023;51,948905722000063;5211201702100470000;1
41884;5;9;78;20;2021;12;7;4;3;5;3;1;1;0;0;0;0;0;406548,172333950176835;5716476,072482936084270;7,650945341000067;51,591577597000025;5211201317210780000;1
41889;5;5;70;52;2021;5;19;1;3;5;3;1;1;0;0;0;0;0;423500,397390322759748;5749782,400454998016357;7,888284941000052;51,893547630000057;5210530711114870000;0
41893;5;9;15;0;2021;12;14;2;3;3;2;1;0;0;0;1;0;0;417235,165095669217408;5725397,177590521052480;7,803073254000026;51,673445899000058;5211220303100980000;0
41897;5;9;78;24;2021;1;11;4;3;2;6;1;1;0;0;0;0;0;398404,103291996754706;5720797,009907875210047;7,532166454000048;51,629007036000075;5210113301301880000;0
41899;5;5;66;12;2021;9;7;6;3;5;7;1;1;0;0;0;0;0;405201,132999978959560;5773031,628999665379524;7,615999970000075;52,099707808000062;5210917709110990000;0
41902;5;5;66;72;2021;6;15;6;3;5;3;1;1;0;0;0;0;0;412902,789999985136092;5801665,934999685734510;7,721031916000072;52,358349884000063;5210618709700510000;0
41904;5;9;62;24;2021;3;14;1;3;5;2;1;1;0;0;0;0;0;406600,141736299730837;5692282,153374090790749;7,658094738000045;51,374100446000057;5210307307100170000;0
41905;5;5;15;0;2021;10;16;5;3;4;6;1;0;0;0;0;0;0;408962,695417759940028;5756242,345988091081381;7,675366518000033;51,949428993000026;5211014702100080000;0
41916;5;5;15;0;2021;6;9;2;3;9;1;1;0;0;0;1;0;0;406954,078597070649266;5756982,805323313921690;7,645948480000072;51,955752245000042;5210607702100050000;0
41922;5;9;78;24;2021;5;14;5;3;5;2;1;0;0;0;0;0;0;400544,516295096836984;5718858,277531832456589;7,563630451000051;51,611962767000080;5210513301301980000;0
41923;5;9;78;12;2021;6;12;5;3;0;6;1;0;0;0;0;0;0;412201,271299999207258;5704103,976999638602138;7,735616156000049;51,481268367000041;5210603317130050000;0