OID_;ULAND;UREGBEZ;UKREIS;UGEMEINDE;UJAHR;UMONAT;USTUNDE;UWOCHENTAG;UKATEGORIE;UART;UTYP1;IstRad;IstPKW;IstFuss;IstKrad;IstSonstige;ULICHTVERH;IstGkfz;LINREFX;LINREFY;XGCSWGS84;YGCSWGS84;UIDENTSTLAE;IstStrassenzustand
41925;5;5;15;0;2021;11;10;3;3;4;2;1;1;0;0;0;0;0;410950,885585257783532;5759645,070000240579247;7,703405088000068;51,980336952000073;5211109702100460000;0
41929;5;9;78;24;2021;12;12;1;3;5;3;1;1;0;0;0;0;0;398075,979999967850745;5721177,495999632403255;7,527316727000027;51,632367708000061;5211226301301460000;0
41930;5;9;13;0;2021;6;21;1;2;8;1;1;0;0;0;0;0;0;396235,886334764771163;5704503,306329596787691;7,505659962000038;51,482154212000069;5210620301102270000;0
41946;5;5;70;4;2021;12;11;1;3;0;1;1;1;0;0;0;0;0;423866,237697628326714;5734433,716401159763336;7,896975768000061;51,755619884000055;5211212711200080000;1
41950;5;9;62;24;2021;9;16;5;3;6;4;1;0;1;0;0;0;0;410725,298362332396209;5692020,069250885397196;7,717411690000063;51,372408056000040;5210902307000080000;0
41952;5;5;15;0;2021;5;14;6;3;5;3;1;1;0;0;0;0;0;405603,178729036822915;5756977,451198671013117;7,626297032000025;51,955476446000034;5210514702100350000;0
41955;5;5;15;0;2021;3;11;6;3;5;2;1;0;0;0;1;0;0;405164,608930658549070;5756894,794724006205797;7,619939587000033;51,954658875000064;5210326702100570000;0
41956;5;5;15;0;2021;5;14;4;3;5;3;1;1;0;0;0;0;0;401196,215259797871113;5753700,777616631239653;7,563127758000064;51,925259461000053;5210512702100270000;0
41967;5;5;15;0;2021;12;17;5;3;5;2;1;1;0;0;0;2;0;403186,533406672067940;5759055,973723320290446;7,590554346000033;51,973743342000034;5211209702100370000;0
41969;5;9;15;0;2021;10;7;6;3;5;3;1;1;0;0;0;2;0;420667,088999990373850;5725999,009999647736549;7,852557290000050;51,679351355000051;5211029303100070000;0
41971;5;9;78;36;2021;10;18;1;3;0;1;1;0;0;0;0;0;0;409281,803617573343217;5710816,095856938511133;7,691857450000043;51,541145333000031;5211010317110190000;0
41972;5;9;62;44;2021;5;16;4;3;5;3;1;1;0;0;0;0;0;406103,779999978840351;5687611,794999627396464;7,652198109000039;51,332034563000036;5210512307000130000;1
41974;5;9;13;0;2021;12;5;4;3;4;6;1;0;0;0;0;2;0;399263,397999970242381;5708691,764999629929662;7,548048710000046;51,520350942000050;5211215301304600000;1
41975;5;9;78;24;2021;2;13;2;3;5;2;1;1;0;0;0;0;0;398005,814596295356750;5719463,966374414041638;7,526802277000058;51,616952828000080;5210222301301370000;0
41976;5;9;13;0;2021;10;11;6;3;4;2;1;1;0;0;0;0;0;402815,020999975502491;5703374,953999629244208;7,600687208000068;51,473180188000072;5211015301303370000;1
41979;5;9;66;28;2021;6;10;6;3;5;7;1;1;0;0;0;0;0;417157,149173872545362;5645300,634508114308119;7,820556066000051;50,953360157000077;5210618314130070000;0
41990;5;9;15;0;2021;11;6;3;3;5;2;1;1;0;0;0;2;0;415882,163999987766147;5724538,628999648615718;7,783717903000024;51,665527045000033;5211130303100590000;1
41993;5;3;74;4;2021;10;15;4;3;0;3;1;1;0;0;0;0;0;404609,643999976105988;5652663,388999611139297;7,640032909000070;51,017610974000036;5211020605104790000;1
41995;5;5;15;0;2021;10;1;5;3;0;1;1;0;0;0;0;2;0;405627,464999978430569;5758065,369999658316374;7,626351444000022;51,965259254000046;5211014702100090000;0
41996;5;9;78;24;2021;9;7;3;3;5;3;1;1;0;0;0;0;0;398948,985999968834221;5716351,482999632135034;7,541317495000044;51,589145922000057;5210907301301060000;0
41998;5;5;15;0;2021;11;14;2;3;0;2;1;0;0;0;1;0;0;405159,244746911339462;5756932,444801308214664;7,619851159000063;51,954996375000064;5211129702100740000;0
42001;5;9;15;0;2021;6;15;4;2;0;1;1;0;0;0;0;0;0;416071,220899818465114;5719660,649725317955017;7,787621094000031;51,621704772000044;5210616303100770000;0
42007;5;9;62;32;2021;11;16;4;2;0;7;1;0;0;0;0;1;0;403083,896892162971199;5676357,825727574527264;7,611916798000038;51,230361210000069;5211117307000980000;1
42009;5;9;66;24;2021;9;19;6;3;5;3;1;1;0;0;0;0;0;418916,998321787454188;5653363,868713909760118;7,843805866000025;51,026104466000049;5210910314110190000;0
42011;5;9;74;56;2021;2;11;7;3;4;6;1;1;0;0;0;0;0;421228,058999991975725;5708280,790999641641974;7,864648608000039;51,520147060000056;5210220316200570000;1
42014;5;9;78;36;2021;12;14;4;2;0;6;1;0;0;0;0;0;0;409344,093999981880188;5709873,648999640718102;7,692998129000046;51,532683377000069;5211229317110070000;1
42015;5;5;15;0;2021;9;15;6;3;3;2;1;0;0;0;0;0;0;407189,115999980829656;5750962,674999659880996;7,650991499000042;51,901679156000057;5210910702100550000;0
42018;5;5;15;0;2021;10;8;4;3;5;3;1;1;0;0;0;0;0;405774,161432010121644;5757999,907172823324800;7,628503999000031;51,964695730000074;5211027702100340000;0
42022;5;5;66;48;2021;1;17;6;2;0;2;1;1;0;0;0;2;0;428461,109999995678663;5796045,942999688908458;7,950646333000066;52,310083658000053;5210122709700040000;1
42027;5;9;62;60;2021;5;11;6;3;0;6;1;0;0;0;0;0;1;414220,613675452768803;5679552,276109175756574;7,770615270000064;51,260862267000050;5210521307000840000;0
42034;5;9;78;4;2021;12;7;2;3;5;2;1;1;0;0;0;1;0;407238,594366651028395;5719335,780013501644135;7,660152691000064;51,617397921000077;5211206317220780000;1
42037;5;5;15;0;2021;12;18;4;3;5;2;1;1;0;0;0;2;0;405989,055903050117195;5751658,175884574651718;7,633364180000058;51,907729504000031;5211215702100090000;0
42039;5;3;82;76;2021;5;14;1;3;0;1;1;0;0;0;0;0;0;401934,270430975593626;5628348,560566859319806;7,608436122000057;50,798571188000039;5210530607300030000;0
42045;5;5;15;0;2021;4;16;4;3;5;3;1;0;0;0;0;0;0;407069,436999979428947;5757446,472999658435583;7,647501301000034;51,959939219000034;5210428702100560000;0
42047;5;5;58;28;2021;5;16;7;3;5;3;1;1;0;0;0;0;0;399530,550774288363755;5730217,112413257360458;7,545725878000042;51,713882568000031;5210508706300310000;1
42053;5;5;70;40;2021;5;1;7;2;0;7;1;0;0;0;0;2;0;417494,284821112640202;5744569,146119238808751;7,802267843000038;51,845827918000055;5210529711231070000;0
42060;5;5;70;32;2021;10;8;4;3;0;3;1;1;0;0;0;0;0;421194,016761884093285;5766626,908023286610842;7,850908413000070;52,044644964000042;5211027711152070000;0
42076;5;9;78;40;2021;11;17;3;2;3;3;1;1;0;0;0;2;0;406332,350860695354640;5725224,756320400163531;7,645490120000034;51,670183810000026;5211116317240570000;1
42078;5;9;13;0;2021;10;20;5;3;5;7;1;1;0;0;0;2;0;397267,436133272945881;5704768,991062290966511;7,520432988000039;51,484730702000036;5211014301303370000;0
42079;5;5;15;0;2021;9;7;4;2;3;6;1;0;0;0;0;0;0;405373,359831854701042;5755761,725429134443402;7,623288367000043;51,944509912000058;5210929702100050000;0
42082;5;5;15;0;2021;2;16;2;3;4;6;1;0;0;0;0;0;0;401538,897491645999253;5757064,942846894264221;7,567146374000060;51,955558092000047;5210222702100540000;0
42085;5;5;15;0;2021;1;17;2;3;5;3;1;1;0;0;0;2;0;410651,806624332442880;5753317,867010708898306;7,700696609000033;51,923415508000062;5210111702100150000;1
42088;5;3;74;4;2021;10;18;2;3;5;2;1;1;0;0;0;1;0;404978,149246830493212;5652928,056011885404587;7,645215713000027;51,020051336000051;5211004605104770000;0
42092;5;5;66;48;2021;3;17;4;3;1;7;1;1;0;0;0;0;0;430441,603256403468549;5795932,349228866398335;7,979715206000037;52,309317029000056;5210331709700760000;0
42104;5;5;15;0;2021;11;14;1;3;5;3;1;1;0;0;0;0;0;403973,899172537028790;5757478,766228046268225;7,602454491000060;51,959703486000080;5211121702100890000;0
42112;5;5;15;0;2021;9;8;5;3;0;1;1;0;0;0;0;0;0;405508,942467360757291;5756498,631905050948262;7,625057758000025;51,951156603000072;5210923702100370000;0
42115;5;5;15;0;2021;4;13;6;2;0;1;1;0;0;0;0;0;0;405161,778516988269985;5756922,730372838675976;7,619890701000031;51,954909490000034;5210430702100560000;1
42120;5;9;62;32;2021;5;18;2;3;0;1;1;0;0;0;1;0;0;405152,936399618163705;5674267,993751965463161;7,642094586000042;51,211922041000037;5210531307000060000;0
42126;5;5;15;0;2021;12;8;5;3;5;3;1;1;0;0;0;0;0;403038,137500789016485;5758130,783958142623305;7,588655960000040;51,965401611000061;5211209702100270000;0
42136;5;9;15;0;2021;1;10;3;3;1;5;1;1;0;0;0;0;0;422894,585089680738747;5726972,947020502761006;7,884553164000067;51,688417044000062;5210105303100580000;0
42148;5;5;15;0;2021;10;7;2;2;1;7;1;1;0;0;0;0;0;403864,384858798235655;5761299,267331315204501;7,599790846000076;51,994024405000062;5211011702100070000;0
42153;5;5;15;0;2021;12;14;6;3;3;2;1;1;0;0;0;0;0;406148,966616516932845;5756695,474480263888836;7,634314143000040;51,953034285000058;5211210702100170000;0
42154;5;5;15;0;2021;10;13;5;3;5;2;1;1;0;0;0;0;0;406539,798999979160726;5757657,116999661549926;7,639738047000037;51,961743814000044;5211007702100850000;0
42156;5;5;15;0;2021;10;18;4;3;4;7;1;1;0;0;0;1;0;405515,825722562149167;5758097,285970486700535;7,624718191000056;51,965527164000036;5211020702100070000;0
42165;5;5;15;0;2021;10;17;6;3;0;3;1;1;0;0;0;1;0;408264,385138120502234;5754116,999835861846805;7,665775700000040;51,930210352000074;5211029702100430000;0
42167;5;5;66;8;2021;6;14;6;3;5;7;1;0;0;0;0;0;0;398888,815429494716227;5779478,589759267866611;7,521960106000051;52,156534007000062;5210604709100970000;0
42168;5;5;66;92;2021;11;19;3;3;5;3;1;1;0;0;0;1;0;423606,941916398704052;5796441,262550376355648;7,879368515000067;52,312983186000054;5211102709700660000;0
42184;5;5;66;12;2021;12;7;3;2;5;3;1;1;0;0;0;1;0;410850,716268736869097;5773237,599461611360312;7,698402442000031;52,102498416000060;5211207709800370000;1
42187;5;5;15;0;2021;10;15;2;3;0;1;1;0;0;0;0;0;0;406370,027263042517006;5751106,022161243483424;7,639050693000058;51,902830599000026;5211004702100940000;0
42188;5;5;15;0;2021;4;16;3;3;0;3;1;1;0;0;0;0;0;405762,591798199340701;5756906,787615180015564;7,628635542000040;51,954868327000042;5210427702100830000;0
42190;5;5;15;0;2021;5;17;2;2;0;2;1;0;0;1;0;0;0;403906,022955439984798;5748652,005859404802322;7,603930533000039;51,880353261000039;5210510702100060000;0
42196;5;5;66;28;2021;4;7;5;3;0;1;1;0;0;0;0;0;0;412568,458089617080986;5793155,699712382629514;7,718335970000055;52,281804853000040;5210415709700740000;0
42197;5;5;66;16;2021;5;12;4;2;5;3;1;1;0;0;0;0;0;406370,475026529282331;5793908,334058688953519;7,627297641000041;52,287548639000079;5210512709500040000;0
42198;5;9;78;24;2021;11;21;7;3;0;7;1;0;0;0;0;2;0;398965,612999969162047;5719978,059999633580446;7,540512424000042;51,621746926000071;5211106301301880000;0
42201;5;5;15;0;2021;11;17;3;3;5;3;1;0;0;0;0;2;0;405422,518963368609548;5755280,607481779530644;7,624135689000070;51,940193766000050;5211109702100540000;0
42213;5;5;66;88;2021;11;18;7;2;8;7;1;0;0;0;0;2;0;419127,353743936866522;5788308,268142895773053;7,815621495000073;52,239237290000062;5211113709800600000;1
42224;5;5;58;28;2021;6;11;1;3;8;1;1;0;0;0;0;0;0;403161,591999975033104;5731209,107999645173550;7,597991381000043;51,723437948000026;5210627706300790000;0
42225;5;9;62;24;2021;12;18;6;3;4;2;1;1;0;0;0;2;0;410861,150999982841313;5692922,904999630525708;7,719136410000033;51,380545596000047;5211217307000230000;1
42227;5;5;15;0;2021;10;7;2;3;0;3;1;1;0;0;0;0;0;407899,700959694571793;5760296,461326831951737;7,658816525000020;51,985694592000073;5211004702100890000;0
42233;5;5;70;20;2021;10;6;6;1;8;1;1;1;0;0;0;2;0;428217,252999993972480;5745643,711999660357833;7,957679707000068;51,856969735000064;5211008711421050000;1
42239;5;9;78;24;2021;7;14;5;3;5;3;1;1;0;0;0;0;0;398830,965999968349934;5719917,984999638050795;7,538585418000025;51,621182746000045;5210701301301480000;1
42241;5;5;15;0;2021;11;21;2;3;0;7;1;0;0;0;0;2;0;405286,201999979093671;5758220,713999658823013;7,621342860000027;51,966597510000042;5211115702100050000;0
42244;5;9;15;0;2021;9;19;4;3;5;3;1;1;0;0;0;1;0;412127,192823685705662;5726818,327846279367805;7,728864213000065;51,685445119000065;5210915303100580000;0
42247;5;9;15;0;2021;2;13;4;3;5;3;1;1;0;0;0;0;0;413845,840999986045063;5722191,071999648585916;7,754860058000077;51,644115457000055;5210203303100980000;1
42249;5;5;15;0;2021;6;16;2;3;0;7;1;0;0;0;0;0;0;406939,528999979607761;5756954,989999659359455;7,645744344000036;51,955499792000069;5210607702100760000;0
42252;5;9;58;44;2021;10;6;4;3;5;2;1;1;0;0;0;2;0;428976,302234879694879;5691677,459344228729606;7,979637573000048;51,371904364000045;5211013313130490000;1
42264;5;5;70;20;2021;1;15;5;2;8;1;1;0;0;0;0;0;0;427681,337020294740796;5743586,205739859491587;7,950329730000021;51,838404215000025;5210121711421580000;0
42268;5;9;74;52;2021;6;10;1;3;0;1;1;0;0;0;0;0;0;424919,850020159967244;5710943,782145621255040;7,917280613000059;51,544590381000035;5210620316200010000;0
42272;5;9;78;24;2021;11;15;2;3;1;5;1;0;0;0;0;1;1;398479,875113567337394;5716861,422680830582976;7,534400681000022;51,593645256000059;5211115301301380000;0
42274;5;5;15;0;2021;6;14;7;3;5;2;1;1;0;0;0;0;0;405077,930524726398289;5757443,619766198098660;7,618526987000052;51,959577151000076;5210626702100330000;0
42275;5;9;78;20;2021;12;15;5;3;7;3;1;1;0;0;0;0;0;411807,649155820719898;5715502,712499773129821;7,727094053000030;51,583675621000054;5211216317210480000;0
42283;5;9;15;0;2021;10;14;6;3;4;2;1;1;0;0;0;0;0;419859,459999989718199;5727585,809999655932188;7,840514205000034;51,693501380000043;5211008303100570000;0
42284;5;5;15;0;2021;11;20;5;2;5;2;1;0;0;1;0;2;0;403085,811999975703657;5760527,133999660611153;7,588672923000047;51,986948957000038;5211104702100560000;1
42297;5;9;78;12;2021;1;6;3;3;5;3;1;1;0;0;0;2;0;412658,719493497163057;5706375,390477964654565;7,741640017000066;51,501758228000028;5210112317130080000;1
42301;5;9;78;36;2021;3;10;2;2;5;3;1;1;0;0;0;0;0;408995,725714056752622;5710836,616408083587885;7,687728107000055;51,541283741000029;5210301317110780000;0
42304;5;5;15;0;2021;2;15;6;3;0;5;1;1;0;0;0;0;0;404926,654614211060107;5756832,630003679543734;7,616495126000075;51,954059484000027;5210219702100940000;0
42305;5;9;13;0;2021;6;11;5;3;0;7;1;1;0;0;0;0;0;402745,744180791079998;5712709,987067533656955;7,597114240000053;51,557081003000064;5210610301306180000;0
42311;5;9;62;36;2021;11;18;5;3;8;6;1;0;0;0;0;2;0;404296,208500329405069;5663578,059234200045466;7,632677346000037;51,115680021000060;5211104307000890000;1
42313;5;5;15;0;2021;12;7;4;3;0;2;1;1;0;0;0;0;0;404194,862097390927374;5754228,229872763156891;7,606575143000043;51,930524548000051;5211208702100070000;0
42316;5;9;15;0;2021;6;15;1;2;5;3;1;0;0;1;0;0;0;419650,129261646419764;5723412,517534881830215;7,838446456000042;51,655955193000068;5210613303100880000;0
42320;5;9;78;4;2021;9;14;1;3;4;6;1;0;0;0;0;0;0;406395,095999979414046;5722125,555999642238021;7,647227003000069;51,642335628000069;5210905317220880000;0
42334;5;5;15;0;2021;5;18;3;3;2;6;1;0;0;0;0;0;0;404859,298553642816842;5758314,654223849996924;7,615104767000048;51,967368978000081;5210504702100160000;0
42337;5;5;58;28;2021;1;18;6;3;5;7;1;1;0;0;0;2;0;402911,790095794945955;5731920,962494553998113;7,594177471000023;51,729793377000078;5210122706300620000;1
42338;5;5;66;72;2021;11;14;3;2;1;2;1;0;0;0;0;0;1;412772,592395238578320;5802695,033203653991222;7,718853010000032;52,367578873000070;5211102709700040000;0
42343;5;5;15;0;2021;10;11;6;3;3;6;1;0;0;0;0;0;0;406501,631386971101165;5759048,581679798662663;7,638803778000067;51,974244533000046;5211008702100540000;0
42347;5;9;70;24;2021;3;18;4;3;0;7;1;0;0;0;0;0;0;426964,581999993883073;5644890,073999615386128;7,960241836000023;50,950995226000032;5210331315210330000;0
42353;5;5;15;0;2021;5;18;3;3;5;3;1;1;0;0;0;0;0;405654,596999978646636;5757012,944999657571316;7,627035315000057;51,955804205000049;5210518702100060000;0
42356;5;9;62;32;2021;4;5;2;3;5;2;1;1;0;0;0;1;0;403734,359999975189567;5677905,044999618083239;7,620814281000037;51,244380079000052;5210426307000040000;0
42359;5;3;74;28;2021;6;19;4;2;2;6;1;1;0;0;0;0;0;410537,860643746331334;5635532,782774586230516;7,728734963000022;50,864553495000052;5210630605128440000;0
42364;5;5;58;44;2021;6;14;6;3;5;3;1;1;0;0;0;0;0;396887,242870800197124;5746163,934422580525279;7,502739761000043;51,856736523000052;5210604706300230000;0
42365;5;5;15;0;2021;11;8;4;3;5;2;1;1;0;0;0;0;0;404598,342583446763456;5755713,360038898885250;7,612029715000062;51,943942819000029;5211103702100960000;0
42369;5;9;66;4;2021;7;16;2;2;4;7;1;0;0;0;0;0;0;420840,072069043293595;5662301,321430776268244;7,869265678000033;51,106726016000039;5210712314210990000;0
42374;5;5;15;0;2021;11;5;7;2;0;7;1;0;0;0;0;2;0;406279,905745828524232;5757396,875856928527355;7,636027607000074;51,959360895000032;5211127702100270000;0
42381;5;5;15;0;2021;12;6;4;3;5;3;1;1;0;0;0;2;0;402147,283157663419843;5750076,633108697831631;7,577983576000065;51,892852459000039;5211215702100590000;1
42383;5;5;15;0;2021;11;7;5;2;5;3;1;1;0;0;0;0;0;411415,971999985165894;5751922,725999658927321;7,712164975000064;51,910996963000059;5211104702100970000;1
42385;5;9;13;0;2021;2;5;3;3;0;1;1;0;0;0;0;2;0;398530,789809749461710;5711328,938192252069712;7,536733117000040;51,543924677000064;5210209301306080000;2
42387;5;9;78;4;2021;3;9;6;2;0;1;1;0;0;0;0;0;0;404346,468546441756189;5718273,503285467624664;7,618681567000067;51,607365109000057;5210326317220480000;0
42391;5;5;15;0;2021;6;7;5;3;5;2;1;0;0;0;1;0;0;409072,111999982967973;5752860,083999661728740;7,677852115000064;51,919044881000048;5210617702100560000;0
42394;5;5;15;0;2021;12;16;1;3;5;3;1;1;0;0;0;1;0;405471,092999979853630;5756324,462999658659101;7,624555085000054;51,949584665000032;5211205702100790000;0
42395;5;5;66;12;2021;4;14;4;3;0;1;1;0;0;0;0;0;0;404536,706999978050590;5772147,499999668449163;7,606550553000034;52,091646874000048;5210407709110970000;1
42399;5;5;70;4;2021;6;17;3;2;5;3;1;1;0;0;0;0;0;426068,610864792950451;5729055,742595333606005;7,930019915000059;51,707568032000040;5210601711214970000;0
42405;5;3;74;40;2021;6;13;7;3;5;3;1;1;0;0;0;0;0;412209,556962639093399;5646227,328469358384609;7,749910456000066;50,960959060000050;5210626605140590000;0
42406;5;9;15;0;2021;5;14;3;3;5;3;1;0;0;0;0;0;1;414147,930999986827374;5725573,388999652117491;7,758394133000024;51,674566562000052;5210518303100070000;1
42408;5;5;15;0;2021;6;10;6;3;4;6;1;0;0;0;0;0;0;406932,771825356408954;5757769,866864381358027;7,645425267000064;51,962823187000026;5210618702100870000;0
42412;5;9;66;28;2021;11;21;6;3;0;3;1;1;0;0;0;2;0;419059,953243153169751;5648836,714894380420446;7,846853570000064;50,985422484000026;5211112314130370000;0
42413;5;5;15;0;2021;9;14;3;3;5;2;1;1;0;0;0;0;0;403021,107156218960881;5758692,064943460747600;7,588249614000063;51,970443589000070;5210914702100970000;0
42416;5;9;78;36;2021;6;7;3;3;0;2;1;1;0;0;0;1;0;409419,542341892607510;5709473,211877327412367;7,694188581000049;51,529095822000045;5210601317110670000;0
42419;5;5;15;0;2021;5;22;4;2;1;7;1;1;0;0;0;2;0;406334,896126427687705;5758871,805783132091165;7,636425347000056;51,972627514000067;5210526702100880000;1
42427;5;5;70;4;2021;10;7;6;3;5;2;1;1;0;0;0;1;0;424885,478999991901219;5735160,623999657109380;7,911582502000044;51,762292195000043;5211029711113100000;0
42430;5;9;78;24;2021;1;5;4;3;6;4;1;0;1;0;0;2;0;398503,293746055103838;5716812,082516433671117;7,534752919000027;51,593205975000046;5210106301301580000;1
42438;5;5;15;0;2021;2;16;5;3;0;6;1;1;0;0;0;0;0;405479,920165733434260;5754975,805210292339325;7,625054242000033;51,937463817000037;5210225702100710000;0
42445;5;5;15;0;2021;12;15;5;3;5;3;1;1;0;0;0;0;0;407192,010287113487720;5750964,421696290373802;7,651033084000062;51,901695338000081;5211209702100570000;0
42447;5;9;13;0;2021;3;12;4;2;0;7;1;0;0;0;0;0;0;399117,300686367787421;5709719,165555594488978;7,545649458000071;51,529559954000035;5210331301304180000;0
42453;5;9;62;16;2021;7;21;6;3;0;1;1;0;0;0;0;1;0;412772,768999985419214;5689639,479999631643295;7,747403551000048;51,351325310000050;5210702307000470000;0
42454;5;9;15;0;2021;10;10;4;3;2;6;1;0;0;0;1;0;0;417067,629999989643693;5727125,495999651029706;7,800240378000069;51,688957866000067;5211020303100580000;0
42460;5;5;15;0;2021;12;11;6;3;3;6;1;0;0;0;0;0;0;405018,652334816753864;5758088,257541052997112;7,617486261000067;51,965361288000054;5211224702100060000;1
42467;5;5;15;0;2021;6;14;5;3;5;2;1;1;0;0;0;0;0;406579,758999980054796;5751215,373999655246735;7,642068659000074;51,903848723000067;5210610702100340000;0
42477;5;9;78;20;2021;10;10;3;3;3;6;1;0;0;0;0;0;1;406405,447633019648492;5716414,542864838615060;7,648902019000047;51,591000809000036;5211005317210080000;0
42485;5;5;70;44;2021;11;11;4;3;5;3;1;1;0;0;0;0;0;417434,852561782114208;5760092,476249244064093;7,797683507000045;51,985360098000058;5211103711142060000;0
42486;5;5;70;40;2021;7;11;4;3;5;3;1;1;0;0;0;0;0;410922,925999985076487;5749743,695999657735229;7,705562195000027;51,891331436000030;5210707711232060000;0
42495;5;5;70;44;2021;9;15;6;3;5;3;1;0;0;0;1;0;0;416113,653823767788708;5759543,412605633959174;7,778583124000022;51,980226653000045;5210910711141680000;0
42499;5;5;15;0;2021;9;12;6;3;6;1;1;0;1;0;0;0;0;406373,961269246414304;5751108,285471606999636;7,639107243000069;51,902851604000034;5210910702100160000;0
42503;5;5;66;44;2021;5;16;6;3;0;1;1;0;0;0;1;0;0;428485,195493167266250;5780869,897329472005367;7,954211651000037;52,173668047000035;5210528709800210000;1
42509;5;5;15;0;2021;9;21;1;3;5;3;1;1;0;0;0;2;0;405577,789566637016833;5757000,382653107866645;7,625921371000061;51,955678253000031;5210905702100570000;0
42510;5;5;66;8;2021;11;13;2;3;5;3;1;1;0;0;0;0;0;400043,758459086529911;5781170,948080971837044;7,538338678000059;52,171954851000066;5211122709110270000;0
42511;5;5;58;44;2021;6;19;2;3;6;6;1;0;1;0;0;0;0;397701,519081101752818;5746682,378274586051702;7,514405744000044;51,861546232000080;5210614706300470000;0
42519;5;9;78;24;2021;11;17;3;3;1;7;1;1;0;0;0;1;0;396374,472807377576828;5720341,295277584344149;7,502988355000070;51,624540702000047;5211109301301000000;0
42521;5;9;70;40;2021;2;14;1;3;5;3;1;1;0;0;0;0;0;427425,658946489915252;5633045,296446261927485;7,969158935000053;50,844554730000027;5210228315110290000;0
42522;5;5;70;24;2021;11;7;3;2;4;2;1;1;0;0;0;1;0;420241,837036864832044;5753175,596675928682089;7,840155280000033;51,923593135000033;5211130711161870000;1
42529;5;5;15;0;2021;9;12;7;3;0;3;1;1;0;0;0;0;0;408593,240206689573824;5756453,966408200562000;7,669936059000065;51,951270574000034;5210925702100790000;0
42532;5;5;15;0;2021;9;16;7;3;5;2;1;1;0;0;0;0;0;398717,892999968491495;5753691,612999651581049;7,527101705000064;51,924731723000036;5210911702100690000;0
42533;5;5;15;0;2021;10;17;5;3;0;3;1;1;0;0;0;0;0;403808,366499125026166;5760942,214670171961188;7,599075382000024;51,990805416000057;5211021702100290000;1
42540;5;9;78;36;2021;12;16;5;3;5;2;1;1;0;0;0;2;0;409419,930966351181269;5709473,320959880948067;7,694194154000058;51,529096865000042;5211209317110570000;0
42543;5;9;78;16;2021;7;14;2;3;6;4;1;0;1;0;0;0;0;404057,275906158611178;5706819,624640591442585;7,617631872000061;51,504356804000054;5210705317120710000;0
42544;5;5;66;28;2021;2;13;1;3;5;3;1;0;0;1;0;0;0;413139,775999984703958;5793902,720999684184790;7,726516181000022;52,288609887000064;5210228709700760000;0
42546;5;9;78;20;2021;10;18;1;3;5;3;1;1;0;0;0;1;0;407417,640662226825953;5716232,144262891262770;7,663557498000046;51,589528451000035;5211031317210180000;0
42548;5;5;15;0;2021;2;14;1;3;0;1;1;0;0;0;0;0;0;406678,374787402339280;5757109,681666266173124;7,641903051000043;51,956846473000041;5210228702100590000;0
42550;5;5;15;0;2021;3;19;3;3;0;6;1;0;0;0;0;0;0;405486,843759504146874;5756396,869984753429890;7,624764284000037;51,950238167000066;5210323702100070000;0
42551;5;5;15;0;2021;6;18;5;3;0;7;1;0;0;0;1;0;0;404464,747191733680665;5755463,765539888292551;7,610156043000075;51,941676438000059;5210603702100860000;0
42553;5;9;15;0;2021;5;8;6;2;0;1;1;0;0;0;0;0;0;419391,136989939026535;5723179,302893821150064;7,834757016000026;51,653821596000057;5210521303100080000;0
42562;5;9;15;0;2021;6;9;2;2;9;1;1;0;0;0;0;0;0;418154,151403092779219;5727475,446166543290019;7,815873048000071;51,692263201000060;5210621303100060000;0
42565;5;9;15;0;2021;1;13;5;3;5;3;1;1;0;0;0;0;0;417115,449999989010394;5728697,408999655395746;7,800558472000034;51,703095568000037;5210114303100070000;0
42568;5;5;15;0;2021;7;21;7;2;0;1;1;0;0;0;0;1;0;409826,518806770443916;5751846,777855761349201;7,689083854000046;51,910059225000055;5210703702100070000;0
42571;5;5;15;0;2021;12;19;3;3;5;2;1;1;0;0;0;2;0;404900,095999976620078;5755229,206999657675624;7,616552351000053;51,939642710000044;5211207702100370000;0
42573;5;5;66;16;2021;3;16;3;3;5;2;1;1;0;0;0;0;0;404306,999687559902668;5789343,211934663355350;7,598349493000057;52,246162536000043;5210316709500770000;0
42574;5;5;66;72;2021;9;9;3;3;0;2;1;1;0;0;0;0;0;412847,419999985024333;5802839,249999683350325;7,719914263000021;52,368887021000035;5210928709700280000;0
42579;5;5;15;0;2021;4;21;7;3;9;5;1;1;0;0;0;2;0;406503,268507594242692;5757244,132078319787979;7,639318938000031;51,958025564000081;5210410702100990000;1
42580;5;5;15;0;2021;12;10;4;2;0;1;1;0;0;0;0;0;0;405935,162514975294471;5756179,124392963945866;7,631345226000064;51,948356968000041;5211229702100060000;1
42581;5;9;13;0;2021;1;11;3;3;5;3;1;1;0;0;0;0;0;399622,855782431550324;5704959,731100654229522;7,554290053000045;51,486868228000048;5210119301303380000;1
42600;5;5;15;0;2021;12;14;6;3;6;6;1;0;1;0;0;0;0;406786,548427639529109;5751254,091623285785317;7,645063113000049;51,904231377000031;5211210702100070000;0
42604;5;3;82;76;2021;6;19;3;2;0;1;1;0;0;0;0;0;0;395969,632549086585641;5624503,646273132413626;7,524914415000069;50,762965854000072;5210615607300080000;0
42607;5;9;15;0;2021;9;19;3;2;5;3;1;1;0;0;0;1;0;418505,839999990537763;5725721,638999650254846;7,821369534000041;51,676548452000077;5210914303100520000;0
42620;5;5;66;28;2021;9;6;6;3;5;3;1;0;0;0;0;1;0;408614,285786504857242;5794767,122469987720251;7,659951330000069;52,295645200000081;5210917709700370000;0