OID_;ULAND;UREGBEZ;UKREIS;UGEMEINDE;UJAHR;UMONAT;USTUNDE;UWOCHENTAG;UKATEGORIE;UART;UTYP1;IstRad;IstPKW;IstFuss;IstKrad;IstSonstige;ULICHTVERH;IstGkfz;LINREFX;LINREFY;XGCSWGS84;YGCSWGS84;UIDENTSTLAE;IstStrassenzustand
42624;5;5;15;0;2021;9;19;3;3;0;3;1;1;0;0;0;1;0;405917,367867981083691;5756044,763539109379053;7,631123167000055;51,947146260000068;5210907702100680000;0
42629;5;9;66;4;2021;11;21;4;2;0;7;1;0;0;0;0;2;0;423009,597752163186669;5663956,778011791408062;7,899895970000046;51,121905209000033;5211103314210690000;1
42635;5;5;15;0;2021;5;16;2;3;3;6;1;0;0;0;0;0;0;398462,109407407231629;5763532,689537862315774;7,520472775000030;52,013136842000051;5210510702100060000;0
42646;5;5;66;8;2021;12;23;3;3;0;7;1;0;0;0;0;2;0;399303,633999970741570;5781628,798999665305018;7,527383784000051;52,175935324000079;5211221709110070000;2
42648;5;3;74;12;2021;9;18;5;2;0;1;1;0;0;0;0;1;0;402817,659311415627599;5653312,766331432387233;7,614318717000060;51,023148683000045;5210930605112480000;0
42649;5;5;66;44;2021;5;8;3;2;2;1;1;1;0;0;0;0;0;430108,157305471599102;5777773,501505931839347;7,978578141000071;52,146041641000068;5210518709800780000;0
42656;5;9;78;36;2021;6;16;4;3;5;3;1;1;0;0;0;0;0;407853,760522373951972;5709709,009153129532933;7,671560982000074;51,530962100000067;5210602317110480000;0
42658;5;9;62;32;2021;6;11;7;2;0;5;1;1;0;0;0;0;0;404391,420241159386933;5677436,067933304235339;7,630350240000041;51,240274704000058;5210626307000580000;0
42663;5;5;66;40;2021;11;6;3;3;0;1;1;0;0;0;0;2;0;424246,798999991267920;5780389,224999677389860;7,892351474000066;52,168781654000043;5211130709800070000;1
42666;5;9;74;52;2021;11;7;5;3;5;3;1;1;0;0;0;0;0;424922,820907999761403;5711269,835523530840874;7,917253869000035;51,547522013000048;5211111316200550000;0
42672;5;9;78;4;2021;12;16;5;3;0;1;1;0;0;0;0;1;0;404358,352999976836145;5718112,451999640092254;7,618897069000070;51,605919446000030;5211223317220970000;2
42673;5;5;15;0;2021;9;15;6;3;5;3;1;1;0;0;0;0;0;401197,323503577150404;5753700,672328490763903;7,563143899000067;51,925258711000026;5210917702100160000;0
42675;5;5;70;44;2021;6;10;5;3;5;2;1;0;0;0;0;0;0;416750,516999988816679;5759828,813999664038420;7,787784582000029;51,982887910000045;5210603711142880000;0
42679;5;5;66;16;2021;9;13;1;3;3;6;1;1;0;0;0;0;0;406226,411398524418473;5790939,964084520936012;7,626011533000053;52,260844516000077;5210926709500660000;0
42686;5;9;62;52;2021;10;14;6;3;5;3;1;1;0;0;0;0;0;419784,269999990239739;5672867,601999627426267;7,851832199000057;51,201574927000081;5211029307000580000;0
42688;5;5;66;28;2021;12;18;3;2;4;3;1;1;0;0;0;2;0;410817,000999983400106;5788367,856999678537250;7,693933475000051;52,238489275000063;5211214709110250000;1
42690;5;5;15;0;2021;6;17;5;2;4;1;1;0;0;0;0;0;0;408600,865999982692301;5756449,564999658614397;7,670048161000068;51,951232264000055;5210610702100580000;0
42692;5;9;78;24;2021;11;7;3;3;0;3;1;1;0;0;0;1;0;398052,316999967209995;5720999,024999633431435;7,527026915000022;51,630759225000077;5211109301301750000;0
42703;5;9;13;0;2021;12;11;3;3;1;5;1;1;0;0;0;0;0;396810,085188866592944;5708570,820683524012566;7,512736351000058;51,518820923000078;5211228301302310000;0
42706;5;9;15;0;2021;9;15;1;3;6;6;1;0;1;0;0;0;0;415948,788835544139147;5725369,633853571489453;7,784481071000073;51,673007285000040;5210905303100250000;0
42711;5;5;15;0;2021;6;15;3;3;4;6;1;0;0;0;0;0;0;406120,823557602241635;5756701,506572626531124;7,633903093000072;51,953083754000033;5210615702100560000;0
42713;5;9;78;20;2021;10;15;2;3;5;3;1;1;0;0;0;0;0;403681,496444426476955;5713981,108081748709083;7,610259783000060;51,568667655000070;5211018317210130000;0
42716;5;9;13;0;2021;3;13;3;3;0;7;1;0;0;0;1;0;0;401868,525253172032535;5711644,639426875859499;7,584761802000060;51,547352768000053;5210330301306580000;0
42718;5;9;78;28;2021;10;15;7;3;0;7;1;0;0;0;0;0;0;399917,115190257318318;5698829,846251297742128;7,560261778000040;51,431819184000062;5211030317140880000;0
42737;5;9;62;40;2021;6;5;3;3;5;3;1;1;0;0;0;0;0;415182,290999988093972;5699844,050999637693167;7,779556998000032;51,443427646000032;5210622307000590000;0
42742;5;5;15;0;2021;4;17;7;3;0;3;1;1;0;0;0;0;0;405969,506261212751269;5756350,391730893403292;7,631797924000068;51,949902207000036;5210417702100070000;0
42743;5;9;78;28;2021;10;17;5;3;8;6;1;1;0;0;0;1;0;399416,224560029804707;5698148,710585514083505;7,553252112000052;51,425607778000028;5211021317140080000;1
42755;5;9;74;52;2021;5;15;6;3;5;3;1;1;0;0;0;0;0;422016,831771848723292;5711848,834506304934621;7,875224511000056;51,552333014000055;5210507316200880000;0
42763;5;5;15;0;2021;3;4;7;3;0;1;1;0;0;0;0;2;0;406956,132750687189400;5758322,847567826509476;7,645615343000031;51,967797563000033;5210313702100070000;1
42766;5;5;15;0;2021;6;18;7;3;5;2;1;1;0;0;0;0;0;404759,177128992974758;5758420,111172782257199;7,613618578000057;51,968299718000026;5210612702100070000;0
42768;5;5;66;40;2021;6;7;6;3;0;7;1;0;0;0;0;0;0;421159,401784075424075;5782971,914446599781513;7,846617406000064;52,191564650000032;5210611709800070000;0
42771;5;9;62;24;2021;9;12;1;3;0;1;1;1;0;0;0;0;0;409286,086968953721225;5695736,603644967079163;7,695790970000076;51,405589978000080;5210919307000060000;0
42778;5;9;13;0;2021;2;13;6;3;0;1;1;0;0;0;0;0;0;397725,207482505589724;5708842,242487592622638;7,525842398000066;51,521427100000039;5210219301302070000;0
42788;5;9;13;0;2021;5;21;6;2;0;7;1;0;0;0;0;2;0;397022,407999965362251;5702846,807999625802040;7,517465663000053;51,467408113000033;5210514301102570000;1
42800;5;5;15;0;2021;12;15;2;3;5;3;1;0;0;0;0;0;0;403022,609999976120889;5754056,401999657973647;7,589579454000045;51,928777091000029;5211220702100060000;0
42806;5;5;58;44;2021;9;12;4;2;0;1;1;1;0;0;0;0;0;399752,086999969556928;5742170,638999646529555;7,545481623000057;51,821365553000078;5210929706000170000;1
42823;5;9;78;40;2021;5;15;1;2;0;1;1;0;0;0;0;0;0;403480,326725354418159;5728789,603978317230940;7,603274655000064;51,701744648000044;5210530317240810000;0
42826;5;5;66;40;2021;7;2;2;2;8;1;1;0;0;0;0;2;0;419988,258795020170510;5784853,999540699645877;7,829043668000054;52,208313593000071;5210712709800380000;1
42827;5;9;78;28;2021;6;15;3;3;5;3;1;1;0;0;0;0;0;401230,724999971687794;5700750,397999629378319;7,578616485000055;51,449313640000071;5210615317140870000;0
42828;5;9;74;52;2021;1;19;5;3;5;3;1;1;0;0;0;2;0;424986,699999993667006;5711739,400999644771218;7,918074803000025;51,551751924000030;5210128316200010000;1
42829;5;5;66;28;2021;6;17;2;3;5;3;1;1;0;0;0;0;0;412044,055247473530471;5792207,103452548384666;7,710898265000026;52,273194960000069;5210614709700440000;0
42836;5;9;15;0;2021;5;13;1;3;3;2;1;1;0;0;0;0;0;412116,263670369982719;5726252,461456639692187;7,728848629000026;51,680356705000065;5210509303200910000;0
42837;5;5;70;44;2021;10;17;5;3;5;2;1;1;0;0;0;0;0;416616,665999988093972;5759608,502999667078257;7,785889568000073;51,980887468000049;5211007711141080000;0
42841;5;5;15;0;2021;11;9;5;3;5;2;1;1;0;0;0;0;0;405574,374173711985350;5754356,046621786430478;7,626597918000073;51,931909170000040;5211111702100240000;0
42843;5;5;15;0;2021;10;16;6;3;1;5;1;1;0;0;0;0;0;404551,458999978378415;5756573,478999655693769;7,611109001000045;51,951665866000042;5211022702100130000;1
42845;5;9;66;24;2021;3;10;3;3;0;1;1;0;0;0;0;0;0;418879,724617235362530;5653596,587221248075366;7,843222399000069;51,028191491000030;5210316314110980000;0
42859;5;5;66;88;2021;9;20;3;3;0;1;1;0;0;0;0;2;0;414323,488517660647631;5786421,872132532298565;7,745764733000044;52,221554803000060;5210928709800410000;0
42862;5;9;62;60;2021;12;7;5;3;5;3;1;1;0;0;0;2;0;414004,598999986425042;5678432,465999625623226;7,767789304000075;51,250762601000076;5211223307000890000;1
42863;5;5;15;0;2021;12;11;5;3;5;3;1;1;0;0;0;0;0;409779,406823834404349;5753868,841088481247425;7,687869299000056;51,928227364000065;5211230702100950000;1
42865;5;9;13;0;2021;4;8;6;3;0;2;1;0;0;0;1;0;0;396725,332925756461918;5706924,393860310316086;7,511997582000049;51,504006239000034;5210430301302470000;0
42866;5;5;15;0;2021;10;20;7;3;3;2;1;1;0;0;0;2;0;405020,228897476568818;5757696,931440269574523;7,617617429000063;51,961844164000070;5211030702100090000;1
42872;5;5;15;0;2021;12;18;1;3;0;1;1;0;0;0;0;2;0;406679,386015188880265;5759300,281948735937476;7,641322389000038;51,976536811000074;5211205702100870000;0
42873;5;5;15;0;2021;10;6;6;3;0;2;1;1;0;0;0;2;0;406089,009610806591809;5758926,817101430147886;7,632831785000064;51,973080485000082;5211001702100440000;0
42875;5;5;15;0;2021;5;8;3;3;0;1;1;0;0;0;0;0;0;404481,734188608825207;5761257,624560980126262;7,608791228000030;51,993756636000057;5210518702100470000;0
42878;5;9;15;0;2021;9;8;4;3;5;3;1;1;0;0;0;0;0;419514,995999990962446;5729432,307999653741717;7,835105322000061;51,710051294000039;5210915303100570000;1
42889;5;5;66;72;2021;6;10;2;3;5;3;1;1;0;0;0;0;0;414156,857999986037612;5799433,503999684005976;7,740012961000048;52,338482078000027;5210628709700140000;0
42890;5;9;15;0;2021;5;9;2;3;3;2;1;1;0;0;0;0;0;417494,339999988675117;5725638,279999647289515;7,806763546000070;51,675651419000076;5210517303100580000;1
42906;5;5;15;0;2021;7;14;3;3;5;2;1;1;0;0;0;0;0;405968,729162006638944;5756448,308906257152557;7,631759830000021;51,950782201000038;5210706702100060000;0
42927;5;5;15;0;2021;12;17;3;2;5;3;1;0;0;0;1;2;0;404858,757647379301488;5758305,997776271775365;7,615099294000061;51,967291078000073;5211214702100570000;1
42930;5;5;15;0;2021;2;14;5;3;5;3;1;1;0;0;0;0;0;403481,377953597344458;5760694,653957676142454;7,594384385000069;51,988523546000067;5210218702100780000;0
42940;5;5;66;48;2021;5;13;6;3;5;3;1;1;0;0;0;0;0;428461,109999995678663;5796045,942999688908458;7,950646333000066;52,310083658000053;5210507709700360000;0
42944;5;5;70;4;2021;10;6;4;3;3;1;1;1;0;0;0;2;0;425153,413334384560585;5729134,206227971240878;7,916760306000072;51,708152054000038;5211027711214280000;0
42947;5;9;13;0;2021;9;22;6;3;0;1;1;0;0;0;0;2;0;398406,577579401433468;5708958,432335833087564;7,535626492000063;51,522594479000077;5210910301302980000;1
42981;5;5;15;0;2021;2;9;5;3;5;2;1;0;0;0;0;0;0;403690,095948137342930;5758054,266249053180218;7,598164026000063;51,964827180000043;5210225702100070000;0
42983;5;5;66;28;2021;12;8;6;3;5;7;1;1;0;0;0;0;0;412600,866999984718859;5792595,748999681323767;7,718956080000055;52,276777013000071;5211224709700090000;0
42985;5;5;15;0;2021;6;8;4;3;5;3;1;1;0;0;0;0;0;408147,520909886807203;5761314,845479985699058;7,662151462000054;51,994889392000061;5210616702100540000;0
42986;5;9;78;36;2021;5;20;6;3;0;7;1;0;0;0;0;0;0;407978,471183003857732;5707389,227780029177666;7,673964221000062;51,510129265000046;5210521317110710000;0
42990;5;5;15;0;2021;6;16;4;3;5;3;1;1;0;0;0;0;0;405447,888269650749862;5755196,094068240374327;7,624527870000065;51,939438433000078;5210609702100760000;0
42991;5;5;15;0;2021;6;7;1;3;0;1;1;0;0;0;0;0;0;404400,144282563589513;5761264,628645665943623;7,607601309000074;51,993805551000037;5210627702100390000;0
42992;5;9;66;12;2021;1;14;2;3;3;6;1;1;0;0;0;0;0;427348,086138590238988;5667328,635635264217854;7,961196596000036;51,152787615000079;5210125314220580000;1
42995;5;5;15;0;2021;12;12;5;3;5;2;1;1;0;0;0;0;0;403014,314481364563107;5758684,201846435666084;7,588152985000022;51,970371728000032;5211209702100560000;0
42998;5;5;15;0;2021;4;6;3;3;5;3;1;1;0;0;0;0;0;406963,794169961474836;5748791,257885020226240;7,648303234000025;51,882123535000062;5210427702100760000;0
43000;5;9;14;0;2021;3;14;3;3;5;7;1;1;0;0;0;0;0;397040,632754962891340;5693803,180950272828341;7,520356290000052;51,386119765000046;5210302302000070000;0
43001;5;9;62;32;2021;6;13;4;3;6;6;1;0;1;0;0;0;0;403806,039999974891543;5675275,199999619275331;7,622547083000029;51,220751080000070;5210616307000530000;0
43006;5;9;15;0;2021;11;7;3;3;0;1;1;0;0;0;0;0;0;416864,984364987351000;5725070,380451044067740;7,797798834000048;51,670453497000040;5211102303100370000;1
43020;5;9;62;40;2021;1;2;5;3;0;1;1;0;0;0;0;2;0;412529,682431457564235;5701244,030453776940703;7,741052209000031;51,455609471000059;5210107307300310000;1
43033;5;9;78;40;2021;3;7;5;3;0;6;1;0;0;0;0;0;0;406019,528788613155484;5724474,462166631594300;7,641169649000062;51,663387217000036;5210325317240540000;0
43034;5;5;15;0;2021;11;12;4;3;5;2;1;1;0;0;0;0;0;405952,857057472690940;5756803,821503590792418;7,631431654000039;51,953975029000048;5211124702100060000;1
43036;5;5;15;0;2021;6;7;2;3;4;2;1;1;0;0;0;0;0;404287,544933546334505;5754564,979102721437812;7,607829045000074;51,933567333000042;5210614702100970000;0
43039;5;9;15;0;2021;12;18;4;3;5;2;1;1;0;0;0;2;0;419517,379918529652059;5729448,800925329327583;7,835136009000053;51,710199900000077;5211222303100070000;1
43040;5;5;15;0;2021;10;9;1;3;0;1;1;0;0;0;0;0;0;402743,264213615097106;5757663,817936418578029;7,584497538000051;51,961152885000047;5211031702100070000;1
43043;5;5;15;0;2021;11;10;4;3;0;3;1;1;0;0;0;0;0;407067,075063735246658;5757777,801127780228853;7,647377287000040;51,962916971000027;5211110702100570000;0
43046;5;3;74;48;2021;9;17;7;3;5;3;1;1;0;0;0;0;0;395955,912926284596324;5646624,135291853919625;7,518429969000067;50,961820322000051;5210918605148540000;0
43047;5;5;70;4;2021;1;14;7;3;5;3;1;1;0;0;0;0;0;422709,456153254956007;5734731,002741325646639;7,880153659000030;51,758133929000053;5210123711215580000;0
43050;5;9;78;8;2021;10;5;2;3;5;3;1;1;0;0;0;2;0;412479,979655033908784;5716794,145914535969496;7,736473383000032;51,595389656000066;5211018317230480000;0
43052;5;3;74;28;2021;9;12;1;3;0;1;1;0;0;0;0;0;0;409035,100785174407065;5640036,092222630977631;7,706265390000056;50,904805479000061;5210926605128440000;0
43055;5;9;78;24;2021;11;17;3;3;0;7;1;0;0;0;0;2;0;398078,490852612070739;5719574,882880300283432;7,527819371000021;51,617962974000079;5211116301301370000;1
43062;5;9;66;8;2021;2;13;2;3;3;2;1;1;0;0;0;0;0;414204,837336598895490;5653185,877705868333578;7,776671392000026;51,023820227000044;5210222314120080000;0
43071;5;5;70;4;2021;6;11;5;3;0;1;1;0;0;0;0;0;0;423952,406468543224037;5733651,285291099920869;7,898395082000036;51,748597789000030;5210610711214480000;0
43073;5;5;15;0;2021;4;9;5;3;5;3;1;1;0;0;0;0;0;402631,370874406769872;5753844,824676079675555;7,583951084000034;51,926807066000038;5210415702100070000;0
43076;5;5;15;0;2021;7;16;5;3;0;7;1;0;0;0;0;0;0;405681,251999978907406;5758064,911999659612775;7,627134228000045;51,965264265000030;5210708702100160000;0
43084;5;9;15;0;2021;3;15;6;2;5;3;1;1;0;0;0;0;0;413661,978999986313283;5721832,906999643892050;7,752291861000060;51,640867578000041;5210326303100570000;0
43091;5;5;66;40;2021;7;10;5;3;4;2;1;1;0;0;0;0;0;420831,832999991253018;5783204,365999681875110;7,841772056000025;52,193607184000030;5210708709800870000;0
43092;5;5;15;0;2021;6;10;6;3;4;1;1;0;0;0;0;0;0;403036,448243675753474;5758703,862066809087992;7,588469534000069;51,970552302000044;5210611702100580000;0
43094;5;9;15;0;2021;12;14;5;3;5;3;1;0;0;0;1;0;0;420727,910770771093667;5724455,792461784556508;7,853787066000052;51,665486942000030;5211216303100570000;0
43100;5;5;66;8;2021;10;16;2;3;5;3;1;1;0;0;0;0;0;399169,712999970652163;5781456,962999658659101;7,525477059000025;52,174366454000051;5211025709100770000;0
43107;5;5;15;0;2021;4;15;5;3;5;3;1;1;0;0;0;0;0;411569,435999984852970;5761236,835999663919210;7,711998540000025;51,994743660000040;5210415702100870000;0
43109;5;9;62;56;2021;4;16;6;3;5;1;1;1;0;0;0;0;0;397833,587547522969544;5677505,692339392378926;7,536417345000075;51,239763800000048;5210430307000260000;0
43112;5;5;15;0;2021;10;8;7;3;5;2;1;1;0;0;0;0;0;412473,163578752428293;5753170,747761344537139;7,727213096000071;51,922382401000050;5211016702100070000;0
43113;5;5;70;44;2021;6;7;7;3;5;2;1;1;0;0;0;0;0;416699,532999989576638;5759588,709999665617943;7,787100674000044;51,980721980000055;5210619711142970000;0
43118;5;5;15;0;2021;6;10;4;2;0;7;1;0;0;0;0;0;0;405541,862108722329140;5758085,588199254125357;7,625100268000040;51,965426444000059;5210616702100750000;0
43121;5;9;15;0;2021;6;1;1;3;0;1;1;0;0;0;0;2;0;419694,716171602718532;5728195,610073952004313;7,837990791000038;51,698959679000041;5210606303100570000;0
43122;5;5;66;12;2021;10;17;5;2;5;3;1;1;0;0;0;0;0;403071,986999975517392;5773760,769999660551548;7,584718546000033;52,105892439000058;5211028709110570000;0
43128;5;9;78;24;2021;5;22;5;3;5;3;1;1;0;0;0;2;0;397863,088527700863779;5718240,578736025840044;7,525097975000051;51,605930438000030;5210527301301680000;1
43134;5;9;66;8;2021;5;17;5;3;0;1;1;0;0;0;0;0;0;416188,737081295810640;5652234,982803231105208;7,805172364000043;51,015563871000040;5210520314120180000;0
43139;5;9;78;24;2021;10;13;5;3;5;3;1;1;0;0;0;0;0;398400,946999968029559;5720796,642999634146690;7,532120976000044;51,629003168000054;5211028301301330000;0
43141;5;5;15;0;2021;12;17;4;3;4;2;1;0;0;0;0;2;0;404961,429999977350235;5758219,119999656453729;7,616617396000038;51,966527751000058;5211208702100590000;0
43142;5;5;15;0;2021;5;8;6;3;5;3;1;1;0;0;0;0;0;403588,576999976299703;5758614,383999655023217;7,596529570000030;51,969844094000052;5210528702100560000;0
43146;5;5;15;0;2021;11;19;6;3;5;3;1;1;0;0;0;2;0;408774,191990884020925;5753311,134124225005507;7,673401906000038;51,923050491000026;5211126702100890000;1
43147;5;9;78;40;2021;9;14;5;3;0;7;1;0;0;0;0;0;0;405837,940999979153275;5724050,701999643817544;7,638659104000055;51,659547664000058;5210902317240900000;0
43149;5;9;13;0;2021;9;23;1;2;4;1;1;1;0;0;0;2;0;399648,082805706188083;5705086,718487935140729;7,554617170000029;51,488014180000050;5210912301303080000;0
43150;5;5;15;0;2021;4;14;3;3;2;6;1;0;0;0;0;0;0;405397,523453831672668;5761168,043109392747283;7,622150086000033;51,993108206000045;5210427702100270000;0
43157;5;5;15;0;2021;9;7;4;3;2;1;1;1;0;0;0;0;0;407174,459991115145385;5760653,891676051542163;7,648161837000032;51,988786628000071;5210922702100770000;0
43160;5;9;78;40;2021;10;18;2;3;0;1;1;0;0;0;0;2;0;404680,899338240735233;5724923,051835728809237;7,621698498000057;51,667194055000039;5211025317240190000;1
43162;5;5;66;28;2021;4;14;3;2;0;6;1;0;0;0;0;0;0;419019,781743985600770;5790566,091236546635628;7,813505111000040;52,259516251000036;5210427709700560000;0
43165;5;5;70;44;2021;11;13;4;3;0;3;1;0;0;0;1;0;0;417361,969930648803711;5760098,379333466291428;7,796621018000053;51,985402324000063;5211124711142800000;1
43169;5;5;66;8;2021;10;11;4;3;5;3;1;1;0;0;0;0;0;399403,658646389842033;5781796,721543546766043;7,528796252000063;52,177462811000055;5211020709000120000;1
43173;5;9;15;0;2021;7;14;5;3;0;2;1;1;0;0;0;0;0;420386,816245124675333;5726785,617682937532663;7,848324995000041;51,686383003000060;5210708303100320000;0
43188;5;5;66;28;2021;3;15;6;3;5;3;1;1;0;0;0;0;0;412468,143016597256064;5791769,442612208425999;7,717225668000026;52,269328820000055;5210305709700080000;0
43193;5;9;13;0;2021;9;16;3;3;5;3;1;1;0;0;0;0;0;400493,584133474156260;5714689,602329339832067;7,564077328000053;51,574482565000039;5210921301306060000;0
43194;5;9;15;0;2021;9;7;3;2;2;2;1;1;0;0;0;0;0;412128,111141410656273;5726796,588247630745173;7,728882967000061;51,685249841000029;5210928303200060000;0
43198;5;5;66;12;2021;9;16;6;3;8;1;1;0;0;0;0;0;0;406951,534587631002069;5768493,101937854662538;7,642784838000068;52,059211292000043;5210917709110080000;0
43200;5;5;15;0;2021;9;19;1;3;5;3;1;1;0;0;0;0;0;404598,527016921900213;5755713,704389439895749;7,612032302000046;51,943945945000053;5210912702100070000;0
43206;5;5;15;0;2021;7;9;5;2;9;1;1;0;0;0;0;0;0;401228,664524710737169;5756049,642296830192208;7,562925039000049;51,946377350000034;5210708702100370000;0
43211;5;5;15;0;2021;4;15;4;3;5;3;1;1;0;0;0;0;0;406246,670299165882170;5757418,260346746072173;7,635538221000047;51,959547506000035;5210414702100260000;0
43216;5;5;66;40;2021;6;13;2;3;5;3;1;1;0;0;0;0;0;419357,409641562029719;5784195,535298191010952;7,819970244000046;52,202302878000069;5210607709800870000;0
43218;5;5;66;28;2021;3;10;2;3;0;7;1;0;0;0;0;0;0;412399,940740748308599;5791432,449007181450725;7,716313939000031;52,266288963000079;5210301709700560000;0
43219;5;9;15;0;2021;7;12;3;3;7;1;1;0;0;0;0;0;0;414820,971352826803923;5727299,199583226814866;7,767704180000067;51,690182973000049;5210706303200520000;0
43225;5;5;70;16;2021;6;9;3;3;5;3;1;1;0;0;0;0;0;408512,363968853838742;5744538,860600305721164;7,671921628000064;51,844156056000031;5210622711222280000;0
43229;5;5;15;0;2021;9;8;2;3;4;1;1;0;0;0;0;0;0;403886,086541074328125;5753101,920163612812757;7,602400161000048;51,920347597000045;5210913702100250000;0
43232;5;9;15;0;2021;11;10;3;3;4;2;1;1;0;0;0;0;0;419193,972045476548374;5728754,625378400087357;7,830617145000076;51,703913093000040;5211102303100080000;0
43234;5;9;58;44;2021;4;20;3;3;8;1;1;0;0;0;0;0;0;425290,278999994508922;5691390,460999635979533;7,926752360000023;51,368851094000036;5210427313130070000;0
43241;5;5;15;0;2021;9;15;3;3;5;3;1;0;0;0;1;0;0;401525,309999971650541;5761604,808999653905630;7,565646000000072;51,996360811000045;5210907702100060000;0
43247;5;9;14;0;2021;6;10;2;3;0;2;1;1;0;0;0;0;0;395602,179206870496273;5691068,384852118790150;7,500495082000043;51,361274333000040;5210614302100090000;0
43248;5;5;15;0;2021;6;17;2;3;0;2;1;1;0;0;0;0;0;404682,243747984059155;5758513,282016972079873;7,612473178000073;51,969123985000067;5210614702100950000;0
43251;5;5;15;0;2021;6;17;5;3;0;6;1;0;0;0;0;0;0;403193,668426140211523;5758113,490375166758895;7,590923950000047;51,965273278000041;5210610702100270000;0
43253;5;5;66;40;2021;4;19;5;3;3;6;1;1;0;0;0;1;0;421666,196999992243946;5782903,072999678552151;7,854045765000023;52,191018073000066;5210401709800730000;0
43257;5;5;15;0;2021;9;13;4;3;5;3;1;0;0;0;1;0;0;406325,001607074402273;5756455,361766617745161;7,636940406000065;51,950905714000044;5210929702100070000;1
43263;5;9;15;0;2021;10;11;2;3;5;3;1;1;0;0;0;0;0;418489,013999992050231;5725881,200999647378922;7,821088990000021;51,677980400000081;5211025303100580000;0
43272;5;5;15;0;2021;6;18;3;3;5;3;1;0;0;0;0;0;0;405081,101999976672232;5756917,961999656632543;7,618718362000038;51,954852865000078;5210629702100670000;0
43276;5;9;78;36;2021;4;14;4;3;0;1;1;0;0;0;0;0;0;408350,172320730984211;5713497,391163753345609;7,677728550000040;51,565097648000062;5210421317110050000;0
43278;5;5;15;0;2021;7;16;2;3;5;2;1;1;0;0;0;0;0;406096,087672777473927;5758924,843987053260207;7,632935336000060;51,973063946000082;5210712702100470000;0
43280;5;5;15;0;2021;12;7;6;3;0;2;1;1;0;0;0;1;0;404223,160175208933651;5756341,274968346580863;7,606398093000053;51,949522291000051;5211203702100290000;1
43281;5;5;70;20;2021;10;16;7;1;5;3;1;1;0;0;0;0;0;429181,922889843583107;5740820,898378554731607;7,972671906000073;51,813737038000056;5211023711422700000;0
43282;5;9;66;24;2021;6;21;2;2;0;1;1;0;0;0;0;1;0;418433,136370232328773;5649858,802302148193121;7,837695802000042;50,994523248000064;5210614314110490000;0
43284;5;9;66;4;2021;3;16;6;3;5;3;1;1;0;0;0;0;0;424936,947702297009528;5666639,335523542016745;7,926871393000056;51,146279116000073;5210326314210560000;0
43288;5;9;13;0;2021;3;14;4;2;0;7;1;0;0;0;0;0;0;399189,757525126449764;5709058,124196846038103;7,546882846000074;51,523630932000060;5210331301302760000;0
43312;5;5;58;28;2021;2;16;4;2;5;2;1;1;0;0;0;0;0;403670,103999975137413;5732152,731999646872282;7,605090080000025;51,732007502000044;5210224706300370000;0
43324;5;9;62;12;2021;4;13;6;3;0;1;1;0;0;0;0;0;0;399635,645423542708158;5672078,033517364412546;7,563743035000073;51,191292644000043;5210402307000060000;0
43328;5;9;15;0;2021;3;16;5;3;5;2;1;1;0;0;0;0;0;414196,787999984808266;5728598,337999649345875;7,758356727000034;51,701766280000072;5210311303200370000;0
43331;5;9;14;0;2021;7;11;1;2;0;2;1;1;0;0;0;0;0;397302,127999965101480;5681718,690999614074826;7,527597055000058;51,277539567000076;5210704302100090000;0
43338;5;5;70;44;2021;11;13;3;3;0;7;1;0;0;0;0;0;0;415808,014336584135890;5759726,090853273868561;7,774089166000067;51,981822504000036;5211102711141080000;0
43342;5;5;15;0;2021;10;17;5;3;0;1;1;0;0;0;0;0;0;406362,275999978184700;5757011,998999660834670;7,637330935000023;51,955915316000073;5211028702100540000;0
43343;5;3;74;44;2021;1;19;5;3;5;3;1;1;0;0;0;2;0;403580,661602132953703;5637589,980108002200723;7,629359233000059;50,881929472000081;5210107605144780000;2
43351;5;5;70;4;2021;7;6;4;3;5;3;1;1;0;0;0;0;0;425087,203999993391335;5735450,605999657884240;7,914442426000051;51,764926073000026;5210707711213380000;0
43359;5;9;15;0;2021;6;17;6;2;5;3;1;1;0;0;0;0;0;412091,100999983958900;5727026,177999649196863;7,728289904000064;51,687307881000038;5210625303200060000;0
43360;5;9;15;0;2021;6;14;4;3;5;3;1;1;0;0;0;0;0;416299,555674239993095;5725883,408013712614775;7,789429370000050;51,677678208000032;5210616303100570000;0
43361;5;9;62;16;2021;6;7;2;3;0;2;1;1;0;0;0;0;0;412994,592100572772324;5692087,849756678566337;7,749989052000046;51,373369672000081;5210628307000930000;0
43366;5;9;66;12;2021;2;15;5;3;0;7;1;0;0;0;0;0;0;428035,227111886255443;5671691,303192740306258;7,970146464000038;51,192098234000071;5210225314220080000;0
43367;5;9;66;24;2021;10;15;4;3;0;5;1;0;0;0;0;0;0;418784,154999990016222;5656997,167999617755413;7,841097211000033;51,058751232000077;5211020314110880000;1
43370;5;9;66;4;2021;6;14;1;3;5;3;1;1;0;0;0;0;0;419785,835788183845580;5661316,687550146132708;7,854428823000035;51,097727048000081;5210627314210160000;0
43371;5;5;15;0;2021;5;15;6;2;5;3;1;0;0;0;0;0;0;401364,571641533635557;5764609,543789777904749;7,562440210000034;52,023339178000072;5210507702100370000;0
43373;5;3;74;40;2021;9;18;5;3;5;1;1;1;0;0;0;0;0;405260,453607004135847;5641330,932909151539207;7,652260412000032;50,915839163000044;5210930605140870000;0