OID_;ULAND;UREGBEZ;UKREIS;UGEMEINDE;UJAHR;UMONAT;USTUNDE;UWOCHENTAG;UKATEGORIE;UART;UTYP1;IstRad;IstPKW;IstFuss;IstKrad;IstSonstige;ULICHTVERH;IstGkfz;LINREFX;LINREFY;XGCSWGS84;YGCSWGS84;UIDENTSTLAE;IstStrassenzustand
43385;5;9;15;0;2021;1;17;5;3;5;3;1;1;0;0;0;2;0;414813,840999986976385;5724557,798999648541212;7,768269886000041;51,665538418000040;5210128303100570000;1
43393;5;9;15;0;2021;6;11;3;3;0;7;1;0;1;0;0;0;0;415854,816884136758745;5724958,387946439906955;7,783221481000055;51,669296348000046;5210601303100880000;0
43399;5;5;15;0;2021;6;17;3;3;1;7;1;1;0;0;0;0;0;404396,655010333284736;5758882,467985214665532;7,608214410000073;51,972393309000040;5210629702100140000;0
43401;5;5;70;40;2021;11;23;1;3;0;1;1;0;0;0;0;0;0;419758,445999990217388;5744427,722999656572938;7,835161962000029;51,844886645000031;5211121711231790000;0
43402;5;5;15;0;2021;9;16;6;2;0;1;1;0;0;0;0;0;0;402684,151779572479427;5754818,981963565573096;7,584442906000049;51,935572331000060;5210924702100970000;0
43403;5;5;70;4;2021;10;8;2;3;0;3;1;0;0;0;1;0;0;426014,271999994292855;5737270,871999654918909;7,927486117000058;51,781413050000026;5211025711212990000;0
43407;5;5;15;0;2021;6;1;3;2;0;1;1;0;0;0;0;2;0;405655,177511067129672;5754073,875554677098989;7,627850192000039;51,929386583000053;5210601702100650000;0
43410;5;9;74;56;2021;12;7;4;3;2;2;1;1;0;0;0;0;0;422270,594677791930735;5704907,524472691118717;7,880415224000046;51,489965835000078;5211201316200080000;1
43417;5;9;78;36;2021;11;19;2;3;0;1;1;0;0;0;0;2;0;408802,835200721397996;5710854,043437294661999;7,684942918000047;51,541409262000059;5211115317110190000;1
43420;5;9;78;16;2021;3;10;6;3;5;2;1;1;0;0;0;0;0;403921,616053810343146;5706281,513164365664124;7,615824436000025;51,499496619000070;5210312317120710000;0
43421;5;5;70;52;2021;10;15;1;2;5;3;1;1;0;0;0;0;0;430263,698831262998283;5757178,280429191887379;7,985055103000036;51,960921414000040;5211024711111490000;0
43425;5;9;62;40;2021;9;14;4;3;5;3;1;1;0;0;0;0;0;415132,111999987624586;5699963,304999636486173;7,778806550000070;51,444492195000066;5210915307000670000;1
43426;5;3;74;44;2021;3;19;3;2;0;1;1;0;0;0;0;0;0;405675,560780983418226;5639849,736401723697782;7,658546740000077;50,902590953000072;5210330605144480000;0
43429;5;5;15;0;2021;11;19;1;3;0;3;1;1;0;0;0;2;0;406386,790999979712069;5757327,129999663680792;7,637601713000038;51,958751992000032;5211107702100470000;1
43430;5;9;62;36;2021;5;14;3;3;0;1;1;0;0;0;0;0;0;404264,289142902009189;5663956,149451347067952;7,632121075000043;51,119073627000034;5210511307000290000;1
43431;5;5;66;12;2021;9;15;5;3;0;7;1;0;0;0;0;0;0;400961,373719037510455;5775953,594476861879230;7,553273228000023;52,125227470000027;5210916709000270000;0
43432;5;9;78;24;2021;9;14;4;3;5;3;1;1;0;0;0;0;0;398635,503999968990684;5716532,716999635100365;7,536741588000041;51,590718661000039;5210901301301250000;0
43433;5;3;74;48;2021;10;7;5;3;5;3;1;1;0;0;0;0;0;395366,969999962486327;5646625,613999599590898;7,510046122000062;50,961726955000074;5211028605148540000;0
43436;5;5;70;44;2021;9;19;2;2;5;3;1;1;0;0;0;1;0;416393,401604159735143;5765528,407504983246326;7,781194589000052;52,034067424000057;5210920711142070000;0
43438;5;5;15;0;2021;6;10;2;2;5;3;1;1;0;0;0;0;0;409088,501794086769223;5752832,970299994572997;7,678097524000066;51,918803841000056;5210607702100960000;0
43439;5;5;15;0;2021;11;13;7;3;5;3;1;1;0;0;0;0;0;406654,384937895461917;5757654,069352606311440;7,641406104000055;51,961735671000042;5211127702100370000;0
43442;5;5;15;0;2021;12;7;6;3;5;2;1;1;0;0;0;1;0;404404,264651550911367;5755373,335275787860155;7,609301564000020;51,940853226000058;5211210702100690000;1
43444;5;9;15;0;2021;7;13;7;3;1;3;1;1;0;0;0;0;0;419550,592935713008046;5723188,936311177909374;7,837059306000072;51,653931041000078;5210710303100480000;0
43447;5;5;15;0;2021;9;6;4;3;3;2;1;0;0;0;0;0;0;400850,970083557069302;5756461,871939031407237;7,557312741000032;51,950015356000051;5210901702100950000;0
43449;5;5;15;0;2021;10;9;4;2;0;1;1;0;0;0;0;0;0;408413,451114820316434;5758417,300174491479993;7,666797213000052;51,968888588000027;5211013702100070000;1
43453;5;9;15;0;2021;7;15;2;3;3;2;1;1;0;0;0;0;0;418201,861999988555908;5725805,307999648153782;7,816954581000061;51,677256408000062;5210705303100080000;0
43454;5;9;62;28;2021;4;20;5;2;0;1;1;0;0;0;0;2;0;400003,343853990547359;5665842,859681935980916;7,570736755000041;51,135306362000051;5210401307000870000;0
43456;5;9;15;0;2021;10;13;6;3;0;6;1;1;0;0;0;0;0;417095,606939022429287;5725260,575851455330849;7,801087897000059;51,672197339000036;5211015303100220000;1
43460;5;9;78;24;2021;6;11;3;3;0;7;1;1;0;0;0;0;0;398222,898205276578665;5716633,771996581926942;7,530758166000055;51,591552620000073;5210622301301780000;0
43462;5;5;66;12;2021;2;12;7;2;5;3;1;1;0;0;0;0;0;405183,226700778119266;5771308,836044603958726;7,616217852000034;52,084219946000076;5210220709100570000;0
43463;5;9;15;0;2021;5;7;4;3;5;3;1;1;0;0;0;0;0;420561,911999990232289;5724724,515999648720026;7,851326272000051;51,667879231000029;5210512303100970000;1
43464;5;9;62;28;2021;11;10;2;3;0;3;1;1;0;0;0;0;0;401775,357114079408348;5665094,224179008975625;7,596260207000057;51,128883159000054;5211129307000580000;2
43470;5;5;15;0;2021;11;13;4;3;0;4;1;0;1;0;0;0;0;405913,372187599539757;5757913,325107932090759;7,630553364000036;51,963941070000033;5211124702100210000;1
43479;5;3;74;48;2021;5;14;1;3;5;3;1;1;0;0;0;0;0;397661,072991363704205;5645156,597367875277996;7,543115328000056;50,948933078000039;5210523605148090000;0
43481;5;5;15;0;2021;9;0;2;3;0;7;1;0;0;0;0;2;0;405450,175291039049625;5759121,068145368248224;7,623480932000064;51,974718174000031;5210906702100060000;0
43490;5;5;15;0;2021;11;10;2;3;3;2;1;1;0;0;0;0;0;406819,837988801300526;5751259,709574939683080;7,645545340000069;51,904287443000044;5211101702100770000;1
43494;5;9;58;44;2021;6;18;4;2;5;3;1;1;0;0;0;0;0;428964,900540100410581;5683076,816532939672470;7,981189181000047;51,294578344000058;5210609313130010000;0
43497;5;5;66;40;2021;6;6;2;3;5;3;1;1;0;0;0;0;0;423182,821597586385906;5781390,257048135623336;7,876570752000021;52,177632818000063;5210607709800970000;0
43498;5;9;15;0;2021;2;11;2;3;5;3;1;1;0;0;0;0;0;415295,344999986700714;5728094,128999650478363;7,774372281000069;51,697400665000032;5210222303200920000;0
43499;5;5;15;0;2021;3;10;2;3;5;3;1;1;0;0;0;0;0;410659,651369140483439;5760576,049261013045907;7,698923280000031;51,988658456000053;5210329702100010000;0
43501;5;5;15;0;2021;9;11;5;3;8;1;1;0;0;0;0;0;0;408814,652999982237816;5758533,049999663606286;7,672604968000030;51,969994979000035;5210916702100470000;1
43502;5;3;74;44;2021;10;14;6;3;5;3;1;1;0;0;0;0;0;403963,668999975547194;5637581,161999603733420;7,634804503000055;50,881913989000054;5211008605144190000;0
43503;5;5;15;0;2021;12;16;4;3;5;3;1;1;0;0;0;0;0;406305,052999978885055;5756676,909999659284949;7,636589821000030;51,952893736000078;5211222702100690000;1
43505;5;9;78;24;2021;12;13;4;3;0;1;1;0;0;0;0;0;0;398023,879971574060619;5720770,096961766481400;7,526682868000023;51,628696340000033;5211201301301080000;1
43506;5;5;15;0;2021;11;7;3;3;5;3;1;1;0;0;0;1;0;403933,873244618065655;5754805,419731345027685;7,602619273000073;51,935667569000032;5211116702100690000;1
43511;5;9;74;52;2021;10;6;5;3;5;3;1;1;0;0;0;2;0;424974,274460941553116;5711409,492259234189987;7,917965993000053;51,548784378000050;5211007316200550000;0
43517;5;9;78;16;2021;3;11;3;3;2;2;1;1;0;0;0;0;0;404292,190708477981389;5705287,389120623469353;7,621431175000055;51,490623180000057;5210330317120110000;0
43527;5;5;15;0;2021;7;7;3;3;0;2;1;1;0;0;0;0;0;403126,943647477775812;5758121,735839391127229;7,589950721000037;51,965335767000056;5210713702100270000;1
43530;5;9;78;28;2021;9;21;5;2;4;3;1;1;0;1;0;2;0;400083,513663404621184;5699094,499793553724885;7,562580016000027;51,434227523000061;5210902317140270000;0
43535;5;5;15;0;2021;1;15;6;3;5;3;1;1;0;0;0;0;0;403703,422999976202846;5754051,717999657616019;7,599479171000041;51,928853186000026;5210129702100560000;0
43541;5;9;15;0;2021;7;12;6;3;4;6;1;0;0;0;0;0;0;417678,768999989144504;5725785,020999653264880;7,809395631000029;51,676997610000058;5210709303100080000;0
43545;5;3;74;48;2021;6;13;4;3;8;1;1;0;0;0;0;0;0;397210,213089628145099;5644637,758161468431354;7,536845628000037;50,944188668000038;5210616605148770000;0
43547;5;9;78;24;2021;4;19;5;3;0;1;1;0;0;0;0;0;0;397032,079845113679767;5716628,920589817687869;7,513575274000061;51,591292625000051;5210401301301470000;0
43549;5;5;15;0;2021;5;15;1;3;5;3;1;0;0;0;0;0;0;403768,457460201345384;5758577,716476414352655;7,599157539000032;51,969545688000039;5210530702100360000;0
43552;5;5;15;0;2021;10;14;3;2;0;1;1;0;0;0;0;0;0;408010,040139845572412;5760369,360888194292784;7,660403279000036;51,986368134000031;5211019702100770000;1
43561;5;5;66;16;2021;6;11;2;3;8;7;1;0;0;0;0;0;0;403679,171148579567671;5793505,046645713970065;7,587968507000028;52,283458843000062;5210621709500910000;0
43564;5;3;74;4;2021;4;13;3;3;5;3;1;1;0;0;0;0;0;405180,020198658108711;5652964,487467933446169;7,648083526000050;51,020412183000076;5210420605104880000;0
43565;5;5;15;0;2021;12;16;3;3;0;3;1;0;0;0;1;2;0;408392,876196236349642;5753918,825021732598543;7,667696716000023;51,928450194000050;5211207702100570000;0
43567;5;5;66;76;2021;6;18;3;2;0;3;1;1;0;0;0;0;0;398914,939935981296003;5788654,199340099468827;7,519603964000055;52,239006023000059;5210601709500570000;0
43568;5;5;66;92;2021;11;6;5;3;5;2;1;1;0;0;0;2;0;423492,495999992825091;5796425,962999688461423;7,877693503000046;52,312829726000075;5211111709700880000;0
43569;5;5;70;16;2021;6;20;3;3;4;6;1;0;0;0;0;0;0;418285,454607490450144;5734026,631813732907176;7,816235175000031;51,751174004000063;5210629711221180000;0
43572;5;9;15;0;2021;3;9;3;3;0;7;1;0;0;0;0;0;0;417475,736352969892323;5726295,640458652749658;7,806339178000030;51,681558028000040;5210323303100060000;0
43581;5;9;13;0;2021;6;13;5;3;5;3;1;1;0;0;0;0;0;402632,586628295481205;5712932,784445460885763;7,595420777000072;51,559064192000051;5210617301306480000;0
43583;5;9;62;16;2021;5;15;1;3;7;1;1;0;0;0;0;0;0;414978,547020185738802;5694651,619359353557229;7,777871752000067;51,396718166000028;5210509307000530000;0
43588;5;5;15;0;2021;7;10;3;3;0;2;1;1;0;0;0;0;0;405910,211915727704763;5755984,771848587319255;7,631035502000032;51,946605816000044;5210713702100070000;1
43589;5;3;74;12;2021;12;15;6;3;0;1;1;0;0;0;0;0;0;398477,931999967433512;5649636,611999601125717;7,553489452000065;50,989351441000053;5211217605112090000;1
43594;5;9;13;0;2021;3;13;2;3;5;3;1;1;0;0;0;0;0;401602,503333712927997;5712987,007299140095711;7,580550958000060;51,559372830000029;5210308301306380000;0
43600;5;5;15;0;2021;6;13;6;2;3;1;1;0;0;0;0;0;0;405133,004870346747339;5757121,317396637052298;7,619417278000071;51,956689564000044;5210604702100440000;0
43603;5;5;66;32;2021;9;22;1;2;0;1;1;0;0;0;0;2;0;413151,789661807939410;5776544,518601818010211;7,731145719000040;52,132588953000038;5210905709100070000;0
43612;5;5;66;40;2021;1;16;3;3;5;3;1;1;0;0;0;2;0;421185,327999991364777;5779623,284999679774046;7,847774719000029;52,161467973000072;5210105709800170000;1
43614;5;9;62;52;2021;11;13;5;3;5;2;1;1;0;0;0;0;0;421299,228148020803928;5672404,398636486381292;7,873613586000033;51,197621254000069;5211104307000930000;0
43626;5;9;78;28;2021;6;11;7;3;5;3;1;1;0;0;0;0;0;401233,810231774114072;5700743,323589943349361;7,578662844000064;51,449250586000062;5210605317140070000;0
43628;5;9;78;36;2021;9;16;2;2;5;3;1;1;0;0;0;0;0;410569,230928337201476;5709177,064876783639193;7,710833192000052;51,526616909000040;5210927317110490000;0
43640;5;9;78;24;2021;9;12;2;2;5;3;1;1;0;0;0;0;0;398831,121064504608512;5718505,582780530676246;7,538995404000048;51,608487221000075;5210927301301570000;0
43642;5;5;15;0;2021;5;3;7;3;8;1;1;0;0;0;0;2;0;405155,514712647534907;5757212,382931096479297;7,619719617000044;51,957511939000028;5210529702100270000;0
43643;5;5;66;92;2021;11;6;3;3;5;3;1;1;0;0;0;2;0;422497,427999991923571;5792407,975999683141708;7,864024186000051;52,276573531000054;5211109709700870000;1
43645;5;9;66;8;2021;9;17;4;3;0;1;1;0;0;0;0;0;0;411139,175693678669631;5657860,364350134506822;7,731823149000036;51,065379210000060;5210901314120880000;0
43652;5;5;15;0;2021;4;15;4;3;0;6;1;0;0;0;0;0;0;404860,107137775048614;5758313,659606870263815;7,615116809000028;51,967360176000057;5210428702100460000;0
43659;5;5;15;0;2021;11;13;6;3;0;2;1;1;0;0;0;0;0;408727,511153442785144;5753396,482193581759930;7,672700644000031;51,923810005000064;5211119702100870000;1
43661;5;9;78;40;2021;9;12;2;3;5;3;1;1;0;0;0;0;0;405148,179792952723801;5723904,872945223003626;7,628729571000065;51,658120829000040;5210906317240410000;0
43667;5;5;70;40;2021;4;17;7;3;5;3;1;1;0;0;0;0;0;419220,971999990753829;5744550,643999658524990;7,827332686000034;51,845914112000060;5210424711231750000;0
43668;5;3;74;32;2021;11;7;3;3;2;6;1;1;0;0;0;1;0;400034,808999971486628;5643449,997999604791403;7,577364631000023;50,934007646000055;5211109605132760000;0
43674;5;5;15;0;2021;12;9;7;3;5;2;1;1;0;0;0;0;0;405031,289669840596616;5758080,535369018092752;7,617672283000047;51,965294037000035;5211204702100670000;1
43691;5;5;66;8;2021;9;9;2;2;0;1;1;0;0;0;0;0;0;399083,894334942102432;5781288,671748491004109;7,524272575000055;52,172838212000045;5210906709100440000;0
43695;5;9;15;0;2021;12;15;4;3;4;2;1;1;0;0;0;0;0;418545,036016085185111;5725648,821138262748718;7,821953274000066;51,675899537000078;5211208303100380000;0
43698;5;9;78;36;2021;9;14;6;3;3;2;1;1;0;0;0;0;0;417401,535375878214836;5710568,681520834565163;7,808972251000057;51,540167948000033;5210910317110080000;0
43703;5;3;74;12;2021;5;11;2;2;5;3;1;1;0;0;0;0;0;396817,274508247151971;5648936,124418189749122;7,530035207000026;50,982759051000073;5210503605112080000;0
43708;5;5;70;44;2021;11;17;3;3;0;2;1;1;0;0;0;1;0;416575,109999989159405;5759447,533999662846327;7,785323777000031;51,979434285000082;5211123711141080000;0
43710;5;5;15;0;2021;4;13;4;3;5;2;1;1;0;0;0;0;0;408795,245886909775436;5754078,383376859128475;7,673504657000024;51,929950483000027;5210428702100970000;0
43711;5;5;15;0;2021;10;15;1;3;0;1;1;0;0;0;0;0;0;406583,379372438415885;5759162,802252305671573;7,639962454000056;51,975284948000080;5211031702100270000;1
43716;5;5;70;4;2021;12;14;5;3;4;3;1;0;0;0;0;0;0;424698,093548651784658;5735952,780999038368464;7,908696080000027;51,769388269000046;5211209711212670000;0
43721;5;5;15;0;2021;10;10;3;3;5;3;1;1;0;0;0;0;0;407168,980762686580420;5757930,609710671007633;7,648818755000036;51,964307518000055;5211005702100020000;0
43722;5;5;15;0;2021;10;22;1;2;0;7;1;0;0;0;0;2;0;408431,410072587430477;5756502,059381537139416;7,667569135000065;51,951676242000076;5211024702100060000;0
43734;5;3;74;24;2021;2;15;7;3;5;3;1;1;0;0;0;0;0;397016,170170854777098;5660569,134916113689542;7,529561160000071;51,087369477000038;5210220605124910000;0
43740;5;9;15;0;2021;10;21;7;3;5;3;1;1;0;0;0;2;0;415432,583999988622963;5727575,331999650225043;7,776483342000063;51,692757700000072;5211002303200080000;0
43741;5;5;15;0;2021;10;9;3;2;4;6;1;0;0;0;0;0;0;410508,629037287086248;5758945,137483861297369;7,697149968000076;51,973974433000080;5211026702100170000;1
43744;5;5;15;0;2021;9;6;4;3;3;6;1;0;0;0;1;1;0;406400,365167226642370;5757668,447202548384666;7,637706196000067;51,961822199000039;5210908702100240000;0
43757;5;5;66;12;2021;12;10;5;3;5;3;1;1;0;0;0;0;0;405399,984271476045251;5773119,229595210403204;7,618877828000052;52,100529217000030;5211209709110140000;1
43763;5;5;66;28;2021;3;16;7;2;8;3;1;1;0;0;0;0;0;410012,126588277518749;5794209,384443428367376;7,680591830000026;52,290862932000039;5210306709700060000;0
43764;5;5;15;0;2021;6;15;3;3;5;2;1;1;0;0;0;0;0;406714,879999979399145;5757661,391999658197165;7,642284320000044;51,961811644000079;5210629702100080000;0
43771;5;9;15;0;2021;12;12;6;3;5;3;1;1;0;0;0;0;0;420667,088999990373850;5725999,009999647736549;7,852557290000050;51,679351355000051;5211210303100680000;0
43772;5;9;78;12;2021;5;16;2;3;3;6;1;0;0;0;0;0;1;409089,497292296960950;5703893,554490517824888;7,690870228000051;51,478885173000037;5210510317130460000;0
43773;5;5;15;0;2021;1;18;1;3;5;3;1;0;0;0;1;2;0;407679,199711354449391;5761472,365110553801060;7,655289878000076;51,996227594000061;5210124702100360000;0
43774;5;5;15;0;2021;7;23;7;2;0;1;1;0;0;0;0;2;0;408570,214176266454160;5753637,911778634414077;7,670349739000073;51,925954321000063;5210703702100070000;1
43779;5;5;66;48;2021;11;19;4;3;0;6;1;0;0;0;0;2;0;428489,234865086153150;5796033,662136213853955;7,951061411000069;52,309976930000062;5211124709700260000;0
43783;5;9;70;16;2021;10;14;1;3;0;1;1;0;0;0;0;0;0;423599,343715715222061;5636046,181887064129114;7,914193924000074;50,871043333000046;5211024315120790000;1
43784;5;5;15;0;2021;4;12;4;2;5;3;1;1;0;0;0;0;0;411349,230183183215559;5752636,554362976923585;7,711011208000059;51,917402814000070;5210414702100080000;0
43786;5;9;78;24;2021;12;14;6;3;5;7;1;1;0;0;0;0;0;398722,118691593408585;5716190,455654675140977;7,538090253000064;51,587657767000053;5211224301301880000;1
43788;5;5;66;12;2021;2;14;6;3;5;3;1;1;0;0;0;0;0;405394,204490707255900;5773111,645972652360797;7,618795578000061;52,100460066000039;5210219709110070000;0
43793;5;5;15;0;2021;4;14;7;3;0;4;1;1;1;0;0;0;0;406681,465309049002826;5757107,633080111816525;7,641948570000068;51,956828578000056;5210417702100160000;0
43795;5;5;15;0;2021;1;17;6;3;5;3;1;1;0;0;0;2;0;405473,300129195675254;5754856,657868411391973;7,624990717000060;51,936391741000079;5210108702100330000;1
43797;5;9;58;44;2021;10;15;2;3;6;3;1;0;1;0;0;0;0;428672,740492511540651;5691067,664052031934261;7,975399574000051;51,366383951000046;5211011313130880000;0
43799;5;5;15;0;2021;11;10;3;3;5;3;1;1;0;0;0;0;0;402694,077006976120174;5754851,318430194631219;7,584578084000043;51,935864717000072;5211102702100190000;0
43802;5;5;66;28;2021;9;5;2;3;7;1;1;1;0;0;0;2;0;408013,317021818831563;5794989,449854563921690;7,651080852000064;52,297543182000027;5210906709700680000;0
43810;5;9;62;36;2021;6;11;6;2;2;6;1;1;0;0;0;0;0;412244,129999984055758;5663494,688999617472291;7,746219358000076;51,116202950000059;5210625307000660000;0
43824;5;9;78;40;2021;10;19;2;3;1;5;1;1;0;0;0;2;0;405914,582512727938592;5724414,107289427891374;7,639668978000032;51,662827129000050;5211004317240670000;1
43825;5;5;15;0;2021;4;6;3;3;4;6;1;0;0;0;0;0;0;405859,740999978035688;5753250,336999656632543;7,631049696000048;51,922018839000032;5210420702100370000;0
43836;5;5;15;0;2021;10;14;5;2;5;3;1;1;0;0;0;0;0;409201,285178448073566;5756170,738248137757182;7,678856024000027;51,948824336000030;5211028702100800000;0
43840;5;9;62;24;2021;6;8;7;3;0;1;1;0;0;0;0;0;0;403197,683999977074564;5691406,877999627962708;7,609464137000032;51,365662422000071;5210626307000080000;0
43846;5;9;78;28;2021;2;13;1;3;0;1;1;0;0;0;0;0;0;399719,683838461525738;5698503,727914014831185;7,557514936000075;51,428852803000041;5210228317140840000;0
43848;5;9;62;32;2021;6;18;6;2;2;6;1;0;0;0;0;0;0;406814,351555819623172;5676279,541509354487062;7,665350826000065;51,230278832000067;5210625307000590000;0
43852;5;9;15;0;2021;10;14;5;3;2;2;1;0;0;1;0;0;0;423116,906999993138015;5718095,115999648347497;7,889720308000051;51,608637555000030;5211028303100350000;0
43862;5;5;66;12;2021;7;23;7;3;0;1;1;0;0;0;0;2;0;405211,023708689026535;5774184,177521662786603;7,615823576000025;52,110068807000061;5210710709100770000;0
43863;5;9;13;0;2021;2;12;1;3;1;7;1;1;0;0;1;0;0;402435,078914164565504;5704422,096930794417858;7,594929159000060;51,482527620000042;5210228301303350000;0
43870;5;5;15;0;2021;9;17;5;3;3;2;1;0;0;0;1;0;0;406034,788822994567454;5756776,962620969861746;7,632630898000059;51,953747459000056;5210930702100350000;0
43873;5;5;15;0;2021;10;5;6;3;5;3;1;0;0;0;0;2;0;404219,943981128744781;5759077,647059002891183;7,605588223000041;51,974117217000071;5211029702100370000;0
43875;5;5;70;4;2021;2;14;2;3;5;2;1;1;0;0;0;0;0;424348,221131460741162;5730249,784024557098746;7,904866994000031;51,718072826000082;5210222711214350000;0
43902;5;5;15;0;2021;3;18;6;3;5;2;1;1;0;0;0;1;0;405767,052287165075541;5755714,437655335292220;7,629027337000025;51,944151694000027;5210305702100910000;0
43904;5;5;15;0;2021;11;9;5;3;5;3;1;1;0;0;0;0;0;404004,996049094013870;5761392,742666430771351;7,601812004000067;51,994888913000068;5211111702100860000;0
43911;5;9;78;40;2021;6;11;4;3;0;1;1;0;0;0;0;0;0;404952,084999977611005;5723528,015999643132091;7,625997970000071;51,654700172000048;5210616317240980000;0
43914;5;5;15;0;2021;10;22;4;3;5;3;1;1;0;0;0;2;0;405152,156571276485920;5756971,806777397170663;7,619737176000058;51,955348968000067;5211006702100270000;0
43920;5;9;78;36;2021;11;17;1;3;0;7;1;0;0;0;0;2;0;408540,265967519022524;5713068,011608835309744;7,680582059000074;51,561268715000040;5211107317110190000;0
43921;5;5;15;0;2021;7;8;3;2;5;7;1;1;0;0;0;0;0;406723,064452731981874;5757080,058631688356400;7,642561259000047;51,956587705000061;5210706702100460000;1
43923;5;5;15;0;2021;12;10;4;3;2;6;1;0;0;0;0;0;0;404688,070607517845929;5758538,363237304612994;7,612551009000072;51,969350423000037;5211215702100790000;1
43924;5;5;70;52;2021;11;15;4;3;5;2;1;1;0;0;0;0;0;430150,137426599860191;5755153,024537554010749;7,983814261000020;51,942700885000079;5211103711112850000;1
43938;5;5;70;20;2021;11;14;4;3;5;3;1;1;0;0;0;0;0;427848,066329360008240;5741544,908734045922756;7,953174836000073;51,820075098000075;5211124711421780000;0
43942;5;9;74;52;2021;5;16;2;3;5;3;1;1;0;0;0;0;0;425062,775999993085861;5712340,863999644294381;7,919043673000033;51,557169213000066;5210524316200080000;0
43947;5;5;58;28;2021;12;15;4;3;6;6;1;0;1;0;0;1;0;399029,674601273611188;5733227,782239984720945;7,537605229000064;51,740853879000042;5211229706000750000;1
43953;5;9;62;24;2021;10;12;4;2;1;5;1;0;0;0;0;0;1;408120,587847279384732;5697744,089407313615084;7,678518862000033;51,423448575000066;5211027307000480000;0
43955;5;5;15;0;2021;7;10;6;3;0;3;1;1;0;0;0;0;0;406088,946747321635485;5758926,834625555202365;7,632830865000074;51,973080632000062;5210702702100560000;0
43957;5;5;15;0;2021;6;10;2;3;2;6;1;1;0;0;0;0;0;404293,603999977000058;5759004,517999656498432;7,606680650000044;51,973472599000047;5210607702100150000;0
43959;5;9;15;0;2021;7;5;2;3;5;3;1;1;0;0;0;1;0;419680,028857548721135;5728239,451223099604249;7,837768216000029;51,699351690000071;5210705303100560000;0
43963;5;9;78;16;2021;9;15;5;2;3;6;1;1;0;0;0;0;0;406249,002121937461197;5705084,835647869855165;7,649662246000048;51,489130235000061;5210909317120160000;0
43965;5;9;78;24;2021;7;12;6;3;5;7;1;1;0;0;0;0;0;399293,343999969772995;5716606,782999632880092;7,546213353000041;51,591502392000052;5210702301301570000;0
43967;5;5;70;4;2021;12;15;4;3;5;3;1;1;0;0;0;0;0;422687,574722398072481;5735955,810274066403508;7,879564133000031;51,769141441000045;5211222711216480000;0
43985;5;5;15;0;2021;4;7;4;2;0;6;1;0;0;0;1;0;0;405946,015999978408217;5756806,164999656379223;7,631331492000072;51,953994937000061;5210414702100170000;0
43991;5;5;15;0;2021;10;18;4;3;4;6;1;0;0;0;0;2;0;402592,903832178562880;5757600,754611352458596;7,582327758000076;51,960559733000082;5211020702100670000;0
43997;5;9;70;16;2021;9;15;7;2;4;6;1;0;0;0;0;0;0;420606,145686835050583;5637843,343596771359444;7,871272917000056;50,886798087000045;5210904315120070000;0
44003;5;9;15;0;2021;1;16;6;3;5;3;1;1;0;0;0;0;0;414036,467999987304211;5722417,780999645590782;7,757558679000056;51,646182607000071;5210108303100170000;0
44011;5;5;15;0;2021;6;1;4;3;9;1;1;0;0;0;0;2;0;403208,700925058685243;5755253,448133453726768;7,591948241000068;51,939568942000051;5210630702100570000;1
44014;5;9;62;24;2021;1;6;4;3;5;3;1;1;0;0;0;2;0;409348,805492556653917;5695643,958035292103887;7,696716111000057;51,404767165000067;5210106307000570000;1
44017;5;5;66;12;2021;5;8;5;3;5;3;1;0;0;0;0;0;0;406551,562684777192771;5767756,358126243576407;7,637154140000064;52,052521880000029;5210513709100190000;0
44019;5;5;66;8;2021;9;7;2;3;5;3;1;1;0;0;0;0;0;399299,232863938435912;5779408,366345895454288;7,527978249000057;52,155977865000068;5210913709110920000;0
44022;5;5;70;4;2021;11;10;3;3;5;3;1;1;0;0;0;0;0;423859,927587119862437;5734452,391939587891102;7,896880275000058;51,755786913000065;5211109711214880000;0
44023;5;9;15;0;2021;6;11;5;3;6;1;1;0;1;0;0;0;0;419061,103743248619139;5726275,257469905540347;7,829270022000060;51,681605538000042;5210624303100480000;0
44025;5;9;74;52;2021;1;18;7;2;2;6;1;1;0;0;0;2;0;424996,128196106292307;5712259,809463819488883;7,918099765000022;51,556431671000041;5210109316200510000;0
44026;5;5;66;28;2021;6;13;4;3;4;6;1;0;0;0;0;0;0;412463,779297172091901;5792014,668587591499090;7,717098099000054;52,271532287000070;5210623709700940000;0
44028;5;5;15;0;2021;12;16;3;3;2;6;1;0;0;0;0;2;0;405494,296098863705993;5751856,668905686587095;7,626119643000038;51,909429942000031;5211207702100070000;1
44029;5;5;66;8;2021;4;8;5;3;0;1;1;0;0;0;0;0;0;399987,437023334205151;5777757,796822462230921;7,538520598000048;52,141267964000065;5210401709110070000;0
44033;5;5;70;16;2021;9;7;2;3;0;3;1;1;0;0;0;0;0;412336,396999985910952;5739684,259999657049775;7,728647157000069;51,801131527000052;5210906711221380000;0
44039;5;9;78;4;2021;12;17;2;3;5;2;1;1;0;0;0;2;0;406378,564999978989363;5722166,038999645039439;7,646977337000067;51,642696778000072;5211220317220790000;1
44042;5;5;15;0;2021;6;16;6;3;0;1;1;0;0;0;0;0;0;405386,589718456380069;5755638,714341072365642;7,623514638000074;51,943406484000036;5210625702100950000;0
44043;5;5;70;4;2021;1;6;3;3;5;3;1;1;0;0;0;2;0;422759,130383682437241;5735236,122548479586840;7,880760951000070;51,762681613000041;5210119711215680000;1