OID_;ULAND;UREGBEZ;UKREIS;UGEMEINDE;UJAHR;UMONAT;USTUNDE;UWOCHENTAG;UKATEGORIE;UART;UTYP1;IstRad;IstPKW;IstFuss;IstKrad;IstSonstige;ULICHTVERH;IstGkfz;LINREFX;LINREFY;XGCSWGS84;YGCSWGS84;UIDENTSTLAE;IstStrassenzustand
44049;5;9;15;0;2021;9;16;6;3;6;7;1;0;1;0;0;0;0;414124,618167198263109;5722528,902621768414974;7,758805120000034;51,647194993000028;5210924303100070000;0
44051;5;5;15;0;2021;10;11;6;3;3;2;1;1;0;0;0;0;0;406952,549999981187284;5758304,253999661654234;7,645568246000039;51,967629835000082;5211001702100060000;0
44052;5;9;78;24;2021;10;0;1;3;5;3;1;1;0;0;0;2;0;398055,086801993660629;5718581,966054627671838;7,527770259000022;51,609033822000072;5211003301301460000;0
44056;5;9;15;0;2021;9;7;4;3;5;2;1;1;0;0;0;0;0;420425,471999991685152;5725105,565999649465084;7,849266978000060;51,671285429000079;5210922303100060000;0
44061;5;5;15;0;2021;5;7;2;3;5;2;1;1;0;0;0;0;0;407637,971161924302578;5754832,044230332598090;7,656475715000056;51,936533997000026;5210531702100440000;0
44066;5;5;66;12;2021;3;15;3;2;0;7;1;0;0;0;0;0;0;400951,065287792123854;5775941,354040294885635;7,553126261000045;52,125115607000055;5210323709110550000;0
44069;5;5;70;52;2021;2;11;7;3;0;1;1;0;0;0;0;0;0;428142,171728521585464;5745886,102723490446806;7,956539276000058;51,859139089000053;5210227711114460000;0
44074;5;5;66;28;2021;9;9;3;3;5;3;1;1;0;0;0;0;0;412480,984595917165279;5791835,381669064983726;7,717396702000030;52,269923543000061;5210907709700430000;0
44076;5;9;78;28;2021;11;11;1;3;5;3;1;1;0;0;0;0;0;398584,097999966703355;5697934,364999625831842;7,541348715000026;51,423532738000063;5211114317140490000;0
44083;5;9;78;36;2021;5;14;2;3;0;3;1;1;0;0;0;0;0;408643,505585333332419;5712774,979906218126416;7,682147142000076;51,558651311000062;5210531317110070000;0
44085;5;5;15;0;2021;11;17;7;3;0;7;1;1;0;0;0;2;0;405539,044479993171990;5756641,749921418726444;7,625456299000064;51,952448125000046;5211120702100400000;0
44088;5;9;58;4;2021;9;16;5;3;2;6;1;1;0;0;0;0;0;428528,835588925518095;5698673,115213207900524;7,971800643000051;51,434742165000046;5210930313110690000;0
44090;5;5;15;0;2021;9;13;6;3;0;3;1;1;0;0;0;0;0;403067,412999974563718;5760216,256999656558037;7,588492931000076;51,984151507000036;5210903702100060000;0
44092;5;9;15;0;2021;11;18;3;3;0;3;1;1;0;0;0;2;0;420814,106999991461635;5724296,782999647781253;7,855069163000053;51,664069652000080;5211109303100540000;0
44102;5;9;70;16;2021;12;14;3;3;6;6;1;0;1;0;0;0;0;421484,363947530277073;5639558,301390552893281;7,883387143000050;50,902337236000051;5211221315120380000;0
44103;5;9;15;0;2021;6;12;6;3;0;1;1;0;0;0;0;0;0;418373,181999990716577;5724959,640999652445316;7,819629465000048;51,669679168000073;5210625303100580000;0
44105;5;9;15;0;2021;3;12;5;1;3;2;1;1;0;0;0;0;0;417805,084106091409922;5725848,027033759281039;7,811207259000071;51,677582504000043;5210304303100870000;1
44108;5;9;62;24;2021;9;7;4;2;5;3;1;0;0;0;0;0;1;409029,915125416591763;5694661,458448380231857;7,692384648000029;51,395883886000036;5210908307000580000;0
44111;5;9;13;0;2021;10;16;3;3;6;7;1;1;1;0;0;0;0;396774,402999964542687;5712808,894999628886580;7,510979429000031;51,556908896000039;5211005301306180000;0
44117;5;5;15;0;2021;11;12;1;2;0;1;1;0;0;0;0;0;0;406629,604877125471830;5756129,980011889711022;7,641459715000053;51,948032237000064;5211114702100670000;0
44119;5;5;15;0;2021;12;17;5;3;3;2;1;1;0;0;0;2;0;405458,522656012326479;5759120,907325059175491;7,623602465000033;51,974718148000079;5211216702100470000;0
44121;5;5;70;4;2021;4;16;2;3;8;3;1;1;0;0;0;0;0;428660,513026861473918;5735554,972473697736859;7,966192316000047;51,766331029000071;5210426711213880000;0
44127;5;9;62;24;2021;2;5;2;3;3;1;1;1;0;0;0;2;0;407188,404735813848674;5691566,775568289682269;7,666730852000057;51,367766036000035;5210222307000570000;0
44128;5;9;13;0;2021;9;17;3;3;5;2;1;1;0;0;0;0;0;399188,508999968878925;5709058,049999628216028;7,546864877000075;51,523630042000036;5210914301401870000;0
44129;5;5;66;8;2021;9;11;5;3;1;5;1;1;0;0;0;0;0;399089,505307952873409;5781314,270420674234629;7,524346983000044;52,173069312000052;5210916709000570000;1
44134;5;9;15;0;2021;5;15;4;3;3;2;1;1;0;0;0;0;0;417512,932999989017844;5725653,573999648913741;7,807028771000034;51,675791635000053;5210505303100580000;1
44135;5;9;62;40;2021;4;16;4;2;5;3;1;1;0;0;0;0;0;410429,214354213327169;5703121,158275768160820;7,710352975000035;51,472155470000075;5210414307000970000;0
44136;5;9;62;16;2021;5;12;2;3;5;3;1;1;0;0;0;0;0;413880,627943379804492;5692478,812037631869316;7,762620806000029;51,377019443000052;5210510307000570000;0
44142;5;9;66;4;2021;6;12;7;3;4;6;1;0;0;0;1;0;0;419477,592125456780195;5659260,524704283103347;7,850486002000025;51,079197802000067;5210619314210160000;0
44143;5;5;66;12;2021;9;16;5;3;4;6;1;0;0;0;0;0;0;403978,904517060145736;5772303,269881106913090;7,598367223000025;52,092950449000057;5210930709000540000;0
44144;5;5;66;72;2021;1;10;7;3;0;1;1;0;0;0;0;0;0;412788,199422711506486;5802471,612540643662214;7,719140263000043;52,365573219000055;5210109709700960000;1
44147;5;5;66;28;2021;11;13;3;3;5;3;1;0;0;0;0;0;0;409561,208360695280135;5794255,279066488146782;7,673970034000035;52,291201403000059;5211109709700040000;0
44149;5;9;62;32;2021;2;23;4;3;0;1;1;0;0;0;0;2;0;404471,197594140656292;5675662,480571720749140;7,631965695000076;51,224344273000042;5210203307000070000;1
44150;5;5;58;28;2021;4;16;1;2;3;2;1;1;0;0;0;0;0;400025,799999970011413;5728741,205999638885260;7,553315343000065;51,700704815000051;5210411706300970000;1
44152;5;9;74;52;2021;12;14;2;3;5;3;1;1;0;0;0;0;0;427794,704934365116060;5711355,370356909930706;7,958646467000051;51,548665813000071;5211206316200780000;0
44157;5;9;78;20;2021;6;10;5;3;5;3;1;1;0;0;0;0;0;406150,284999980591238;5716302,937999639660120;7,645249535000062;51,589955136000071;5210610317210070000;0
44173;5;5;15;0;2021;6;11;1;3;5;3;1;0;0;1;0;0;0;404659,057745852507651;5755252,423865310847759;7,613040565000063;51,939810143000045;5210606702100760000;0
44177;5;5;66;92;2021;7;13;5;2;0;2;1;1;0;0;0;0;0;423174,004350489936769;5796634,087946109473705;7,872974932000034;52,314656031000027;5210701709700380000;1
44178;5;9;15;0;2021;6;8;6;3;5;3;1;1;0;0;0;0;0;415183,877999986521900;5727250,962999649345875;7,772964821000073;51,689804303000074;5210618303200610000;0
44179;5;5;70;16;2021;7;11;7;3;5;3;1;1;0;0;0;0;0;410238,929999982938170;5740167,095999656245112;7,698111712000070;51,805138947000046;5210703711221070000;0
44186;5;5;15;0;2021;11;8;2;3;5;3;1;1;0;0;0;0;0;403993,256999975070357;5761414,572999661788344;7,601634963000038;51,995083100000045;5211129702100360000;1
44187;5;9;58;44;2021;6;17;1;2;5;3;1;1;0;0;0;0;0;426780,288906726986170;5683608,298480084165931;7,949753230000056;51,299079886000072;5210613313130170000;0
44188;5;5;70;4;2021;11;11;4;3;5;2;1;1;0;0;0;0;0;423799,354999993927777;5736183,357999652624130;7,895623221000051;51,771339455000032;5211124711211570000;0
44192;5;9;78;20;2021;9;18;6;3;0;1;1;0;0;0;0;0;0;410780,774539017118514;5715468,535677514970303;7,712285564000069;51,583206750000045;5210924317210770000;0
44194;5;5;15;0;2021;6;15;6;3;0;7;1;1;0;0;0;0;0;405592,486160779371858;5756889,050545364618301;7,626165767000032;51,954680046000078;5210611702100060000;0
44200;5;9;62;48;2021;9;4;5;3;0;6;1;1;0;0;0;2;0;415523,784650066867471;5681958,939581342041492;7,788718914000071;51,282692956000062;5210930307000950000;0
44201;5;9;62;20;2021;2;15;3;2;0;1;1;0;0;0;0;0;0;412666,549803741276264;5670207,434326779097319;7,750624545000051;51,176615990000073;5210223307000670000;0
44204;5;5;15;0;2021;9;9;4;3;5;3;1;1;0;0;0;0;0;405578,327999978326261;5756998,950999662280083;7,625929598000027;51,955665476000036;5210908702100490000;0
44205;5;3;82;52;2021;5;12;7;3;5;3;1;1;0;0;0;0;0;394455,318684465251863;5633951,221772538498044;7,500733873000058;50,847623472000066;5210501607000580000;0
44213;5;5;15;0;2021;1;14;3;3;5;3;1;1;0;0;0;0;0;407236,135999980382621;5751236,058999661356211;7,651601146000075;51,904144330000065;5210119702100780000;1
44214;5;5;15;0;2021;6;8;5;3;5;3;1;1;0;0;0;0;0;408416,299740183167160;5751425,574128009378910;7,668700391000073;51,906043076000060;5210624702100550000;0
44223;5;5;70;16;2021;11;12;3;3;5;3;1;1;0;0;0;0;0;413300,045246239751577;5739011,188336517661810;7,742787241000030;51,795231464000040;5211123711221000000;1
44226;5;5;70;24;2021;3;14;4;2;5;3;1;1;0;0;0;0;0;415434,220896346494555;5753772,336972026154399;7,770113117000051;51,928247726000052;5210324702100070000;0
44230;5;5;15;0;2021;1;18;4;3;5;2;1;1;0;0;0;2;0;405017,682625291869044;5757717,275562029331923;7,617574755000021;51,962026590000050;5210127702100160000;1
44239;5;5;15;0;2021;10;17;2;3;5;2;1;1;0;0;0;0;0;405428,197106653824449;5756136,602089628577232;7,623982810000030;51,947888796000029;5211004702100390000;0
44240;5;5;15;0;2021;5;23;7;3;0;1;1;0;1;0;0;2;0;404258,149785186164081;5748545,752670584246516;7,609074138000040;51,879458778000071;5210501702100430000;0
44242;5;5;70;4;2021;6;19;6;3;0;3;1;1;0;0;0;0;0;424569,300999992527068;5735056,567999655380845;7,907024536000051;51,761314260000063;5210611711211070000;0
44247;5;5;15;0;2021;9;8;5;2;6;7;1;0;1;0;0;0;0;406929,618728039786220;5749168,327469475567341;7,647705141000074;51,885507171000029;5210909702100050000;0
44255;5;5;15;0;2021;6;18;4;3;5;3;1;1;0;0;0;0;0;403054,664287882857025;5758146,528273593634367;7,588891994000051;51,965546008000047;5210623702100560000;0
44259;5;9;78;36;2021;9;15;3;3;3;6;1;0;0;0;0;0;1;409302,477506783790886;5710920,832610797137022;7,692128488000037;51,542090168000072;5210914317110200000;0
44262;5;5;15;0;2021;4;16;3;3;0;7;1;0;0;0;0;0;0;405683,780049814842641;5753902,925991699099541;7,628312912000069;51,927854852000053;5210420702100740000;0
44264;5;5;66;8;2021;11;16;5;3;5;3;1;1;0;0;0;1;0;399094,575785195454955;5781289,084006631746888;7,524428595000074;52,172843871000055;5211125709100030000;1
44277;5;5;15;0;2021;10;12;1;3;3;6;1;0;0;0;0;0;0;403682,801330610178411;5755653,391780704259872;7,598730862000025;51,943246049000038;5211024702100540000;1
44279;5;9;62;40;2021;11;16;2;3;5;3;1;1;0;0;0;1;0;415339,974432107061148;5700337,112992351874709;7,781707394000023;51,447883757000056;5211108307000370000;0
44282;5;3;74;40;2021;2;17;1;3;5;3;1;0;0;1;0;0;0;404083,758999975398183;5646591,735999604687095;7,634140988000070;50,962939602000063;5210228605140860000;0
44284;5;5;15;0;2021;6;8;2;3;5;2;1;1;0;0;0;0;0;406165,184720505960286;5758559,671701375395060;7,634040773000038;51,969793286000026;5210628702100580000;0
44285;5;5;15;0;2021;11;14;3;3;0;6;1;0;0;0;0;0;0;405468,126711370423436;5755055,438109233975410;7,624860853000030;51,938177591000056;5211116702100290000;0
44295;5;5;66;8;2021;11;18;3;3;0;1;1;0;0;0;0;2;0;398928,639999968931079;5779590,912999665364623;7,522508619000064;52,157550830000048;5211116709110970000;1
44303;5;5;15;0;2021;9;17;3;3;5;2;1;1;0;0;0;0;0;409480,456899750046432;5752249,336509035900235;7,683948548000046;51,913621580000040;5210921702100090000;0
44305;5;9;13;0;2021;7;10;5;3;1;5;1;0;0;0;1;0;0;396480,717404921539128;5705105,627637933939695;7,509007973000053;51,487613166000074;5210708301102680000;0
44306;5;5;15;0;2021;11;13;3;2;0;1;1;0;0;0;0;0;0;404985,665586533956230;5763557,993887757882476;7,615490646000069;52,014519553000071;5211130702100260000;1
44314;5;5;15;0;2021;12;8;2;3;5;3;1;1;0;0;0;1;0;406307,862470924854279;5751065,777154428884387;7,638158319000070;51,902458404000072;5211213702100030000;0
44315;5;5;15;0;2021;11;8;3;3;5;3;1;0;0;0;0;1;0;405929,625851106829941;5756153,101469766348600;7,631271814000058;51,948122126000044;5211116702100270000;1
44325;5;5;66;8;2021;9;8;3;3;7;6;1;0;0;0;0;0;0;400272,012706798501313;5780649,055273160338402;7,541828654000028;52,167305491000036;5210928709110370000;0
44335;5;9;78;36;2021;9;18;6;3;7;7;1;0;1;0;0;0;0;406029,980393768288195;5708859,705212399363518;7,645502623000027;51,523026955000034;5210903317110600000;0
44339;5;9;66;24;2021;5;17;1;3;5;3;1;1;0;0;0;0;0;418960,332999990321696;5653028,009999617934227;7,844498738000027;51,023090996000064;5210502314110760000;0
44345;5;5;15;0;2021;11;19;2;3;0;1;1;0;0;0;0;2;0;406419,860517876222730;5761347,106331164017320;7,636986586000035;51,994890914000052;5211108702100270000;1
44351;5;9;15;0;2021;9;10;6;3;5;3;1;1;0;0;0;0;0;423307,130127668380737;5727208,678446320816875;7,890468231000057;51,690592719000051;5210910303100870000;0
44354;5;5;70;52;2021;10;19;6;2;0;1;1;0;0;0;0;2;0;425542,770116829313338;5753177,611797053366899;7,917225713000050;51,924345460000040;5211001711161480000;1
44356;5;5;70;44;2021;3;5;6;3;5;3;1;1;0;0;0;1;0;415903,836771133355796;5759582,561313655227423;7,775519266000060;51,980546840000045;5210319711141180000;0
44366;5;5;15;0;2021;3;15;4;3;5;3;1;1;0;0;0;0;0;404681,094878212548792;5758302,417773082852364;7,612515002000066;51,967228462000037;5210303702100070000;0
44368;5;9;15;0;2021;10;15;3;3;1;3;1;1;0;0;0;0;0;419827,430017329752445;5725594,235134303569794;7,840508372000045;51,675593345000038;5211026303100570000;0
44377;5;3;74;24;2021;9;10;1;2;0;1;1;0;0;0;0;0;0;402027,243381037376821;5661736,332648549228907;7,600770899000054;51,098740074000034;5210926605124270000;0
44381;5;3;74;12;2021;11;15;7;3;5;2;1;1;0;0;0;0;0;400061,532999970018864;5651193,705999603495002;7,575616903000025;51,003626440000062;5211127605112540000;0
44388;5;9;13;0;2021;6;20;1;3;0;6;1;0;0;0;1;0;0;396387,148760919459164;5703999,087809246033430;7,507985468000072;51,477649671000052;5210620301303070000;0
44393;5;5;66;56;2021;2;14;6;2;5;7;1;1;0;0;0;0;0;417193,671999988146126;5796947,537999687716365;7,785187882000059;52,316604000000041;5210205709700360000;0
44400;5;3;74;12;2021;9;15;5;3;5;3;1;1;0;0;0;0;0;402393,410999974235892;5651370,217999609187245;7,608794152000030;51,005613640000036;5210902605112460000;0
44410;5;5;15;0;2021;9;9;4;2;5;3;1;1;0;0;0;0;0;405227,361296191811562;5750565,592781266197562;7,622595328000045;51,897779744000047;5210908702100550000;0
44421;5;9;13;0;2021;7;12;6;2;4;7;1;0;0;0;0;0;0;403928,424069096334279;5709980,989172844216228;7,614914047000070;51,532752644000027;5210709301304870000;0
44423;5;9;78;4;2021;12;13;6;3;0;1;1;0;0;0;0;0;0;402611,572281694039702;5719849,519540492445230;7,593198278000045;51,621234263000076;5211217317220780000;0
44425;5;9;15;0;2021;9;15;3;3;2;6;1;1;0;0;0;0;0;415427,975835354067385;5727209,020605685189366;7,776505483000051;51,689464093000026;5210921303200690000;0
44437;5;5;66;28;2021;11;8;3;3;5;3;1;1;0;0;0;0;0;412565,662979468703270;5792492,315955150872469;7,718467039000075;52,275841730000081;5211102709800470000;0
44443;5;5;15;0;2021;10;7;3;2;5;3;1;0;0;0;1;2;0;401318,173999971710145;5748333,690999651327729;7,566437386000075;51,877040160000035;5211019702100070000;0
44446;5;9;15;0;2021;5;5;2;3;5;3;1;1;0;0;0;0;0;413896,663513600826263;5725545,284730095416307;7,754768116000037;51,674275462000026;5210503303100060000;0
44448;5;5;15;0;2021;5;12;6;3;0;7;1;0;0;0;0;0;0;406712,945677398703992;5751241,886055475100875;7,643996862000051;51,904109347000031;5210514702100030000;0
44451;5;9;62;52;2021;6;13;1;3;0;5;1;1;0;0;0;0;0;419189,972614351660013;5675940,141549844294786;7,842635149000046;51,229114312000036;5210627307000730000;0
44456;5;5;70;48;2021;10;16;6;3;5;3;1;1;0;0;0;0;0;451272,121261853724718;5726099,481365719810128;8,295156020000036;51,683744394000030;5211029711321540000;0
44459;5;7;54;24;2021;9;16;3;3;5;3;1;1;0;0;0;0;0;452993,915999999269843;5738727,965999659150839;8,318353286000047;51,797430370000029;5210928405224270000;0
44462;5;9;70;44;2021;10;14;1;3;7;5;1;1;0;0;0;0;0;440176,515790639445186;5632476,029042050242424;8,150340682000035;50,840895185000079;5211024315150460000;0
44464;5;9;74;20;2021;6;0;5;2;0;1;1;0;0;0;0;2;0;465747,237555842846632;5721778,892183262854815;8,504950506000057;51,645967029000076;5210603316300770000;0
44474;5;7;11;0;2021;3;5;2;2;4;7;1;0;0;0;0;2;0;474077,235991414636374;5762588,775597915053368;8,622282456000050;52,013335531000052;5210301400200160000;0
44481;5;7;70;20;2021;3;20;4;3;2;4;1;1;1;0;0;2;0;473387,037871312350035;5795403,204204557463527;8,609653407000053;52,308321123000042;5210317410210060000;0
44483;5;7;11;0;2021;9;21;2;3;3;2;1;1;0;0;0;2;0;467370,667288120836020;5765366,620370475575328;8,524300200000027;52,037956225000073;5210920400100160000;0
44492;5;9;74;28;2021;12;15;2;3;5;3;1;1;0;0;0;0;0;452619,762069065123796;5723395,694842202588916;8,315014772000040;51,659550472000035;5211213316300080000;0
44496;5;9;58;36;2021;6;4;5;3;8;7;1;0;0;0;0;1;0;464607,274662848562002;5689439,173001358285546;8,491720462000046;51,355118022000056;5210603313212570000;0
44500;5;9;74;24;2021;11;8;4;3;5;2;1;1;0;0;0;0;0;430019,628517683595419;5728122,148895153775811;7,987378949000060;51,699681772000076;5211117316100580000;1
44503;5;7;66;8;2021;9;7;4;3;3;6;1;0;0;0;0;0;0;481960,608890408650041;5768536,188592024147511;8,736834734000070;52,067119819000027;5210901404302480000;0
44506;5;7;58;4;2021;6;15;1;3;5;3;1;1;0;0;0;0;0;473900,079850138165057;5784682,663653133437037;8,618007311000042;52,211964240000043;5210627406210730000;0
44510;5;7;58;8;2021;9;11;7;3;5;3;1;1;0;0;0;0;0;470668,934101572260261;5778321,544512141495943;8,571268656000029;52,154612541000063;5210904406130170000;0
44511;5;7;66;8;2021;9;13;3;3;7;6;1;0;0;0;0;0;0;481180,680088612250984;5771202,791691020131111;8,725309861000028;52,091068585000073;5210907404302780000;0
44512;5;9;70;40;2021;10;16;4;3;5;3;1;1;0;0;0;0;0;431662,417146821506321;5638255,274740029126406;8,028354628000045;50,891915794000056;5211006315110380000;1
44515;5;9;74;28;2021;6;17;5;3;5;3;1;1;0;0;0;0;0;454735,228006085380912;5725748,954608805477619;8,345291315000054;51,680882720000056;5210617316300080000;0
44527;5;5;70;20;2021;6;17;4;3;5;3;1;1;0;0;0;0;0;437186,807225136086345;5746486,370309682562947;8,087749671000040;51,865626986000052;5210623711422770000;0
44529;5;7;74;24;2021;5;1;1;3;8;1;1;0;0;0;0;2;0;477362,725023442879319;5739393,068293165415525;8,671678281000027;51,804927852000048;5210530411224190000;0
44533;5;5;70;28;2021;4;15;4;1;4;6;1;0;0;0;0;0;0;444330,957684261724353;5743053,616678778082132;8,192046776000041;51,835524200000066;5210428711411880000;0
44542;5;9;74;28;2021;10;12;1;3;0;1;1;0;0;0;0;0;0;453633,952729872427881;5725361,695742221549153;8,329415087000029;51,677311088000067;5211024316300070000;1
44544;5;7;74;24;2021;12;17;2;3;5;3;1;1;0;0;0;2;0;476580,218000002205372;5740883,449999656528234;8,660228582000059;51,818295775000081;5211220411224070000;0
44547;5;7;11;0;2021;11;6;3;3;4;2;1;1;0;0;0;2;0;466050,744822316803038;5757698,183942822739482;8,505817816000047;51,968932991000031;5211130400300390000;1
44548;5;7;74;36;2021;4;16;3;2;5;3;1;0;0;0;1;0;0;464033,140406297519803;5729097,026033489033580;8,479424096000059;51,711657928000079;5210413411236570000;0
44550;5;7;66;56;2021;10;8;1;2;5;3;1;1;0;0;0;0;0;478796,806819817982614;5757666,075926419347525;8,691354010000055;51,969276726000032;5211010404102390000;0
44551;5;7;54;40;2021;3;13;1;3;5;2;1;1;0;0;0;0;0;460069,690999999642372;5761879,565999669954181;8,418272236000064;52,006128252000053;5210321405140570000;0
44554;5;7;58;24;2021;1;17;3;3;5;3;1;1;0;0;0;2;0;483351,435000000521541;5783375,945999683812261;8,756397780000043;52,200582765000036;5210119406220740000;1
44560;5;7;66;20;2021;9;12;1;3;5;3;1;1;0;0;0;0;0;487854,023275477811694;5754559,545036321505904;8,823305006000055;51,941617692000079;5210912404101270000;0
44567;5;9;58;24;2021;12;21;5;2;5;3;1;1;0;0;0;2;0;489752,804000000469387;5701193,624999640509486;8,852496151000025;51,461822265000080;5211223313220370000;1
44569;5;9;74;4;2021;11;2;7;2;0;5;1;1;0;0;0;2;0;450961,893797754310071;5710564,227463154122233;8,292842896000025;51,544042019000074;5211113316300580000;0
44570;5;9;74;28;2021;10;7;2;3;0;3;1;1;0;0;0;0;0;457100,213000000454485;5727053,849999651312828;8,379335767000043;51,692800576000081;5211004316200630000;0
44572;5;7;54;28;2021;7;17;7;2;0;7;1;0;0;0;0;0;0;453287,977000000886619;5743475,180999659001827;8,321976876000065;51,840135357000065;5210710405228580000;0
44573;5;7;54;8;2021;2;18;6;3;8;1;1;0;0;0;0;2;0;459110,058827203698456;5752282,226602770388126;8,405435306000072;51,919773220000081;5210219405108290000;0
44574;5;7;66;56;2021;6;13;5;2;0;1;1;0;0;0;0;0;0;476097,610407479107380;5756823,083421334624290;8,652122361000067;51,961587982000026;5210617404302780000;0
44577;5;7;54;44;2021;6;22;7;2;8;1;1;0;0;0;0;2;0;465493,328009076416492;5745884,758090782910585;8,498887893000074;51,862687189000042;5210619405244270000;0
44581;5;7;54;8;2021;5;9;3;3;5;2;1;1;0;0;0;0;0;459540,234000001102686;5751524,803999662399292;8,411778952000077;51,912994953000066;5210511405108780000;0
44583;5;7;54;20;2021;6;20;1;3;5;3;1;1;0;0;0;0;0;447337,618999999947846;5748216,496999662369490;8,234892728000034;51,882232044000034;5210613405220580000;0
44584;5;7;54;8;2021;9;17;3;2;3;2;1;1;0;0;0;0;0;455760,539999998174608;5752191,587999667972326;8,356746096000052;51,918702267000072;5210921405108770000;0
44587;5;7;74;20;2021;10;15;3;2;5;3;1;1;0;0;0;0;0;474055,943017987534404;5738515,042817072942853;8,623784831000023;51,796889786000065;5211019411220080000;0
44588;5;9;74;40;2021;6;7;4;2;0;3;1;1;0;0;0;0;0;437997,768636498600245;5712749,678859239444137;8,105529549000039;51,562414932000081;5210602316100680000;0
44597;5;7;54;32;2021;6;17;2;3;5;3;1;1;0;0;0;0;0;460718,697999999858439;5741113,803999658674002;8,430095208000068;51,819476959000042;5210607405232160000;0
44599;5;7;54;8;2021;11;7;3;3;5;2;1;1;0;0;0;1;0;457059,757000001147389;5748313,395999662578106;8,376119028000062;51,883936799000026;5211123405108200000;1
44600;5;7;66;4;2021;5;16;5;3;5;3;1;0;0;0;1;0;0;483876,019000001251698;5752663,288999667391181;8,765523869000049;51,924467410000034;5210513404101770000;0
44601;5;7;54;28;2021;9;7;2;3;5;3;1;1;0;0;0;0;0;452661,239083328284323;5741609,797586118802428;8,313135684000031;51,823311712000077;5210913405228680000;0
44603;5;9;74;8;2021;2;14;4;2;0;1;1;0;0;0;0;0;0;440521,568795531056821;5716748,097605744376779;8,141257141000040;51,598634928000081;5210224316100370000;0
44617;5;7;74;32;2021;4;15;3;3;5;3;1;1;0;0;0;0;0;480561,755803642794490;5735052,581097139045596;8,718318218000036;51,766022136000061;5210413411232070000;0
44618;5;7;11;0;2021;5;8;5;3;5;3;1;1;0;0;0;0;0;465484,349000000394881;5755613,091999670490623;8,497782942000072;51,950151722000044;5210527400300790000;1
44619;5;9;70;24;2021;12;9;5;3;3;3;1;0;0;0;0;0;1;431059,860639250837266;5645725,346053743734956;8,018376041000067;50,959009806000040;5211223315210930000;0
44620;5;7;70;12;2021;6;11;4;3;0;1;1;0;0;0;0;0;0;486031,456573489122093;5793266,648928062990308;8,795202639000024;52,289579812000056;5210609410140080000;0
44625;5;9;58;32;2021;6;20;3;3;0;1;1;1;0;0;0;0;0;441726,304480634629726;5692312,310837501659989;8,162683130000062;51,379064107000033;5210629313121680000;0
44628;5;7;58;4;2021;5;22;5;3;5;2;1;1;0;0;0;2;0;469471,697999999858439;5782505,218999681994319;8,553392752000036;52,192160629000057;5210513406210430000;0
44630;5;7;54;8;2021;9;22;7;2;0;1;1;0;0;0;0;2;0;460649,930385028012097;5748244,139113623648882;8,428285807000066;51,883579104000034;5210925405108800000;0
44632;5;7;54;8;2021;9;13;3;3;0;2;1;0;0;0;1;0;0;456791,443341837264597;5751698,434923449531198;8,371796610000047;51,914349506000065;5210907405108190000;0
44633;5;7;66;40;2021;3;14;5;3;5;3;1;1;0;0;0;0;0;483365,821000001393259;5758976,987999673932791;8,757798959000070;51,981218555000055;5210304404102370000;1
44638;5;7;58;28;2021;9;14;2;3;0;1;1;0;0;0;0;0;0;462840,484550519846380;5783600,924967199563980;8,456266957000025;52,201604274000033;5210906406240570000;0
44639;5;7;58;12;2021;4;13;5;3;3;6;1;1;0;0;0;0;0;477526,380000000819564;5774710,507999673485756;8,671740434000071;52,122468882000078;5210401406110970000;0
44640;5;9;70;24;2021;5;17;6;3;0;3;1;0;0;0;1;0;0;432780,294241222552955;5646079,403675619512796;8,042803813000035;50,962396539000054;5210507315210540000;0
44650;5;9;74;28;2021;4;14;5;2;2;6;1;1;0;0;0;0;0;457872,451327789574862;5726004,494663354009390;8,390634336000062;51,683424387000059;5210429316300060000;0
44651;5;7;70;4;2021;4;16;3;3;5;3;1;1;0;0;0;0;0;485256,820157958194613;5788466,310043733566999;8,784055313000067;52,246402204000049;5210413410230320000;0
44652;5;9;74;16;2021;7;20;6;3;5;3;1;1;0;0;0;0;0;453715,431634788401425;5718820,988811276853085;8,331458994000059;51,618511055000056;5210709316300080000;0
44657;5;9;74;8;2021;5;13;1;3;5;3;1;1;0;0;0;0;0;442389,140052856877446;5715231,733719218522310;8,168466784000032;51,585195985000041;5210530316100580000;0
44673;5;7;58;24;2021;6;12;3;3;0;6;1;1;0;0;0;0;0;479720,425881857052445;5786914,506333105266094;8,703057393000051;52,232274583000049;5210608406220330000;0
44674;5;7;54;8;2021;11;10;6;3;5;3;1;1;0;0;0;0;0;460266,589000000618398;5754164,040999667719007;8,422033734000024;51,936775616000034;5211119405108380000;1
44681;5;7;54;8;2021;4;13;7;2;0;7;1;0;0;0;0;0;0;462333,797000000253320;5752120,995999665930867;8,452325652000070;51,918551071000081;5210403405108580000;0
44684;5;7;66;20;2021;3;16;3;3;3;6;1;0;0;0;1;0;0;488493,897111796773970;5754312,826062349602580;8,832621856000060;51,939413041000080;5210330404101020000;0
44685;5;7;74;20;2021;9;19;1;3;2;6;1;0;0;0;0;0;0;473569,906491486355662;5739431,281355960294604;8,616667121000035;51,805104984000081;5210905411220470000;0
44689;5;7;74;12;2021;9;15;5;3;0;3;1;1;0;0;0;0;0;480699,538679554127157;5723156,314226321876049;8,720973771000047;51,659064077000039;5210909411112070000;0
44693;5;7;54;32;2021;9;18;2;2;0;1;1;0;0;0;0;0;0;457563,083324526436627;5739541,159750068560243;8,384508002000075;51,805106996000063;5210913405232570000;0