OID_;ULAND;UREGBEZ;UKREIS;UGEMEINDE;UJAHR;UMONAT;USTUNDE;UWOCHENTAG;UKATEGORIE;UART;UTYP1;IstRad;IstPKW;IstFuss;IstKrad;IstSonstige;ULICHTVERH;IstGkfz;LINREFX;LINREFY;XGCSWGS84;YGCSWGS84;UIDENTSTLAE;IstStrassenzustand
44697;5;7;74;32;2021;12;18;3;2;0;6;1;0;1;0;0;2;0;476544,841829122975469;5734330,840152896940708;8,660158402000036;51,759378960000049;5211228411232970000;1
44698;5;5;70;28;2021;3;20;7;3;0;1;1;0;0;0;0;2;0;441510,452999998815358;5742478,224999660626054;8,151213343000052;51,830063019000079;5210313711412170000;1
44701;5;7;54;8;2021;11;17;6;3;5;2;1;1;0;0;0;2;0;464562,487838977016509;5754041,893224917352200;8,484532006000052;51,935967599000037;5211119405108630000;1
44712;5;5;70;8;2021;1;17;6;3;5;3;1;1;0;0;0;0;0;433048,841131454333663;5733355,915839336812496;8,030198709000047;51,747103414000037;5210122711312570000;0
44713;5;7;58;36;2021;12;14;2;2;5;3;1;1;0;0;0;0;0;488350,413166861981153;5775762,676374046131968;8,829803875000039;52,132262742000080;5211206406150080000;0
44714;5;7;74;8;2021;6;16;3;1;5;3;1;1;0;0;0;0;0;486714,690146467648447;5734575,576845282688737;8,807498654000028;51,761913089000075;5210629411108030000;0
44715;5;7;58;12;2021;6;7;3;2;5;3;1;1;0;0;0;0;0;473396,707999999634922;5774146,090999677777290;8,611466141000051;52,117211123000061;5210615406110680000;0
44716;5;7;74;16;2021;5;14;2;3;8;1;1;0;0;0;0;0;0;467213,359620005823672;5708745,958094611763954;8,527356833000056;51,528871599000070;5210531411216630000;0
44720;5;7;54;32;2021;11;20;5;3;5;2;1;1;0;0;0;2;0;461273,350578628480434;5742019,435398949310184;8,438040548000060;51,827658023000026;5211104405232080000;1
44721;5;5;70;8;2021;9;18;4;3;2;6;1;1;0;0;0;0;0;431589,551817122846842;5737259,615627622231841;8,008295264000026;51,782021277000069;5210922711313370000;0
44733;5;7;54;8;2021;12;13;4;2;0;1;1;0;0;0;0;0;0;459330,839746344834566;5749459,428794847801328;8,408978617000059;51,894410682000057;5211222405108570000;1
44739;5;9;74;40;2021;5;7;3;3;4;2;1;1;0;0;0;0;0;437770,240999997593462;5711708,193999644368887;8,102431914000022;51,553026365000051;5210518316100280000;1
44741;5;7;11;0;2021;10;8;6;3;5;3;1;1;0;0;0;0;0;470518,791831307113171;5761313,827712025493383;8,570544000000041;52,001695222000080;5211008400200450000;1
44746;5;9;74;40;2021;6;17;4;2;5;3;1;1;0;0;0;0;0;434156,607991276308894;5711645,539013607427478;8,050330068000051;51,552052867000043;5210623316100080000;0
44747;5;7;74;20;2021;5;18;1;2;8;1;1;0;0;0;0;0;0;467030,828295102342963;5736105,549027187749743;8,522145907000038;51,774856046000082;5210509411220630000;0
44750;5;7;54;8;2021;10;17;1;3;0;1;1;0;0;0;0;0;0;460869,319464867003262;5750604,807629356160760;8,431205209000041;51,904818556000066;5211010405108270000;0
44759;5;7;70;44;2021;7;14;1;2;2;6;1;0;0;0;0;0;0;463519,674987539649010;5809857,520165398716927;8,463356781000073;52,437698426000054;5210711410250940000;0
44761;5;7;58;12;2021;7;8;3;3;5;3;1;1;0;0;0;0;0;478012,027683120220900;5774394,197460075840354;8,678854336000029;52,119644582000035;5210706406110680000;0
44762;5;5;70;52;2021;12;13;2;3;5;3;1;0;0;0;1;0;0;430413,325753256678581;5755856,121566152200103;7,987500191000038;51,949054454000077;5211220711112190000;0
44771;5;7;11;0;2021;5;12;7;2;5;3;1;1;0;0;0;0;0;469078,271005873568356;5766489,387360114604235;8,549092759000075;52,048148457000082;5210522400100790000;1
44772;5;9;70;24;2021;5;15;7;3;5;3;1;1;0;0;0;0;0;431270,844016010873020;5645690,288246665149927;8,021386341000039;50,958719799000050;5210508315210580000;0
44774;5;7;66;40;2021;12;16;3;3;5;3;1;1;0;0;0;1;0;485729,999000001698732;5759885,794999668374658;8,792184363000047;51,989455325000051;5211207404102380000;0
44779;5;7;54;48;2021;9;9;1;3;0;7;1;0;1;0;0;0;0;442216,438243690878153;5767665,150664329528809;8,157224108000037;52,056568897000034;5210919405148570000;0
44782;5;7;11;0;2021;6;7;7;2;5;3;1;1;0;0;0;0;0;464571,445000002160668;5760868,175999669358134;8,483957900000064;51,997340856000051;5210619400300080000;0
44783;5;7;11;0;2021;6;10;4;3;4;2;1;1;0;0;0;0;0;469315,065000001341105;5757638,225999664515257;8,553338593000035;51,968583732000070;5210602400300570000;0
44785;5;7;54;8;2021;12;10;6;3;5;2;1;1;0;0;0;0;0;460176,425999999977648;5754278,995999665930867;8,420708976000071;51,937802685000065;5211210405108480000;0
44799;5;7;11;0;2021;9;17;6;3;5;3;1;1;0;0;0;0;0;467380,499600902199745;5763063,150830028578639;8,524663160000046;52,017247216000044;5210903400200950000;0
44803;5;7;66;44;2021;6;12;5;3;5;3;1;1;0;0;0;0;0;489864,898000000044703;5762376,146999668329954;8,852327445000071;52,011936749000029;5210603404301530000;0
44813;5;9;74;20;2021;11;10;3;2;5;3;1;1;0;0;0;0;0;466208,097817515023053;5720487,489282865077257;8,511735698000052;51,634383675000038;5211102316500550000;0
44818;5;9;58;4;2021;9;15;6;2;0;1;1;0;0;0;0;0;0;430514,639779891818762;5702925,791867885738611;7,999528629000054;51,473222601000032;5210924313110590000;0
44827;5;7;66;40;2021;2;19;4;3;6;4;1;0;1;0;0;2;0;486639,199501805007458;5760522,861964872106910;8,805400239000051;51,995205759000044;5210224404102580000;0
44829;5;5;70;36;2021;9;11;5;2;5;3;1;1;0;0;0;0;0;434841,854962658137083;5759269,473639350384474;8,051278611000043;51,980276163000042;5210902711121540000;0
44831;5;7;11;0;2021;6;17;4;3;3;2;1;1;0;0;0;0;0;469516,430000000633299;5764821,559999672695994;8,555630595000025;52,033177919000082;5210602400200990000;0
44837;5;7;54;8;2021;4;23;6;3;0;1;1;0;0;0;0;2;0;457434,906000000424683;5750430,450999662280083;8,381307899000035;51,902999158000057;5210402405108080000;0
44844;5;7;54;44;2021;12;14;2;2;5;3;1;1;0;0;0;0;0;463051,971000000834465;5749457,379999665543437;8,463053191000029;51,894651401000033;5211206405244450000;0
44847;5;9;58;4;2021;3;11;5;3;5;3;1;1;0;0;0;0;0;430011,250645814463496;5695269,727971768006682;7,993795537000040;51,404329224000037;5210304313110270000;1
44848;5;7;66;44;2021;2;22;6;2;0;7;1;0;0;0;0;2;0;489811,491756449453533;5764335,838437190279365;8,851490960000035;52,029555154000036;5210205404301280000;1
44855;5;7;74;16;2021;9;14;1;2;2;6;1;0;0;0;0;0;0;471263,300210048444569;5715820,919701665639877;8,585159504000046;51,592706060000069;5210912411216090000;0
44863;5;7;54;8;2021;7;9;6;3;5;2;1;1;0;0;0;0;0;455919,359000000171363;5751038,245999665930867;8,359202828000036;51,908345709000059;5210702405108980000;0
44870;5;9;70;40;2021;5;16;6;3;1;7;1;1;0;0;0;0;0;431984,760414998978376;5635759,192076204344630;8,033401595000043;50,869510560000037;5210521315110070000;0
44880;5;7;54;12;2021;10;16;1;3;6;6;1;0;1;0;0;0;0;457655,052418726496398;5768375,634244685992599;8,382292160000077;52,064351431000034;5211024405112080000;0
44881;5;7;66;40;2021;3;18;6;3;4;6;1;1;0;0;0;0;0;484497,940441988408566;5757849,668302375823259;8,774333906000038;51,971115652000037;5210326404102870000;0
44890;5;7;54;52;2021;10;7;5;3;0;1;1;0;0;0;0;1;0;459701,956999999471009;5769193,858999675139785;8,412053076000063;52,071860282000046;5211007405152190000;1
44891;5;9;66;4;2021;2;19;6;2;5;2;1;1;0;0;0;2;0;429415,494656980037689;5664881,316508864983916;7,991231892000030;51,131042812000032;5210226314210390000;0
44900;5;7;70;28;2021;6;7;2;3;8;1;1;0;0;0;0;0;0;486313,115000000223517;5804088,804999690502882;8,798891220000030;52,386882247000074;5210607410130230000;0
44902;5;9;74;28;2021;12;7;3;3;5;3;1;1;0;0;0;0;0;455056,604801432229578;5725668,333556678146124;8,349949758000037;51,680183680000027;5211207316300290000;1
44911;5;7;54;28;2021;12;7;6;3;5;3;1;1;0;0;0;2;0;452818,130232729949057;5743743,179738959297538;8,315121031000047;51,842505311000082;5211203405228480000;1
44923;5;7;11;0;2021;9;20;3;2;0;1;1;0;0;0;0;2;0;468301,905211944133043;5760495,796995673328638;8,538327124000034;51,994218423000063;5210928400300990000;0
44929;5;7;54;8;2021;3;12;6;3;0;1;1;0;0;0;0;0;0;458369,530654571019113;5750629,901628375053406;8,394867931000022;51,904862964000074;5210319405108080000;0
44930;5;7;70;4;2021;10;8;2;2;5;3;1;1;0;0;0;0;0;485876,230000000447035;5787222,948999684303999;8,793179772000030;52,235239975000070;5211004410230240000;0
44931;5;7;54;24;2021;12;14;6;3;5;3;1;1;0;0;0;0;0;453676,961000000126660;5733304,416999656707048;8,328981104000036;51,748725924000041;5211217405224380000;0
44932;5;9;74;28;2021;9;1;1;2;0;7;1;0;0;0;0;2;0;454608,945761637762189;5726317,419014327228069;8,343390973000055;51,685983507000060;5210912316300350000;0
44934;5;7;74;24;2021;9;17;6;3;5;2;1;1;0;0;0;0;0;476468,666000001132488;5741125,656999658793211;8,658593771000028;51,820468790000064;5210903411224840000;0
44939;5;7;11;0;2021;7;15;5;3;5;2;1;1;0;0;0;0;0;472790,652999999932945;5764227,439999671652913;8,603406009000025;52,028006695000045;5210701400200190000;1
44940;5;7;74;32;2021;6;15;2;3;3;2;1;1;0;0;0;0;0;478683,405868003144860;5731494,949506560340524;8,691317365000032;51,733966346000045;5210628411232070000;0
44941;5;9;58;8;2021;6;11;7;2;2;6;1;0;0;0;0;0;0;459445,609262896701694;5690126,438028363510966;8,417518595000047;51,360952528000041;5210626313122870000;0
44943;5;7;54;32;2021;6;13;5;3;0;1;1;0;0;0;0;0;0;456392,470999999903142;5738791,485999658703804;8,367625209000039;51,798276809000072;5210624405232490000;0
44956;5;7;66;56;2021;7;18;6;3;1;3;1;1;0;0;0;0;0;480176,200736180879176;5756429,186250833794475;8,711504388000037;51,958206887000074;5210702404102780000;0
44958;5;7;54;32;2021;1;7;6;3;3;2;1;1;0;0;0;2;0;461732,878237522207201;5742191,826457446441054;8,444689318000030;51,829239625000071;5210129405232490000;1
44963;5;7;54;28;2021;12;3;5;3;6;6;1;0;1;0;0;2;0;453005,238031145185232;5745623,668923363089561;8,317581162000067;51,859427722000078;5211223405228480000;0
44971;5;9;58;12;2021;5;16;7;2;0;1;1;0;0;0;0;0;0;477932,027096432633698;5693687,959140373393893;8,682810973000073;51,393996076000064;5210522313211580000;1
44974;5;9;74;28;2021;9;18;4;3;5;3;1;0;0;1;0;0;0;449333,003933270461857;5722903,933049608021975;8,267572802000075;51,654842446000032;5210929316300070000;1
44975;5;9;74;28;2021;3;17;7;3;0;1;1;0;0;0;0;0;0;456013,366000001318753;5728629,139999656006694;8,363413833000038;51,706879677000074;5210306316300080000;0
44978;5;7;54;36;2021;11;18;4;3;3;2;1;1;0;0;0;2;0;474387,271000000648201;5749193,204999664798379;8,627798348000056;51,892912494000029;5211103405236670000;1
44989;5;7;54;32;2021;5;12;6;2;9;1;1;0;0;0;0;0;0;461078,294729121029377;5740290,311967240646482;8,435404607000066;51,812098267000067;5210528405232070000;0
44990;5;7;66;20;2021;6;7;4;3;5;3;1;0;0;0;1;0;0;489492,107252093032002;5752703,642868772149086;8,847191812000062;51,924964573000068;5210616404101790000;0
44996;5;7;54;8;2021;11;16;2;3;0;1;1;0;0;0;0;0;0;458593,985416014678776;5750191,362498626112938;8,398183056000050;51,900936958000045;5211108405108380000;1
44997;5;7;11;0;2021;6;7;7;3;1;3;1;1;0;0;0;0;0;475697,574000000953674;5760448,808999672532082;8,646043507000059;51,994168888000047;5210619400200090000;0
44999;5;9;74;20;2021;3;10;4;3;0;7;1;0;0;0;0;0;0;464991,833729859441519;5721089,224635042250156;8,494102246000068;51,639719592000063;5210331316500510000;0
45007;5;7;58;12;2021;9;14;4;3;4;2;1;1;0;0;0;0;0;477151,648041379638016;5775685,712893970310688;8,666201528000045;52,131221207000067;5210915406110730000;1
45009;5;7;54;36;2021;9;12;7;3;5;3;1;1;0;0;0;0;0;473783,537355496548116;5750154,876319039613008;8,618952022000030;51,901530728000068;5210911405236500000;0
45027;5;9;74;40;2021;3;16;3;2;0;1;1;0;0;0;0;0;0;439643,256317774765193;5713501,081596711650491;8,129136003000042;51,569349000000045;5210330316100380000;0
45035;5;7;54;20;2021;3;15;6;3;3;2;1;0;0;0;0;0;1;445057,379999998956919;5751591,386999666690826;8,201229717000047;51,912353077000034;5210305405220090000;0
45036;5;7;11;0;2021;10;9;2;3;3;6;1;0;0;0;0;0;0;467722,583562654443085;5764255,272120431065559;8,529535446000068;52,027985132000026;5211018400200490000;0
45038;5;7;66;48;2021;7;8;7;2;0;1;1;0;0;0;0;0;0;480610,198142744600773;5762639,053253486752510;8,717469169000026;52,014054302000034;5210703404302870000;0
45039;5;7;11;0;2021;12;13;6;3;5;3;1;1;0;0;0;0;0;469252,640000001527369;5767142,339999675750732;8,551576598000054;52,054028597000070;5211217400100390000;0
45048;5;7;54;44;2021;6;18;3;2;5;3;1;1;0;0;0;0;0;471594,527000000700355;5746159,658999664708972;8,587465250000037;51,865502806000052;5210629405244580000;0
45049;5;7;11;0;2021;9;14;3;3;2;3;1;1;0;0;0;0;0;466206,205000001937151;5758185,854999668896198;8,508032668000055;51,973326955000061;5210921400300490000;0
45053;5;7;58;32;2021;3;11;3;3;5;3;1;1;0;0;0;0;0;460104,393383344635367;5775460,467283086851239;8,417190432000041;52,128228362000073;5210330406140080000;0
45057;5;9;74;44;2021;3;14;4;2;6;4;1;0;1;0;0;0;0;455071,591000000014901;5699119,063999637961388;8,353559926000059;51,441478850000067;5210324316400660000;0
45059;5;7;11;0;2021;12;16;3;3;3;6;1;1;0;0;0;2;0;466840,263394656591117;5764294,351331843063235;8,516671750000057;52,028284427000074;5211207400100360000;0
45062;5;7;70;44;2021;11;15;2;3;3;1;1;1;0;0;0;0;0;460773,221598733216524;5805582,439440002664924;8,423458757000049;52,399075824000079;5211101410250540000;0
45065;5;7;58;24;2021;6;9;4;2;5;3;1;1;0;0;0;0;0;483720,175898646004498;5781831,499638557434082;8,761867362000032;52,186708305000082;5210616406220530000;0
45067;5;9;66;20;2021;6;17;4;3;4;6;1;0;0;0;1;0;0;439265,162747230380774;5663325,516335247084498;8,132243219000031;51,118183576000035;5210609314310560000;0
45077;5;7;58;8;2021;11;16;6;3;2;2;1;1;0;0;0;0;0;468181,251400087028742;5777901,825340576469898;8,534946838000053;52,150701324000067;5211112406140890000;0
45078;5;7;58;4;2021;10;15;3;3;5;2;1;1;0;0;0;0;0;470458,315451279282570;5783725,115983529016376;8,567719422000039;52,203181734000054;5211012406210080000;1
45083;5;7;54;8;2021;9;16;6;3;5;3;1;0;0;0;0;0;0;458522,587000001221895;5747647,224999664351344;8,397451345000036;51,878058247000070;5210903405108460000;0
45085;5;9;74;28;2021;5;11;6;3;5;2;1;1;0;0;0;0;0;453542,055775825865567;5725356,215443441644311;8,328086823000035;51,677254221000055;5210514316300070000;0
45086;5;9;74;28;2021;6;15;5;3;5;3;1;1;0;0;0;0;0;454622,129626195877790;5723556,258491640910506;8,343940449000058;51,661159337000072;5210617316300480000;0
45090;5;7;11;0;2021;6;18;5;3;0;3;1;1;0;0;0;0;0;471383,593000002205372;5765405,987999670207500;8,582799155000032;52,038531816000045;5210610400200890000;0
45091;5;7;11;0;2021;3;11;1;2;0;7;1;1;0;0;0;0;0;466393,416715720668435;5759337,785369688645005;8,510645143000033;51,983694926000055;5210328400300080000;0
45093;5;7;70;40;2021;2;20;4;2;5;3;1;1;0;0;0;2;0;473159,492015661671758;5808611,909693371504545;8,605258899000034;52,427058713000065;5210217410240590000;1
45094;5;7;58;24;2021;11;15;2;3;0;1;1;0;0;0;0;0;0;478778,566778077743948;5781399,541667953133583;8,689612179000051;52,182656751000081;5211101406220590000;0
45096;5;9;74;44;2021;2;21;3;2;6;6;1;0;1;0;0;2;0;448949,501480733044446;5704232,512815168127418;8,264742745000035;51,486935343000027;5210202316400580000;1
45102;5;7;54;32;2021;11;13;3;3;5;3;1;1;0;0;0;0;0;461545,379275099374354;5742348,931589681655169;8,441951122000035;51,830639248000068;5211102405232060000;0
45104;5;5;70;8;2021;9;16;5;3;5;2;1;0;0;0;1;0;0;433510,695594508200884;5736214,979181459173560;8,036340690000031;51,772861555000077;5210930711311080000;0
45106;5;7;58;16;2021;7;18;5;3;5;3;1;1;0;0;0;0;0;473631,354495768435299;5779563,042404295876622;8,614472719000048;52,165923670000041;5210708406120980000;1
45108;5;7;70;44;2021;7;22;4;3;4;6;1;1;0;0;0;2;0;467826,798930642195046;5812628,869627304375172;8,526447012000062;52,462883270000077;5210714410220370000;1
45114;5;7;54;28;2021;12;16;3;3;5;3;1;1;0;0;0;2;0;451634,606593810953200;5743002,539636362344027;8,298046265000039;51,835745293000059;5211214405228970000;1
45117;5;9;58;32;2021;9;13;5;3;5;3;1;1;0;0;0;0;0;452938,007753808051348;5688983,305760042741895;8,324207874000024;51,350172325000074;5210902313121880000;0
45127;5;9;58;44;2021;1;4;3;3;3;6;1;1;0;0;0;2;0;430017,136467529460788;5688922,644535195082426;7,995130360000076;51,347266285000046;5210126313130640000;2
45129;5;7;54;8;2021;11;20;2;2;3;2;1;1;0;0;0;2;0;456057,553000000305474;5751902,090999670326710;8,361101400000052;51,916123056000060;5211101405108580000;0
45143;5;7;74;16;2021;6;18;4;3;0;1;1;0;0;0;0;0;0;469495,175854150205851;5711654,043092038482428;8,559997687000021;51,555147246000047;5210602411216580000;0
45145;5;7;54;32;2021;5;11;5;3;5;3;1;1;0;0;0;0;0;460809,016999999992549;5741426,129999665543437;8,431370163000054;51,822291359000076;5210520405232570000;0
45151;5;7;54;28;2021;5;13;5;3;5;3;1;0;0;0;1;0;0;452731,455999999307096;5745533,910999663174152;8,313618115000054;51,858597625000073;5210520405228190000;0
45156;5;7;11;0;2021;6;7;6;3;0;7;1;1;0;0;0;0;0;463286,548129849135876;5759978,086039615795016;8,465338654000050;51,989254960000039;5210604400300690000;0
45161;5;9;58;44;2021;1;5;6;3;5;3;1;1;0;0;0;2;0;430583,959999995306134;5686564,669999634847045;8,003727603000073;51,326136158000054;5210129313130770000;1
45168;5;7;11;0;2021;9;13;6;3;5;3;1;1;0;0;0;0;0;468449,684999999590218;5762412,835999671369791;8,540302883000038;52,011462294000069;5210924400200960000;1
45172;5;7;66;20;2021;11;18;4;3;4;6;1;0;0;0;0;2;0;485284,550764495506883;5755248,720180032774806;8,785896066000021;51,947752022000032;5211110404101090000;0
45181;5;7;54;8;2021;11;17;3;3;4;6;1;0;0;1;0;2;0;460506,531000000424683;5751301,926999662071466;8,425852168000063;51,911060509000038;5211109405108080000;0
45186;5;9;74;40;2021;6;7;2;3;0;1;1;0;0;0;0;0;0;439193,165335809811950;5713158,651388259604573;8,122701890000030;51,566221994000045;5210628316100180000;1
45196;5;7;74;32;2021;2;9;4;3;0;1;1;0;0;0;0;0;0;480468,144834935665131;5733690,795990623533726;8,717038254000045;51,753774771000053;5210210411232290000;2
45207;5;7;54;44;2021;10;11;3;2;5;3;1;1;0;0;0;0;0;465970,626000001095235;5747642,453999664634466;8,505645780000066;51,878519637000068;5211019405244790000;0
45208;5;7;11;0;2021;12;19;5;3;0;1;1;0;0;0;0;2;0;464645,237874566577375;5765287,377253130078316;8,484576301000061;52,037076691000038;5211202400100670000;2
45209;5;9;58;12;2021;9;13;6;3;9;1;1;0;0;0;0;0;0;472243,641670932061970;5694841,228677662089467;8,600961940000047;51,404116095000063;5210910313211070000;0
45210;5;7;74;32;2021;9;14;4;3;5;3;1;1;0;0;0;0;0;478555,178874286822975;5731489,258883742615581;8,689460908000058;51,733910288000061;5210901411232070000;0
45214;5;7;58;24;2021;2;15;5;3;3;7;1;1;0;0;0;0;0;483055,349587254226208;5783373,046629134565592;8,752065640000069;52,200547676000042;5210204406220580000;0
45226;5;7;11;0;2021;9;19;5;3;5;2;1;1;0;0;0;1;0;468851,863459764979780;5766072,651826983317733;8,545829330000061;52,044389074000037;5210916400100850000;0
45229;5;7;54;16;2021;11;15;5;2;5;3;1;0;0;1;0;0;0;451470,300220253877342;5754673,458086697384715;8,294019674000026;51,940657832000056;5211104405116080000;1
45236;5;7;11;0;2021;11;11;7;3;5;3;1;1;0;0;0;0;0;470903,674291693605483;5764361,239258985966444;8,575891472000023;52,029113856000038;5211106400200860000;1
45237;5;7;54;44;2021;6;5;6;3;5;3;1;1;0;0;0;0;0;465793,656000001356006;5748971,800999665632844;8,502943182000024;51,890460698000027;5210625405244290000;0
45242;5;5;70;52;2021;3;16;4;3;5;3;1;1;0;0;0;0;0;430858,024816049262881;5757510,538740094751120;7,993636607000042;51,963982523000027;5210324711111860000;0
45247;5;9;74;40;2021;9;13;6;3;5;3;1;0;0;0;0;0;0;437477,911999996751547;5712984,046999644488096;8,097989181000059;51,564464626000074;5210910316100580000;0
45256;5;7;54;8;2021;9;13;4;3;5;3;1;1;0;0;0;0;0;456773,942000000737607;5752279,082999665290117;8,371469285000046;51,919568491000064;5210929405108060000;1
45259;5;9;74;40;2021;11;11;1;3;5;3;1;1;0;0;0;0;0;438372,656084961257875;5711921,535566655918956;8,111082302000057;51,555010558000049;5211114316100570000;0
45263;5;7;66;20;2021;6;16;4;3;3;2;1;1;0;0;0;0;0;488206,660000001080334;5755386,935999669134617;8,828406619000020;51,949064353000040;5210616404101680000;0
45267;5;7;74;32;2021;2;12;4;1;3;2;1;0;0;0;0;0;1;480237,093999999575317;5736046,608999654650688;8,713557001000027;51,774948272000074;5210224411232070000;0
45272;5;9;74;4;2021;7;6;7;3;0;3;1;1;0;0;0;0;0;451220,139000000432134;5712342,160999646410346;8,296320033000029;51,560049747000051;5210703316300390000;0
45273;5;9;74;36;2021;10;22;7;3;0;1;1;0;0;0;0;2;0;457180,687000000849366;5712439,323999643325806;8,382287073000043;51,561407410000072;5211002316400480000;0
45275;5;7;54;28;2021;10;10;7;2;5;2;1;1;0;0;0;0;0;453450,729000000283122;5744507,768999664112926;8,324200030000043;51,849432505000038;5211009405228970000;0
45276;5;9;58;8;2021;9;16;7;3;5;2;1;1;0;0;0;0;0;458345,140000000596046;5690230,425999635830522;8,401701321000075;51,361807890000080;5210911313122130000;0
45278;5;5;70;28;2021;10;13;3;3;0;2;1;0;0;0;0;0;1;441101,111428901553154;5742714,357758086174726;8,145233596000025;51,832142890000057;5211005711413790000;0
45280;5;7;54;44;2021;6;12;2;3;4;6;1;1;0;0;0;0;0;465649,661350323818624;5747851,360203811898828;8,500962432000051;51,880378191000034;5210628405244090000;0
45285;5;5;70;52;2021;10;15;6;3;0;6;1;0;0;0;0;0;0;430834,326999996788800;5757505,064999666064978;7,993292845000042;51,963930368000035;5211008711111730000;0
45290;5;7;74;20;2021;6;6;1;3;8;1;1;0;0;0;0;0;0;473928,041336810216308;5731955,557677768170834;8,622422546000053;51,737906717000044;5210620411220540000;1
45296;5;7;54;16;2021;9;18;5;3;5;3;1;1;0;0;0;0;0;447864,265631240792572;5756352,072180511429906;8,241311475000032;51,955422766000027;5210909405116580000;0
45298;5;7;11;0;2021;11;14;6;3;3;1;1;1;0;0;0;0;0;467322,854959927499294;5765434,382663883268833;8,523596698000063;52,038562632000037;5211112400100590000;0
45299;5;7;11;0;2021;6;15;4;3;0;7;1;0;0;0;1;0;0;469749,525452494621277;5757228,097158422693610;8,559698694000076;51,964920184000050;5210609400300380000;0
45301;5;7;54;32;2021;12;14;3;3;5;3;1;1;0;0;0;0;0;461070,929157792590559;5740289,993736358359456;8,435297804000072;51,812094893000051;5211207405232160000;1
45303;5;9;74;28;2021;7;14;7;3;0;1;1;0;0;0;0;0;0;450470,532832765020430;5723903,710685195401311;8,283873509000045;51,663932617000057;5210710316300070000;0
45306;5;7;54;28;2021;6;17;6;3;5;3;1;1;0;0;0;0;0;452665,203268852084875;5743805,090823078528047;8,312892884000064;51,843048981000038;5210625405228990000;0
45311;5;7;70;20;2021;2;14;3;3;5;2;1;1;0;0;0;0;0;472341,158760574646294;5795487,237822119146585;8,594306440000025;52,309024919000080;5210223410210440000;0
45316;5;7;70;40;2021;6;18;2;3;5;3;1;1;0;0;0;0;0;477048,541590466164052;5806396,576857410371304;8,662605696000071;52,407319597000026;5210607410240770000;0
45317;5;7;54;48;2021;6;12;4;3;1;3;1;1;0;0;0;0;0;443045,104695794172585;5765986,650823825970292;8,169588634000036;52,041565090000063;5210602405148580000;0
45321;5;7;11;0;2021;9;16;1;3;3;2;1;1;0;0;0;0;0;470495,922000000253320;5765503,973999673500657;8,569849662000024;52,039366245000053;5210912400200760000;0
45326;5;7;54;20;2021;9;17;1;3;0;1;1;0;0;0;0;0;0;446833,741788522340357;5748317,468255007639527;8,227557286000035;51,883091986000068;5210912405220580000;0
45327;5;9;74;28;2021;2;5;2;3;0;1;1;0;0;0;0;2;0;454352,825500409118831;5725527,780806016176939;8,339789568000072;51,678863224000054;5210201316300080000;2
45333;5;7;11;0;2021;3;17;6;3;5;3;1;1;0;0;0;0;0;469306,850370775908232;5756977,385075077414513;8,553278095000053;51,962641831000042;5210319400300090000;0
45336;5;5;70;48;2021;10;12;1;3;9;1;1;1;0;0;0;0;0;449776,823601818643510;5724624,089406965300441;8,273740751000048;51,670347782000078;5211031711322880000;0
45337;5;7;54;8;2021;5;15;2;3;5;3;1;1;0;0;0;0;0;456802,464207353070378;5751880,928115988150239;8,371933938000041;51,915991075000079;5210517405108770000;0
45339;5;7;58;12;2021;7;15;2;3;0;2;1;0;0;1;0;0;0;475033,177335312590003;5774904,276048097759485;8,635310160000074;52,124103979000040;5210705406110030000;0
45347;5;7;54;20;2021;1;16;7;3;5;3;1;0;0;0;0;1;0;444413,870548492297530;5750976,328275931999087;8,191974451000021;51,906759719000036;5210116405108270000;1
45353;5;7;54;28;2021;5;15;1;2;5;3;1;1;0;0;0;0;0;452215,951044060289860;5744850,388471731916070;8,306227622000051;51,852408495000077;5210523405228770000;0
45354;5;9;70;4;2021;9;6;7;3;5;3;1;0;0;0;1;1;0;457513,784105474129319;5656266,459155226126313;8,393784038000035;51,056353533000049;5210918315220890000;0
45356;5;7;54;28;2021;5;2;6;3;5;3;1;1;0;0;0;2;0;453506,128999999724329;5745791,559999663382769;8,324831541000037;51,860979117000056;5210521405228090000;0
45362;5;9;74;20;2021;9;19;3;3;9;1;1;0;0;0;0;1;0;464184,729000001214445;5721196,079999648034573;8,482428466000044;51,640629521000051;5210914316500010000;0
45370;5;9;58;44;2021;6;11;2;2;0;6;1;1;0;0;0;0;0;438217,649733205325902;5687912,932013388723135;8,113038951000021;51,339138828000046;5210614313130680000;0
45377;5;7;74;20;2021;3;16;2;3;5;2;1;1;0;0;0;0;0;467401,138259299099445;5739374,833187667652965;8,527205738000021;51,804271793000055;5210329411220530000;0
45386;5;7;54;12;2021;2;13;1;3;8;1;1;0;0;0;0;0;0;453411,899945713579655;5766070,351775810122490;8,320713968000064;52,043285750000052;5210221405112270000;0
45389;5;7;54;16;2021;12;15;4;3;2;6;1;1;0;0;0;0;0;441234,846999999135733;5758866,925999665632844;8,144419536000044;51,977370256000029;5211208405116070000;0
45390;5;7;54;44;2021;9;17;4;3;0;1;1;0;0;0;0;0;0;465849,743574559688568;5748956,066858669742942;8,503759723000030;51,890322676000039;5210908405108080000;0
45394;5;7;54;8;2021;12;15;4;2;3;6;1;0;0;0;0;0;0;459438,351274258457124;5748013,968391435220838;8,410710915000038;51,881422882000038;5211208405108060000;1
45396;5;9;74;28;2021;9;16;5;3;0;1;1;0;0;0;0;0;0;455213,881169964559376;5725747,360016800463200;8,352214270000047;51,680906762000063;5210902316300070000;0