OID_;ULAND;UREGBEZ;UKREIS;UGEMEINDE;UJAHR;UMONAT;USTUNDE;UWOCHENTAG;UKATEGORIE;UART;UTYP1;IstRad;IstPKW;IstFuss;IstKrad;IstSonstige;ULICHTVERH;IstGkfz;LINREFX;LINREFY;XGCSWGS84;YGCSWGS84;UIDENTSTLAE;IstStrassenzustand
45399;5;7;58;20;2021;5;16;7;3;0;1;1;0;0;0;0;0;0;474253,857407810166478;5781750,807000707834959;8,623407847000067;52,185622147000061;5210515406230190000;0
45402;5;7;74;20;2021;2;8;2;2;0;1;1;0;0;0;0;0;0;470561,176106886938214;5734467,629374818876386;8,573451856000077;51,760326239000051;5210201411220230000;2
45413;5;7;54;8;2021;10;14;6;3;4;6;1;0;0;0;0;0;0;457059,757000001147389;5748313,395999662578106;8,376119028000062;51,883936799000026;5211029405108790000;0
45414;5;7;74;32;2021;12;8;6;3;0;1;1;0;0;0;0;0;0;483951,258328651078045;5731696,725748199969530;8,767590311000049;51,735956172000044;5211210411132550000;0
45415;5;7;70;44;2021;12;7;6;3;0;1;1;0;0;0;0;2;0;453265,364488652907312;5810744,306056903675199;8,312397318000023;52,444889677000049;5211210410250090000;1
45420;5;7;11;0;2021;6;9;4;3;5;3;1;1;0;0;0;0;0;472145,821000000461936;5762395,787999672815204;8,594156471000076;52,011506847000078;5210609400200190000;0
45423;5;7;66;64;2021;12;10;4;2;5;1;1;0;1;0;0;0;0;489124,739582772366703;5739712,819842448458076;8,842258590000029;51,808155347000081;5211215404101630000;1
45430;5;7;66;8;2021;12;13;3;3;5;3;1;1;0;0;0;0;0;480927,939000000245869;5771346,920999674126506;8,721612789000062;52,092355757000064;5211228404302970000;1
45433;5;7;54;8;2021;3;16;5;3;0;3;1;1;0;0;0;0;0;458425,018415035679936;5750628,028581691905856;8,395674668000026;51,904850268000075;5210325405108080000;0
45439;5;5;70;28;2021;9;7;4;3;0;6;1;0;0;0;0;0;0;441819,783595834858716;5742173,830050090327859;8,155752917000029;51,827358739000033;5210915711400790000;1
45446;5;7;54;20;2021;9;16;7;2;1;5;1;1;0;0;0;0;0;450392,159596858546138;5752886,242112303152680;8,278594588000033;51,924495050000075;5210904405220380000;0
45449;5;7;70;8;2021;9;7;5;2;0;3;1;1;0;0;0;0;0;475696,398000000044703;5801336,748999688774347;8,643096143000037;52,361772370000040;5210923410220390000;0
45455;5;7;74;12;2021;5;14;5;2;0;1;1;0;0;0;0;0;0;479683,094000000506639;5721514,206999652087688;8,706374674000074;51,644263445000036;5210513411112080000;0
45456;5;7;54;8;2021;11;7;3;3;5;3;1;1;0;0;0;2;0;460956,755891228094697;5750897,109584778547287;8,432442975000072;51,907452679000073;5211130405108180000;1
45458;5;7;54;12;2021;11;12;3;3;5;3;1;1;0;0;0;0;0;457164,991000001318753;5764985,569999672472477;8,375568810000061;52,033835891000081;5211116405112350000;0
45460;5;7;54;28;2021;5;15;4;2;8;1;1;0;0;0;0;0;0;452534,090070155449212;5744161,095137519761920;8,310940938000044;51,846238523000068;5210505405228480000;1
45462;5;9;74;40;2021;12;14;4;3;2;3;1;0;0;0;0;0;0;440138,737999998033047;5714554,840999647974968;8,136104650000050;51,578875746000051;5211215316100070000;1
45465;5;9;70;4;2021;2;22;7;3;0;1;1;0;0;0;0;2;0;462274,621624731458724;5652615,168615264818072;8,462091118000046;51,023853536000047;5210220315220630000;0
45474;5;9;74;28;2021;6;9;6;3;5;3;1;1;0;0;0;0;0;445615,323792351409793;5722741,396939903497696;8,213861658000042;51,653033723000078;5210618316300810000;0
45475;5;9;74;40;2021;3;16;3;2;5;2;1;1;0;0;0;0;0;436913,415157184004784;5713018,635456869378686;8,089840035000066;51,564712721000035;5210330316100180000;0
45481;5;9;58;44;2021;5;14;6;3;7;6;1;0;0;0;0;0;0;431965,710377218201756;5684600,231649044901133;8,023930541000027;51,308641459000057;5210528313130240000;0
45482;5;7;66;40;2021;9;17;5;3;0;6;1;0;0;0;0;0;0;486097,300783582963049;5760295,640674591064453;8,797516765000069;51,993149529000050;5210902404102080000;0
45488;5;7;54;44;2021;9;16;4;2;5;2;1;1;0;0;0;0;0;466660,598000000230968;5744210,194999663159251;8,516000089000045;51,847702402000039;5210908405244580000;0
45495;5;7;66;8;2021;5;11;4;3;5;3;1;1;0;0;0;0;0;483613,942215030081570;5769489,136750658974051;8,760908171000040;52,075738940000065;5210519404000170000;0
45496;5;7;58;12;2021;6;18;6;3;2;6;1;1;0;0;1;0;0;475574,614325175061822;5775814,378808621317148;8,643153393000034;52,132310530000041;5210611406110690000;0
45499;5;7;54;52;2021;4;13;5;3;4;6;1;0;0;0;0;0;0;462716,555113587528467;5772593,792169574648142;8,455661914000075;52,102638279000075;5210401405152370000;0
45503;5;7;58;4;2021;3;22;2;2;0;1;1;0;0;0;0;2;0;473844,635547039099038;5782475,674058675765991;8,617366310000023;52,192119786000035;5210329406210130000;0
45506;5;7;54;44;2021;6;20;1;3;5;3;1;1;0;0;0;0;0;469918,197000001557171;5745335,010999662801623;8,563192343000026;51,858000594000032;5210627405244950000;0
45507;5;7;74;32;2021;6;7;3;3;3;2;1;0;0;0;1;0;0;480237,093999999575317;5736046,608999654650688;8,713557001000027;51,774948272000074;5210622411232690000;0
45511;5;7;54;32;2021;7;16;6;3;5;3;1;1;0;0;0;0;0;458157,304000000469387;5734262,560999657958746;8,393762286000026;51,757693012000061;5210702405232370000;0
45513;5;7;54;28;2021;3;15;5;3;5;2;1;1;0;0;0;0;0;453506,128999999724329;5745791,559999663382769;8,324831541000037;51,860979117000056;5210325405228580000;0
45514;5;9;74;28;2021;5;20;2;3;0;1;1;0;0;0;0;0;0;454318,238855700939894;5728431,813670011237264;8,338909093000041;51,704970087000049;5210510316300070000;0
45521;5;7;66;8;2021;2;16;2;3;5;2;1;1;0;0;0;0;0;478868,555162356235087;5768231,032454624772072;8,691746263000027;52,064266900000064;5210222404302780000;0
45522;5;7;54;8;2021;2;8;6;3;5;2;1;1;0;0;0;0;0;460165,478000001981854;5748629,733999665826559;8,421203094000020;51,887011458000075;5210226405108050000;1
45525;5;7;54;8;2021;6;10;5;2;0;2;1;1;0;0;0;0;0;455890,161000000312924;5750477,269999664276838;8,358850223000047;51,903299921000041;5210610405108580000;0
45527;5;7;70;8;2021;1;12;7;3;0;2;1;1;0;0;0;0;0;474792,756776572205126;5803812,293675582855940;8,629640152000036;52,383987190000028;5210109410220840000;0
45532;5;5;70;8;2021;10;15;5;2;5;2;1;1;0;0;0;0;0;433144,739681115373969;5734080,260082796216011;8,031448324000053;51,753626762000067;5211028711311080000;0
45542;5;7;54;8;2021;10;10;4;3;0;1;1;0;0;0;0;0;0;457486,431265000253916;5749358,723314529284835;8,382188959000075;51,893367626000042;5211020405108770000;1
45553;5;9;58;44;2021;10;23;7;3;8;1;1;0;0;0;0;2;0;429983,123006428591907;5686335,492559822276235;7,995150725000030;51,324002056000040;5211023313130080000;0
45564;5;9;74;28;2021;6;8;3;3;5;3;1;1;0;0;0;0;0;454976,519238480366766;5723613,056484134867787;8,349056432000054;51,661698508000029;5210601316300050000;0
45572;5;7;74;32;2021;9;13;5;2;5;2;1;1;0;0;0;0;0;483823,344999999739230;5728116,301999654620886;8,765904248000027;51,703759781000031;5210902411132870000;0
45577;5;7;54;44;2021;5;13;1;3;5;3;1;1;0;0;0;0;0;462508,319406058639288;5749414,686238233000040;8,455157606000057;51,894231243000036;5210530405244490000;0
45580;5;9;70;40;2021;11;14;5;3;5;3;1;1;0;0;0;0;0;428638,842999994754791;5631894,990999609231949;7,986612074000050;50,834362869000074;5211111315110930000;0
45581;5;7;70;4;2021;6;13;6;3;5;3;1;1;0;0;0;0;0;489164,480999999679625;5784298,917999682947993;8,841424431000064;52,209025772000075;5210611410230890000;0
45586;5;7;11;0;2021;10;16;5;3;5;3;1;1;0;0;0;0;0;470337,537999999709427;5762459,388999672606587;8,567804536000040;52,011984956000049;5211021400200020000;1
45588;5;7;11;0;2021;3;14;6;2;7;7;1;0;0;0;0;0;0;469214,014905532822013;5769586,670246733352542;8,550792871000056;52,076002405000054;5210305400100480000;0
45589;5;5;70;20;2021;1;6;6;3;3;2;1;1;0;0;0;2;0;432743,471093514002860;5742519,512118527665734;8,023999549000052;51,829447389000052;5210108711422470000;1
45593;5;9;66;16;2021;6;17;4;3;0;3;1;1;0;0;0;0;0;436610,039794300682843;5659275,480671700090170;8,095024031000037;51,081481179000036;5210616314320190000;0
45595;5;9;74;44;2021;2;22;7;3;8;1;1;0;0;0;0;2;0;454156,578122127801180;5702145,720270061865449;8,340003114000069;51,468618797000033;5210220316400270000;0
45596;5;7;70;4;2021;4;17;5;3;5;3;1;1;0;0;0;0;0;487695,809000002220273;5785798,658999683335423;8,819876298000054;52,222478481000053;5210401410230080000;0
45599;5;7;54;44;2021;5;11;1;1;4;6;1;0;0;0;0;0;0;471551,117201653309166;5746375,380921777337790;8,586817053000061;51,867440134000049;5210530405244990000;0
45600;5;7;11;0;2021;9;13;4;2;5;3;1;0;0;1;0;0;0;466429,623968356288970;5759511,986529350280762;8,511155296000027;51,985263298000064;5210922400300000000;0
45607;5;7;66;8;2021;9;22;2;2;0;1;1;0;0;0;0;2;0;483518,732441124506295;5769609,647677412256598;8,759513140000024;52,076819600000078;5210920404302180000;0
45608;5;7;54;36;2021;6;8;2;2;9;1;1;0;0;0;0;0;0;474387,271000000648201;5749193,204999664798379;8,627798348000056;51,892912494000029;5210614405236480000;0
45616;5;7;70;8;2021;6;5;3;3;0;1;1;0;0;0;0;0;0;473887,171970875933766;5806648,463256157934666;8,616113885000061;52,409442341000045;5210608410220690000;0
45625;5;7;54;8;2021;4;9;3;3;5;2;1;1;0;0;0;0;0;457682,362000000663102;5751071,408999664708972;8,384825776000071;51,908780596000042;5210406405108470000;1
45627;5;9;74;28;2021;3;12;3;2;5;2;1;1;0;0;0;0;0;453284,599000000394881;5725457,562999652698636;8,324349989000041;51,678144063000047;5210302316300670000;0
45635;5;7;74;32;2021;9;7;2;3;5;3;1;1;0;0;0;0;0;478094,749224547296762;5731574,553165471181273;8,682788238000057;51,734659383000064;5210913411232450000;0
45648;5;7;70;40;2021;9;13;2;3;5;3;1;1;0;0;0;0;0;473468,724000002257526;5809135,002999696880579;8,609765103000029;52,431776463000062;5210906410240070000;0
45653;5;7;54;8;2021;4;13;3;3;5;3;1;1;0;0;0;0;0;460755,227000000886619;5752633,224999664351344;8,429315732000020;51,923047310000072;5210413405108850000;0
45657;5;7;74;32;2021;9;15;5;2;0;1;1;0;0;0;0;0;0;488102,733083886094391;5733040,509024642407894;8,827663544000075;51,748142057000052;5210909411133650000;0
45658;5;7;70;8;2021;1;7;2;2;4;2;1;1;0;0;0;2;0;473890,825000001117587;5806641,308999691158533;8,616168146000064;52,409378198000070;5210118410220180000;1
45659;5;9;74;8;2021;10;15;7;3;8;1;1;0;0;0;0;0;0;444563,036649467423558;5720823,812212346121669;8,198956165000027;51,635690641000053;5211016316100370000;0
45667;5;7;54;8;2021;2;17;1;3;5;3;1;1;0;0;0;1;0;457969,005000000819564;5748587,601999662816525;8,389295310000023;51,886471374000052;5210221405108880000;0
45670;5;9;74;28;2021;2;0;4;2;0;7;1;0;0;0;0;2;0;453970,305043854750693;5728283,418542543426156;8,333893873000022;51,703607459000068;5210203316300250000;1
45679;5;9;66;16;2021;6;12;3;3;0;7;1;0;0;0;0;0;0;429826,803045892156661;5654726,750450395047665;7,999081704000048;51,039793742000029;5210622314320360000;0
45683;5;7;70;40;2021;10;15;3;3;8;1;1;0;0;0;0;0;0;474720,225999999791384;5808410,133999696001410;8,628227203000051;52,425319117000072;5211005410240090000;0
45689;5;7;11;0;2021;5;10;4;2;5;3;1;1;0;0;0;0;0;473070,143000001087785;5768120,094999678432941;8,607172929000058;52,063017941000055;5210512400100270000;0
45692;5;7;11;0;2021;7;19;7;3;1;5;1;1;0;0;0;0;0;469682,801981481723487;5763622,755415452644229;8,558162011000036;52,022409010000047;5210703400200790000;0
45693;5;7;58;24;2021;9;15;2;2;5;3;1;1;0;0;0;0;0;479920,092332112602890;5784713,521329464390874;8,706111614000065;52,212493948000031;5210906406220140000;0
45697;5;5;70;48;2021;12;7;4;1;2;6;1;1;0;0;1;2;1;450939,240696961060166;5729328,236789872869849;8,289887101000033;51,712744280000038;5211215711322470000;1
45700;5;7;54;28;2021;4;6;4;3;5;3;1;1;0;0;0;1;0;452464,787000000476837;5742445,102999661117792;8,310170762000041;51,830804906000026;5210414405228070000;0
45704;5;7;11;0;2021;12;15;4;3;6;4;1;0;1;0;0;0;0;466013,800000001676381;5759314,806999668478966;8,505119937000075;51,983465240000044;5211208400300190000;0
45707;5;7;58;12;2021;9;15;5;3;5;3;1;1;0;0;0;0;0;477921,262000001035631;5777215,005999678745866;8,677345525000021;52,145001762000049;5210916406110930000;0
45713;5;9;74;40;2021;4;16;7;3;1;5;1;1;0;0;0;0;0;437537,288982208818197;5715358,701332785189152;8,098423391000040;51,585820532000071;5210417316100560000;0
45715;5;7;74;20;2021;7;22;7;3;0;1;1;0;0;0;0;2;0;470523,393457830883563;5734174,658644989132881;8,572929279000050;51,757690128000036;5210703411220080000;0
45717;5;9;70;40;2021;9;11;7;3;5;3;1;1;0;0;0;0;0;431634,081679141148925;5638625,247608020901680;8,027882554000030;50,895239003000029;5210925315110890000;0
45718;5;7;70;4;2021;3;14;5;2;0;7;1;0;0;0;0;0;0;486319,828882081434131;5782992,588843263685703;8,799846558000070;52,197217820000049;5210311410230580000;1
45723;5;7;11;0;2021;10;22;3;3;0;3;1;1;0;0;0;2;0;466910,409398793242872;5768887,206810718402267;8,517249378000031;52,069580979000079;5211005400100190000;1
45726;5;7;54;32;2021;3;20;3;3;6;6;1;0;1;0;0;2;0;460505,768044802360237;5740262,529492285102606;8,427103189000036;51,811808318000033;5210309405232370000;1
45731;5;9;74;32;2021;6;18;2;2;4;6;1;0;0;0;0;0;0;439717,058792139403522;5705121,026869641616940;8,131635454000048;51,494014811000056;5210614316100180000;0
45733;5;7;54;40;2021;9;17;5;3;0;1;1;0;0;0;0;0;0;462380,158999999985099;5763430,993999671190977;8,451760298000067;52,020237810000026;5210923405140280000;0
45741;5;7;58;4;2021;11;7;4;2;0;3;1;1;0;0;0;1;0;470457,126000001095235;5783725,219999680295587;8,567702008000026;52,203182605000052;5211124406210030000;1
45748;5;9;74;4;2021;2;11;4;2;3;2;1;1;0;0;0;0;0;453365,604830793105066;5712483,835470186546445;8,327248573000077;51,561505034000049;5210224316300330000;0
45752;5;7;54;48;2021;10;19;2;3;5;3;1;1;0;0;0;2;0;441908,335829230956733;5767052,369897564873099;8,152835155000048;52,051027846000068;5211011405148080000;1
45761;5;7;58;24;2021;11;6;2;3;5;3;1;1;0;0;0;2;0;483377,395978517830372;5783256,163432462140918;8,756783517000031;52,199506635000034;5211108406220380000;0
45767;5;9;58;44;2021;6;16;1;2;3;2;1;1;0;0;0;0;0;433160,188080422580242;5686455,732060011476278;8,040716889000066;51,325465354000073;5210606313130470000;0
45773;5;7;11;0;2021;2;14;4;3;5;2;1;1;0;0;0;0;0;468665,774355977773666;5764953,642838379368186;8,543218617000036;52,034318010000050;5210224400200990000;0
45782;5;5;70;28;2021;3;17;4;3;5;3;1;1;0;0;0;0;0;441113,005999999120831;5743121,529999660328031;8,145336897000050;51,835804710000048;5210324711413070000;0
45786;5;7;11;0;2021;3;17;2;3;1;6;1;1;0;0;0;0;0;472414,421000000089407;5762817,715999672189355;8,598035955000057;52,015313699000046;5210329400200870000;0
45788;5;7;58;32;2021;9;11;1;2;0;7;1;0;0;0;0;0;0;459852,894860062748194;5775442,504141341894865;8,413518778000025;52,128048655000043;5210919406140990000;0
45794;5;7;58;16;2021;10;0;6;3;0;7;1;0;0;0;0;2;0;474442,337212893180549;5779929,074055794626474;8,626301985000055;52,169252633000042;5211001406120780000;0
45798;5;9;70;40;2021;4;15;5;3;2;6;1;1;0;0;0;0;0;431927,476625956594944;5636802,290847666561604;8,032393433000038;50,878882747000034;5210422315110080000;0
45805;5;7;54;32;2021;12;9;5;3;5;2;1;1;0;0;0;0;0;460636,616000000387430;5740247,946999661624432;8,429002803000060;51,811686440000074;5211230405232880000;1
45807;5;7;54;28;2021;9;7;5;3;5;3;1;1;0;0;0;0;0;450854,831568815745413;5745274,416409239172935;8,286406982000074;51,856102518000057;5210916405228680000;0
45808;5;9;74;28;2021;12;7;3;3;5;3;1;1;0;0;0;1;0;456923,082000000402331;5727000,174999656155705;8,376779867000039;51,692304424000042;5211207316300090000;1
45817;5;5;66;48;2021;11;14;2;3;0;3;1;1;0;0;0;0;0;431065,055187172256410;5795708,112260812893510;7,988904395000077;52,307379970000056;5211129709700050000;0
45821;5;5;70;12;2021;6;13;2;2;5;3;1;1;0;0;0;0;0;442822,666999998502433;5751548,837999662384391;8,168751555000028;51,911745612000061;5210621711131080000;1
45827;5;7;11;0;2021;11;15;5;3;5;3;1;1;0;0;0;0;0;465489,991857350803912;5755620,339267013594508;8,497864317000051;51,950217230000078;5211104400300290000;1
45829;5;7;70;4;2021;10;13;3;2;5;3;1;1;0;0;0;0;0;485722,290000000968575;5785571,975999681279063;8,790995290000069;52,220392850000053;5211005410230490000;0
45832;5;7;70;12;2021;9;7;4;3;5;3;1;1;0;0;0;0;0;487115,688520722091198;5801004,788176694884896;8,810802305000038;52,359175368000081;5210922410140990000;0
45835;5;7;58;32;2021;11;6;2;3;0;1;1;0;0;0;0;2;0;465033,859795020893216;5774695,149273181334138;8,489277221000066;52,121681720000026;5211122406140570000;0
45836;5;7;11;0;2021;10;17;6;3;5;3;1;1;0;0;0;0;0;469293,248786028474569;5756973,149109814316034;8,553080517000069;51,962602995000054;5211008400300250000;0
45837;5;7;70;16;2021;1;8;5;3;5;2;1;1;0;0;0;1;0;479463,011379550211132;5789223,469975667074323;8,699147918000051;52,253023692000056;5210128410270470000;1
45838;5;7;54;40;2021;9;18;4;3;7;2;1;1;0;0;0;0;0;460440,774000000208616;5763696,736999673768878;8,423468137000043;52,022492065000051;5210908405112180000;0
45850;5;9;70;24;2021;10;13;6;2;0;2;1;1;0;0;0;0;0;430664,874999995343387;5645817,612999612465501;8,012735233000058;50,959792001000039;5211008315210790000;0
45851;5;9;74;4;2021;11;13;3;3;5;3;1;1;0;0;0;0;0;450445,013627026230097;5713871,790438696742058;8,284923579000065;51,573734953000042;5211109316300290000;0
45857;5;5;70;28;2021;9;15;2;2;0;7;1;0;0;0;0;0;0;440697,256999999284744;5741152,193999661132693;8,139641001000030;51,818055973000071;5210927711412480000;0
45867;5;7;54;48;2021;10;23;7;2;0;1;1;0;0;0;0;2;0;442426,693213484250009;5766566,793956663459539;8,160475418000033;52,046716653000033;5211009405148050000;0
45869;5;5;70;28;2021;6;7;4;3;5;3;1;1;0;0;0;0;0;445290,068999999202788;5743179,436999661847949;8,205945495000037;51,836750152000036;5210602711000380000;0
45878;5;7;11;0;2021;10;14;6;3;0;1;1;0;0;0;0;0;0;469251,663458782248199;5752381,306500384584069;8,552885925000055;51,921316480000030;5211001400300550000;0
45881;5;9;70;32;2021;6;11;2;3;0;7;1;0;0;0;0;0;0;448600,245960908010602;5637984,604148816317320;8,269195737000075;50,891237865000051;5210628315260480000;0
45882;5;7;54;8;2021;5;15;3;3;5;2;1;1;0;0;0;0;0;456808,723256226629019;5751930,720627514645457;8,372018690000061;51,916439223000054;5210518405108790000;1
45889;5;5;70;36;2021;9;14;7;3;5;3;1;1;0;0;0;0;0;434089,768898779526353;5760423,802000056952238;8,040107843000044;51,990564537000068;5210918711121780000;0
45893;5;7;70;44;2021;2;8;6;3;0;6;1;1;0;0;0;0;0;468624,311081839725375;5812208,518026838079095;8,538224605000039;52,459150733000058;5210226410250630000;0
45896;5;7;11;0;2021;10;17;3;3;4;7;1;1;0;0;0;1;0;469253,040204226039350;5767139,938592340797186;8,551582650000057;52,054007029000047;5211019400100840000;1
45898;5;7;54;4;2021;7;11;7;3;0;1;1;1;0;0;0;0;0;452300,559688265435398;5772955,649456650018692;8,303548597000031;52,105091305000030;5210703405104050000;0
45903;5;7;74;24;2021;11;19;2;3;5;3;1;1;0;0;0;2;0;476529,743000000715256;5741168,838999660685658;8,659476968000035;51,820859612000049;5211115411224540000;0
45905;5;7;11;0;2021;6;6;3;3;5;3;1;1;0;0;0;0;0;471422,916393918916583;5766387,707033252343535;8,583290362000071;52,047360141000070;5210615400200280000;0
45910;5;9;70;28;2021;10;17;6;3;0;7;1;1;0;0;0;1;0;459137,147012198343873;5642124,744675334542990;8,418536960000040;50,929308410000033;5211022315230820000;1
45912;5;7;54;8;2021;9;7;4;3;1;3;1;1;0;0;0;0;0;456556,582986827939749;5751579,561633627861738;8,368397225000024;51,913262499000041;5210915405108160000;1
45916;5;9;74;24;2021;1;13;1;3;5;2;1;0;0;0;1;0;0;435777,429999995976686;5721540,547999652102590;8,071892539000032;51,641199805000042;5210131316100380000;0
45917;5;7;58;12;2021;1;14;3;2;9;7;1;0;0;0;0;0;0;481551,073999999091029;5778423,844999680295587;8,730324552000070;52,156003161000058;5210112406110670000;1
45921;5;7;11;0;2021;2;6;4;3;5;3;1;1;0;0;0;1;0;467569,202000000514090;5760414,244999667629600;8,527663633000031;51,993442908000077;5210224400300880000;0
45926;5;7;70;28;2021;12;14;5;3;5;3;1;1;0;0;0;0;0;490025,884999999776483;5800023,667999688535929;8,853565621000030;52,350415407000071;5211209410130870000;0
45928;5;7;54;20;2021;2;7;4;3;7;7;1;0;0;0;1;0;0;451496,963697426021099;5749558,949267065152526;8,295127981000064;51,894678661000057;5210224405220070000;0
45938;5;7;70;16;2021;11;7;2;3;5;3;1;0;0;0;0;0;1;472611,667182995006442;5790574,804287411272526;8,598673348000034;52,264874240000040;5211122410270440000;0
45939;5;7;58;12;2021;9;13;4;3;6;4;1;0;1;0;0;0;0;478384,625010948628187;5774450,381422819569707;8,684292653000057;52,120164407000061;5210908406110090000;0
45950;5;9;70;40;2021;12;11;6;2;0;3;1;1;0;0;0;0;0;431510,662149464711547;5639182,207302182912827;8,026023415000054;50,900232202000041;5211217315110090000;0
45956;5;7;66;48;2021;6;13;2;2;0;7;1;0;0;0;0;0;0;479969,536653552204370;5762708,075934603810310;8,708130115000074;52,014652116000036;5210628404302540000;0
45959;5;7;54;32;2021;2;11;1;3;8;6;1;0;0;0;0;0;0;456914,843918040394783;5730552,281203314661980;8,376221577000024;51,724240331000033;5210221405232170000;0
45960;5;7;66;8;2021;11;13;3;3;6;1;1;0;1;0;0;0;0;483883,104908365756273;5769296,203297168016434;8,764844649000054;52,074012221000032;5211116404302420000;0
45970;5;5;70;36;2021;6;20;2;2;0;1;1;0;0;0;0;0;0;431829,606009316630661;5761169,655795846134424;8,007048605000023;51,996996653000053;5210614711121540000;0
45971;5;7;58;12;2021;7;15;4;3;5;3;1;1;0;0;0;0;0;477230,798999999649823;5774811,171999679878354;8,667416390000028;52,123361817000045;5210707406110890000;0
45977;5;7;11;0;2021;6;1;1;2;5;7;1;1;0;0;0;2;0;470656,792999999597669;5761273,256999667733908;8,572557692000032;52,001337774000035;5210620400200990000;0
45979;5;7;11;0;2021;7;15;5;3;5;3;1;1;0;0;0;0;0;465484,349000000394881;5755613,091999670490623;8,497782942000072;51,950151722000044;5210708400300560000;0
45993;5;7;54;8;2021;9;16;3;3;5;3;1;1;0;0;0;0;0;456791,025000000372529;5751738,054099999368191;8,371785557000067;51,914705672000082;5210928405108070000;0
45994;5;7;66;8;2021;4;7;4;3;5;2;1;1;0;0;0;0;0;483412,059000000357628;5769744,874999674037099;8,757950051000023;52,078032210000060;5210421404302440000;0
45999;5;7;74;36;2021;3;6;4;3;0;3;1;1;0;0;0;1;0;477171,300962524488568;5722561,484497431665659;8,670005824000043;51,653583512000068;5210303411236380000;0
46000;5;9;66;20;2021;10;5;2;3;7;7;1;0;0;0;0;2;0;432684,838201381266117;5666881,939169853925705;8,037574967000069;51,149424087000057;5211025314310180000;1
46007;5;7;11;0;2021;11;15;6;3;5;3;1;1;0;0;0;0;0;469007,580000000074506;5769906,541999673470855;8,547751760000040;52,078866714000071;5211112400100580000;0
46018;5;9;74;20;2021;4;16;5;3;5;2;1;1;0;0;0;0;0;464368,184756555594504;5721182,046539155766368;8,485080924000044;51,640514998000072;5210422316500370000;0
46033;5;7;54;36;2021;5;16;4;3;3;3;1;1;0;0;0;0;0;473023,133723091334105;5751113,366789709776640;8,607825027000047;51,910112112000036;5210519405236490000;1
46035;5;7;11;0;2021;1;8;5;3;5;3;1;1;0;0;0;1;0;469755,074922032654285;5761630,341647755354643;8,559391263000066;52,004499817000067;5210107400200050000;1
46037;5;7;11;0;2021;11;21;5;3;3;2;1;1;0;0;0;2;0;468693,082000001333654;5764534,116999674588442;8,543655087000047;52,030547754000054;5211104400200050000;0
46038;5;7;54;32;2021;1;15;4;2;5;3;1;1;0;0;0;0;0;461100,158000000752509;5741756,144999660551548;8,435557083000049;51,825278801000081;5210113405228470000;1
46041;5;7;54;28;2021;4;5;4;3;5;2;1;1;0;0;0;1;0;451367,567999999970198;5745169,141999663785100;8,293866171000047;51,855200968000077;5210421405228080000;0
46043;5;7;66;40;2021;6;23;5;2;0;1;1;0;0;0;0;2;0;484500,514781135134399;5757839,147647021338344;8,774371856000073;51,971021133000079;5210610404102490000;0
46044;5;7;54;24;2021;2;17;5;3;0;2;1;1;0;0;0;2;0;453110,628465999849141;5736341,167647145688534;8,320368203000044;51,775981293000029;5210204405224690000;0
46049;5;9;58;16;2021;10;14;5;3;5;3;1;1;0;0;0;0;0;444178,156999997794628;5678090,754999632015824;8,200136001000033;51,251442627000074;5211007313123590000;0
46053;5;7;11;0;2021;9;4;7;3;5;3;1;1;0;0;0;2;0;469165,900000000372529;5762347,150999672710896;8,550743904000058;52,010911999000029;5210904400200160000;0
46055;5;9;74;28;2021;10;5;2;3;5;3;1;1;0;0;0;2;0;451644,097903531044722;5726079,059464402496815;8,300539021000077;51,683592943000065;5211011316300090000;0
46062;5;7;74;36;2021;6;11;7;2;1;5;1;1;0;0;0;0;0;471312,773054402321577;5725853,993106510490179;8,585051202000045;51,682918753000081;5210619411236780000;0
46063;5;7;54;44;2021;12;12;6;3;5;3;1;1;0;0;0;0;0;466004,019000001251698;5748023,803999662399292;8,506093299000042;51,881950319000055;5211231405244090000;0
46066;5;7;74;32;2021;11;13;7;3;4;6;1;0;0;0;0;0;0;478780,050999999977648;5731445,420999657362700;8,692719868000040;51,733524690000081;5211106411236950000;0
46071;5;7;54;36;2021;6;13;4;3;5;3;1;1;0;0;0;0;0;474652,892467048019171;5748016,130496909841895;8,631744746000038;51,882341626000027;5210602405236380000;0
46082;5;7;11;0;2021;9;14;4;3;0;7;1;0;1;0;0;0;0;468790,888585767708719;5758083,770226128399372;8,545668234000061;51,972560309000073;5210922400300290000;0
46083;5;7;54;8;2021;5;10;1;3;5;2;1;1;0;0;0;0;0;461714,610000001266599;5753783,772999670356512;8,443138026000042;51,933458281000071;5210530405108890000;0
46086;5;7;54;8;2021;3;18;1;3;0;6;1;0;0;0;1;1;0;457525,616000001318753;5750601,298999665305018;8,382605246000026;51,904542104000029;5210328405108080000;0
46105;5;7;58;4;2021;4;6;5;3;5;3;1;1;0;0;0;0;0;470600,795100384391844;5783727,616541162133217;8,569804032000036;52,203211833000069;5210422406210030000;0
46106;5;5;70;8;2021;6;7;3;3;5;2;1;1;0;0;0;0;0;433023,008170497603714;5739195,828695606440306;8,028698096000028;51,799601231000054;5210615711314870000;0
46107;5;7;74;32;2021;9;7;6;3;3;6;1;0;0;0;1;0;0;486205,043033837340772;5731368,330298200249672;8,800241257000039;51,733063475000051;5210917411132230000;0
46109;5;7;54;40;2021;9;19;6;2;2;6;1;0;0;0;0;2;0;455682,521330040879548;5758866,293841404840350;8,354751111000041;51,978704788000073;5210924405140080000;0