OID_;ULAND;UREGBEZ;UKREIS;UGEMEINDE;UJAHR;UMONAT;USTUNDE;UWOCHENTAG;UKATEGORIE;UART;UTYP1;IstRad;IstPKW;IstFuss;IstKrad;IstSonstige;ULICHTVERH;IstGkfz;LINREFX;LINREFY;XGCSWGS84;YGCSWGS84;UIDENTSTLAE;IstStrassenzustand
46116;5;7;54;8;2021;3;15;6;3;3;2;1;1;0;0;0;0;0;456981,207999998703599;5749166,175999665632844;8,374871499000051;51,891597743000034;5210326405108870000;0
46127;5;7;70;12;2021;4;14;4;3;5;3;1;1;0;0;0;0;0;488795,282999360002577;5795562,925461625680327;8,835647385000073;52,310287711000058;5210428410140430000;0
46129;5;9;74;8;2021;7;17;6;3;5;3;1;1;0;0;0;0;0;442384,258634099736810;5714669,402005108073354;8,168488622000041;51,580139757000040;5210702316100280000;0
46132;5;7;74;20;2021;5;15;7;3;5;2;1;1;0;0;0;0;0;468264,389999999664724;5733260,292999655008316;8,540284365000048;51,749345561000041;5210508411220340000;0
46134;5;7;74;32;2021;1;23;4;3;0;1;1;0;0;0;0;2;0;480823,932831227779388;5730024,420925518497825;8,722394623000071;51,720821747000059;5210113411132380000;1
46136;5;9;70;40;2021;9;20;2;3;5;3;1;1;0;0;0;2;0;431120,158799102529883;5635968,771667391061783;8,021076743000037;50,871292581000034;5210920315110290000;0
46139;5;7;54;16;2021;11;7;7;3;0;7;1;0;0;0;0;0;0;446837,929019035771489;5756325,028987178578973;8,226381682000067;51,955082468000057;5211113405116090000;1
46142;5;7;58;12;2021;2;14;4;3;5;3;1;1;0;0;0;0;0;476840,389321729540825;5774377,885859269648790;8,661743379000029;52,119450087000075;5210203406110970000;1
46146;5;7;11;0;2021;6;14;4;2;5;2;1;1;0;0;0;0;0;469409,350768531672657;5767629,695241427049041;8,553818363000062;52,058418887000073;5210623400100390000;0
46150;5;7;54;8;2021;9;21;6;2;5;2;1;0;0;0;1;2;0;456753,696104295551777;5752313,463402424007654;8,371170599000038;51,919876017000036;5210903405108160000;0
46151;5;7;66;8;2021;6;12;3;2;0;1;1;0;0;0;0;0;0;483361,970475194975734;5769828,106789618730545;8,757215110000061;52,078779024000028;5210608404302020000;0
46154;5;9;70;8;2021;11;14;5;1;2;6;1;1;0;0;0;0;0;435770,968381757847965;5627206,633279513567686;8,088700491000054;50,793042349000075;5211111315130180000;0
46161;5;9;74;8;2021;6;13;5;3;0;1;1;0;0;0;0;0;0;444344,150999998673797;5719529,984999649226665;8,195999354000037;51,624036688000047;5210603316100090000;0
46163;5;7;11;0;2021;12;16;2;2;5;3;1;1;0;0;0;2;0;469848,351294048130512;5761580,581199202686548;8,560754451000037;52,004057511000042;5211220400200470000;0
46167;5;9;74;28;2021;3;18;4;3;5;3;1;1;0;0;0;1;0;451603,172999999485910;5726094,238999655470252;8,299944991000075;51,683725893000030;5210324316300250000;0
46169;5;7;74;32;2021;2;13;7;3;5;3;1;0;0;1;0;0;0;484881,301000000908971;5732706,267999658361077;8,781014730000038;51,745059122000043;5210220411132530000;0
46171;5;9;74;28;2021;11;15;2;3;5;6;1;1;0;0;0;0;0;454247,328999998979270;5725483,603999651968479;8,338269635000074;51,678457452000032;5211115316300590000;0
46174;5;7;58;8;2021;9;15;6;3;5;3;1;1;0;0;0;0;0;471456,942487951368093;5778959,973599381744862;8,582732948000057;52,160393625000040;5210903406130680000;0
46189;5;5;70;8;2021;12;18;3;3;5;3;1;1;0;0;0;2;0;433040,635520997457206;5733359,320421393960714;8,030079212000032;51,747133041000041;5211214711311750000;1
46196;5;7;54;32;2021;4;14;3;3;1;5;1;1;0;0;0;0;0;461245,320171032100916;5742024,173187252134085;8,437633291000054;51,827698676000068;5210413405232870000;0
46200;5;7;54;12;2021;6;16;1;3;7;1;1;0;0;0;0;0;0;457610,218179844319820;5765789,526155833154917;8,381959070000050;52,041097975000071;5210613405112090000;0
46203;5;7;54;8;2021;10;14;6;3;3;2;1;1;0;0;0;0;0;458705,277424392290413;5752370,544471353292465;8,399539291000053;51,920537375000038;5211008405108390000;0
46205;5;7;54;48;2021;6;14;6;3;1;3;1;1;0;0;0;0;0;441049,012599862180650;5765639,982471013441682;8,140548553000031;52,038239912000051;5210604405148070000;0
46211;5;7;74;8;2021;3;13;2;2;5;3;1;1;0;0;0;0;0;489516,553000002168119;5737824,572999659925699;8,847998768000025;51,791185162000033;5210301411108770000;0
46216;5;9;74;32;2021;9;13;7;3;0;7;1;0;0;1;0;0;0;436819,000343645922840;5704527,147617911919951;8,090001310000048;51,488359005000063;5210918316100680000;0
46217;5;5;70;36;2021;9;11;5;3;4;6;1;0;0;0;0;0;0;435673,659999997355044;5761374,425999669358134;8,062993277000032;51,999296133000030;5210930711121380000;0
46218;5;7;74;36;2021;1;14;4;2;0;3;1;1;0;0;0;0;0;470285,905191904865205;5725929,677255610004067;8,570191985000065;51,683545842000058;5210113411236890000;1
46225;5;7;54;44;2021;5;5;4;3;5;3;1;0;0;0;0;0;1;469358,085464806295931;5745842,321032818406820;8,555014419000031;51,862531292000028;5210519405244080000;0
46229;5;9;74;28;2021;12;8;6;3;5;3;1;1;0;0;0;1;0;456776,040199821814895;5726838,294305741786957;8,374672717000067;51,690837667000039;5211217316300170000;1
46230;5;7;74;32;2021;10;23;5;3;7;1;1;0;0;0;0;2;0;483877,670110188424587;5731515,571281539276242;8,766533046000063;51,734325248000061;5211028411132770000;0
46231;5;7;54;28;2021;3;21;6;3;0;1;1;0;0;0;0;2;0;452572,458314020186663;5743903,618596166372299;8,311533199000053;51,843926929000077;5210326405228080000;0
46246;5;9;58;36;2021;6;15;6;2;1;5;1;1;0;0;0;0;0;465022,717187786474824;5682318,889716450124979;8,498385316000054;51,291120620000072;5210625313212480000;0
46247;5;7;11;0;2021;11;7;2;3;5;3;1;1;0;0;0;1;0;463887,242000000551343;5760753,251999670639634;8,474004556000068;51,996263543000055;5211115400300500000;0
46251;5;9;58;4;2021;6;17;1;2;0;7;1;0;0;0;0;0;0;430011,708122973330319;5695269,172741655260324;7,993802222000056;51,404324289000044;5210627313110080000;0
46253;5;7;66;8;2021;5;11;1;2;5;6;1;0;0;0;1;0;0;482191,788499542512000;5766885,969360083341599;8,740293288000032;52,052290552000045;5210530404302820000;0
46255;5;7;70;40;2021;7;7;6;3;5;3;1;1;0;0;0;0;0;474423,004999999888241;5808561,398999694734812;8,623844698000028;52,426665184000058;5210709410240940000;0
46258;5;7;11;0;2021;11;12;7;2;3;2;1;1;0;0;0;0;0;470650,600565658882260;5765011,379794958978891;8,572146989000032;52,034945712000081;5211120400200890000;0
46262;5;9;74;28;2021;11;18;2;3;9;1;1;0;1;0;0;2;0;455224,722079084254801;5726358,557608995586634;8,352292653000063;51,686402825000073;5211108316300590000;0
46264;5;7;11;0;2021;9;10;4;3;5;2;1;1;0;0;0;0;0;467034,879577117972076;5756924,902441851794720;8,520217058000071;51,962039894000043;5210908400300590000;0
46265;5;7;58;4;2021;9;17;2;3;5;3;1;1;0;0;0;0;0;469470,605862382799387;5782505,468197628855705;8,553376753000066;52,192162808000035;5210906406210890000;0
46266;5;7;58;24;2021;11;13;6;3;5;3;1;1;0;0;0;0;0;479722,420514900237322;5786673,846167515963316;8,703101034000042;52,230111005000026;5211112406220990000;0
46267;5;7;54;8;2021;3;8;2;2;5;3;1;1;0;0;0;0;0;460414,126000000163913;5753853,862999664619565;8,424215402000073;51,933997445000045;5210308405108450000;1
46271;5;7;54;28;2021;5;14;6;2;2;6;1;0;0;0;0;0;0;452895,676999999210238;5745586,291999662294984;8,315995426000029;51,859082446000059;5210528405228480000;0
46283;5;7;11;0;2021;1;17;4;3;4;2;1;1;0;0;0;2;0;468324,933567930944264;5762420,951846968382597;8,538484532000041;52,011528154000075;5210120400200850000;1
46290;5;7;70;4;2021;10;13;4;3;5;3;1;1;0;0;0;0;0;486080,663999998942018;5786660,438999680802226;8,796196524000038;52,230187911000030;5211027410230880000;0
46295;5;9;74;32;2021;5;21;2;2;5;3;1;1;0;0;0;2;0;441423,072595397010446;5704903,990448933094740;8,156243383000060;51,492242842000053;5210510316100570000;1
46297;5;7;58;32;2021;3;14;4;3;5;3;1;1;0;0;0;0;0;466707,964988466352224;5779538,860062817111611;8,513254039000060;52,165332048000039;5210324406140570000;0
46301;5;7;54;8;2021;10;19;7;3;0;7;1;0;0;0;1;2;0;459933,247480252757668;5748234,117669504135847;8,417874914000038;51,883437958000059;5211009405108080000;0
46305;5;7;58;20;2021;3;17;2;3;5;3;1;0;0;0;1;0;0;475523,311930610798299;5783113,854455482214689;8,641877464000061;52,197934412000052;5210315406230090000;1
46314;5;7;58;4;2021;1;15;2;2;5;3;1;1;0;0;0;0;0;467788,161000000312924;5782209,959999680519104;8,528792752000072;52,189410360000068;5210125406210480000;1
46316;5;7;74;32;2021;9;6;2;3;0;7;1;0;1;0;0;2;0;480346,036936048418283;5735702,246302630752325;8,715155488000050;51,771855876000075;5210927411232080000;0
46320;5;7;54;28;2021;6;9;3;3;5;3;1;1;0;0;0;0;0;451480,730191117152572;5746674,125975169241428;8,295297745000028;51,868741361000048;5210615405228070000;0
46322;5;7;74;32;2021;1;14;5;3;5;2;1;1;0;0;0;0;0;484659,018037656322122;5728350,990684987977147;8,777987018000033;51,705893419000063;5210128411132070000;1
46323;5;7;54;28;2021;3;12;4;3;5;3;1;1;0;0;0;0;0;453116,921578701585531;5745662,026990942656994;8,319197609000071;51,859781977000068;5210310405228770000;0
46332;5;7;54;8;2021;4;16;4;3;5;3;1;1;0;0;0;0;0;459540,422000002115965;5750809,588999664410949;8,411865689000024;51,906564738000043;5210407405108180000;1
46335;5;7;54;32;2021;9;15;5;2;0;3;1;1;0;0;0;0;0;455919,470999999903142;5739588,977999657392502;8,360665043000040;51,805409736000058;5210902405232670000;0
46344;5;7;74;36;2021;12;7;4;3;7;3;1;0;0;1;0;0;0;472836,613963929936290;5724738,485168438404799;8,607179140000028;51,672964738000076;5211201411236480000;0
46353;5;7;54;8;2021;11;17;6;3;5;3;1;1;0;0;0;2;0;457405,461398880928755;5756311,854831628501415;8,380151882000064;51,955873909000047;5211126405108570000;1
46359;5;7;11;0;2021;3;10;2;3;5;3;1;1;0;0;0;0;0;465003,153766817413270;5761275,297898594290018;8,490204198000072;52,001028507000058;5210322400300070000;0
46383;5;7;54;12;2021;9;15;2;3;5;3;1;1;0;0;0;0;0;457164,991000001318753;5764985,569999672472477;8,375568810000061;52,033835891000081;5210927405112270000;0
46389;5;7;58;12;2021;4;13;5;3;5;3;1;1;0;0;0;0;0;477288,158674072474241;5774789,591231878846884;8,668255653000074;52,123170152000057;5210422406110270000;0
46393;5;7;58;16;2021;6;0;1;2;0;1;1;0;0;0;0;2;0;473628,943074103444815;5779612,594759093597531;8,614433613000074;52,166369056000065;5210620406120430000;0
46394;5;7;54;20;2021;6;19;6;3;4;6;1;0;0;1;0;0;0;445081,113771528005600;5751636,349902639165521;8,201567559000068;51,912759644000062;5210618405220880000;0
46399;5;7;74;32;2021;2;15;4;3;4;6;1;0;0;0;0;0;0;480850,002339442260563;5730222,814588906243443;8,722761109000032;51,722606451000047;5210224411132070000;0
46400;5;7;11;0;2021;10;17;3;2;0;7;1;1;0;0;0;0;0;469253,026494413614273;5767140,020857449620962;8,551582443000029;52,054007768000076;5211019400100370000;1
46403;5;7;54;32;2021;10;20;1;3;8;1;1;0;0;0;0;2;0;457646,612999999895692;5734710,590999655425549;8,386308989000042;51,761682775000054;5211003405232590000;1
46407;5;7;74;24;2021;9;15;6;3;0;3;1;0;0;0;1;0;0;476593,908066571690142;5741211,888203229755163;8,660404992000053;51,821249362000060;5210903411224530000;0
46410;5;7;54;44;2021;3;14;2;2;5;3;1;1;0;0;0;0;0;466219,624000000767410;5748610,285999665036798;8,509168139000053;51,887236370000039;5210329405244070000;0
46415;5;7;54;28;2021;11;7;3;3;8;1;1;0;0;0;0;1;0;449520,154012156650424;5745246,741285851225257;8,267033056000059;51,855734570000038;5211123405228080000;1
46416;5;7;54;8;2021;6;19;2;3;5;2;1;1;0;0;0;0;0;456395,298999999649823;5751514,200999664142728;8,366060825000034;51,912662266000041;5210628405108070000;0
46426;5;7;74;16;2021;6;14;3;2;1;7;1;1;0;0;0;0;0;469754,243152135051787;5710851,258918568491936;8,563803402000076;51,547943054000029;5210608411216280000;0
46433;5;7;70;4;2021;4;15;7;3;0;1;1;0;0;0;0;0;0;484610,533000000752509;5790932,495999684557319;8,774476731000050;52,268556740000065;5210417410230080000;0
46434;5;9;58;32;2021;10;17;3;3;5;3;1;1;0;0;0;0;0;452937,019124815240502;5688983,336113242432475;8,324193674000071;51,350172516000043;5211026313121570000;0
46436;5;7;58;12;2021;5;15;3;3;5;2;1;1;0;0;0;0;0;476409,332718050107360;5774371,534046234562993;8,655448164000063;52,119374753000045;5210518406110480000;0
46438;5;7;58;4;2021;11;16;6;3;0;3;1;1;0;0;0;1;0;471216,863892133347690;5782765,425837660208344;8,578900408000038;52,194593861000044;5211126406210590000;0
46440;5;7;54;8;2021;11;20;1;2;0;1;1;0;0;0;0;2;0;463989,712000000290573;5753919,487999664619565;8,476213694000023;51,934830321000049;5211121405108390000;1
46448;5;7;66;20;2021;10;6;3;3;5;3;1;1;0;0;0;2;0;485727,047423470765352;5755420,485502315685153;8,792327037000064;51,949307891000046;5211026404101090000;1
46453;5;7;54;48;2021;11;15;4;3;0;7;1;0;0;0;0;0;1;442076,501999998465180;5766144,629999671131372;8,155441130000042;52,042884950000030;5211110405148570000;0
46455;5;7;54;44;2021;3;17;2;3;5;2;1;1;0;0;0;0;0;466159,258000000379980;5748033,696999661624432;8,508347611000033;51,882048709000060;5210315405244590000;0
46471;5;7;54;20;2021;5;23;6;3;0;1;1;0;0;0;0;2;0;444482,190999999642372;5750477,439999666064978;8,193047860000036;51,902281421000055;5210528405220380000;0
46474;5;7;74;32;2021;6;15;4;3;3;2;1;0;0;0;0;0;0;480310,348000000230968;5733010,297999655827880;8,714790790000052;51,747650732000068;5210602411232890000;0
46475;5;7;11;0;2021;12;11;7;3;1;5;1;1;0;0;1;0;0;468895,996517810039222;5765683,492364985868335;8,546508223000046;52,040892771000074;5211211400100080000;0
46477;5;7;70;4;2021;9;17;4;3;3;6;1;0;0;0;0;0;0;490035,772604190744460;5782054,154767401516438;8,854241591000061;52,188860393000027;5210908410230270000;0
46479;5;7;54;16;2021;7;4;5;3;0;1;1;0;0;0;0;0;0;451485,476405751891434;5754667,896746566519141;8,294241215000056;51,940609157000040;5210715405116460000;0
46480;5;7;54;8;2021;12;21;5;3;0;1;1;0;0;0;0;2;0;457598,031000000424683;5749128,837999666109681;8,383838903000026;51,891309321000051;5211202405108680000;2
46481;5;7;70;4;2021;9;12;4;3;5;3;1;1;0;0;0;0;0;485159,760999999940395;5788821,791999684646726;8,782618071000059;52,249595561000035;5210929410230590000;0
46484;5;7;74;36;2021;5;2;1;3;0;1;1;0;0;0;0;2;0;476063,874589363113046;5729061,974102560430765;8,653552239000021;51,711985179000067;5210502411236150000;0
46487;5;7;70;44;2021;9;7;1;2;0;1;1;0;0;0;0;0;0;465953,470345718786120;5801341,636191152036190;8,500023631000033;52,361297635000028;5210919410250380000;0
46488;5;7;54;8;2021;10;9;3;3;5;3;1;1;0;0;0;0;0;464000,978519297204912;5753929,683205932378769;8,476376496000057;51,934922712000059;5211026405108160000;0
46489;5;7;11;0;2021;12;5;6;3;0;7;1;1;0;0;0;2;0;472504,831362805329263;5769001,669714415445924;8,598855907000029;52,070916086000068;5211203400100150000;0
46490;5;7;66;56;2021;10;17;1;3;4;6;1;0;0;0;0;1;0;478297,273244352079928;5757236,011378819122910;8,684109813000020;51,965390790000072;5211003404102490000;1
46497;5;7;54;36;2021;9;17;7;3;5;3;1;1;0;0;0;0;0;474127,618303837254643;5749591,628826592117548;8,623995290000039;51,896482699000046;5210918405236490000;0
46498;5;9;66;20;2021;5;11;6;3;5;3;1;1;0;0;0;0;0;437269,179912352003157;5662508,050849452614784;8,103871223000056;51,110618488000057;5210528314310680000;0
46500;5;9;70;40;2021;4;7;4;3;5;3;1;1;0;0;0;0;0;431949,171866721473634;5633702,145702736452222;8,033278449000022;50,851010573000053;5210428315110080000;0
46504;5;5;70;8;2021;2;17;4;3;5;3;1;1;0;0;0;0;0;434709,652785025537014;5732365,650333182886243;8,054438204000064;51,738396817000080;5210224711312040000;0
46505;5;7;11;0;2021;12;14;7;3;0;7;1;0;0;0;0;0;0;467365,885772484354675;5765360,171883370727301;8,524231108000038;52,037897968000038;5211211400100750000;0
46509;5;7;66;20;2021;11;7;3;3;0;2;1;1;0;0;0;1;0;489295,072000001557171;5752546,055999666452408;8,844331393000061;51,923543949000077;5211109404101420000;0
46512;5;7;54;12;2021;11;6;4;2;5;2;1;1;0;0;0;1;0;457451,126000001095235;5765425,245999671518803;8,379684996000037;52,037810773000047;5211103405112370000;0
46515;5;9;58;8;2021;12;16;4;3;5;3;1;1;0;0;0;1;0;458631,169292012229562;5690363,808639349415898;8,405793871000071;51,363028099000076;5211208313122070000;0
46518;5;7;54;44;2021;11;19;5;3;5;3;1;1;0;0;0;2;0;465183,641000000759959;5747812,498999664559960;8,494196349000049;51,879999893000047;5211118405244870000;1
46522;5;5;70;52;2021;10;12;2;3;5;2;1;1;0;0;0;0;0;430511,137999995611608;5756953,969999669119716;7,988701115000026;51,958935931000042;5211025711111180000;0
46523;5;7;70;28;2021;7;12;7;2;5;3;1;1;0;0;0;0;0;489535,268667831085622;5800446,258697343990207;8,846349520000047;52,354205515000046;5210710410130930000;0
46530;5;7;11;0;2021;11;15;6;3;4;6;1;0;0;0;1;0;0;468633,661600021645427;5763270,686598058789968;8,542904790000023;52,019185356000037;5211105400200990000;0
46536;5;9;74;28;2021;6;18;3;3;3;3;1;1;0;0;0;0;0;454665,643628304824233;5726036,078180102631450;8,344247629000051;51,683458594000058;5210601316300080000;0
46538;5;7;66;48;2021;9;11;7;3;5;2;1;1;0;0;0;0;0;477094,960369364358485;5763178,558817606419325;8,666213044000074;52,018770911000047;5210918404302050000;0
46545;5;9;74;28;2021;12;7;6;3;5;2;1;1;0;0;0;1;0;456906,089000000618398;5727053,953999653458595;8,376527391000025;51,692786641000055;5211210316300170000;0
46547;5;7;58;20;2021;9;17;6;2;0;1;1;0;0;0;0;0;0;475009,084414584562182;5786844,217076618224382;8,634078399000032;52,231448963000048;5210917406230330000;0
46551;5;7;58;12;2021;9;9;5;3;1;2;1;1;0;0;0;0;0;477358,518249968998134;5774053,665771901607513;8,669332319000034;52,116556609000042;5210902406110270000;0
46552;5;5;70;36;2021;11;22;6;3;5;3;1;1;0;0;0;2;0;434183,917175036855042;5760100,859110204502940;8,041540761000022;51,987672537000037;5211112711121080000;0
46556;5;7;11;0;2021;12;7;4;3;4;2;1;1;0;0;0;1;0;468006,108000000007451;5762696,471999673172832;8,533813568000028;52,013986968000040;5211208400200080000;1
46567;5;7;74;24;2021;9;17;5;2;0;3;1;1;0;0;0;0;0;476482,137559360824525;5741036,868605924770236;8,658795251000072;51,819671054000082;5210909411224070000;0
46572;5;7;58;4;2021;9;23;5;3;0;1;1;0;0;0;0;2;0;472906,109313290566206;5786925,080318354070187;8,603280537000046;52,232076487000029;5210909406210030000;1
46574;5;9;70;28;2021;3;14;4;3;3;6;1;1;0;0;0;0;0;459069,918669660575688;5642106,545743808150291;8,417582423000056;50,929139996000060;5210310315230580000;0
46589;5;7;54;32;2021;6;17;4;3;5;3;1;1;0;0;0;0;0;461546,628408125601709;5742348,916192237287760;8,441969250000056;51,830639196000050;5210623405232070000;0
46592;5;7;54;28;2021;10;12;5;3;5;2;1;1;0;0;0;0;0;451433,124999999068677;5744150,144999660551548;8,294961140000055;51,846045378000042;5211028405228980000;0
46609;5;7;70;20;2021;3;16;3;3;5;2;1;1;0;0;0;0;0;474261,811403404921293;5795114,820450533181429;8,622505925000041;52,305770171000063;5210302410210770000;0
46610;5;9;74;40;2021;6;7;2;3;0;6;1;0;0;0;0;0;0;437977,278836331330240;5712537,860598620027304;8,105271368000047;51,560508319000064;5210628316100560000;0
46612;5;7;11;0;2021;6;0;4;3;0;6;1;0;0;0;0;2;0;470495,869969347491860;5756085,158058205619454;8,570659721000027;51,954684400000076;5210630400300880000;1
46616;5;7;54;40;2021;4;15;6;3;2;6;1;1;0;0;0;0;0;455459,588000001385808;5760333,743999673053622;8,351314922000029;51,991879932000074;5210409405140270000;0
46618;5;7;58;8;2021;6;21;4;2;5;6;1;0;0;1;0;0;0;469798,445582609623671;5776131,194387042894959;8,558739835000040;52,134873334000076;5210602406130080000;0
46622;5;9;74;28;2021;6;11;6;3;0;5;1;1;0;0;0;0;0;456872,954387109726667;5727242,069172613322735;8,376024780000023;51,694475420000060;5210604316300980000;0
46623;5;7;74;32;2021;10;9;2;3;6;4;1;0;1;0;0;0;0;483689,090367309749126;5728043,822705259546638;8,763964830000020;51,703104208000070;5211004411132270000;0
46624;5;7;54;28;2021;5;15;7;3;8;7;1;0;0;0;0;0;0;452618,182202826254070;5743729,878527767956257;8,312220689000071;51,842368793000048;5210515405228270000;1
46629;5;7;74;36;2021;7;15;6;2;4;2;1;1;0;0;0;0;0;471686,490000002086163;5723465,843999652191997;8,590650316000051;51,661465318000069;5210702411236870000;0
46630;5;7;74;32;2021;3;11;4;3;5;3;1;1;0;0;0;0;0;477876,466000000946224;5732061,718999655917287;8,679596339000057;51,739031025000031;5210317411232990000;0
46636;5;7;58;16;2021;6;17;2;3;5;3;1;1;0;0;0;0;0;473962,195892907679081;5780545,899492336437106;8,619234299000027;52,174775754000052;5210614406120080000;0
46644;5;7;66;20;2021;9;16;4;3;5;3;1;1;0;0;0;0;0;486153,063000000081956;5755576,398999666795135;8,798519285000054;51,950720475000026;5210908404101870000;0
46647;5;7;70;4;2021;11;8;6;3;3;6;1;1;0;0;0;0;0;487164,066499217413366;5785361,847699813544750;8,812108623000029;52,218539162000070;5211105410230030000;1
46649;5;9;58;32;2021;7;9;7;3;5;3;1;1;0;0;0;0;0;441871,139999999664724;5689711,424999639391899;8,165189322000060;51,355694454000059;5210703313121510000;0
46651;5;7;54;8;2021;4;11;5;2;5;2;1;0;0;0;0;0;1;455890,161000000312924;5750477,269999664276838;8,358850223000047;51,903299921000041;5210401405108560000;0
46654;5;7;54;36;2021;4;12;3;3;3;2;1;0;0;0;0;0;1;474185,142216989770532;5749504,990120572969317;8,624837756000034;51,895706405000055;5210420405236770000;0
46656;5;9;58;4;2021;3;10;4;3;0;6;1;1;0;0;0;0;0;434916,506820025853813;5694821,443141706287861;8,064388500000064;51,400883002000057;5210303313110980000;0
46657;5;7;58;4;2021;9;10;4;2;5;3;1;1;0;0;0;0;0;470993,144894221797585;5783437,809031069278717;8,575569902000041;52,200627136000037;5210908406210830000;0
46664;5;7;58;12;2021;9;16;7;3;0;1;1;0;0;0;0;0;0;479807,863802087493241;5774547,663620766252279;8,705073948000063;52,121092857000065;5210925406110790000;0
46671;5;7;74;32;2021;7;17;6;2;3;6;1;0;0;0;0;0;0;475542,006000000052154;5735400,819999659433961;8,645553285000062;51,768956405000040;5210702411232870000;0
46673;5;7;11;0;2021;12;0;5;3;0;1;1;0;0;0;0;2;0;465230,624627929180861;5760350,856063745915890;8,493611385000065;51,992731502000026;5211223400300890000;2
46676;5;7;58;12;2021;1;16;5;3;3;2;1;1;0;0;0;0;0;478081,648475578986108;5774521,784035863354802;8,679862948000050;52,120794431000036;5210121406110360000;0
46684;5;9;58;48;2021;6;11;7;3;2;6;1;0;0;0;0;0;0;467772,497000001370907;5672091,773999631404877;8,538739688000021;51,199322428000073;5210605313231580000;0
46687;5;9;58;36;2021;6;19;4;3;4;2;1;1;0;0;0;0;0;464632,416354029439390;5689446,011414563283324;8,492080829000031;51,355181076000065;5210616313212970000;0
46691;5;7;54;8;2021;6;5;5;3;0;6;1;0;0;0;0;0;1;454957,640999999828637;5757502,379999667406082;8,344376807000060;51,966384349000066;5210610405108080000;0
46693;5;7;74;24;2021;4;8;5;3;5;3;1;0;0;0;0;1;1;476811,934000001288950;5741349,862999659031630;8,663558994000027;51,822498995000046;5210415411224380000;0
46698;5;7;11;0;2021;10;11;2;3;0;3;1;0;0;0;0;0;0;469404,550409428775311;5753326,130056299269199;8,555025000000057;51,929819624000061;5211011400300290000;1
46709;5;9;70;40;2021;10;18;6;3;5;3;1;1;0;0;0;0;0;432404,251999996602535;5636559,847999610006809;8,039214292000054;50,876758815000073;5211015315110530000;1
46710;5;7;66;20;2021;7;14;4;2;5;3;1;0;0;0;0;0;0;488722,520215234719217;5755081,880887091159821;8,835922373000074;51,946332301000041;5210707404101420000;0
46711;5;9;58;20;2021;9;10;4;3;5;3;1;1;0;0;0;0;0;473148,732633989304304;5663053,823545504361391;8,616360343000053;51,118330716000060;5210922313232810000;0
46712;5;9;58;32;2021;7;16;6;3;5;3;1;1;0;0;0;0;0;444030,486999998800457;5689658,122999636456370;8,196205572000054;51,355432062000034;5210702313121780000;0
46714;5;7;58;4;2021;3;12;2;3;5;2;1;1;0;0;0;0;0;470457,126000001095235;5783725,219999680295587;8,567702008000026;52,203182605000052;5210329406210030000;0
46716;5;7;70;8;2021;12;11;2;1;5;3;1;1;0;0;0;0;0;469393,421403228305280;5803165,323147263377905;8,550371401000064;52,377895699000078;5211220410220370000;2
46717;5;9;66;20;2021;5;12;1;3;0;1;1;0;0;0;0;0;0;431053,851968203671277;5665571,201669376343489;8,014510910000070;51,137445144000026;5210530314310180000;0
46718;5;7;54;28;2021;1;10;6;3;0;7;1;0;1;0;0;0;0;451978,424273702315986;5743024,656210171058774;8,303032812000026;51,835973804000048;5210108405228830000;0
46724;5;7;74;24;2021;3;5;5;3;5;3;1;1;0;0;0;1;0;476462,019049426540732;5742369,403341503813863;8,658412762000069;51,831651116000046;5210318411224030000;0
46728;5;7;58;32;2021;6;7;2;3;5;3;1;1;0;0;0;0;0;464600,741280487738550;5776766,665677128359675;8,482735646000037;52,140277895000054;5210628406140070000;0
46731;5;7;54;52;2021;4;16;3;3;1;5;1;1;0;0;0;0;0;460266,127164413221180;5768716,783208139240742;8,420339382000066;52,067611953000039;5210420405152780000;0
46735;5;7;54;36;2021;1;17;6;3;0;2;1;1;0;0;0;2;0;474653,096000000834465;5748014,868999665603042;8,631747795000024;51,882330293000052;5210122405236480000;0
46741;5;7;70;4;2021;4;14;6;2;0;3;1;1;0;0;0;0;0;486826,478815447539091;5783208,548834962770343;8,807250866000061;52,199171771000067;5210430410230140000;0
46742;5;7;11;0;2021;11;11;2;3;0;3;1;1;0;0;0;0;0;473154,562686878256500;5764792,261404216289520;8,608665768000037;52,033102569000050;5211122400200140000;0
46749;5;9;74;28;2021;12;14;6;2;2;6;1;1;0;0;0;0;0;450956,585889999754727;5721753,414600703865290;8,291202207000026;51,644642367000074;5211210316300380000;0
46750;5;7;54;8;2021;6;9;6;3;5;3;1;1;0;0;0;0;0;457531,271996660158038;5751109,333672532811761;8,382624833000023;51,909110061000035;5210611405108390000;0
46758;5;7;70;20;2021;10;18;2;3;0;1;1;0;0;0;0;2;0;472734,396100228652358;5797300,058687649667263;8,599927265000076;52,325342306000039;5211018410210090000;0
46767;5;9;70;40;2021;7;18;2;3;5;3;1;1;0;0;0;0;0;433800,711689702235162;5637919,318090569227934;8,058814003000066;50,889144119000036;5210712315110580000;0
46768;5;7;74;36;2021;9;16;6;1;4;6;1;1;0;0;0;0;0;470507,785910097882152;5725934,807301905006170;8,573400912000068;51,683603665000078;5210917411236530000;0
46773;5;5;70;8;2021;2;22;4;3;4;6;1;0;0;0;0;2;0;434218,959056637249887;5740264,711901305243373;8,045836322000071;51,809352472000057;5210224711314580000;0