OID_;ULAND;UREGBEZ;UKREIS;UGEMEINDE;UJAHR;UMONAT;USTUNDE;UWOCHENTAG;UKATEGORIE;UART;UTYP1;IstRad;IstPKW;IstFuss;IstKrad;IstSonstige;ULICHTVERH;IstGkfz;LINREFX;LINREFY;XGCSWGS84;YGCSWGS84;UIDENTSTLAE;IstStrassenzustand
46775;5;7;11;0;2021;1;15;5;3;0;2;1;1;0;0;0;0;0;469516,430000000633299;5764821,559999672695994;8,555630595000025;52,033177919000082;5210121400200890000;0
46779;5;9;74;28;2021;3;17;3;3;3;2;1;1;0;0;0;0;0;456671,896507144905627;5726775,222604960203171;8,373173985000051;51,690262568000037;5210323316300270000;0
46781;5;7;54;28;2021;10;5;7;3;0;1;1;0;0;0;0;2;0;452538,423431384377182;5744132,988391101360321;8,311007698000026;51,845986197000059;5211023405228580000;1
46782;5;7;54;36;2021;11;7;2;3;0;3;1;0;0;0;1;1;0;475893,048073494806886;5750305,636698041111231;8,649601900000050;51,902981477000026;5211115405236580000;0
46786;5;7;58;12;2021;4;13;3;3;0;3;1;1;0;0;0;0;0;477909,819850347004831;5774061,028927233070135;8,677383189000068;52,116645111000082;5210420406110630000;0
46796;5;7;74;32;2021;3;21;2;2;5;3;1;1;0;0;0;2;0;480517,914897681213915;5735207,201631154865026;8,717674251000062;51,767410837000057;5210322411232270000;0
46799;5;7;54;8;2021;12;16;5;3;0;3;1;1;0;0;0;1;0;458462,271208908408880;5750627,136747471988201;8,396216242000037;51,904845029000057;5211230405108580000;1
46811;5;7;74;32;2021;6;18;1;3;5;3;1;1;0;0;0;0;0;478660,646000000648201;5731493,632999654859304;8,690987869000026;51,733953642000074;5210613411232680000;0
46816;5;7;54;36;2021;9;15;2;3;5;3;1;1;0;0;0;0;0;475331,968000001274049;5750541,558999666944146;8,641429800000026;51,905078076000052;5210920405236100000;0
46819;5;7;11;0;2021;10;12;1;3;5;2;1;1;0;0;0;0;0;462485,931176837533712;5766678,999529061838984;8,452945362000037;52,049446151000041;5211031400100790000;0
46822;5;7;66;20;2021;5;16;1;2;5;3;1;1;0;0;0;0;0;488211,135250709019601;5755384,997424475848675;8,828471800000045;51,949047018000044;5210509404000760000;0
46824;5;9;58;16;2021;7;9;7;3;5;3;1;1;0;0;0;0;0;444176,788581292144954;5678091,463575018569827;8,200116285000036;51,251448864000054;5210710313123180000;0
46832;5;9;74;28;2021;9;15;6;3;5;3;1;1;0;0;0;0;0;452178,345626397058368;5725841,318484539166093;8,308298797000020;51,681501219000040;5210910316300070000;0
46838;5;9;74;40;2021;4;3;7;2;0;1;1;0;0;0;0;2;0;440794,833999997936189;5710746,444999644532800;8,146213521000050;51,544705162000071;5210403316100580000;1
46848;5;7;66;8;2021;11;16;2;3;8;6;1;0;0;0;0;2;0;482789,109565372578800;5771540,551438262686133;8,748769472000049;52,094157655000060;5211129404302280000;1
46850;5;9;66;20;2021;6;15;4;2;0;3;1;1;0;0;0;0;0;438400,840999998152256;5662735,134999619796872;8,119996504000028;51,112783024000066;5210616314310990000;0
46859;5;7;54;8;2021;6;16;2;3;5;3;1;1;0;0;0;0;0;456792,825000002048910;5751774,340999662876129;8,371807173000036;51,915032051000026;5210614405108070000;0
46862;5;5;70;12;2021;2;15;1;3;5;2;1;1;0;0;0;0;0;439927,045999998226762;5753404,041999666020274;8,126336243000026;51,928119164000066;5210221711131980000;0
46865;5;7;58;12;2021;7;14;7;3;5;3;1;1;0;0;0;0;0;477363,801998145878315;5774053,801836729049683;8,669409475000066;52,116558049000048;5210710406110370000;0
46872;5;7;58;24;2021;10;7;6;3;1;5;1;1;0;0;0;0;0;480566,765811963938177;5782552,984403470531106;8,715700145000028;52,193092749000073;5211008406220590000;0
46873;5;7;11;0;2021;11;13;3;3;6;7;1;0;1;0;0;0;0;468982,476479713805020;5763537,493796739727259;8,547963646000028;52,021603737000078;5211130400200660000;1
46877;5;7;70;4;2021;5;15;1;3;5;3;1;1;0;0;0;0;0;485233,128000000491738;5788555,196999685838819;8,783704409000052;52,247200709000026;5210530410230680000;0
46878;5;9;74;28;2021;6;20;1;2;5;3;1;1;0;0;0;0;0;453284,599000000394881;5725457,562999652698636;8,324349989000041;51,678144063000047;5210620316300930000;0
46880;5;7;74;24;2021;9;19;6;2;0;1;1;0;0;0;0;2;0;476575,654105951078236;5741199,598878506571054;8,660140985000055;51,821138103000067;5210910411224530000;1
46881;5;9;74;8;2021;6;10;4;3;0;2;1;0;0;0;0;0;1;441743,658858885057271;5715202,371776195243001;8,159156101000065;51,584865637000064;5210616316100480000;0
46883;5;9;74;20;2021;1;13;3;3;0;3;1;1;0;0;0;0;0;465864,369572703726590;5721574,451940851286054;8,506663278000076;51,644135996000045;5210119316500010000;1
46899;5;7;58;28;2021;3;5;2;3;0;2;1;1;0;0;0;2;0;467588,240000000223517;5788474,669999683275819;8,525268227000026;52,245720370000072;5210322406240390000;1
46900;5;7;58;8;2021;7;6;7;3;2;6;1;0;0;0;1;0;0;469595,564579049125314;5775605,616566468030214;8,555822730000045;52,130137008000077;5210703406130590000;0
46903;5;7;54;8;2021;3;10;4;3;9;1;1;0;0;0;0;0;0;461222,191999999806285;5752994,094999667257071;8,436065164000070;51,926324484000077;5210331405108080000;0
46909;5;7;70;44;2021;6;15;5;2;4;6;1;0;0;1;0;0;0;453650,915111594833434;5811081,397886434569955;8,318022654000060;52,447952851000082;5210610410250080000;0
46912;5;7;54;16;2021;4;5;2;3;5;3;1;1;0;0;0;1;0;441366,058999998494983;5758818,456999672576785;8,146337945000028;51,976948382000046;5210426405116070000;0
46931;5;7;54;44;2021;2;18;3;3;5;2;1;1;0;0;0;2;0;466998,973000001162291;5747967,037999665364623;8,520553249000045;51,881499727000062;5210223405244180000;0
46936;5;9;58;8;2021;1;7;6;3;5;2;1;1;0;0;0;2;0;456388,406472854316235;5689627,137936707586050;8,373672039000041;51,356236601000035;5210115313122470000;0
46937;5;7;74;32;2021;4;10;5;1;5;2;1;0;0;0;1;0;0;483528,093999999575317;5734817,101999659091234;8,761314486000060;51,764000024000040;5210401411232560000;0
46940;5;9;58;16;2021;10;13;1;3;8;1;1;0;0;0;0;0;0;440112,579999999143183;5671539,913999628275633;8,142982130000064;51,192130529000053;5211031313123180000;0
46941;5;9;58;36;2021;2;15;5;2;8;1;1;0;0;0;0;0;0;462423,850016779266298;5689628,612075110897422;8,460345453000059;51,356681148000064;5210225313212080000;0
46943;5;7;58;16;2021;3;9;4;2;5;3;1;1;0;0;0;0;0;477745,247999999672174;5778249,395999677479267;8,674705568000036;52,154294468000046;5210317406120770000;0
46944;5;9;70;24;2021;4;22;6;3;0;7;1;1;0;0;0;2;0;429018,892989127896726;5645857,707019789144397;7,989294083000061;50,959952056000077;5210423315210570000;0
46945;5;7;66;44;2021;7;14;2;2;0;3;1;1;0;0;0;0;0;488742,357829376123846;5765083,794192196801305;8,835882570000024;52,036259256000051;5210712404301380000;0
46947;5;7;74;20;2021;2;17;6;3;2;6;1;1;0;0;0;1;0;473614,718228869140148;5731798,034048158675432;8,617897014000050;51,736475732000031;5210226411220270000;0
46948;5;7;54;16;2021;9;13;6;3;0;7;1;0;0;0;0;0;0;445184,961886179633439;5757364,550996588543057;8,202164175000064;51,964267442000050;5210903405116380000;0
46951;5;7;66;8;2021;1;18;6;2;4;6;1;0;0;1;0;2;0;480657,961781293153763;5770213,928567873314023;8,717736369000022;52,082159973000046;5210108404302430000;1
46954;5;9;74;16;2021;5;18;2;3;5;6;1;1;0;0;0;0;0;451966,620341584086418;5718515,146795477718115;8,306242797000039;51,615614724000068;5210503316300170000;0
46955;5;9;58;8;2021;9;15;2;3;6;6;1;1;1;0;0;0;0;458095,670568541623652;5690182,407032044604421;8,398124003000021;51,361357778000070;5210920313122370000;0
46966;5;7;11;0;2021;2;5;2;2;5;2;1;1;0;0;0;2;0;472790,652999999932945;5764227,439999671652913;8,603406009000025;52,028006695000045;5210201400200480000;2
46967;5;7;74;32;2021;7;12;5;3;5;2;1;1;0;0;0;0;0;479159,634913543239236;5727845,569062756374478;8,698431803000062;51,701171698000053;5210708411232450000;0
46969;5;9;58;40;2021;6;18;3;3;5;3;1;1;0;0;0;0;0;449048,779000001028180;5666183,515999624505639;8,271610470000041;51,144835145000059;5210601313240640000;0
46970;5;7;54;28;2021;9;17;1;3;7;7;1;0;0;0;0;0;0;456501,649747510440648;5743090,752978077158332;8,368668378000052;51,836938701000065;5210919405228380000;0
46971;5;7;66;8;2021;3;18;6;2;0;6;1;0;1;0;0;0;0;483501,123138190247118;5766841,232384849339724;8,759389989000056;52,051928861000079;5210326404302420000;0
46973;5;9;74;40;2021;11;14;6;3;4;2;1;1;0;0;0;0;0;438886,014203868806362;5713014,794095622375607;8,118296011000041;51,564895428000057;5211112316100570000;0
46977;5;9;70;40;2021;9;17;6;2;7;1;1;0;0;0;0;0;0;432656,273503382690251;5636801,567363986745477;8,042751385000031;50,878961646000050;5210917315110090000;0
46980;5;5;70;28;2021;10;15;4;3;5;2;1;1;0;0;0;0;0;444486,094958870671690;5739577,364208418875933;8,194855410000059;51,804286930000046;5211013711411890000;1
46984;5;7;11;0;2021;6;12;7;3;0;3;1;1;0;0;0;0;0;468687,574000000953674;5762051,693999672308564;8,543801893000023;52,008228863000056;5210626400200180000;0
46986;5;7;70;24;2021;7;19;7;3;0;1;1;0;0;0;0;0;0;490028,384652390144765;5794934,999539541080594;8,853753256000061;52,304666150000060;5210703410110960000;0
46988;5;9;74;28;2021;6;19;4;3;0;6;1;0;0;0;0;0;0;451506,827182158827782;5726108,518046192824841;8,298549488000049;51,683845960000042;5210623316300550000;0
46990;5;7;70;4;2021;5;16;2;3;5;3;1;1;0;0;0;0;0;485036,616000000387430;5789259,519999684765935;8,780794843000024;52,253527622000036;5210517410230080000;1
46992;5;9;58;32;2021;3;13;4;3;8;1;1;0;0;0;0;0;0;453874,501212175004184;5684916,696452029049397;8,338181219000035;51,313684666000029;5210324313121780000;0
46994;5;7;54;16;2021;11;15;4;3;5;3;1;1;0;0;0;0;0;441486,629002724774182;5758743,235212363302708;8,148105962000045;51,976284848000034;5211117405116090000;1
46998;5;7;11;0;2021;9;13;2;3;3;2;1;1;0;0;0;0;0;472493,828036899678409;5763341,249625474214554;8,599150939000026;52,020024580000040;5210927400200860000;0
46999;5;7;74;32;2021;9;16;1;3;5;1;1;1;0;0;0;0;0;477996,262734198011458;5731923,090917563065886;8,681340031000047;51,737789306000082;5210912411232490000;0
47003;5;9;74;28;2021;6;13;3;3;4;6;1;0;0;0;0;0;0;455837,644012417644262;5728195,232421535998583;8,360925878000046;51,702964673000054;5210608316300080000;0
47004;5;7;66;40;2021;6;14;1;3;0;2;1;1;0;0;0;0;0;482992,368016378022730;5755101,221622850745916;8,752553330000069;51,946360502000061;5210620404102580000;0
47012;5;7;11;0;2021;6;7;4;3;5;3;1;1;0;0;0;0;0;473288,617095503024757;5760266,348934872075915;8,610972928000024;51,992417780000039;5210616400200570000;0
47017;5;7;54;40;2021;5;13;2;3;5;2;1;0;0;0;0;0;1;461220,246322429738939;5762325,292406475171447;8,434982829000035;52,010217136000051;5210503405140070000;0
47020;5;7;54;28;2021;10;10;2;3;2;2;1;1;0;0;0;0;0;450536,910734889097512;5745522,979340072721243;8,281755547000046;51,858309127000041;5211018405228490000;0
47025;5;7;70;40;2021;10;7;7;3;5;3;1;1;0;0;0;0;0;475930,739392338320613;5816913,411962669342756;8,645415362000051;52,501818861000061;5211009410240880000;0
47027;5;7;58;32;2021;4;16;3;3;5;3;1;0;0;0;1;0;0;465340,051722255535424;5774202,524755155667663;8,493799510000031;52,117272101000026;5210427406150030000;0
47029;5;7;74;36;2021;6;7;2;3;0;7;1;0;0;0;0;0;0;471992,345999999903142;5728818,492999654263258;8,594642610000051;51,709607474000052;5210628411236590000;0
47039;5;7;58;4;2021;4;11;6;3;5;2;1;1;0;0;0;0;0;470808,243000000715256;5783809,796999681740999;8,572832423000023;52,203961694000043;5210423406210280000;0
47041;5;5;70;36;2021;10;14;1;3;0;7;1;0;0;0;0;0;0;433387,532257204875350;5766608,040726359933615;8,028678905000049;52,046074828000030;5211024711121740000;0
47042;5;7;74;32;2021;11;19;4;2;0;7;1;0;0;0;0;2;0;485628,637575126253068;5735032,587918469682336;8,791743183000051;51,765995373000067;5211117411133830000;1
47044;5;9;74;16;2021;6;20;6;3;4;2;1;1;0;0;0;0;0;454326,133999998681247;5718114,917999649420381;8,340371466000022;51,612212699000054;5210618316300080000;0
47049;5;7;54;8;2021;5;21;7;3;2;6;1;0;0;0;0;2;0;460532,371422532014549;5752922,105753308162093;8,426042090000067;51,925628773000028;5210508405108580000;0
47056;5;7;11;0;2021;5;16;5;3;0;4;1;0;1;0;0;0;0;469659,602345413528383;5761279,801365315914154;8,558031503000052;52,001343009000038;5210513400200690000;0
47064;5;7;54;28;2021;10;9;4;3;0;1;1;0;0;0;0;0;0;452563,584900842048228;5743957,646745879203081;8,311396989000059;51,844411918000048;5211027405228080000;1
47072;5;9;70;24;2021;12;8;6;3;0;1;1;1;0;0;0;2;0;429262,205490518361330;5645627,964529512450099;7,992802719000053;50,957916327000078;5211224315210670000;1
47075;5;9;58;32;2021;11;13;6;3;8;1;1;0;0;0;0;0;0;442389,100604925304651;5690748,032456234097481;8,172459172000060;51,365067360000069;5211119313121690000;1
47076;5;7;70;20;2021;5;8;3;3;5;3;1;1;0;0;0;0;0;474523,042669320479035;5795563,970963925123215;8,626303236000069;52,309820348000073;5210518410210670000;0
47081;5;7;70;4;2021;6;17;4;3;5;3;1;1;0;0;0;0;0;486521,417158426716924;5782369,272080320864916;8,802820757000063;52,191618789000074;5210616410230290000;0
47083;5;7;54;40;2021;6;12;6;3;0;7;1;0;0;0;0;0;0;455459,588000001385808;5760333,743999673053622;8,351314922000029;51,991879932000074;5210618405140590000;0
47088;5;7;54;8;2021;10;15;5;3;4;2;1;1;0;0;0;0;0;460245,230000000447035;5751221,574999665841460;8,422062910000022;51,910319503000039;5211028405108480000;0
47090;5;7;54;8;2021;11;7;2;3;5;2;1;1;0;0;0;0;0;456981,207999998703599;5749166,175999665632844;8,374871499000051;51,891597743000034;5211129405108970000;1
47092;5;7;74;20;2021;4;11;3;2;5;3;1;1;0;0;0;0;0;475042,373000000603497;5737549,690999658778310;8,638158220000037;51,788255107000055;5210413411220080000;0
47100;5;7;70;20;2021;6;15;5;3;5;3;1;1;0;0;0;0;0;474116,612239806912839;5797383,679568074643612;8,620201818000055;52,326161017000061;5210624410210050000;0
47108;5;7;54;8;2021;5;7;2;3;5;3;1;1;0;0;0;0;0;458535,494999999180436;5755498,631999665871263;8,396693590000041;51,948648016000050;5210531405108280000;0
47109;5;7;70;4;2021;10;1;7;2;0;1;1;0;0;0;0;2;0;485862,538066507317126;5787257,157257160171866;8,792977846000042;52,235547174000033;5211002410230890000;1
47112;5;9;74;28;2021;3;16;5;3;3;3;1;1;0;0;0;0;0;454622,258175875991583;5723556,261483084410429;8,343942307000020;51,661159374000079;5210318316300370000;0
47113;5;7;74;8;2021;11;16;6;3;2;6;1;1;0;0;0;0;0;487544,386792755685747;5735761,696642404422164;8,819478183000058;51,772596886000031;5211105411108230000;1
47117;5;7;11;0;2021;10;18;6;3;0;2;1;1;0;0;0;0;0;466424,375000000931323;5764483,515999672934413;8,510591534000071;52,029960107000079;5211008400100380000;0
47122;5;5;70;48;2021;12;7;3;3;3;6;1;1;0;0;0;2;0;448898,393017907626927;5731212,658236429095268;8,260073663000071;51,729504211000062;5211221711321080000;2
47128;5;7;54;40;2021;6;7;5;3;6;4;1;0;1;0;0;0;0;461581,562650318257511;5762609,580853085964918;8,440215005000027;52,012798165000049;5210610405140750000;0
47153;5;7;54;8;2021;6;7;2;3;5;6;1;0;0;0;0;0;0;459133,138000001199543;5750698,903999662026763;8,405958739000027;51,905539880000049;5210614405108980000;0
47163;5;5;70;8;2021;10;7;3;3;7;7;1;0;0;0;0;1;0;433242,450536496005952;5734223,241341643035412;8,032836213000053;51,754923826000038;5211026711311780000;0
47166;5;7;70;40;2021;11;21;1;3;0;7;1;0;0;0;0;2;0;473445,405000001192093;5809260,835999693721533;8,609412124000073;52,432906580000065;5211121410240390000;0
47171;5;7;54;52;2021;9;10;4;3;5;3;1;1;0;0;0;0;0;460896,716000000946224;5771219,735999675467610;8,429251346000058;52,090159359000040;5210908405152080000;0
47174;5;9;58;32;2021;9;19;1;3;0;1;1;0;0;0;0;1;0;450319,894005111418664;5688445,705293733626604;8,286690866000072;51,345115735000036;5210919313121090000;0
47175;5;9;74;28;2021;6;15;3;3;1;3;1;1;0;0;0;0;0;456923,537699949927628;5726998,087384868413210;8,376786717000073;51,692285689000073;5210601316300380000;0
47179;5;7;54;48;2021;3;10;6;3;5;3;1;1;0;0;0;0;0;441080,088999997824430;5765667,534999672323465;8,140996816000040;52,038490909000075;5210326405148870000;0
47181;5;7;11;0;2021;6;9;6;3;0;5;1;1;0;0;0;0;0;463243,972648255527020;5767378,640447897836566;8,463923814000054;52,055787055000053;5210625400100790000;0
47184;5;9;66;12;2021;3;14;4;3;5;3;1;1;0;0;0;0;0;429136,639693794772029;5668478,888257799670100;7,986539070000049;51,163353656000027;5210310314220780000;0
47205;5;7;54;52;2021;11;7;5;3;5;2;1;1;0;0;0;0;0;460533,885409368202090;5770112,721956619992852;8,424083915000040;52,080181133000053;5211104405152050000;1
47218;5;9;58;36;2021;6;20;6;2;0;1;1;0;0;0;0;0;0;467760,291000000201166;5687126,267999636009336;8,537209187000030;51,334508824000068;5210618313212570000;0
47221;5;7;11;0;2021;11;11;6;3;5;2;1;1;0;0;0;0;0;469165,900000000372529;5762347,150999672710896;8,550743904000058;52,010911999000029;5211112400200060000;0
47233;5;7;54;36;2021;11;15;4;3;3;6;1;0;0;0;0;1;0;472857,250558998435736;5750330,889438923448324;8,605475213000034;51,903068886000028;5211103405236070000;1
47240;5;9;74;24;2021;3;16;4;3;5;3;1;1;0;0;0;0;0;438845,056237580254674;5722445,495372639968991;8,116060066000045;51,649677645000054;5210331316100380000;0
47243;5;5;70;8;2021;7;8;7;3;0;2;1;1;0;0;0;0;0;433100,417187887243927;5734413,785423960536718;8,030742118000035;51,756619878000038;5210710711311780000;0
47246;5;7;54;8;2021;6;16;4;1;5;3;1;1;0;0;0;0;0;456975,386222119443119;5753224,723763994872570;8,374280001000045;51,928085914000064;5210602405108760000;0
47248;5;7;58;16;2021;9;8;2;3;5;2;1;1;0;0;0;0;0;475020,089360793121159;5779839,620218988507986;8,634756136000021;52,168474853000077;5210906406120790000;0
47251;5;7;54;44;2021;9;7;5;3;5;2;1;0;0;0;0;0;0;462323,710440907627344;5749536,930742410942912;8,452461577000065;51,895317858000055;5210923405244590000;0
47252;5;7;58;12;2021;12;7;2;2;0;2;1;0;0;0;1;2;0;477353,996031310409307;5774042,190447503700852;8,669267039000033;52,116453253000032;5211220406110890000;0
47253;5;9;70;24;2021;9;17;2;3;0;7;1;0;0;0;0;0;0;429012,849343570880592;5645872,854489844292402;7,989205086000027;50,960087505000047;5210913315210480000;0
47254;5;7;66;20;2021;12;6;4;3;0;1;1;0;0;0;0;2;0;488896,704944968223572;5757135,181306613609195;8,838390240000024;51,964797011000030;5211208404101590000;0
47255;5;9;58;44;2021;7;14;3;3;5;3;1;1;0;0;0;0;0;430566,218731935136020;5686559,688715441152453;8,003473989000042;51,326089208000042;5210706313130480000;0
47262;5;5;70;8;2021;1;12;5;3;0;3;1;1;0;0;0;0;0;432536,624958891421556;5733627,581115540117025;8,022727606000046;51,749484247000055;5210114711312580000;1
47263;5;7;54;28;2021;1;8;2;3;5;3;1;1;0;0;0;1;0;452130,923999999649823;5742733,793999657034874;8,305286202000048;51,833371885000076;5210118405228780000;1
47266;5;9;58;32;2021;6;17;7;3;5;3;1;1;0;0;0;0;0;453049,196606983430684;5684725,757752601057291;8,326365580000072;51,311900352000066;5210619313121180000;0
47271;5;7;54;44;2021;12;8;7;3;5;3;1;1;0;0;0;0;0;465975,226999999955297;5747803,790999662131071;8,505696710000052;51,879970468000067;5211218405244050000;1
47273;5;7;58;12;2021;11;16;3;3;1;5;1;1;0;0;0;2;0;473001,826000001281500;5771713,864999674260616;8,605891961000054;52,095324851000044;5211116406110670000;0
47279;5;7;54;36;2021;11;5;3;3;0;3;1;1;0;0;0;2;0;474387,271000000648201;5749193,204999664798379;8,627798348000056;51,892912494000029;5211130405236090000;1
47285;5;7;54;36;2021;9;15;5;3;7;1;1;0;0;0;0;0;0;473081,917526435106993;5751058,861070103943348;8,608683832000054;51,909624901000029;5210909405236290000;0
47286;5;7;11;0;2021;12;19;3;2;5;2;1;1;0;0;0;2;0;467626,156687713228166;5764542,132485436275601;8,528102865000051;52,030558561000078;5211214400100400000;1
47287;5;7;74;16;2021;2;9;1;3;5;3;1;0;0;1;0;0;0;469874,561000001616776;5711911,521999649703503;8,565447716000051;51,557482728000082;5210221411216280000;0
47290;5;7;54;8;2021;1;13;4;3;5;3;1;1;0;0;0;0;0;461793,982000000774860;5753511,828999664634466;8,444322636000038;51,931018786000038;5210120405108560000;0
47293;5;7;54;8;2021;9;16;5;3;4;3;1;0;0;0;0;0;0;457453,336000852286816;5751701,442124525085092;8,381418796000048;51,914427506000038;5210902405108280000;0
47296;5;9;58;8;2021;9;13;6;3;5;3;1;1;0;0;0;0;0;458585,249931734986603;5690326,527305644005537;8,405138684000065;51,362689539000030;5210917313122880000;0
47304;5;7;54;8;2021;6;19;5;3;5;2;1;1;0;0;0;0;0;459470,834999999962747;5749254,173999667167664;8,411037097000076;51,892575508000050;5210617405108980000;0
47316;5;9;58;16;2021;9;13;1;3;0;7;1;0;0;0;0;0;0;447364,040126468986273;5679764,847424382343888;8,245535372000063;51,266797924000059;5210919313123860000;0
47325;5;7;66;40;2021;10;6;2;2;5;3;1;1;0;0;0;2;0;483876,357855046167970;5763958,953894387930632;8,764998070000047;52,026025851000043;5211004404302550000;0
47326;5;7;54;28;2021;3;15;5;3;0;3;1;1;0;0;0;0;0;452391,828974017873406;5743478,341518590226769;8,308969900000022;51,840088082000079;5210325405228870000;0
47329;5;7;54;44;2021;1;7;5;3;5;3;1;1;0;0;0;2;0;465140,406000001356006;5750798,518999664112926;8,493266383000048;51,906843812000034;5210128405244080000;1
47334;5;7;66;20;2021;5;8;2;3;0;7;1;1;0;0;0;0;0;489495,626885147765279;5752716,971554724499583;8,847242589000075;51,925084479000077;5210531404101480000;0
47335;5;9;70;24;2021;1;11;2;3;5;3;1;1;0;0;0;0;0;430289,861971241421998;5645940,006864102557302;8,007372818000022;50,960847217000037;5210118315210330000;0
47337;5;9;74;40;2021;12;20;7;3;3;6;1;1;0;0;0;2;0;441765,996633573435247;5709742,139221033081412;8,160383022000076;51,535776811000062;5211218316100280000;1
47361;5;7;58;20;2021;9;13;3;3;5;3;1;1;0;0;0;0;0;475554,630733919329941;5782929,877610467374325;8,642348961000039;52,196281761000080;5210921406230270000;0
47367;5;7;66;20;2021;9;14;7;3;5;3;1;1;0;0;0;0;0;488206,660000001080334;5755386,935999669134617;8,828406619000020;51,949064353000040;5210918404120430000;0
47370;5;7;74;16;2021;9;15;7;3;8;1;1;0;0;0;0;0;0;467677,568844374269247;5713867,102718308568001;8,533577841000067;51,574944369000036;5210918411216080000;0
47372;5;7;58;24;2021;6;17;6;3;5;2;1;1;0;0;0;0;0;480221,291827418841422;5785250,248962730169296;8,710488521000059;52,217330300000071;5210611406220130000;0
47373;5;7;11;0;2021;3;5;7;2;5;3;1;0;0;0;0;2;1;469047,765999998897314;5763548,373999668285251;8,548914132000050;52,021705204000057;5210320400200360000;0
47375;5;7;54;28;2021;5;11;3;3;5;3;1;1;0;0;0;0;0;452130,923999999649823;5742733,793999657034874;8,305286202000048;51,833371885000076;5210518405228580000;1
47376;5;7;54;8;2021;5;13;2;3;5;2;1;1;0;0;0;0;0;458112,446000000461936;5748249,722999664023519;8,391420387000039;51,883444427000029;5210531405108590000;0
47387;5;7;54;8;2021;11;20;2;3;8;1;1;0;0;0;0;2;0;459783,762964068911970;5754665,160116784274578;8,414952288000052;51,941246283000055;5211122405108380000;0
47388;5;7;54;16;2021;9;8;3;3;0;1;1;0;0;0;0;0;0;448960,922000001184642;5757523,759999668225646;8,257094634000055;51,966058285000031;5210914405116870000;0
47392;5;9;74;40;2021;11;17;4;3;3;3;1;1;0;0;0;2;0;438372,395081289112568;5711922,590919408947229;8,111078353000039;51,555020018000050;5211103316100080000;1
47399;5;7;11;0;2021;10;21;4;3;6;7;1;0;1;0;0;2;0;467519,333794223144650;5763043,675234869122505;8,526688049000029;52,017080263000082;5211020400200250000;0
47400;5;7;11;0;2021;11;14;6;2;6;4;1;0;1;0;1;0;0;469736,706849372945726;5765246,334280919283628;8,558803952000062;52,037008976000038;5211112400100790000;0
47404;5;9;70;40;2021;9;1;1;3;7;7;1;1;0;0;0;2;0;430191,038569298572838;5634080,472683710977435;8,008234432000052;50,854202718000067;5210912315110470000;0
47413;5;7;11;0;2021;12;11;6;3;5;3;1;1;0;0;0;0;0;463466,969000000506639;5756984,971999667584896;8,468284667000034;51,962356942000042;5211231400300620000;0
47416;5;7;54;8;2021;9;7;2;3;5;2;1;1;0;0;0;0;0;459187,770999999716878;5751412,652999665588140;8,406668282000055;51,911960929000031;5210920405108390000;0
47425;5;7;66;40;2021;6;7;4;3;4;1;1;0;0;0;0;0;0;486437,896751489490271;5759562,930996660143137;8,802506260000030;51,986570217000065;5210623404102020000;0
47426;5;7;54;20;2021;5;13;1;3;4;2;1;1;0;0;0;0;0;448096,221999999135733;5748434,398999664932489;8,245880299000021;51,884262201000070;5210530405220080000;0
47429;5;7;11;0;2021;3;9;3;3;3;2;1;1;0;0;0;0;0;467223,095348768867552;5771764,804849321022630;8,521534474000021;52,095470672000033;5210323400100050000;0
47433;5;7;54;16;2021;7;14;7;3;8;1;1;0;0;0;0;0;0;450864,651088937185705;5755108,982837576419115;8,285147558000062;51,944520192000027;5210710405108680000;0
47434;5;7;54;8;2021;12;15;4;3;5;3;1;1;0;0;0;0;0;456978,029820395633578;5748745,267236899584532;8,374877825000056;51,887813278000067;5211215405108160000;1
47437;5;7;70;8;2021;6;16;3;1;5;3;1;1;0;0;0;0;0;475961,874256707727909;5800614,260345773771405;8,647046395000075;52,355288733000066;5210615410220080000;0
47443;5;7;66;56;2021;10;11;2;3;5;2;1;0;0;0;0;0;1;480294,637530946172774;5758516,839632159098983;8,713108150000039;51,976980971000046;5211025404102090000;0
47451;5;7;54;8;2021;12;22;3;3;2;6;1;0;0;0;0;2;0;458888,744580190628767;5750681,877033950760961;8,402408472000047;51,905368814000042;5211221405108480000;0
47452;5;7;54;36;2021;9;16;6;3;5;3;1;1;0;0;0;0;0;475907,188074205070734;5750315,187673889100552;8,649806755000043;51,903067961000033;5210903405236070000;0
47453;5;5;70;28;2021;5;11;6;3;4;2;1;1;0;0;0;0;0;441469,849213384091854;5742619,518302179872990;8,150600284000063;51,831329025000059;5210514711413080000;0
47454;5;7;58;4;2021;6;16;2;3;5;3;1;1;0;0;0;0;0;471231,130750103853643;5782779,057033127173781;8,579107970000052;52,194717156000081;5210614406210650000;0
47458;5;7;58;12;2021;9;7;4;3;0;1;1;0;0;0;0;1;0;478269,450526823289692;5774472,711975473910570;8,682609052000032;52,120360657000049;5210915406110390000;0
47461;5;9;74;28;2021;11;13;3;3;0;1;1;0;0;0;0;0;0;455561,284999999217689;5724436,131999650970101;8,357405636000067;51,669145253000067;5211102316300070000;1
47467;5;9;58;4;2021;5;21;2;2;4;6;1;0;0;1;0;2;0;434651,556078677996993;5691506,671342145651579;8,061190283000030;51,371050436000075;5210503313110680000;0
47472;5;7;54;8;2021;12;12;5;3;5;3;1;1;0;0;0;0;0;454985,756961552426219;5750543,499152991920710;8,345696704000034;51,903823013000078;5211216405108680000;1