OID_;ULAND;UREGBEZ;UKREIS;UGEMEINDE;UJAHR;UMONAT;USTUNDE;UWOCHENTAG;UKATEGORIE;UART;UTYP1;IstRad;IstPKW;IstFuss;IstKrad;IstSonstige;ULICHTVERH;IstGkfz;LINREFX;LINREFY;XGCSWGS84;YGCSWGS84;UIDENTSTLAE;IstStrassenzustand
47473;5;7;11;0;2021;2;14;1;3;5;3;1;1;0;0;0;0;0;467264,783069849945605;5762992,500864578410983;8,522983738000050;52,016605214000037;5210228400200270000;0
47474;5;7;11;0;2021;6;19;7;3;5;2;1;1;0;0;0;0;0;469500,977884897030890;5764825,261479374021292;8,555405022000059;52,033210348000068;5210605400200650000;0
47475;5;7;58;24;2021;11;15;2;3;5;3;1;1;0;0;0;0;0;480169,849482768215239;5782968,842920884490013;8,709869169000058;52,196817411000040;5211129406220580000;0
47478;5;7;54;8;2021;10;7;2;3;5;2;1;1;0;0;0;2;0;457023,929999999701977;5750001,589999666437507;8,375388139000052;51,899111899000047;5211025405108700000;0
47483;5;9;66;16;2021;9;17;7;3;5;3;1;1;0;0;0;0;0;433444,265224261209369;5655674,412450715899467;8,050497554000060;51,048744829000043;5210904314320370000;0
47484;5;7;54;44;2021;12;14;5;3;5;3;1;1;0;0;0;0;0;465389,726398349739611;5747829,701068667694926;8,497188457000050;51,880167383000071;5211216405244090000;1
47485;5;7;11;0;2021;10;8;5;3;0;1;1;1;0;0;0;0;0;463062,029310118407011;5758912,050629716366529;8,462183928000059;51,979655790000038;5211007400300080000;0
47486;5;7;58;4;2021;1;7;5;3;5;3;1;1;0;0;0;2;0;472167,859597194939852;5784130,708713674917817;8,592700970000067;52,206917161000035;5210121406210760000;1
47489;5;7;66;20;2021;12;17;3;3;0;1;1;0;0;0;0;2;0;488720,249000000767410;5755083,026999669149518;8,835889291000058;51,946342560000062;5211228404000570000;1
47499;5;7;70;36;2021;4;16;3;3;5;3;1;0;0;1;0;0;0;465710,092605948448181;5799083,688567057251930;8,496680380000043;52,340983348000066;5210427410260270000;0
47503;5;7;54;16;2021;12;11;4;3;5;3;1;1;0;0;0;0;0;446613,752272756770253;5757961,287447836250067;8,222865413000022;51,969771264000030;5211201405116580000;1
47507;5;9;74;8;2021;5;13;7;3;8;1;1;0;0;0;0;0;0;442137,391874459572136;5715271,463509427383542;8,164827012000046;51,585527386000081;5210529316100180000;0
47510;5;7;70;36;2021;4;15;2;3;5;3;1;0;0;0;1;0;0;465232,577000000514090;5794878,456999687477946;8,490106289000039;52,303147798000055;5210412410260340000;0
47511;5;7;11;0;2021;11;18;3;2;4;2;1;1;0;0;0;2;0;469308,907921184785664;5763793,549491055309772;8,552697800000033;52,023923999000033;5211130400200860000;1
47518;5;9;74;40;2021;9;7;4;3;5;2;1;0;0;1;0;0;0;439590,213516452349722;5713290,140543622896075;8,128407031000052;51,567446837000034;5210908316100080000;0
47522;5;5;70;8;2021;4;8;5;2;0;1;1;0;0;0;0;0;0;433911,472484033554792;5734790,015988057479262;8,042419562000021;51,760098516000028;5210422711311780000;0
47526;5;7;11;0;2021;9;15;2;3;0;2;1;1;0;0;0;0;0;467872,521000000648201;5762900,449999669566751;8,531847987000049;52,015813141000081;5210927400200090000;0
47529;5;7;11;0;2021;11;8;5;3;0;1;1;0;0;0;0;1;0;469146,673000002279878;5767526,032999673858285;8,549996554000074;52,057472335000057;5211104400100890000;1
47531;5;7;54;28;2021;11;16;2;3;5;3;1;1;0;0;0;2;0;451704,207999997772276;5743596,059999661520123;8,298973481000075;51,841087381000079;5211115405228380000;0
47532;5;7;54;52;2021;10;17;6;3;5;2;1;1;0;0;0;0;0;458456,861559238284826;5772335,687730262055993;8,393505466000022;52,100014329000032;5211001405152070000;0
47541;5;7;58;4;2021;10;11;2;3;3;2;1;0;0;0;0;0;1;472805,283305845223367;5781836,124100426211953;8,602213060000054;52,186319660000038;5211025406210090000;0
47545;5;9;58;40;2021;6;9;4;3;4;6;1;0;0;1;0;0;0;448505,090345503762364;5665401,617631873115897;8,263950492000049;51,137756018000061;5210609313240010000;0
47546;5;7;54;8;2021;9;15;5;3;4;2;1;1;0;0;0;0;0;456057,553000000305474;5751902,090999670326710;8,361101400000052;51,916123056000060;5210909405108550000;0
47548;5;9;58;20;2021;5;0;1;3;0;6;1;1;0;0;0;2;0;474106,370275507681072;5665944,521953459829092;8,629834608000067;51,144368276000080;5210523313232450000;0
47554;5;7;70;40;2021;3;15;4;3;5;3;1;1;0;0;0;0;0;473522,768420860171318;5809227,120156623423100;8,610552695000024;52,432607225000027;5210310410240890000;0
47556;5;7;70;44;2021;3;19;4;3;3;6;1;1;0;0;0;2;0;467277,447693370282650;5807883,047055142000318;8,518826527000044;52,420185850000053;5210324410250480000;0
47563;5;7;54;8;2021;12;15;7;3;5;3;1;1;0;0;0;0;0;457484,431640960276127;5750662,322316497564316;8,381999111000027;51,905087598000080;5211218405108370000;1
47570;5;7;11;0;2021;6;18;7;3;0;7;1;0;0;0;0;0;0;463166,655581964179873;5757840,985532769933343;8,463822170000071;51,970033215000058;5210605400300050000;1
47576;5;9;58;32;2021;9;9;2;3;0;7;1;0;0;0;0;0;0;442608,235250126570463;5691659,160819640383124;8,175459414000045;51,373281501000065;5210920313121680000;0
47579;5;9;58;4;2021;9;15;4;2;0;1;1;0;0;0;0;0;0;434851,435391149483621;5695521,955250646919012;8,063324534000060;51,407173607000061;5210908313110180000;0
47588;5;7;58;32;2021;10;10;1;3;8;1;1;0;0;0;0;0;0;466870,123119698837399;5779649,401613010093570;8,515613987000052;52,166335616000026;5211010406140480000;0
47589;5;7;11;0;2021;11;11;5;3;5;2;1;1;0;0;0;0;0;469337,552000001072884;5763595,750999672338367;8,553132977000075;52,022147247000078;5211104400200290000;1
47594;5;7;66;4;2021;5;19;1;3;5;3;1;0;0;1;0;0;0;483875,053228326141834;5752661,705821437761188;8,765509899000051;51,924453148000055;5210530404101480000;0
47601;5;5;66;44;2021;11;8;3;3;4;6;1;0;0;0;1;0;0;430654,564957707189023;5777873,343323551118374;7,986541783000064;52,147008028000073;5211102709800580000;1
47610;5;7;11;0;2021;3;16;4;2;0;2;1;1;0;0;0;0;0;469104,141000000759959;5767530,795999674126506;8,549375804000022;52,057512787000064;5210303400100070000;0
47612;5;7;54;28;2021;5;7;2;3;7;3;1;1;0;0;0;0;0;452130,923999999649823;5742733,793999657034874;8,305286202000048;51,833371885000076;5210531405228680000;0
47615;5;9;74;28;2021;12;19;5;3;5;3;1;1;0;0;0;2;0;453386,640733201056719;5725417,277917632833123;8,325831098000037;51,677790346000052;5211223316300370000;1
47623;5;7;11;0;2021;10;17;6;3;5;3;1;1;0;0;0;0;0;472718,510000000707805;5765612,918999671936035;8,602243982000061;52,040459562000080;5211001400200970000;0
47626;5;7;54;12;2021;5;18;1;2;5;2;1;1;0;0;0;0;0;450460,601999999955297;5765653,990999672561884;8,277745971000058;52,039286695000044;5210530405112480000;0
47629;5;7;58;16;2021;6;9;4;3;5;3;1;1;0;0;0;0;0;474490,565024136565626;5779879,891106994822621;8,627010842000061;52,168812685000034;5210609406120580000;0
47635;5;5;70;8;2021;6;10;2;3;0;6;1;0;0;0;0;0;0;433810,728054381906986;5735700,786442600190639;8,040786538000020;51,768274498000039;5210628711313080000;0
47637;5;7;70;20;2021;12;14;5;3;5;3;1;1;0;0;0;0;0;473680,640295189805329;5795477,632875578477979;8,613953904000027;52,309004410000057;5211230410210740000;1
47639;5;7;11;0;2021;7;16;2;3;0;2;1;1;0;0;0;0;0;467553,865803339518607;5763509,155522016808391;8,527147111000033;52,021267241000032;5210705400200580000;0
47642;5;7;11;0;2021;10;12;4;3;5;2;1;1;0;0;0;0;0;468678,235425569117069;5765183,332726892083883;8,543379227000059;52,036383769000054;5211027400100390000;0
47644;5;7;58;28;2021;10;17;5;3;5;3;1;1;0;0;0;0;0;463167,368074335157871;5783740,737379280850291;8,461034612000049;52,202883163000081;5211007406240070000;0
47648;5;7;70;4;2021;7;1;4;3;0;1;1;0;0;0;0;2;0;489186,137933014892042;5784255,404221754521132;8,841742765000049;52,208634982000035;5210714410230470000;0
47654;5;7;11;0;2021;3;11;5;3;5;2;1;1;0;0;0;0;0;467834,884000001475215;5765985,120999673381448;8,531009529000073;52,043544040000029;5210311400100030000;0
47656;5;7;74;32;2021;6;11;7;3;5;2;1;1;0;0;0;0;0;480600,064000000245869;5734734,747999658808112;8,718891089000067;51,763165760000049;5210619411232890000;0
47657;5;7;11;0;2021;11;11;6;3;3;7;1;0;0;0;1;0;0;469125,076065261848271;5765451,415087621659040;8,549869016000059;52,038819058000058;5211112400100390000;0
47659;5;7;54;8;2021;6;21;7;3;5;2;1;1;0;0;0;1;0;458401,881000000052154;5751315,701999662443995;8,395255335000058;51,911031137000066;5210626405108070000;0
47662;5;9;74;28;2021;9;17;4;3;0;1;1;0;0;0;0;0;0;454630,995721399784088;5726177,975163113325834;8,343728044000045;51,684731570000054;5210901316300080000;0
47664;5;7;74;24;2021;11;11;4;3;5;3;1;1;0;0;0;0;0;476580,218000002205372;5740883,449999656528234;8,660228582000059;51,818295775000081;5211117411224830000;1
47665;5;9;74;32;2021;6;18;1;2;4;2;1;1;0;0;0;0;0;441310,911347480490804;5706301,529149621725082;8,154395478000026;51,504796131000035;5210620316100380000;0
47669;5;7;74;36;2021;11;23;6;3;8;1;1;0;0;0;0;2;0;472735,293000000528991;5725213,426999650895596;8,605676851000055;51,677230147000046;5211126411236570000;1
47672;5;7;54;28;2021;3;8;3;3;4;2;1;1;0;0;0;1;0;450149,256000000052154;5745452,849999660626054;8,276137085000073;51,857644134000054;5210309405228270000;1
47677;5;9;70;32;2021;9;16;2;3;0;1;1;0;0;0;0;0;0;436002,014112902805209;5646325,810950672253966;8,088630795000029;50,964979008000057;5210906315260280000;0
47689;5;7;54;8;2021;9;7;3;3;5;3;1;1;0;0;0;0;0;461793,982000000774860;5753511,828999664634466;8,444322636000038;51,931018786000038;5210914405108080000;0
47692;5;7;54;8;2021;2;13;1;3;5;2;1;1;0;0;0;0;0;458112,446000000461936;5748249,722999664023519;8,391420387000039;51,883444427000029;5210228405108190000;0
47701;5;7;11;0;2021;3;11;4;3;5;3;1;0;0;0;1;0;0;472418,880382658913732;5762437,396744646131992;8,598131568000042;52,011894578000067;5210324400200150000;0
47706;5;7;54;8;2021;11;19;2;3;5;3;1;1;0;0;0;2;0;456324,677000002004206;5749725,563999662175775;8,365260875000047;51,896575897000048;5211115405108480000;0
47709;5;9;74;40;2021;11;15;3;2;5;3;1;1;0;0;0;0;0;438349,122999998740852;5712645,916999647393823;8,110615876000054;51,561520577000067;5211109316100080000;0
47711;5;7;66;4;2021;6;6;7;3;5;3;1;1;0;0;0;0;0;481479,418370836414397;5749540,619297748431563;8,730840608000051;51,896316921000050;5210626404101280000;0
47715;5;5;70;8;2021;3;6;5;3;0;3;1;1;0;0;0;1;0;434508,833238425664604;5733255,052289426326752;8,051362829000027;51,746369216000062;5210311711312270000;1
47724;5;7;54;8;2021;9;8;3;3;6;6;1;0;1;0;0;0;0;457329,438000001013279;5751354,986999664455652;8,379660493000074;51,911303199000031;5210907405108170000;0
47728;5;7;58;12;2021;11;15;2;3;5;3;1;1;0;0;0;0;0;475691,610856156796217;5774709,080532221123576;8,644941628000026;52,122378405000063;5211129406110860000;0
47732;5;9;58;28;2021;6;18;2;2;5;3;1;1;0;0;0;0;0;471310,718668586574495;5674144,965977672487497;8,589215247000027;51,217973276000066;5210607313233840000;0
47734;5;9;58;44;2021;2;15;3;3;5;3;1;1;0;0;0;0;0;429767,989191160537302;5689858,176378145813942;7,991368825000052;51,355646505000038;5210223313130740000;0
47736;5;7;74;32;2021;5;12;4;3;8;1;1;0;0;0;0;0;0;481758,642418430186808;5727117,844511616975069;8,736078059000022;51,694718997000052;5210526411132370000;0
47739;5;9;74;24;2021;11;14;3;3;0;1;1;0;0;0;0;0;0;438042,572045482695103;5721167,922148736193776;8,104688656000064;51,638103873000034;5211116316100470000;1
47741;5;7;11;0;2021;11;16;2;3;5;3;1;1;0;0;0;1;0;470576,895277730189264;5755033,231518933549523;8,571928814000046;51,945231048000039;5211115400300700000;0
47744;5;7;66;40;2021;7;10;2;2;9;7;1;0;0;0;0;0;0;486455,290024715475738;5760429,126586608588696;8,802725323000061;51,994358537000039;5210712404102590000;0
47745;5;7;54;20;2021;9;6;5;3;5;3;1;1;0;0;0;0;0;446946,697999998927116;5747820,160999665036798;8,229274706000069;51,878631791000032;5210916405220770000;0
47748;5;7;54;44;2021;5;14;6;2;4;2;1;1;0;0;0;0;0;466660,598000000230968;5744210,194999663159251;8,516000089000045;51,847702402000039;5210528405244390000;0
47749;5;7;58;4;2021;3;18;4;3;5;3;1;1;0;0;0;0;0;469469,512558388523757;5782505,717661708593369;8,553360736000059;52,192164991000027;5210331406210180000;0
47751;5;7;54;32;2021;10;11;6;3;0;3;1;1;0;0;0;0;0;460304,374642602168024;5744159,023736517876387;8,423735053000030;51,846826518000057;5211001405232080000;0
47754;5;7;70;12;2021;6;15;6;3;5;3;1;1;0;0;0;0;0;483908,157562894746661;5797788,686656560748816;8,763856299000054;52,330176689000041;5210625410140190000;0
47764;5;7;54;16;2021;4;5;3;3;5;3;1;1;0;0;0;2;0;445144,754727567546070;5757378,450059700757265;8,201576799000065;51,964388431000032;5210406405116070000;1
47768;5;7;11;0;2021;1;11;3;2;5;2;1;1;0;0;0;0;0;469146,673000002279878;5767526,032999673858285;8,549996554000074;52,057472335000057;5210105400100570000;1
47777;5;7;58;4;2021;11;17;2;3;5;3;1;1;0;0;0;2;0;471714,466326995752752;5782687,209987206384540;8,586186694000048;52,193916421000040;5211108406210590000;0
47778;5;7;54;44;2021;9;14;7;2;0;1;1;0;0;0;0;0;0;465986,941873505711555;5747868,377076506614685;8,505860527000038;51,880551864000040;5210911405244890000;0
47783;5;9;70;12;2021;6;11;4;3;5;3;1;1;0;0;0;0;0;447790,093502381816506;5648839,378306662663817;8,256122158000039;50,988769544000036;5210630315250730000;0
47784;5;7;54;12;2021;12;15;6;3;0;1;1;0;0;0;0;0;0;456636,488652847707272;5769462,792258342728019;8,367296679000049;52,074046508000038;5211217405112050000;1
47789;5;7;54;32;2021;10;12;3;3;5;3;1;0;0;0;1;0;0;461296,186000000685453;5742132,593999661505222;8,438359240000068;51,828676991000066;5211019405232080000;0
47790;5;7;74;40;2021;9;15;7;2;0;1;1;0;0;0;0;0;0;481191,884000000543892;5712439,731999650597572;8,728666581000027;51,562723095000081;5210918411240470000;0
47791;5;5;70;36;2021;9;6;5;2;5;2;1;1;0;0;0;2;0;434098,936533282510936;5760410,116546608507633;8,040243967000038;51,990442597000026;5210930711121880000;1
47792;5;7;66;20;2021;10;17;3;3;5;3;1;0;0;0;1;0;0;487962,214838769286871;5755500,810088982805610;8,824845965000065;51,950082957000063;5211019404101090000;1
47796;5;7;74;32;2021;6;7;3;3;5;3;1;1;0;0;0;0;0;480286,571999999694526;5735895,668999657034874;8,714282694000076;51,773592886000074;5210622411232730000;0
47798;5;7;54;8;2021;5;22;7;2;5;3;1;1;0;0;0;2;0;461800,932061101309955;5749895,617505431175232;8,444824830000073;51,898507111000072;5210515405108470000;1
47799;5;5;70;52;2021;11;5;7;2;5;3;1;1;0;0;0;2;0;432333,861580715514719;5755847,264253908768296;8,015441587000055;51,949211791000039;5211127711113790000;1
47800;5;7;54;4;2021;9;6;5;3;5;3;1;1;0;0;0;1;0;451835,735999999567866;5772582,326999677345157;8,296815125000023;52,101694809000037;5210902405104470000;0
47803;5;9;74;28;2021;10;13;6;3;0;2;1;1;0;0;0;0;0;453284,599000000394881;5725457,562999652698636;8,324349989000041;51,678144063000047;5211015316300080000;1
47805;5;7;74;24;2021;6;18;2;3;5;3;1;1;0;0;0;0;0;476256,822581602260470;5741481,304180366918445;8,655495895000058;51,823657477000040;5210621411224840000;0
47806;5;5;70;28;2021;12;10;5;3;3;6;1;1;0;0;0;0;0;441269,360976927913725;5741349,912875721231103;8,147906509000052;51,819893934000049;5211209711412700000;0
47810;5;7;70;20;2021;6;22;6;3;0;1;1;0;0;0;0;2;0;472418,806805808097124;5794966,017013935372233;8,595488043000046;52,304342913000028;5210604410210970000;1
47829;5;9;70;40;2021;6;7;5;3;5;3;1;1;0;0;0;0;0;430374,928068463690579;5640112,203092645853758;8,009697474000063;50,908458232000044;5210610315110690000;0
47837;5;7;54;44;2021;9;1;6;3;0;7;1;0;0;0;0;2;0;462829,451000001281500;5749475,016999661922455;8,459817675000068;51,894795172000045;5210903405244380000;0
47838;5;7;58;4;2021;11;15;5;3;5;3;1;1;0;0;0;0;0;471996,119351595640182;5783741,958979869261384;8,590219922000074;52,203413439000030;5211104406210870000;1
47845;5;3;62;32;2021;7;16;5;3;5;3;1;1;0;0;0;0;0;340932,672041572630405;5637647,919620458036661;6,739361859000041;50,868602587000055;5210722602400110000;0
47848;5;3;78;16;2021;8;19;3;3;3;6;1;1;0;0;0;1;0;361182,824999845586717;5662739,195999437943101;7,017371731000026;51,099319767000054;5210803606700990000;1
47850;5;7;70;32;2021;6;13;1;3;4;6;1;0;0;0;0;0;0;502689,869000000879169;5787058,829999683424830;9,039387697000052;52,233939051000050;5210620410120380000;0
47856;5;3;15;0;2021;7;10;2;3;5;3;1;0;0;0;1;0;0;355303,059270320460200;5646688,929177807644010;6,939858526000023;50,953628392000041;5210719601300640000;0
47859;5;3;58;32;2021;8;9;4;2;5;3;1;0;0;0;0;0;1;315037,852999372407794;5632412,922997795045376;6,374375769000039;50,813871318000054;5210811609132870000;0
47866;5;3;34;2;2021;4;6;1;2;6;4;1;0;1;0;0;1;0;293690,667998977005482;5628234,327995261177421;6,074088676000031;50,769134508000036;5210425608200470000;0
47870;5;7;62;32;2021;4;14;3;3;5;1;1;1;0;0;0;0;0;502348,784999999217689;5743873,189999660477042;9,034096508000061;51,845663018000039;5210406407228370000;1
47878;5;3;15;0;2021;7;12;4;3;5;3;1;1;0;0;0;0;0;357881,542999823577702;5643513,887999393045902;6,977783895000073;50,925735953000071;5210728601500670000;0
47888;5;7;70;32;2021;1;12;4;3;5;3;1;1;0;0;0;0;0;492963,037659072317183;5786298,018486281856894;8,896973817000060;52,227060505000054;5210127410120910000;1
47890;5;3;15;0;2021;8;14;7;3;0;1;1;0;0;0;0;0;0;356862,059865798801184;5645034,624397326260805;6,962690115000044;50,939150638000058;5210814601100990000;0
47897;5;7;66;32;2021;6;15;3;2;0;3;1;1;0;0;0;0;0;504779,216728617437184;5750042,875285657122731;9,069463650000046;51,901120045000027;5210622404103630000;0
47901;5;7;70;24;2021;6;15;4;3;5;3;1;1;0;0;0;0;0;490429,714999999850988;5794682,318999687209725;8,859646453000039;52,302401575000033;5210602410110870000;0
47910;5;7;62;36;2021;10;16;7;3;7;1;1;0;0;0;0;0;0;511053,705000001005828;5704679,513999640941620;9,159222236000062;51,493151252000075;5211009407301070000;0
47912;5;3;78;28;2021;6;11;5;3;0;5;1;1;0;0;0;0;0;372653,450075396336615;5641177,436576729640365;7,188671500000055;50,908185794000076;5210617606140170000;0
47917;5;9;66;24;2021;8;5;3;2;0;2;1;1;0;0;0;1;0;418567,622252511791885;5651191,635514348745346;7,839312785000061;51,006525336000038;5210831314110480000;0
47919;5;3;15;0;2021;10;14;1;2;5;3;1;1;0;0;0;0;0;364809,126669287681580;5645491,438480207696557;7,075562487000070;50,945174292000047;5211010601600990000;0
47924;5;3;58;36;2021;7;7;2;3;7;1;1;0;0;0;0;0;0;311909,930984621867537;5649564,007298687472939;6,321195994000050;50,966930016000049;5210719609236400000;0
47925;5;3;62;24;2021;7;12;3;3;0;1;1;0;0;0;0;0;0;346387,054999741725624;5643573,873999202623963;6,814325004000068;50,923329043000081;5210727602500370000;0
47926;5;7;62;16;2021;6;22;4;2;8;1;1;0;0;0;0;1;0;508979,742398366332054;5722576,919940467923880;9,129805650000037;51,654114161000052;5210616407147790000;0
47935;5;3;58;36;2021;8;7;2;3;0;1;1;0;0;0;0;0;0;308656,986999277025461;5652278,076997157186270;6,273494321000044;50,990237592000028;5210830609236790000;1
47939;5;3;34;2;2021;8;18;7;3;1;6;1;1;0;0;0;0;0;294014,265998987480998;5629619,618995312601328;6,077895820000037;50,781690981000054;5210821608100170000;0
47953;5;3;62;4;2021;8;19;3;2;2;6;1;0;0;0;0;0;0;325502,879363470710814;5651138,610833654180169;6,513830424000048;50,985354098000073;5210831602200750000;0
47954;5;3;58;24;2021;8;9;3;3;8;1;1;0;0;0;0;0;0;312628,322663445025682;5645891,923823852092028;6,333305051000025;50,934178433000056;5210810609224190000;1
47955;5;3;15;0;2021;8;15;1;3;5;3;1;1;0;0;0;0;0;362550,746999851427972;5637209,103999443352222;7,046553411000048;50,870203593000042;5210815601600580000;0
47958;5;3;14;0;2021;6;13;5;3;1;5;1;1;0;0;0;0;0;365184,369030914269388;5620888,380189953371882;7,089950995000038;50,724136502000079;5210617600110930000;0
47960;5;3;15;0;2021;8;9;4;2;5;3;1;0;0;0;0;0;1;361514,947999845258892;5651472,757999436929822;7,026421563000042;50,998147777000042;5210804601500290000;0
47968;5;7;70;24;2021;5;17;5;3;0;1;1;0;0;0;0;0;0;494907,004049309529364;5793243,156666897237301;8,925330060000022;52,289522561000069;5210527410110180000;1
47975;5;3;74;8;2021;6;10;7;3;5;7;1;1;0;0;0;0;0;388183,405485320836306;5649729,401862528175116;7,406839903000048;50,988277708000055;5210612605108370000;0
48008;5;3;70;28;2021;7;5;2;3;4;2;1;1;0;0;0;0;0;297347,444999066181481;5645049,110995752736926;6,116577641000049;50,921443196000041;5210726610122770000;0
48011;5;3;66;40;2021;7;16;3;3;2;1;1;1;0;0;0;0;0;347546,540999749675393;5624581,876999231055379;6,838711415000034;50,752968360000068;5210720603140470000;0
48012;5;7;74;4;2021;5;17;5;3;5;3;1;1;0;0;0;0;0;495106,860829793848097;5734777,847584521397948;8,929096407000031;51,763868002000038;5210520411108130000;0
48013;5;7;70;24;2021;6;16;3;3;5;3;1;1;0;0;0;0;0;491446,459000001661479;5795510,442999687045813;8,874536484000032;52,309863573000030;5210608410110720000;0
48014;5;3;74;48;2021;8;7;6;3;5;3;1;1;0;0;0;0;0;394677,625999961979687;5646670,934999596327543;7,500220463000062;50,962008760000060;5210827605148130000;1
48015;5;3;78;8;2021;7;10;4;3;5;3;1;1;0;0;0;0;0;368389,871999881230295;5659028,637999501079321;7,121595553000020;51,067670701000054;5210728606700370000;0
48017;5;3;82;8;2021;8;18;5;3;3;6;1;0;0;1;0;0;0;373401,455999900586903;5613583,479999521747231;7,208809793000057;50,660324472000070;5210812600130380000;0
48021;5;3;34;16;2021;8;19;4;3;3;6;1;0;0;0;1;0;0;297195,600029728375375;5640821,197255935519934;6,116768181000054;50,883417919000067;5210804608416850000;1
48028;5;7;62;32;2021;12;7;4;2;5;3;1;1;0;0;0;0;0;506025,839000000618398;5746951,983999663963914;9,087528696000049;51,873317378000081;5211222407220790000;0
48031;5;7;66;44;2021;12;13;4;2;5;3;1;1;0;0;0;0;0;490326,999910311773419;5764238,917807703837752;8,859007790000021;52,028692983000042;5211201404301370000;1
48032;5;3;15;0;2021;7;17;6;3;3;6;1;1;0;0;0;0;0;360315,570178818888962;5646993,277400579303503;7,011061197000060;50,957600307000064;5210723601500080000;0
48036;5;7;70;24;2021;4;7;2;2;2;2;1;1;0;0;0;0;0;492381,544355078600347;5791413,062774762511253;8,888344963000065;52,273039870000048;5210412410110760000;0
48040;5;3;82;56;2021;8;13;5;3;5;3;1;1;0;0;0;0;0;373748,572542688809335;5626544,033123932778835;7,209283142000061;50,776896418000035;5210826607500670000;1
48047;5;9;66;24;2021;7;9;7;3;0;7;1;0;0;0;1;0;0;418807,276246436871588;5653344,593088325113058;7,842245956000056;51,025915678000047;5210717314110770000;1
48049;5;3;15;0;2021;4;16;2;3;5;3;1;1;0;0;0;0;0;360951,486234970390797;5645934,582049144431949;7,020514461000062;50,948239398000055;5210426601600870000;0
48051;5;3;82;68;2021;8;17;6;3;5;2;1;0;0;0;1;0;0;370597,030210608616471;5630566,203270746394992;7,163189801000044;50,812353832000042;5210813607400070000;0
48053;5;7;66;20;2021;9;18;3;3;5;3;1;1;0;0;0;0;0;491942,303868431597948;5753318,151108937337995;8,882808652000051;51,930530507000071;5210928404101870000;0
48056;5;9;70;4;2021;7;5;6;3;9;1;1;0;0;0;0;1;0;456965,118015000596642;5654671,123286172747612;8,386145513000031;51,041967558000067;5210723315220990000;0
48066;5;1;62;8;2021;7;10;7;2;5;3;1;1;0;0;0;0;0;333267,398905602283776;5662641,989401204511523;6,619058022000047;51,091009417000066;5210717513310670000;0
48069;5;7;66;32;2021;6;14;2;3;5;3;1;1;0;0;0;0;0;500225,187000000849366;5748205,810999667271972;9,003271788000063;51,884623227000077;5210607404103680000;0
48071;5;9;66;24;2021;8;11;7;3;5;3;1;1;0;0;0;0;0;418937,481383819133043;5653243,916125064715743;7,844124703000034;51,025028906000045;5210821314110690000;0
48073;5;3;15;0;2021;7;18;4;2;5;2;1;1;0;0;0;0;0;353980,579999799840152;5646090,737999338656664;6,921282652000059;50,947919116000037;5210714601300990000;1
48077;5;3;15;0;2021;8;9;6;3;0;2;1;1;0;0;0;0;0;348926,107008470222354;5648591,739257588982582;6,848342846000037;50,969091220000053;5210827601300380000;0
48078;5;3;15;0;2021;7;18;5;3;0;1;1;0;0;0;0;0;0;354285,720744429156184;5644192,492060102522373;6,926382764000039;50,930937368000059;5210722601200980000;0
48082;5;9;66;16;2021;8;20;1;3;0;1;1;0;0;0;0;1;0;438337,138322768732905;5659690,269984103739262;8,119606705000024;51,085398927000028;5210822314320750000;0
48093;5;3;62;8;2021;7;14;4;3;5;3;1;1;0;0;0;0;0;342441,047253706492484;5648416,068467143923044;6,756130221000035;50,965775447000055;5210721602100360000;0
48094;5;3;70;28;2021;8;16;6;3;2;6;1;1;0;0;0;0;0;293542,117257267236710;5645566,107558481395245;6,062216631000069;50,924737438000079;5210806610122080000;0
48095;5;3;78;16;2021;5;14;5;3;3;6;1;0;0;0;1;0;0;367787,914070631377399;5665031,392434045672417;7,110811288000036;51,121481920000065;5210506606700900000;0
48105;5;7;70;32;2021;12;12;4;3;5;3;1;1;0;0;0;0;0;492991,017746225930750;5790319,275585051625967;8,897300030000054;52,263214248000054;5211229410120630000;1
48111;5;3;62;40;2021;8;15;5;3;5;3;1;1;0;0;0;0;0;356282,636999814771116;5632873,554999371990561;6,959230856000033;50,829715519000047;5210826602900250000;0
48112;5;3;78;28;2021;5;18;5;2;0;1;1;0;0;0;0;0;0;373331,675999900326133;5642289,752999529242516;7,197927049000043;50,918332724000038;5210506606500680000;1
48113;5;1;58;20;2021;8;18;3;3;5;3;1;1;0;0;0;0;0;357041,488999822176993;5664394,186999384313822;6,957607973000052;51,113174941000068;5210824516800970000;0
48117;5;7;66;20;2021;6;8;5;3;0;1;1;0;0;0;0;0;0;490210,830478074960411;5753495,748530022799969;8,857621080000058;51,932099530000073;5210617404101860000;0
48121;5;3;14;0;2021;8;16;4;3;5;3;1;1;0;0;0;0;0;364984,681999864056706;5623232,891999464482069;7,086264752000034;50,745162354000058;5210804600110890000;0
48124;5;3;15;0;2021;8;16;2;3;0;7;1;0;0;0;0;0;0;353972,134160261601210;5644829,851883137598634;6,921667962000072;50,936585814000068;5210830601300990000;0
48126;5;3;34;2;2021;8;10;5;3;1;3;1;1;0;0;0;0;0;298586,121359288692474;5628994,098686911165714;6,143007528000055;50,777678613000035;5210826608200970000;0
48129;5;7;62;20;2021;6;6;4;2;0;7;1;0;0;0;0;0;0;524034,812764118425548;5737193,728686774149537;9,348438206000026;51,785095019000039;5210609407110170000;0
48131;5;3;14;0;2021;8;17;3;2;4;6;1;0;0;0;0;0;0;366684,780047445558012;5622424,661151632666588;7,110640669000077;50,738290837000079;5210831600140980000;0