OID_;ULAND;UREGBEZ;UKREIS;UGEMEINDE;UJAHR;UMONAT;USTUNDE;UWOCHENTAG;UKATEGORIE;UART;UTYP1;IstRad;IstPKW;IstFuss;IstKrad;IstSonstige;ULICHTVERH;IstGkfz;LINREFX;LINREFY;XGCSWGS84;YGCSWGS84;UIDENTSTLAE;IstStrassenzustand
48139;5;3;15;0;2021;7;10;3;1;5;3;1;1;0;0;0;0;0;361634,264747472479939;5635371,570267541334033;7,034231203000047;50,853470262000030;5210720601620480000;0
48146;5;7;66;20;2021;6;19;2;3;5;3;1;1;0;0;0;0;0;491413,550999999977648;5753672,876999668776989;8,875109622000025;51,933711956000081;5210621404101570000;1
48153;5;3;15;0;2021;6;12;7;3;0;4;1;0;1;0;0;0;0;354312,636999801732600;5645860,684999343007803;6,926098499000034;50,945935718000044;5210612601300670000;0
48156;5;3;62;20;2021;6;21;3;3;2;2;1;1;0;0;0;0;0;341942,669999702833593;5634328,991999100893736;6,755136765000032;50,839056350000078;5210615602600770000;0
48157;5;3;15;0;2021;8;22;7;3;0;1;1;0;0;0;0;2;0;363956,836456284858286;5643464,778217826038599;7,064194182000051;50,926759270000048;5210814601600870000;0
48159;5;7;62;4;2021;12;6;5;3;5;2;1;1;0;0;0;2;0;501083,548000000417233;5729801,081999655812979;9,015685559000076;51,719140467000045;5211216407201200000;1
48161;5;7;66;32;2021;12;11;7;3;5;3;1;1;0;0;0;0;0;494998,493506789207458;5750281,766368651762605;8,927302010000062;51,903265988000044;5211204404103520000;1
48167;5;7;70;24;2021;4;7;3;3;4;2;1;1;0;0;0;0;0;493076,465147393755615;5793916,426943840458989;8,898478183000066;52,295555577000073;5210420410110070000;0
48171;5;3;16;0;2021;8;10;2;3;5;2;1;1;0;0;0;0;0;361255,931040790863335;5658307,419336043298244;7,020116474000076;51,059509090000063;5210823601700080000;1
48173;5;3;82;68;2021;7;23;6;3;8;1;1;0;0;0;0;2;0;368091,346348332241178;5631955,724792966619134;7,127143329000035;50,824277600000073;5210716607400850000;0
48180;5;3;15;0;2021;8;19;6;3;3;6;1;0;0;0;1;0;0;357150,087415200658143;5643052,265988519415259;6,967563766000069;50,921406722000029;5210806601100080000;0
48183;5;3;66;40;2021;4;17;3;2;0;7;1;0;0;0;0;0;0;347575,667853190563619;5624678,838208999484777;6,839083887000072;50,753847349000068;5210420603140020000;0
48185;5;7;66;44;2021;3;15;6;2;2;1;1;1;0;0;0;0;0;491283,995236663147807;5760992,385147608816624;8,873039417000030;51,999519550000059;5210326404301970000;0
48190;5;3;34;32;2021;8;17;3;3;6;4;1;0;1;0;0;0;0;304817,327596322633326;5627073,384138181805611;6,232302351000044;50,762556473000075;5210831608332450000;0
48191;5;7;70;24;2021;4;17;5;3;5;2;1;1;0;0;0;0;0;493024,100564867258072;5791747,100310152396560;8,897755251000035;52,276051571000039;5210429410110570000;1
48196;5;3;82;56;2021;8;16;3;3;5;3;1;1;0;0;0;0;0;372885,924999898299575;5627465,827999519184232;7,196735289000060;50,784993424000049;5210810607500830000;0
48199;5;1;62;8;2021;8;15;7;3;5;3;1;1;0;0;0;0;0;333334,597999622114003;5664258,421998796984553;6,619270586000027;51,105551917000071;5210828513310780000;1
48204;5;3;62;8;2021;8;0;6;3;3;6;1;0;0;0;0;2;0;337788,424271536059678;5647800,948080237954855;6,690201052000020;50,958957249000036;5210813602100990000;0
48209;5;3;15;0;2021;8;17;3;3;5;3;1;0;0;0;1;0;0;357472,742201228626072;5644755,753668587654829;6,971485324000071;50,936795707000044;5210810601500420000;0
48219;5;7;70;24;2021;4;13;7;3;5;3;1;1;0;0;0;0;0;493929,858000000007451;5794391,550999686121941;8,910983150000050;52,299837269000079;5210403410110780000;0
48223;5;3;15;0;2021;8;17;7;3;5;2;1;1;0;0;0;0;0;355125,368999806232750;5641337,744999358430505;6,939457075000064;50,905493825000065;5210821601200280000;0
48225;5;3;58;32;2021;8;6;5;3;0;3;1;1;0;0;0;0;0;317552,346331586129963;5631679,671697137877345;6,410395459000028;50,808081537000078;5210826609132970000;1
48227;5;7;66;20;2021;10;21;3;3;0;2;1;1;0;0;0;2;0;491585,702000000514090;5753588,917999668046832;8,877615615000025;51,932959707000066;5211005404101580000;1
48228;5;3;15;0;2021;8;14;1;3;5;2;1;0;0;0;1;0;0;353549,543999795801938;5648801,450999332591891;6,914059898000062;50,972169865000069;5210822601300990000;0
48238;5;7;66;44;2021;10;11;5;3;0;7;1;1;0;0;1;0;0;493317,022094235755503;5765329,182351209223270;8,902568521000035;52,038539525000033;5211028404301950000;0
48243;5;3;82;28;2021;8;20;4;3;0;1;1;0;0;0;0;0;0;378934,937465068884194;5632056,022895060479641;7,280991654000047;50,827548273000048;5210811607100990000;0
48250;5;3;15;0;2021;8;7;3;3;5;3;1;1;0;0;0;0;0;347544,029999753460288;5647336,789999224245548;6,829199623000022;50,957449997000026;5210824601300390000;0
48255;5;3;78;4;2021;8;6;5;3;0;1;1;0;0;0;0;0;0;368264,971700786612928;5650350,817073060199618;7,122967812000070;50,989649113000041;5210826606100270000;1
48257;5;3;34;4;2021;8;16;2;3;6;6;1;0;1;0;0;0;0;300615,235449399799109;5639618,555717779323459;6,165976177000061;50,873806229000081;5210823608404830000;0
48260;5;1;62;8;2021;8;11;7;3;5;3;1;1;0;0;0;0;0;335555,379999644123018;5665389,851998880505562;6,650448864000055;51,116358895000076;5210828513310670000;0
48261;5;7;66;24;2021;11;9;3;3;0;6;1;0;0;0;0;0;0;502650,131000001914799;5762614,951999671757221;9,038615399000037;52,014170053000043;5211102404301350000;0
48268;5;7;62;36;2021;9;8;7;3;1;5;1;1;0;0;0;0;0;511441,893910575658083;5707977,104409761726856;9,164920862000031;51,522794401000056;5210918407306590000;0
48271;5;7;70;24;2021;9;17;4;2;0;7;1;1;0;0;0;0;0;492286,804999999701977;5794086,996999686583877;8,886895282000069;52,297078565000049;5210901410110360000;0
48276;5;3;34;32;2021;8;7;3;3;0;3;1;1;0;0;0;0;0;309975,341912454925478;5627976,064958257600665;6,304889506000052;50,772377103000053;5210824608332150000;0
48286;5;9;70;40;2021;7;20;5;3;0;6;1;1;0;0;0;0;0;431813,132485988549888;5638450,971582027152181;8,030460684000047;50,893693192000057;5210722315110090000;0
48299;5;3;78;4;2021;8;16;7;3;5;3;1;1;0;0;0;0;0;368826,448999882675707;5650349,848999502137303;7,130963832000020;50,989768645000026;5210807606100290000;0
48306;5;7;62;20;2021;7;16;5;3;3;6;1;0;0;0;0;0;0;526241,305649346671999;5735970,229932067915797;9,380333011000062;51,773995275000061;5210708407101090000;0
48312;5;3;15;0;2021;8;22;1;2;0;1;1;0;0;0;0;2;0;354964,848999806679785;5645432,877999354153872;6,935546815000066;50,942255580000051;5210801601110070000;0
48314;5;7;70;24;2021;6;23;6;3;0;1;1;0;0;0;0;2;0;496456,894234729930758;5794277,030377514660358;8,948042577000024;52,298829787000045;5210625410110080000;0
48321;5;3;34;2;2021;4;10;5;3;5;3;1;1;0;0;0;0;0;295656,449169129133224;5628753,931000022217631;6,101640829000075;50,774496896000073;5210429608200070000;0
48330;5;3;82;60;2021;8;18;4;3;5;3;1;1;0;0;0;0;0;374040,346779482439160;5628007,067153947427869;7,212918078000030;50,790110284000036;5210811607100580000;0
48332;5;3;15;0;2021;8;17;3;3;5;3;1;0;0;0;1;0;0;354515,446999803185463;5643607,490999348461628;6,929883104000055;50,925738107000029;5210831601200880000;0
48333;5;7;62;32;2021;11;11;5;3;0;5;1;1;0;0;0;0;0;506437,769280676729977;5745987,788671016693115;9,093494229000044;51,864643553000064;5211111407220070000;0
48336;5;7;58;36;2021;9;18;2;2;0;1;1;0;0;0;0;0;0;491206,526963581331074;5781304,898330714553595;8,871386971000049;52,182144002000030;5210913406150730000;0
48337;5;3;15;0;2021;8;1;7;3;0;1;1;0;0;0;0;2;0;353923,738999800756574;5646744,670999338850379;6,920211678000044;50,953781380000066;5210821601300890000;0
48339;5;3;82;32;2021;8;18;4;3;5;3;1;0;0;0;0;0;1;361203,955999843776226;5611580,757999427616596;7,037086186000067;50,639545180000027;5210811600350150000;0
48343;5;3;15;0;2021;8;10;6;3;0;3;1;0;0;0;1;0;0;353376,713033525273204;5644867,704510543495417;6,913184436000051;50,936774903000071;5210827601300990000;0
48344;5;3;74;28;2021;8;7;4;3;0;1;1;0;0;0;0;0;0;409714,115615013986826;5635416,157828444615006;7,717061374000025;50,863376921000054;5210818605128390000;1
48345;5;3;34;2;2021;8;8;6;3;2;2;1;1;0;0;0;0;0;295120,815875723026693;5629304,765851123258471;6,093747102000066;50,779255167000031;5210827608200570000;0
48347;5;3;78;16;2021;8;9;6;3;0;1;1;0;0;0;0;0;0;361305,660257018171251;5663680,148605955764651;7,018763391000050;51,107805797000026;5210813606700530000;0
48360;5;1;62;8;2021;7;17;5;2;5;3;1;1;0;0;0;0;0;331835,965999603271484;5657361,900998741388321;6,601091103000044;51,043152574000032;5210722513310170000;0
48365;5;3;14;0;2021;7;13;3;3;5;3;1;1;0;0;0;0;0;367043,447764484211802;5622500,410971200093627;7,115693484000076;50,739053906000038;5210727600140990000;0
48372;5;3;34;2;2021;7;12;1;3;0;1;1;0;0;0;0;0;0;292333,171509042382240;5631644,011908318847418;6,052937479000036;50,799272392000034;5210725608100960000;1
48374;5;3;15;0;2021;7;22;6;3;6;4;1;0;1;0;0;2;0;356289,750999813899398;5648106,695999376475811;6,953337159000057;50,966616487000067;5210723601400980000;0
48377;5;7;74;4;2021;9;17;6;2;3;6;1;1;0;0;0;0;0;495990,056000000797212;5734754,897999659180641;8,941894524000077;51,763668677000055;5210903411104550000;0
48381;5;3;78;4;2021;8;19;6;2;0;1;1;1;0;0;0;0;0;372133,494985664263368;5647539,671468997374177;7,179047184000069;50,965254987000037;5210820606100780000;0
48387;5;3;15;0;2021;7;17;1;3;5;3;1;0;0;0;1;0;0;355219,721999808214605;5644982,932999359443784;6,939351018000025;50,938276084000051;5210718601100550000;0
48388;5;3;82;40;2021;7;17;7;2;0;1;1;0;0;0;0;0;0;380790,863577088341117;5638068,875433743000031;7,305373585000041;50,881981720000056;5210717607100030000;0
48399;5;3;58;36;2021;7;15;6;3;0;7;1;0;0;0;0;0;1;311909,930984621867537;5649564,007298687472939;6,321195994000050;50,966930016000049;5210716609236070000;0
48406;5;3;15;0;2021;7;19;7;3;1;5;1;1;0;0;0;0;0;356350,779764862731099;5647474,356524396687746;6,954455382000049;50,960948988000041;5210717601400280000;0
48414;5;3;62;8;2021;5;6;6;3;5;3;1;1;0;0;0;0;0;337175,301417085342109;5645767,597302744165063;6,682387394000045;50,940514246000077;5210507602100660000;1
48419;5;3;58;4;2021;8;10;2;3;0;1;1;0;0;0;0;0;0;306389,840088712982833;5644563,024775203317404;6,245331824000061;50,920181794000030;5210830609204190000;0
48420;5;1;58;20;2021;7;16;5;2;5;3;1;0;0;0;0;0;1;357646,320999824441969;5664806,055999392643571;6,966080572000067;51,117026824000050;5210722516800580000;0
48425;5;3;15;0;2021;8;14;5;3;5;3;1;1;0;0;0;0;0;353923,738999800756574;5646744,670999338850379;6,920211678000044;50,953781380000066;5210826601300790000;0
48430;5;3;70;8;2021;7;18;4;3;1;5;1;1;0;0;0;0;0;292957,665342598222196;5652274,633837092667818;6,050096953000036;50,984775005000074;5210721610112710000;0
48431;5;3;15;0;2021;4;9;5;3;3;6;1;0;0;0;0;0;0;354960,901034456677735;5644670,608049672096968;6,935794106000060;50,935404256000027;5210429601100580000;0
48443;5;3;82;60;2021;6;12;1;2;0;7;1;0;0;0;0;0;0;373649,597084087319672;5630461,954458493739367;7,206532409000033;50,812090754000053;5210613607000030000;0
48449;5;7;62;36;2021;6;10;1;3;0;7;1;0;0;0;0;0;0;508030,223487474024296;5700179,548662982881069;9,115568562000021;51,452739718000032;5210620407316330000;0
48450;5;3;34;2;2021;8;15;1;3;0;1;1;0;0;0;0;0;0;293514,461998976767063;5627917,773995235562325;6,071770806000075;50,766228823000063;5210801608100770000;1
48458;5;3;15;0;2021;8;18;3;3;5;3;1;1;0;0;0;0;0;355679,579448602162302;5639970,999996868893504;6,947874332000026;50,893349860000058;5210824601200090000;0
48460;5;3;82;76;2021;6;13;1;3;0;1;1;0;0;0;0;0;0;398381,291217380203307;5629163,630544500425458;7,557810111000038;50,805286452000075;5210613607300030000;0
48466;5;7;70;32;2021;3;12;6;3;5;3;1;1;0;0;0;0;0;494611,780389736406505;5787762,829686414450407;8,921089217000031;52,240248625000049;5210305410120610000;0
48471;5;3;66;12;2021;8;17;4;3;0;7;1;0;0;0;0;0;0;326443,292765649035573;5588295,712671460583806;6,556752067000048;50,421015199000067;5210825603212870000;0
48478;5;3;82;60;2021;4;7;5;3;5;3;1;1;0;0;0;0;0;374987,172884207218885;5627893,445221386849880;7,226383154000075;50,789293964000080;5210429607000830000;0
48492;5;3;15;0;2021;7;13;5;3;3;6;1;1;0;0;0;0;0;356479,723376576788723;5644616,602136680856347;6,957416590000037;50,935298889000080;5210722601100570000;0
48497;5;7;62;20;2021;9;14;3;2;2;3;1;0;0;1;0;0;0;526706,753154198639095;5735609,835240993648767;9,387051173000032;51,770732913000074;5210907407101280000;0
48503;5;3;15;0;2021;8;21;7;3;5;2;1;1;0;0;0;2;0;353908,789999800734222;5646141,289999339729548;6,920241096000041;50,948355220000053;5210821601300760000;0
48504;5;3;15;0;2021;8;8;2;2;5;2;1;1;0;0;0;0;0;353689,311999796889722;5641627,102999337017536;6,918930470000021;50,907732050000050;5210816601200050000;0
48505;5;7;70;24;2021;1;12;1;3;0;7;1;0;0;0;0;0;0;496511,393655035644770;5794279,584334578365088;8,948841750000042;52,298853097000062;5210131410110890000;0
48510;5;3;15;0;2021;8;12;6;3;0;3;1;1;0;0;0;0;0;356575,510361962951720;5647103,078643972054124;6,957799665000039;50,957668355000067;5210813601400870000;0
48511;5;7;66;52;2021;3;16;3;2;5;3;1;1;0;0;0;0;0;516721,673999999649823;5755833,526999667286873;9,243321894000076;51,952953297000079;5210323404103160000;0
48512;5;7;62;20;2021;3;15;2;3;5;3;1;1;0;0;0;0;0;529733,283000001683831;5742621,771999662742019;9,431513750000022;51,833624705000034;5210329407113180000;0
48516;5;3;15;0;2021;8;7;3;3;5;3;1;0;0;0;0;0;1;355890,405999812297523;5644647,445999372750521;6,949022950000028;50,935429119000048;5210824601110650000;0
48518;5;3;82;20;2021;7;9;3;3;4;2;1;1;0;0;0;0;0;378662,911999920383096;5626466,886999551206827;7,278978045000031;50,777252023000074;5210720607000070000;0
48522;5;3;82;24;2021;6;15;7;3;6;4;1;0;1;0;0;0;0;377511,423692148178816;5621478,769450049847364;7,264313069000025;50,732173033000038;5210612600120030000;0
48524;5;7;66;20;2021;9;16;5;2;5;3;1;1;0;0;0;0;0;493984,255257205106318;5751516,645182155072689;8,912538288000064;51,914358863000075;5210902404101080000;0
48527;5;3;15;0;2021;6;12;1;3;0;1;1;0;0;0;0;0;0;360906,427426622249186;5646016,909407339990139;7,019841968000037;50,948968420000028;5210613601600190000;0
48536;5;3;34;2;2021;8;19;5;3;1;6;1;1;0;0;0;1;0;296695,457999041303992;5628277,591995747759938;6,116621158000044;50,770583746000057;5210805608200080000;0
48543;5;3;70;20;2021;8;13;1;2;9;1;1;0;0;0;0;0;0;305753,430965525098145;5654550,127351250499487;6,230956547000062;51,009672730000034;5210815610221370000;0
48547;5;3;58;8;2021;8;16;2;3;0;2;1;1;0;0;0;0;0;322922,267420602962375;5630736,663989895954728;6,486989750000021;50,801275610000062;5210830609108620000;0
48553;5;7;70;32;2021;9;13;3;3;5;2;1;0;0;0;1;0;0;495152,580279138870537;5790329,176837943494320;8,928972415000032;52,263326566000046;5210907410120980000;0
48559;5;7;70;32;2021;12;12;2;3;5;3;1;1;0;0;0;0;0;493103,730402723886073;5789510,932255472987890;8,898968079000042;52,255948225000054;5211220410120890000;0
48561;5;3;15;0;2021;8;3;2;3;0;5;1;0;1;0;0;2;0;355241,662421951070428;5645084,626886937767267;6,939622674000020;50,939195493000057;5210802601100480000;0
48562;5;3;62;32;2021;8;15;1;3;5;3;1;1;0;0;0;0;0;338485,777913496829569;5638601,016503255814314;6,704195709000032;50,876488165000069;5210808602400570000;0
48565;5;3;34;36;2021;6;13;3;2;4;6;1;1;0;0;0;0;0;299934,318001772277057;5633647,423299318179488;6,159571607000032;50,819940256000052;5210615608436160000;0
48569;5;7;66;24;2021;3;18;3;3;0;1;1;0;0;0;0;2;0;500398,432690082117915;5764479,270075522363186;9,005807785000059;52,030938181000067;5210316404301770000;0
48574;5;3;82;68;2021;7;11;1;3;1;5;1;1;0;0;0;0;0;371668,806714675389230;5630690,408367341384292;7,178351448000058;50,813708675000044;5210718607400770000;0
48581;5;3;34;2;2021;8;10;6;2;0;1;1;0;0;0;0;0;0;294890,094002955593169;5629465,984787441790104;6,090388841000049;50,780621567000026;5210806608200630000;1
48582;5;3;62;24;2021;8;6;5;3;4;6;1;0;0;0;0;0;0;347580,802508910186589;5641796,004869412630796;6,832039889000043;50,907669375000069;5210805602500360000;0
48587;5;7;70;32;2021;5;10;1;3;5;2;1;1;0;0;0;0;0;493966,716274473816156;5787147,919537840411067;8,911653206000040;52,234713531000068;5210509410120870000;0
48596;5;3;15;0;2021;8;12;7;3;0;1;1;0;0;0;0;0;0;353524,134468159638345;5644160,838173383846879;6,915565221000065;50,930460009000058;5210807601200950000;1
48598;5;7;66;28;2021;6;17;6;3;5;2;1;1;0;0;0;0;0;507640,728690375573933;5768721,505923602730036;9,111470428000075;52,069027056000039;5210625404301070000;0
48605;5;3;74;12;2021;8;23;7;3;0;1;1;0;0;0;0;2;0;399641,984628019854426;5650669,229617610573769;7,569784232000075;50,998838519000060;5210828605112760000;1
48606;5;3;15;0;2021;6;7;5;3;3;2;1;0;0;0;1;0;0;348814,981577982194722;5645152,609677907079458;6,848189610000077;50,938157290000049;5210617601300190000;0
48607;5;9;70;40;2021;8;12;3;3;2;6;1;0;0;1;0;0;0;431677,722999995574355;5637892,256999609991908;8,028640112000062;50,888653575000035;5210810315110990000;1
48612;5;7;70;28;2021;6;15;5;3;5;3;1;1;0;0;0;0;0;501368,874000000767410;5806368,769999692216516;9,020122992000040;52,407549285000073;5210603410130730000;1
48618;5;3;15;0;2021;8;11;5;2;5;2;1;1;0;0;0;0;0;355746,845999810844660;5644060,410999365150928;6,947213540000064;50,930117647000031;5210826601100470000;0
48623;5;3;70;4;2021;7;10;6;3;5;7;1;1;0;0;0;0;0;311353,089132358320057;5661863,807580715045333;6,306876597000041;51,077231495000035;5210730610211910000;0
48628;5;3;15;0;2021;7;10;4;3;0;2;1;0;0;1;0;0;0;354187,892831088975072;5645944,942045208066702;6,924290240000062;50,946661371000062;5210728601300280000;1
48629;5;3;34;8;2021;8;17;2;3;0;7;1;0;0;0;0;0;0;301576,824999146163464;5642058,717996368184686;6,178301660000045;50,896054078000077;5210802608436370000;0
48630;5;3;58;8;2021;7;16;2;3;5;3;1;1;0;0;0;0;0;322392,780999479815364;5631020,684998307377100;6,479345892000026;50,803665248000073;5210726609108870000;0
48631;5;3;62;40;2021;8;17;3;2;5;2;1;1;0;0;0;0;0;355108,574051708914340;5633198,132513765245676;6,942442451000034;50,832339808000029;5210817602900970000;0
48632;5;3;58;24;2021;7;14;1;3;8;1;1;0;0;0;0;0;0;315128,779999377205968;5644686,141997775062919;6,369462894000037;50,924153608000040;5210718609224190000;0
48636;5;7;66;36;2021;9;6;6;3;0;1;1;0;0;0;0;2;0;494990,777999999932945;5776736,355999680235982;8,926802642000041;52,141116944000032;5210924404301650000;1
48640;5;3;82;8;2021;8;15;2;3;0;3;1;1;0;0;0;0;0;374612,473855389282107;5611344,015249846503139;7,226693380000029;50,640456549000078;5210816600130990000;1
48642;5;7;66;20;2021;5;9;4;2;5;3;1;1;0;0;0;0;0;492943,978599586524069;5752623,230170736089349;8,897391258000027;51,924296035000054;5210505404101080000;1
48643;5;3;78;12;2021;4;14;3;2;5;3;1;1;0;0;0;0;0;378578,785106959752738;5650900,688816530629992;7,269666058000041;50,996859831000052;5210420606200070000;0
48650;5;1;58;26;2021;8;18;5;3;5;3;1;1;0;0;0;0;0;352931,852999792434275;5663610,188999321311712;6,899256465000065;51,105089833000079;5210819516900080000;0
48658;5;3;82;68;2021;5;17;5;3;1;7;1;1;0;0;0;0;0;371952,730999893508852;5630546,471999516710639;7,182429784000021;50,812477779000062;5210506607400980000;1
48665;5;3;34;2;2021;8;17;2;3;0;1;1;0;0;0;0;0;0;296194,008305114693940;5629392,774986565113068;6,108901037000066;50,780423711000026;5210816608200730000;1
48667;5;1;16;0;2021;7;19;5;2;5;3;1;1;0;0;0;0;0;319519,963999449275434;5663344,691998060792685;6,422598099000027;51,093161320000036;5210722506100480000;0
48673;5;7;70;24;2021;2;13;6;3;0;3;1;1;0;0;0;0;0;495527,172312019392848;5793835,115268522873521;8,934414666000066;52,294849966000072;5210205410110870000;0
48676;5;7;74;4;2021;3;16;5;3;5;3;1;1;0;0;0;0;0;496368,204999999143183;5734587,059999661520123;8,947375786000066;51,762162173000036;5210325411104430000;0
48686;5;3;15;0;2021;8;18;3;3;3;2;1;1;0;0;0;1;0;356306,993038238026202;5647905,080659506842494;6,953662183000063;50,964808909000055;5210803601400270000;1
48695;5;3;82;56;2021;8;6;4;3;5;2;1;0;0;0;0;0;0;372858,490999898873270;5627425,919999521225691;7,196360116000051;50,784628700000042;5210818607500730000;0
48703;5;3;15;0;2021;8;8;3;3;5;3;1;1;0;0;0;0;0;347544,342999752610922;5647369,144999224692583;6,829190523000022;50,957740826000077;5210831601300170000;0
48707;5;7;70;24;2021;9;20;5;3;0;1;1;0;0;0;0;2;0;493281,024000000208616;5795016,511999683454633;8,901455732000045;52,305448415000058;5210916410110870000;1
48712;5;3;15;0;2021;8;17;7;3;3;2;1;1;0;0;0;0;0;354058,374000173993409;5642116,065999880433083;6,923980647000064;50,912219650000054;5210821601200090000;0
48718;5;3;16;0;2021;8;8;4;2;5;3;1;1;0;0;0;0;0;362841,654999853111804;5653792,046999452635646;7,044440280000060;51,019309566000061;5210804601700280000;0
48734;5;3;62;28;2021;4;18;4;3;1;3;1;1;0;0;0;0;0;351699,907576535828412;5637732,515637621283531;6,892235060000075;50,872225410000055;5210428602700970000;0
48744;5;3;15;0;2021;7;12;3;2;0;7;1;0;0;0;1;0;0;350007,294999770820141;5646722,954999273642898;6,864500393000071;50,952580299000033;5210720601300190000;1
48746;5;3;82;68;2021;7;15;1;3;0;2;1;0;0;0;0;0;0;372917,170999901369214;5635178,536999525502324;7,194506218000072;50,854324546000043;5210725607121270000;0
48749;5;3;15;0;2021;4;16;5;3;4;2;1;1;0;0;0;0;0;354856,859225707128644;5644406,173064418137074;6,934419720000051;50,933001669000078;5210422601100580000;0
48761;5;3;78;28;2021;8;8;5;3;5;3;1;1;0;0;0;0;0;371867,501999895088375;5639721,968999516218901;7,178009294000049;50,894929982000065;5210812606400780000;0
48763;5;3;62;20;2021;8;7;2;3;5;3;1;1;0;0;0;0;0;346028,397999738343060;5630575,118999196216464;6,814695913000037;50,806424731000050;5210816602600170000;0
48771;5;7;66;20;2021;9;14;3;3;5;3;1;1;0;0;0;0;0;491120,099222995340824;5753882,799596723169088;8,870835942000042;51,935594772000059;5210921404101880000;0
48783;5;9;70;16;2021;6;16;7;2;3;7;1;0;0;0;0;0;0;421751,932071413844824;5641208,504645656794310;7,886837741000022;50,917210444000034;5210612315120680000;0
48789;5;9;58;24;2021;2;9;1;2;0;1;1;0;0;0;0;0;0;490133,879669241607189;5700731,987077789381146;8,857994430000076;51,457678098000031;5210221313220060000;2
48795;5;3;15;0;2021;8;13;7;2;5;3;1;1;0;0;0;0;0;359781,376753720454872;5649463,883189883083105;7,002507403000038;50,979674105000072;5210807601500790000;0
48797;5;3;34;4;2021;7;11;5;3;1;3;1;1;0;0;0;0;0;303883,101622089743614;5638867,601675467565656;6,212768505000042;50,868179073000078;5210722608404880000;0
48798;5;3;82;20;2021;8;11;3;3;0;7;1;0;0;0;0;0;0;379063,867751638405025;5626210,931127948686481;7,284746580000046;50,775035038000055;5210803607200570000;1
48803;5;3;14;0;2021;7;11;5;3;1;5;1;1;0;0;0;0;0;366007,184035199694335;5622456,100088754668832;7,101031879000061;50,738417464000065;5210729600110580000;0
48807;5;7;66;44;2021;12;7;4;3;0;1;1;1;0;0;0;2;0;495207,211848587729037;5759131,465848930180073;8,930212407000056;51,982835819000059;5211215404301970000;1
48808;5;3;15;0;2021;8;12;1;3;0;6;1;0;1;0;0;0;0;355079,254999807104468;5646318,452999355271459;6,936821763000069;50,950242788000025;5210815601300380000;0
48810;5;3;62;12;2021;7;12;1;3;6;6;1;0;1;0;0;0;0;351677,023022149689496;5631369,195077994838357;6,894486496000070;50,815034558000036;5210718602800030000;0
48812;5;7;66;20;2021;1;9;2;2;5;3;1;1;0;0;0;0;0;491967,555666211992502;5753299,322605045512319;8,883176354000057;51,930361584000082;5210118404101160000;1
48824;5;7;66;44;2021;11;16;5;3;8;1;1;0;0;0;0;1;0;493276,630136607214808;5764754,570865264162421;8,901990943000044;52,033372768000049;5211118404301060000;0
48836;5;3;58;36;2021;7;12;7;3;5;3;1;1;0;0;0;0;0;308763,770999277941883;5649178,941997177898884;6,276644038000029;50,962435518000063;5210731609236770000;0
48841;5;3;70;4;2021;8;17;3;3;5;3;1;1;0;0;0;0;0;312336,112414039671421;5661557,794850224629045;6,321052611000027;51,074805021000032;5210831610211960000;0
48848;5;3;15;0;2021;7;13;7;3;6;6;1;0;1;0;0;0;0;364540,452999861910939;5640393,767999464645982;7,073633760000064;50,899295768000059;5210731601620990000;0
48849;5;7;70;24;2021;5;15;4;3;0;1;1;0;0;0;0;0;0;495985,667317895218730;5794201,279608281329274;8,941133237000031;52,298145508000061;5210519410110390000;1
48853;5;3;15;0;2021;7;19;5;3;6;4;1;0;1;0;0;0;0;353192,309999792836607;5643580,770999327301979;6,911080106000043;50,925162801000056;5210729601200580000;0
48857;5;3;14;0;2021;7;8;6;3;5;2;1;1;0;0;0;0;0;366856,944370322860777;5625146,701772820204496;7,112095047000025;50,762796043000037;5210730600140920000;0
48861;5;1;62;28;2021;8;16;5;2;0;1;1;0;0;0;0;0;0;339859,948138861916959;5659202,571197215467691;6,714641380000046;51,061984107000058;5210812513340380000;0
48865;5;3;15;0;2021;8;3;4;3;3;6;1;1;0;0;0;2;0;355627,625462915748358;5650774,643337434157729;6,942854333000071;50,990427065000063;5210818601400890000;1
48871;5;3;15;0;2021;8;19;2;3;0;6;1;0;0;0;0;0;0;353785,312999798916280;5642398,097999334335327;6,919986069000061;50,914685080000027;5210830601200180000;0
48873;5;7;70;28;2021;10;12;1;3;2;6;1;0;0;0;0;0;0;505748,458997028879821;5805098,463156674057245;9,084482769000033;52,396100317000048;5211010410130430000;0
48874;5;7;70;32;2021;11;21;2;3;5;3;1;1;0;0;0;2;0;501545,971809083595872;5787869,416978159919381;9,022641343000032;52,241231110000058;5211115410120530000;0
48875;5;7;66;36;2021;4;16;4;3;0;7;1;0;0;0;0;0;0;494305,948071835562587;5768676,215061197057366;8,916930315000059;52,068643289000079;5210428404301080000;0
48882;5;3;15;0;2021;7;14;1;2;0;7;1;0;0;0;0;0;0;365165,152999865822494;5649539,641999470070004;7,079127173000074;50,981640910000067;5210725601500080000;0
48883;5;3;15;0;2021;8;19;5;3;0;7;1;1;0;0;0;1;0;354141,982999800704420;5644821,856999341398478;6,924086827000053;50,936556950000067;5210826601000550000;0
48889;5;3;14;0;2021;8;17;4;3;5;3;1;1;0;0;0;0;0;365065,376999865286052;5621818,598999464884400;7,087925724000058;50,732469603000027;5210804600110870000;0
48894;5;3;15;0;2021;8;17;1;3;0;5;1;1;0;0;0;0;0;353593,569855294190347;5646432,522902311757207;6,915639685000031;50,950892446000069;5210815601300990000;0