OID_;ULAND;UREGBEZ;UKREIS;UGEMEINDE;UJAHR;UMONAT;USTUNDE;UWOCHENTAG;UKATEGORIE;UART;UTYP1;IstRad;IstPKW;IstFuss;IstKrad;IstSonstige;ULICHTVERH;IstGkfz;LINREFX;LINREFY;XGCSWGS84;YGCSWGS84;UIDENTSTLAE;IstStrassenzustand
48895;5;7;70;24;2021;9;16;1;3;0;1;1;0;0;0;0;0;0;496486,684571445919573;5794278,508444534614682;8,948479418000034;52,298843266000063;5210905410110370000;0
48909;5;3;58;36;2021;7;11;4;2;5;3;1;1;0;0;0;0;0;309093,932999284937978;5654250,965997194871306;6,278675798000052;51,008103848000076;5210721609236170000;0
48921;5;7;66;52;2021;10;12;5;1;0;6;1;1;0;0;0;0;0;517770,799526122398674;5757556,069776445627213;9,258676984000033;51,968408018000048;5211007404103380000;0
48931;5;3;82;20;2021;7;13;1;3;5;3;1;1;0;0;0;0;0;380005,114999924786389;5627036,810999551787972;7,297820556000033;50,782654274000038;5210718607000160000;0
48932;5;3;82;76;2021;6;12;1;3;0;1;1;0;0;0;0;0;0;405019,372830375097692;5631610,822249572724104;7,651356451000026;50,828413795000074;5210613607300090000;0
48948;5;3;34;2;2021;8;13;1;3;3;6;1;1;0;0;0;0;0;295144,273999011144042;5629189,898995496332645;6,094143392000035;50,778231803000040;5210815608100080000;0
48950;5;3;78;12;2021;8;14;2;3;5;3;1;1;0;0;0;0;0;374907,844999907538295;5651400,453999536111951;7,217207206000069;51,000565489000053;5210816606100760000;1
48951;5;3;15;0;2021;8;15;7;3;0;1;1;0;0;0;0;0;0;349316,503475984558463;5645107,221309550106525;6,855341166000073;50,937880684000049;5210807601300990000;0
48952;5;9;70;40;2021;8;15;3;3;0;3;1;1;0;0;0;0;0;431474,432717471383512;5636944,198639607056975;8,025928096000030;50,880105141000058;5210803315110380000;1
48953;5;3;78;20;2021;8;16;7;2;0;1;1;0;0;0;0;0;0;368689,802999882027507;5657945,541999500244856;7,126267001000031;51,058004972000049;5210814606700080000;0
48961;5;7;66;20;2021;6;8;3;3;5;3;1;1;0;0;0;0;0;490336,156000001356006;5752266,450999666005373;8,859478396000043;51,921049052000058;5210629404101790000;1
48968;5;3;34;4;2021;4;12;5;3;3;6;1;0;0;0;0;0;0;299763,592926586978137;5638883,648495243862271;6,154289239000036;50,866911212000048;5210429608404170000;1
48969;5;7;62;16;2021;3;11;4;2;5;3;1;1;0;0;0;0;0;512484,423539129085839;5728697,832400651648641;9,180685857000071;51,709082837000039;5210303407140870000;0
48973;5;7;62;20;2021;9;17;4;2;8;1;1;0;0;0;0;0;0;526020,217402014881372;5732957,700603989884257;9,376903114000072;51,746919549000040;5210922407108690000;0
48974;5;3;14;0;2021;7;11;5;3;0;5;1;1;0;0;0;0;0;365063,400936243124306;5622327,787414917722344;7,087711332000026;50,737045677000026;5210729600110270000;0
48975;5;7;74;28;2021;10;15;2;3;5;3;1;1;0;0;0;0;0;498243,868364887312055;5714732,419973852112889;8,974653727000032;51,583648985000082;5211018411128080000;0
48976;5;7;66;44;2021;2;16;4;3;0;1;1;0;0;0;0;0;0;493967,137512605637312;5763423,398849792778492;8,912080185000036;52,021412268000063;5210224404301070000;0
48979;5;3;15;0;2021;7;13;7;3;5;3;1;1;0;0;0;0;0;353671,359197141602635;5646348,380268642678857;6,916780190000054;50,950156042000060;5210731601300690000;0
48982;5;3;34;12;2021;8;21;5;3;0;1;1;0;0;0;0;2;0;306010,016454333439469;5632371,202917050570250;6,246397808000040;50,810543762000066;5210812608312160000;0
48990;5;7;66;20;2021;6;14;1;2;5;3;1;1;0;0;0;0;0;491422,525858722627163;5751041,815747344866395;8,875305721000075;51,910056072000032;5210627404101890000;0
48994;5;7;70;24;2021;6;17;5;3;5;7;1;1;0;0;0;0;0;493418,635549184866250;5792033,704971328377724;8,903532290000044;52,278633161000073;5210610410110670000;0
48995;5;3;70;20;2021;7;19;3;2;5;3;1;1;0;0;0;0;0;306306,188880944624543;5654843,686261599883437;6,238669785000070;51,012495865000062;5210720610221980000;0
48996;5;3;15;0;2021;8;16;5;3;3;5;1;1;0;0;0;0;0;354200,976962316781282;5645935,662409469485283;6,924480084000038;50,946581288000061;5210805601300780000;0
49004;5;7;66;44;2021;11;16;6;3;5;3;1;1;0;0;0;1;0;494754,692000000737607;5763952,914999671280384;8,923549468000033;52,026181108000060;5211126404301030000;0
49009;5;3;58;28;2021;7;18;5;3;5;2;1;1;0;0;0;0;0;323260,358349608257413;5624393,420780852437019;6,494830731000036;50,744389616000035;5210722609112070000;0
49011;5;3;74;12;2021;8;12;2;3;5;3;1;1;0;0;0;0;0;395251,285999963991344;5649822,614999597892165;7,507478228000025;50,990445326000042;5210816605112570000;0
49012;5;3;15;0;2021;8;11;2;3;5;2;1;1;0;0;0;0;0;355233,281999806873500;5645043,219999361783266;6,939519929000028;50,938821274000077;5210809601110870000;0
49014;5;3;62;32;2021;8;6;3;3;0;6;1;0;0;0;0;1;0;338636,610966815613210;5638763,016151124611497;6,706266358000050;50,877985943000056;5210831602400370000;0
49015;5;3;15;0;2021;4;18;3;2;9;1;1;1;0;0;0;0;0;348347,047097593545914;5657813,743220325559378;6,836247686000036;51,051808701000027;5210420601400580000;0
49016;5;3;34;2;2021;7;8;1;3;0;3;1;0;0;0;0;0;0;296194,008305114693940;5629392,774986565113068;6,108901037000066;50,780423711000026;5210725608200670000;0
49021;5;7;70;24;2021;4;6;3;3;5;7;1;1;0;0;0;1;0;494305,976000000722706;5794429,118999686092138;8,916498168000032;52,300179052000033;5210413410110770000;0
49022;5;3;78;12;2021;7;18;3;3;3;6;1;1;0;0;0;0;0;373740,239038742147386;5653953,069295497611165;7,199687101000052;51,023253457000067;5210720606100070000;0
49023;5;7;70;32;2021;7;20;7;3;0;1;1;0;0;0;0;0;0;490701,868400640785694;5785314,798700291663408;8,863895791000061;52,218187241000066;5210703410120340000;0
49027;5;3;82;28;2021;8;17;5;3;5;3;1;1;0;0;0;0;0;374417,450999905355275;5635600,254999533295631;7,215665236000063;50,858442819000061;5210812607111480000;0
49030;5;3;62;8;2021;8;10;5;3;0;1;1;0;0;0;0;0;0;338679,178999673575163;5644380,860999003052711;6,704388646000041;50,928476597000042;5210812602100610000;0
49031;5;9;66;24;2021;8;14;4;2;0;5;1;1;0;0;0;0;0;418847,719912064261734;5653882,067706897854805;7,842702186000054;51,030753619000052;5210811314110890000;0
49037;5;3;14;0;2021;8;8;2;3;5;2;1;1;0;0;0;0;0;366209,468999868258834;5622315,092999473214149;7,103948209000066;50,737196733000076;5210823600110470000;0
49046;5;3;15;0;2021;8;11;3;3;0;5;1;0;0;0;0;0;1;361058,498999843373895;5647764,876999432221055;7,021338221000065;50,964714432000051;5210810601510980000;1
49047;5;9;70;40;2021;7;7;5;3;5;3;1;0;0;0;0;0;1;431615,749283768236637;5641744,648208297789097;8,027037341000039;50,923284435000028;5210722315110590000;0
49054;5;7;62;24;2021;3;19;2;2;3;6;1;1;0;0;0;2;0;521068,107109046541154;5741705,150307504460216;9,305704151000043;51,825777382000069;5210322407107570000;0
49057;5;7;70;24;2021;9;0;5;3;0;1;1;0;0;0;0;2;0;493290,438772093504667;5793439,832118256017566;8,901625228000057;52,291273409000041;5210916410110090000;0
49066;5;7;70;32;2021;6;13;6;2;0;1;1;0;0;0;0;0;0;499065,432000000029802;5788541,196999685838819;8,986311038000053;52,247272182000074;5210611410120410000;0
49068;5;3;15;0;2021;6;12;1;3;4;6;1;0;0;0;0;0;0;354456,037567917257547;5653232,881713449954987;6,925186666000059;51,012223213000027;5210606601400360000;0
49075;5;3;62;36;2021;7;23;2;3;1;5;1;1;0;0;0;2;0;344552,096076219342649;5649814,674169193953276;6,785572619000050;50,978916557000048;5210726602300040000;0
49081;5;1;62;8;2021;11;11;5;3;0;7;1;0;0;0;0;0;0;329644,027252283878624;5659840,284879075363278;6,568685999000024;51,064773429000070;5211125513310990000;0
49085;5;3;58;36;2021;4;6;4;2;5;2;1;1;0;0;0;1;0;313045,547113653272390;5652632,044221166521311;6,335772934000033;50,994859221000070;5210421609236570000;0
49086;5;3;15;0;2021;8;12;5;2;5;3;1;1;0;0;0;0;0;351198,742999779060483;5645042,486999295651913;6,882137583000031;50,937787717000049;5210819601300950000;0
49092;5;7;66;12;2021;5;12;2;3;3;1;1;0;0;0;0;0;0;506612,319055465981364;5760532,950985152274370;9,096308701000055;51,995417841000062;5210524404103980000;0
49093;5;7;66;24;2021;6;16;6;3;3;6;1;0;0;0;0;0;0;500888,687371573410928;5762806,401333589106798;9,012949676000062;52,015896979000047;5210611404103080000;0
49095;5;7;70;24;2021;6;9;3;2;5;3;1;1;0;0;0;0;0;491104,415000000968575;5797002,853999689221382;8,869479924000075;52,323275584000044;5210615410110180000;0
49098;5;3;82;32;2021;8;17;2;3;0;1;1;0;0;0;0;0;0;361141,723684443160892;5611652,619665583595634;7,036179694000054;50,640176231000055;5210802600350660000;1
49099;5;3;14;0;2021;8;10;6;3;2;6;1;1;0;0;0;0;0;367411,200562165118754;5622743,460919590666890;7,120814953000036;50,741322535000052;5210806600140870000;1
49100;5;7;70;24;2021;5;9;6;3;5;2;1;1;0;0;0;0;0;493245,386168535798788;5793091,422611063346267;8,900971658000060;52,288140481000028;5210528410110690000;0
49102;5;3;15;0;2021;8;18;1;3;0;6;1;0;0;0;1;0;0;357324,577985599637032;5644746,288029829040170;6,969381703000067;50,936674002000075;5210808601500970000;0
49108;5;7;66;16;2021;6;14;1;3;0;1;1;0;0;0;0;0;0;505082,569131092168391;5754604,962894991040230;9,073940087000040;51,942135416000042;5210613404103880000;0
49110;5;7;70;32;2021;10;7;4;3;7;1;1;0;0;0;1;2;0;494149,057000000961125;5786625,033999683335423;8,914332310000077;52,230014449000066;5211027410120270000;0
49111;5;3;74;12;2021;8;18;2;2;5;3;1;1;0;0;0;0;0;396691,008999965153635;5652977,081999601796269;7,527087057000074;51,019062703000031;5210830605112470000;0
49118;5;3;15;0;2021;4;14;1;3;3;2;1;1;0;0;0;0;0;355187,925999808125198;5644093,257999358698726;6,939252300000021;50,930272788000082;5210425601100380000;0
49122;5;1;62;8;2021;8;19;4;3;1;1;1;1;0;0;0;0;0;330712,659745801240206;5663070,906642857939005;6,582409819000077;51,094114635000039;5210818513310040000;0
49127;5;3;78;4;2021;6;20;1;3;8;1;1;0;0;0;0;1;0;364872,001293819397688;5652509,196802191436291;7,073848505000058;51,008260833000065;5210606606100770000;1
49138;5;7;74;4;2021;3;16;4;3;8;7;1;0;0;0;0;0;0;495037,709040225483477;5734723,182981258258224;8,928095151000036;51,763375887000052;5210303411104830000;0
49140;5;3;78;4;2021;8;14;5;3;5;2;1;1;0;0;0;0;0;370610,774999891407788;5647616,352999513968825;7,157346707000045;50,965604200000030;5210826606100760000;0
49143;5;3;14;0;2021;8;15;3;3;4;2;1;1;0;0;0;0;0;365076,612999863922596;5620657,670999467372894;7,088509624000039;50,722037894000039;5210824600110480000;0
49147;5;3;15;0;2021;8;8;4;3;0;7;1;0;0;0;0;0;0;355204,226678761653602;5644893,778853805735707;6,939166056000033;50,937470986000051;5210811601100990000;0
49148;5;3;82;28;2021;7;13;1;3;5;2;1;1;0;0;0;0;0;375418,219999907538295;5638287,591999534517527;7,228961966000043;50,882814160000066;5210725607100540000;0
49150;5;7;66;24;2021;6;5;4;2;5;3;1;1;0;0;0;0;0;504330,849000001326203;5761577,235999671742320;9,063092221000034;52,004829440000037;5210623404301470000;0
49155;5;7;66;16;2021;3;11;6;2;0;1;1;0;0;0;0;0;0;506009,742802378721535;5754282,563669404014945;9,087422754000045;51,939227469000059;5210305404103740000;0
49157;5;7;70;24;2021;6;8;4;3;5;3;1;1;0;0;0;0;0;494413,867376680485904;5796541,180921083316207;8,918045316000075;52,319168598000033;5210609410110640000;0
49159;5;3;15;0;2021;8;18;2;3;5;3;1;1;0;0;0;0;0;357721,275128155015409;5646919,832166807726026;6,974174726000058;50,956305564000047;5210823601400380000;0
49160;5;7;66;52;2021;5;16;6;3;3;1;1;1;0;0;0;0;0;516800,542126530781388;5756398,562287995591760;9,244497146000072;51,958031121000033;5210528404103720000;1
49162;5;7;66;44;2021;6;18;4;3;0;1;1;0;0;0;0;0;0;497230,139100065454841;5762804,041499987244606;8,959638472000051;52,015869560000056;5210623404301590000;0
49163;5;3;66;40;2021;7;8;4;3;5;3;1;1;0;0;0;0;0;347401,263193521648645;5623652,096730463206768;6,837038642000039;50,744574739000029;5210721603140180000;0
49166;5;3;15;0;2021;8;18;1;2;5;3;1;1;0;0;0;0;0;356196,888471426442266;5644615,385480435565114;6,953394501000048;50,935217499000032;5210829601100880000;1
49168;5;3;34;2;2021;7;16;3;3;0;7;1;1;0;0;0;0;0;300266,838220736011863;5628991,258724542334676;6,166818271000068;50,778234298000029;5210720608200580000;0
49171;5;7;62;8;2021;6;12;5;3;9;1;1;0;0;0;0;0;0;526973,907067846506834;5728999,973122384399176;9,390410303000067;51,711289858000043;5210603407130070000;0
49175;5;3;58;32;2021;8;18;4;3;0;1;1;0;0;0;0;0;0;311767,018229779787362;5629023,551012957468629;6,329735020000044;50,782370868000044;5210825609132070000;0
49182;5;7;70;24;2021;2;11;6;3;5;3;1;1;0;0;0;0;0;490705,305000001564622;5792133,696999683976173;8,863758434000033;52,279492955000080;5210205410110270000;1
49183;5;3;15;0;2021;8;7;7;3;5;3;1;1;0;0;0;0;0;347519,585999751463532;5646938,160999225452542;6,829018822000023;50,953861407000034;5210814601300070000;0
49185;5;3;66;24;2021;8;10;1;2;0;7;1;0;0;0;0;0;0;329822,015999570488930;5602056,193998716771603;6,598008622000066;50,545647475000067;5210822603224140000;0
49187;5;7;70;24;2021;4;14;1;3;6;7;1;0;1;0;0;0;0;493247,653634578920901;5792839,076229831203818;8,901009958000031;52,285871787000076;5210418410110170000;0
49188;5;3;74;8;2021;6;7;2;3;4;2;1;1;0;0;0;0;0;388989,205044901929796;5649341,436941577121615;7,418434759000036;50,984946231000038;5210607605108480000;0
49190;5;3;15;0;2021;8;0;4;3;5;3;1;1;0;0;0;2;0;366576,288715802133083;5636458,448334690183401;7,104004737000025;50,864400095000065;5210825601620990000;0
49192;5;3;62;24;2021;8;17;3;3;5;3;1;1;0;0;0;0;0;346253,584130272269249;5641887,289813810959458;6,813138157000026;50,908137725000074;5210824602500980000;0
49196;5;9;58;24;2021;10;14;4;3;5;3;1;1;0;0;0;0;0;493554,161999999545515;5704786,567999644204974;8,907149344000061;51,494185173000062;5211020313220690000;0
49198;5;7;70;32;2021;12;14;5;3;5;3;1;1;0;0;0;0;0;495223,775000001303852;5789686,900999685749412;8,930024695000043;52,257552774000033;5211209410120090000;0
49199;5;3;15;0;2021;8;6;4;2;1;5;1;1;0;0;1;0;0;356479,757151225581765;5646276,328556727617979;6,956763128000034;50,950214638000034;5210825601100990000;0
49202;5;7;66;44;2021;12;11;1;3;5;1;1;1;0;0;0;0;0;492559,434774899855256;5764628,060056749731302;8,891538892000028;52,032226163000075;5211205404301560000;1
49207;5;3;34;2;2021;7;13;2;3;5;2;1;1;0;0;0;0;0;294379,922998995520175;5628138,180995378643274;6,083903993000035;50,768515664000063;5210719608100470000;0
49209;5;7;62;20;2021;11;11;2;3;0;1;1;0;0;0;0;0;0;527748,061997449025512;5739402,393462590873241;9,402445426000043;51,804781390000073;5211115407102350000;1
49211;5;3;14;0;2021;7;16;7;3;2;6;1;1;0;0;0;0;0;365963,570999868214130;5622337,012999475002289;7,100457463000055;50,737337049000075;5210724600110980000;1
49224;5;7;70;24;2021;5;7;6;2;5;2;1;1;0;0;0;0;0;494699,336000001989305;5793278,580999685451388;8,922284822000051;52,289839079000046;5210528410110090000;0
49226;5;3;15;0;2021;8;10;3;3;3;6;1;1;0;0;0;0;0;356344,922140570357442;5647563,523893857374787;6,954336824000052;50,961748859000068;5210824601400790000;0
49229;5;3;58;28;2021;7;14;6;3;5;3;1;1;0;0;0;0;0;325192,029388009570539;5619554,470102231949568;6,524476615000026;50,701498707000042;5210716609128470000;0
49232;5;3;15;0;2021;8;7;2;3;3;3;1;0;0;0;1;0;0;349874,904640682041645;5645082,670297512784600;6,863293013000032;50,937805701000059;5210809601300890000;0
49243;5;7;70;24;2021;11;23;5;3;0;1;1;0;0;0;0;2;0;490540,200935785658658;5794411,998330097645521;8,861274380000054;52,299973179000062;5211125410110690000;1
49244;5;3;15;0;2021;4;20;3;3;5;2;1;1;0;0;0;2;0;352736,052758110687137;5647100,225650006905198;6,903169985000034;50,956674338000028;5210420601300970000;0
49245;5;7;62;16;2021;10;18;7;3;0;6;1;1;0;1;0;1;0;511447,942999999970198;5728133,231999656185508;9,165666502000022;51,704028414000049;5211030407153880000;0
49250;5;3;34;4;2021;7;19;2;3;0;3;1;1;0;0;0;0;0;300768,329889594577253;5639637,327022006735206;6,168139171000064;50,874027613000067;5210719608404580000;0
49253;5;1;62;4;2021;8;17;5;3;1;5;1;1;0;0;0;0;0;348525,455368156544864;5662715,481262464076281;6,836737595000045;51,095902685000055;5210819513320170000;0
49254;5;7;62;20;2021;2;7;5;3;0;1;1;0;0;0;0;0;0;527212,161298056133091;5736369,984151517972350;9,394435260000023;51,777543139000045;5210218407101270000;2
49255;5;3;14;0;2021;8;12;4;3;5;2;1;1;0;0;0;0;0;364992,682187036611140;5622353,261512206867337;7,086700388000054;50,737258200000042;5210818600110990000;0
49257;5;7;66;44;2021;5;15;3;3;5;3;1;1;0;0;0;0;0;493675,583254077471793;5764137,052874231711030;8,907818039000063;52,027825419000067;5210504404301170000;0
49263;5;3;15;0;2021;7;8;3;3;5;3;1;1;0;0;0;0;0;365144,380999865010381;5636353,173999471589923;7,083707747000062;50,863121700000079;5210720601620990000;0
49275;5;3;74;12;2021;8;23;5;3;0;1;1;0;0;0;0;2;0;403287,343487013131380;5651424,770714845508337;7,621517045000076;51,006255055000054;5210819605104180000;0
49285;5;3;82;68;2021;7;18;6;3;5;2;1;1;0;0;0;0;0;370610,390999889001250;5630681,931999504566193;7,163338540000041;50,813397005000070;5210723607000560000;0
49288;5;9;70;20;2021;8;13;6;3;8;1;1;0;0;0;0;0;0;435916,119733790867031;5647909,938260205090046;8,087128575000065;50,979212983000082;5210813315240990000;0
49290;5;1;62;28;2021;8;11;1;3;5;3;1;1;0;0;0;0;0;338263,950999671593308;5656029,955998981371522;6,693301651000070;51,033030387000053;5210801513340080000;0
49291;5;7;62;36;2021;5;10;6;3;8;1;1;0;0;0;0;0;0;508270,968868728727102;5705003,516269484534860;9,119146233000038;51,496112152000080;5210521407301920000;0
49292;5;3;34;2;2021;7;15;2;3;5;3;1;1;0;0;0;0;0;296669,331999042071402;5628297,269995739683509;6,116240250000033;50,770751328000074;5210726608200870000;1
49298;5;7;70;24;2021;5;19;5;3;4;7;1;0;0;0;0;0;0;493351,575770770199597;5793802,513088753446937;8,902514452000048;52,294534834000046;5210520410110880000;0
49299;5;3;78;4;2021;8;14;1;3;4;1;1;0;0;0;1;0;0;372150,179999896325171;5652874,126999527215958;7,177407308000056;51,013204603000077;5210808606100930000;0
49301;5;3;15;0;2021;8;8;6;3;0;2;1;1;0;0;0;0;0;358251,147901196032763;5640743,969117453321815;6,984115642000063;50,900933459000044;5210820601200170000;0
49304;5;3;74;32;2021;8;10;2;2;5;3;1;1;0;0;0;0;0;398090,102219072170556;5642044,733200725167990;7,550091143000031;50,921034316000032;5210809605132180000;0
49309;5;7;70;24;2021;11;7;6;3;5;2;1;1;0;0;0;2;0;491326,563099999912083;5791387,783999687060714;8,872883992000027;52,272796969000069;5211126410110580000;1
49310;5;3;15;0;2021;7;8;1;3;3;6;1;0;0;0;0;0;0;356278,788892110809684;5648195,435907116159797;6,953146086000061;50,967411241000036;5210725601400170000;0
49313;5;3;58;8;2021;8;15;1;2;0;1;1;0;0;0;0;0;0;323965,377928932197392;5626325,338617045432329;6,503890261000038;50,761960791000035;5210815609108170000;0
49315;5;3;78;4;2021;8;23;4;3;8;1;1;0;0;0;0;2;0;371680,922779612243176;5651445,352341756224632;7,171226523000030;51,000258403000032;5210818606100870000;0
49317;5;7;66;28;2021;6;11;7;3;0;7;1;0;0;0;0;0;0;503577,903844465501606;5766932,278243487700820;9,052179257000034;52,052981509000062;5210619404301560000;0
49318;5;3;15;0;2021;7;12;2;3;5;3;1;1;0;0;0;0;0;363026,724999853409827;5638035,487999454140663;7,053004356000031;50,877743704000068;5210719601600680000;0
49320;5;3;82;20;2021;7;19;2;2;7;1;1;0;0;0;0;0;0;381775,032962008379400;5627633,877932379022241;7,322723973000052;50,788384892000067;5210726607200560000;0
49334;5;3;15;0;2021;8;13;2;3;4;6;1;0;0;0;1;0;0;354155,384999800473452;5644843,825999343767762;6,924268644000051;50,936757768000064;5210816601300390000;1
49339;5;3;78;16;2021;6;16;7;3;4;1;1;0;0;0;0;0;0;360626,000940245576203;5662691,954126458615065;7,009442373000070;51,098760124000080;5210626606800300000;0
49348;5;7;70;24;2021;12;14;4;3;0;3;1;1;0;0;0;0;0;496995,855604299344122;5794273,984393870458007;8,955946132000065;52,298805614000059;5211201410110670000;1
49351;5;7;66;20;2021;5;7;4;3;5;3;1;1;0;0;0;0;0;491415,072249318473041;5753671,957496441900730;8,875131771000042;51,933703712000067;5210519404101990000;0
49358;5;9;66;16;2021;7;14;2;3;0;7;1;1;0;0;0;0;0;436174,100999996997416;5659851,991999620571733;8,088699416000054;51,086616388000039;5210726314320260000;0
49369;5;7;66;24;2021;3;14;2;3;0;3;1;1;0;0;0;0;0;500930,662118814885616;5763341,066328704357147;9,013562773000046;52,020704045000059;5210322404301020000;0
49371;5;7;66;20;2021;9;11;4;3;3;1;1;0;0;0;0;0;1;491172,350000000558794;5753890,493999667465687;8,871595764000062;51,935664784000039;5210922404114070000;0
49372;5;3;15;0;2021;7;19;7;3;5;2;1;1;0;0;0;0;0;360458,116999840363860;5646827,829999428242445;7,013153019000072;50,956147942000030;5210717601500580000;0
49375;5;3;82;20;2021;7;16;6;3;5;3;1;1;0;0;0;0;0;383860,504918468184769;5622342,101451870054007;7,353968026000075;50,741237918000081;5210716607200570000;0
49380;5;3;82;16;2021;8;18;1;2;2;2;1;0;0;1;0;0;0;389566,161999950185418;5626561,731999581679702;7,433534420000058;50,780283535000081;5210815607300990000;0
49389;5;3;58;24;2021;8;11;7;2;6;7;1;0;1;0;0;0;0;314772,380477524362504;5644671,380234248936176;6,364404904000025;50,923906702000068;5210814609224890000;0
49391;5;7;70;28;2021;5;16;3;2;5;2;1;1;0;0;0;0;0;500610,098916292190552;5801278,534686766564846;9,008959428000026;52,361787564000053;5210511410130780000;1
49393;5;7;66;44;2021;10;19;4;3;0;1;1;0;0;0;0;2;0;494876,305326149798930;5762787,587349485605955;8,925339430000065;52,015704878000065;5211027404301770000;0
49400;5;3;15;0;2021;8;12;7;3;1;5;1;1;0;0;0;0;0;362262,036730512045324;5651356,835994021967053;7,037105744000030;50,997285276000071;5210821601500380000;0
49404;5;3;82;20;2021;8;11;6;3;0;1;1;0;0;0;0;0;0;380437,021697839722037;5626861,682613994926214;7,304001432000064;50,781169289000047;5210820607200620000;0
49405;5;3;62;12;2021;7;17;3;3;5;2;1;1;0;0;0;0;0;351748,610999784432352;5632831,219999305903912;6,894911054000033;50,828191670000081;5210720602800930000;0
49407;5;1;62;8;2021;7;0;7;3;1;5;1;1;0;0;0;2;0;333398,529899659566581;5664204,175359647721052;6,620208018000028;51,105083117000049;5210724513310680000;0
49416;5;3;62;28;2021;7;17;1;3;3;6;1;0;0;0;0;0;0;350557,803458484821022;5636638,997205920517445;6,876461084000027;50,862104324000029;5210718602700360000;0
49426;5;3;14;0;2021;7;10;7;2;0;1;1;0;0;0;0;0;0;366665,679281965829432;5622421,012587890028954;7,110371448000024;50,738253659000065;5210731600140070000;0
49429;5;3;15;0;2021;5;16;7;3;5;3;1;1;0;0;0;0;0;350009,728999772109091;5653332,554999275133014;6,861807291000048;51,011976570000058;5210501601400570000;0
49432;5;9;70;32;2021;8;9;7;3;0;2;1;1;0;0;0;0;0;443452,400145862251520;5638683,251005668193102;8,195902588000024;50,897038848000079;5210807315260630000;0
49435;5;3;34;12;2021;8;14;4;2;6;4;1;0;1;0;0;0;0;307839,441325847990811;5634797,193033793941140;6,271063260000062;50,832945083000027;5210804608312680000;0
49436;5;9;70;20;2021;8;18;6;2;0;1;1;0;0;0;0;0;0;439330,486123124137521;5647301,311136426404119;8,135861537000039;50,974110429000064;5210813315000770000;0
49442;5;7;66;20;2021;6;14;3;3;0;7;1;0;0;0;0;0;0;491598,979958811774850;5753580,395682312548161;8,877808948000052;51,932883283000081;5210615404000080000;0
49443;5;3;16;0;2021;7;18;6;3;8;7;1;0;0;0;0;0;0;362011,744260703213513;5660758,731875576078892;7,029959693000023;51,081721355000070;5210723601700780000;0
49447;5;7;70;24;2021;5;23;6;3;0;7;1;0;0;0;0;2;0;493462,612776809372008;5798345,097718922421336;8,904054310000049;52,335376106000069;5210507410110570000;0
49455;5;7;66;16;2021;9;18;4;2;0;1;1;0;0;0;0;2;0;506786,008000001311302;5754102,723999666050076;9,098711392000041;51,937601597000082;5210901404103480000;0
49457;5;7;70;24;2021;11;17;5;2;5;7;1;1;0;0;0;2;0;494262,962530001997948;5794348,664575176313519;8,915868755000076;52,299455279000028;5211104410110280000;0
49460;5;7;62;16;2021;7;15;5;3;5;3;1;1;0;0;0;0;0;513063,049999999813735;5729411,286999654024839;9,189086962000033;51,715484582000045;5210701407140170000;1
49462;5;3;82;20;2021;8;13;1;2;0;1;1;0;0;0;0;0;0;386110,721668396145105;5622954,290712749585509;7,385657188000039;50,747186807000048;5210808607200020000;0
49465;5;3;15;0;2021;8;10;6;2;5;3;1;1;0;0;0;0;0;354141,982999800704420;5644821,856999341398478;6,924086827000053;50,936556950000067;5210813601300860000;0
49467;5;3;34;2;2021;8;14;2;3;5;3;1;1;0;0;0;0;0;295216,653999010100961;5629209,901995513588190;6,095157547000042;50,778437014000076;5210802608200780000;0
49471;5;7;62;32;2021;12;8;3;3;0;7;1;0;1;0;1;0;0;505702,080987613648176;5746590,095097485929728;9,082819957000027;51,870066987000030;5211207407220570000;0
49476;5;3;15;0;2021;7;11;6;3;3;6;1;1;0;0;0;0;0;353791,179999797604978;5646226,528999339789152;6,918533753000077;50,949091414000065;5210730601300190000;0
49493;5;3;58;8;2021;8;19;2;3;0;1;1;0;1;0;0;0;0;323037,421950772404671;5631293,013916859403253;6,488354169000047;50,806309121000027;5210823609108300000;0
49499;5;7;74;28;2021;9;10;4;2;3;6;1;1;0;0;0;0;0;496244,635197495110333;5718855,048641653731465;8,945754627000042;51,620708096000044;5210908411128370000;0
49508;5;3;34;2;2021;8;17;5;2;0;1;1;0;0;0;0;0;0;294537,363533078692853;5628092,380556648597121;6,086159300000077;50,768160092000073;5210812608100080000;0
49512;5;3;14;0;2021;7;19;4;3;2;2;1;0;0;0;1;0;0;367240,379999876022339;5622584,604999484494328;7,118452536000063;50,739855701000067;5210728600140990000;0
49516;5;7;70;32;2021;3;16;2;2;8;1;1;0;0;0;0;0;0;495347,116029163822532;5788961,318740952759981;8,931841732000066;52,251030439000033;5210315410120080000;1
49521;5;3;15;0;2021;8;16;6;3;0;7;1;1;0;0;0;0;0;351167,280999779701233;5648264,889999296516180;6,880372777000048;50,966737460000047;5210827601300880000;1
49527;5;7;58;36;2021;3;10;4;1;5;2;1;0;0;0;0;0;1;491025,613111211918294;5780479,057941874489188;8,868762793000030;52,174716237000041;5210331406150880000;0
49530;5;7;62;8;2021;6;18;5;2;2;1;1;1;0;0;0;0;0;520296,566588044166565;5719699,904542159289122;9,293226162000053;51,627951060000044;5210617407123170000;0
49532;5;7;70;24;2021;2;5;5;2;5;3;1;1;0;0;0;2;0;497275,225039179436862;5794384,928952340036631;8,960042008000073;52,299804518000030;5210204410110880000;1