OID_;ULAND;UREGBEZ;UKREIS;UGEMEINDE;UJAHR;UMONAT;USTUNDE;UWOCHENTAG;UKATEGORIE;UART;UTYP1;IstRad;IstPKW;IstFuss;IstKrad;IstSonstige;ULICHTVERH;IstGkfz;LINREFX;LINREFY;XGCSWGS84;YGCSWGS84;UIDENTSTLAE;IstStrassenzustand
49535;5;3;78;24;2021;8;11;5;3;5;3;1;0;0;0;0;0;1;380239,085999925620854;5644584,168999560177326;7,295395095000060;50,940431363000073;5210812606400380000;0
49547;5;3;15;0;2021;8;9;1;3;7;1;1;0;0;0;0;0;0;353077,204865586943924;5646910,474263356998563;6,908100634000050;50,955056202000037;5210808601300370000;0
49549;5;7;62;20;2021;2;14;1;2;5;3;1;0;0;1;0;0;0;529981,541000001132488;5739304,611999657005072;9,434829375000049;51,803786921000039;5210221407109870000;0
49550;5;3;34;2;2021;7;13;5;3;5;3;1;1;0;0;0;0;0;299563,752485911361873;5626110,894579559564590;6,158426925000072;50,752120939000065;5210715608200160000;0
49551;5;7;70;24;2021;9;15;2;3;5;3;1;1;0;0;0;0;0;493147,550000001676381;5793123,166999686509371;8,899536654000030;52,288424667000072;5210927410110700000;0
49553;5;3;15;0;2021;7;15;1;2;0;1;1;0;0;0;0;0;0;356849,946967741474509;5644715,969997299835086;6,962643018000051;50,936283914000057;5210725601100480000;0
49555;5;3;34;2;2021;8;9;6;3;3;2;1;1;0;0;0;0;0;295144,273999011144042;5629189,898995496332645;6,094143392000035;50,778231803000040;5210827608100170000;0
49563;5;7;70;24;2021;7;19;7;3;0;3;1;1;0;0;0;0;0;495259,351968257687986;5793209,439045315608382;8,930496408000067;52,289222575000053;5210710410110690000;0
49564;5;3;15;0;2021;8;14;4;3;0;1;1;0;0;0;0;0;0;353675,083999797701836;5646344,025999335572124;6,916834931000039;50,950117857000066;5210818601300280000;1
49565;5;7;66;20;2021;11;16;5;3;1;5;1;1;0;0;0;1;0;496580,901664153672755;5753421,960338890552521;8,950271465000071;51,931511689000047;5211125404101080000;0
49573;5;3;34;2;2021;8;15;1;3;0;1;1;0;0;0;0;0;0;292757,462998960167170;5627930,688995102420449;6,061043363000067;50,766074950000075;5210801608100580000;1
49583;5;7;66;44;2021;6;22;7;3;4;1;1;0;0;0;0;2;0;497062,735444806516171;5764338,747622532770038;8,957185948000074;52,029667120000056;5210619404301090000;0
49597;5;7;70;24;2021;10;7;2;3;5;3;1;1;0;0;0;0;0;493197,138615924865007;5795094,251864129677415;8,900223853000057;52,306146301000069;5211025410110290000;0
49602;5;3;82;20;2021;7;17;1;3;4;1;1;1;0;0;0;0;0;382133,310644702054560;5627907,298357713967562;7,327716890000033;50,790915625000082;5210718607200760000;0
49610;5;7;70;24;2021;6;9;1;3;7;1;1;0;0;0;0;0;0;490875,221224153414369;5794107,065012304112315;8,866195618000063;52,297237351000035;5210620410110180000;0
49611;5;3;15;0;2021;7;6;4;3;0;6;1;0;0;0;1;0;0;355888,784893255680799;5646814,062285497784615;6,948142602000075;50,954899695000051;5210728601400620000;0
49614;5;3;82;56;2021;8;8;3;3;5;3;1;1;0;0;0;0;0;374123,349999903701246;5625246,730999529361725;7,215040090000059;50,765317105000065;5210810607500870000;1
49617;5;3;15;0;2021;7;16;7;2;5;3;1;0;0;0;1;0;0;359936,053999834693968;5647697,000999417155981;7,005389965000063;50,963832626000055;5210731601500670000;0
49623;5;3;15;0;2021;7;14;5;3;5;2;1;1;0;0;0;0;0;352831,042999791912735;5650886,712999319657683;6,902989024000021;50,990725936000047;5210729601400950000;0
49624;5;3;58;24;2021;4;5;4;3;5;3;1;1;0;0;0;1;0;309865,979307846166193;5646678,998137196525931;6,293626961000029;50,940344441000036;5210428609236800000;0
49625;5;3;15;0;2021;4;20;3;3;5;3;1;1;0;0;0;1;0;363217,924751554615796;5638419,663693130016327;7,055576733000066;50,881241773000056;5210420601620980000;0
49626;5;9;70;4;2021;8;15;2;3;1;3;1;1;0;0;0;0;0;457454,329659024253488;5655824,582303563132882;8,392987711000046;51,052375813000026;5210816315220990000;1
49629;5;3;15;0;2021;7;9;6;1;1;5;1;1;0;0;0;0;0;354110,980013431049883;5642190,709609897807240;6,924698599000067;50,912903751000044;5210723601200990000;0
49630;5;1;62;8;2021;8;10;2;3;0;1;1;0;0;0;0;0;0;330473,871311012655497;5664587,707525962963700;6,578290664000065;51,107671505000042;5210802513310280000;0
49638;5;7;62;20;2021;9;7;2;3;5;3;1;1;0;0;0;0;0;530010,633000001311302;5742382,454999659210443;9,435517999000069;51,831458181000073;5210906407113290000;0
49642;5;3;15;0;2021;7;21;1;3;4;6;1;0;0;0;1;1;0;356886,544616086408496;5644645,382141005247831;6,963191258000052;50,935658631000081;5210718601100570000;0
49653;5;3;15;0;2021;5;13;7;3;0;2;1;1;0;0;0;0;0;356519,598684892989695;5646616,811321511864662;6,957195766000041;50,953284426000039;5210501601400560000;0
49655;5;7;66;44;2021;5;14;1;2;4;1;1;0;0;0;0;0;0;497089,932069320231676;5762162,039408132433891;8,957600877000061;52,010096642000065;5210530404301190000;0
49656;5;3;82;52;2021;8;16;6;3;0;5;1;1;0;0;0;0;0;387720,518436839804053;5629800,186967296525836;7,406375427000057;50,809040660000051;5210813607300230000;0
49657;5;3;82;28;2021;7;18;5;3;8;1;1;0;0;0;0;0;0;374489,715999905019999;5635678,326999533921480;7,216664706000074;50,859160247000034;5210715607100080000;0
49658;5;7;66;20;2021;6;14;1;3;0;7;1;1;0;0;0;0;0;491576,696238041855395;5750779,284275807440281;8,877553373000069;51,907697984000038;5210620404101990000;0
49659;5;3;15;0;2021;8;12;7;3;0;1;1;0;0;0;0;0;0;349810,240602225065231;5649556,494901822879910;6,860527151000042;50,977991974000076;5210807601300290000;0
49660;5;3;58;24;2021;8;13;2;3;5;2;1;1;0;0;0;0;0;311713,930999323725700;5645329,733997475355864;6,320596878000060;50,928830655000070;5210816609224860000;1
49661;5;3;70;16;2021;8;17;4;2;5;3;1;1;0;0;0;0;0;301508,791194964200258;5658568,192683823406696;6,168326381000043;51,044312030000071;5210825610111960000;0
49664;5;7;66;44;2021;4;9;7;3;5;3;1;1;0;0;0;0;0;491069,248999999836087;5764364,321999672800303;8,869823397000062;52,029832927000029;5210410404301060000;0
49665;5;9;62;36;2021;7;16;5;3;9;7;1;1;0;0;0;0;0;416378,906639379449189;5658945,981445075944066;7,806332952000048;51,075926647000074;5210715307000570000;0
49667;5;3;14;0;2021;7;14;7;3;6;1;1;0;1;0;0;0;0;367214,685910630039871;5620174,773095911368728;7,118956454000056;50,718190096000058;5210717600380330000;0
49669;5;7;70;24;2021;10;17;3;3;0;3;1;1;0;0;0;0;0;493310,886690968647599;5793592,506592445075512;8,901922001000059;52,292646278000063;5211005410110580000;0
49670;5;3;15;0;2021;8;11;7;3;0;1;1;0;0;0;0;0;0;356530,849250943399966;5652360,479591807350516;6,955088904000036;51,004904460000034;5210807601400250000;0
49672;5;9;70;40;2021;8;17;4;3;5;3;1;1;0;0;0;0;0;432010,531452365219593;5639041,532761225476861;8,033157092000067;50,899026426000034;5210825315110080000;0
49683;5;3;66;12;2021;6;13;1;3;3;6;1;0;0;0;1;0;0;325480,952756385318935;5585345,419577173888683;6,544588985000075;50,394221225000081;5210613603212090000;0
49684;5;3;14;0;2021;8;7;4;3;5;3;1;1;0;0;0;0;0;364338,768999859690666;5623879,623999461531639;7,076876726000023;50,750824502000057;5210811600110490000;0
49685;5;7;70;24;2021;11;14;4;3;5;2;1;1;0;0;0;0;0;493152,893122850917280;5793121,515819298103452;8,899615023000024;52,288409889000036;5211124410110070000;0
49690;5;3;34;2;2021;8;13;2;3;3;2;1;1;0;0;0;0;0;295172,004644402302802;5630231,739096991717815;6,093955779000055;50,787598635000052;5210809608200580000;0
49693;5;9;62;36;2021;7;21;6;3;8;1;1;0;0;0;0;0;0;409666,169260048307478;5662448,370952431112528;7,709659547000058;51,106395862000056;5210723307000070000;0
49696;5;7;70;24;2021;7;17;5;3;0;7;1;0;0;0;0;0;0;494170,916136262938380;5794387,254884945228696;8,914518267000062;52,299801256000080;5210708410110780000;0
49704;5;3;15;0;2021;7;20;7;3;0;1;1;0;0;0;0;1;0;358711,638999830000103;5644700,753999406471848;6,989127547000066;50,936606290000043;5210731601500690000;0
49705;5;9;70;40;2021;8;14;1;2;2;6;1;1;0;0;0;0;0;431090,702118673361838;5635079,191873867064714;8,020825756000022;50,863290510000070;5210815315110590000;0
49707;5;3;82;56;2021;8;14;1;3;0;1;1;0;0;0;0;0;0;371250,395999891683459;5626712,806999510154128;7,173809595000023;50,777864177000026;5210829607500070000;1
49711;5;3;14;0;2021;8;21;3;3;8;6;1;0;0;0;0;1;0;364491,647711494937539;5622506,543853130191565;7,079547702000070;50,738519189000044;5210803600110080000;1
49712;5;7;66;44;2021;9;15;4;3;9;1;1;0;0;0;0;0;0;493649,143249319866300;5766632,703920755535364;8,907386304000056;52,050263233000067;5210901404301070000;0
49716;5;3;82;28;2021;6;16;2;3;0;1;1;0;0;0;0;0;0;378316,203103296458721;5640230,825003923848271;7,269491692000031;50,900898663000078;5210621607000990000;0
49717;5;7;70;24;2021;7;8;5;2;1;1;1;0;0;0;0;0;1;495651,815872532315552;5794053,021857114508748;8,936239507000039;52,296810056000027;5210708410110070000;0
49721;5;3;15;0;2021;8;18;5;3;3;2;1;1;0;0;0;0;0;354737,920519618317485;5644522,969134502112865;6,932681689000049;50,934021342000051;5210805601100790000;0
49727;5;9;58;36;2021;7;14;7;2;2;6;1;0;0;0;0;0;0;464530,444527143612504;5688351,999574534595013;8,490725521000059;51,345337798000060;5210703313212080000;0
49728;5;1;16;0;2021;8;8;5;3;2;3;1;1;0;0;0;0;0;320082,062999459914863;5674411,364998076111078;6,425088098000060;51,192752169000073;5210826506100680000;0
49730;5;1;13;0;2021;6;13;6;3;6;7;1;0;1;0;0;0;0;361023,081652764230967;5706196,537353411316872;6,998173320000035;51,489814727000066;5210625502324990000;0
49739;5;1;11;0;2021;8;13;3;3;8;1;1;0;0;0;0;0;0;344141,881108167581260;5677939,287898568436503;6,767587736000053;51,231520593000027;5210810500100060000;0
49745;5;9;13;0;2021;8;19;4;2;3;6;1;0;0;0;0;0;0;390728,184060558676720;5709032,369472824037075;7,424970159000054;51,521825640000031;5210825301201780000;0
49748;5;1;17;0;2021;7;10;3;2;5;3;1;1;0;0;0;0;0;354964,856891468167305;5701757,683937305584550;6,912793055000066;51,448406700000078;5210727502400880000;0
49758;5;9;13;0;2021;8;18;2;3;5;3;1;1;0;0;0;0;0;392161,497673021629453;5706222,266243208199739;7,446481002000041;51,496842795000077;5210823301101670000;0
49760;5;1;11;0;2021;7;16;3;3;3;6;1;1;0;0;0;0;0;346604,290280617773533;5679698,257845561951399;6,802076252000063;51,247993018000045;5210727500200670000;0
49761;5;1;62;24;2021;6;10;5;2;5;3;1;1;0;0;0;0;0;339327,487999683246017;5671374,235999004915357;6,701626929000042;51,171198919000062;5210617513210540000;0
49763;5;1;13;0;2021;8;13;1;2;0;1;1;0;0;0;0;0;0;354557,518999805673957;5705196,639999346807599;6,905520488000036;51,479203914000038;5210822502321860000;0
49765;5;1;58;16;2021;7;10;4;3;5;3;1;1;0;0;0;0;0;355937,467999813146889;5669869,591999370604753;6,939656384000045;51,162103062000028;5210728516500170000;1
49777;5;1;19;0;2021;8;15;5;3;5;3;1;1;0;0;0;0;0;350579,564999780617654;5704727,720999278128147;6,848476187000074;51,473953742000049;5210826508000980000;0
49778;5;1;13;0;2021;2;15;4;3;3;2;1;1;0;0;0;0;0;362093,388597022742033;5698912,290186902508140;7,016420437000022;51,424617670000032;5210224502214500000;0
49779;5;1;62;24;2021;8;10;7;3;4;1;1;1;0;0;0;0;0;337168,503999662585557;5675951,801998931914568;6,668695020000030;51,211716662000072;5210814513210870000;0
49780;5;1;16;0;2021;6;12;1;3;0;5;1;1;0;0;0;0;0;314398,688999376259744;5668788,065997647121549;6,346743918000072;51,140423076000047;5210613506100380000;0
49781;5;1;12;0;2021;8;21;2;3;0;1;1;0;0;0;0;2;0;343315,223999722860754;5709415,705999106168747;6,741880075000040;51,514109144000031;5210830501112570000;0
49791;5;1;24;0;2021;7;8;5;3;0;7;1;0;0;0;0;0;0;373123,837301713414490;5681045,269072443246841;7,181355940000060;51,266616096000064;5210722503200480000;0
49794;5;9;54;12;2021;7;5;5;3;5;3;1;1;0;0;0;1;0;387865,019855963997543;5688628,845731489360332;7,390177622000067;51,337872060000052;5210701310230680000;1
49812;5;5;13;0;2021;8;14;6;2;0;1;1;0;0;0;0;0;0;363095,116924128495157;5711815,021590340882540;7,025817554000071;51,540809960000047;5210806700000080000;0
49814;5;1;12;0;2021;4;11;1;2;0;7;1;0;0;0;0;0;0;342461,933413984254003;5707648,799898589029908;6,730382153000050;51,497996822000061;5210425501112280000;1
49816;5;1;24;0;2021;8;14;2;3;5;3;1;1;0;0;0;0;0;374640,484999908134341;5682111,004999550059438;7,202710282000055;51,276530166000043;5210830503200680000;0
49823;5;1;13;0;2021;8;18;6;2;4;6;1;0;0;0;0;0;0;360616,959999841637909;5695357,074999433010817;6,996595318000061;51,392308048000075;5210813502211970000;0
49824;5;1;14;0;2021;6;9;5;3;5;3;1;1;0;0;0;0;0;329914,379651872441173;5687416,510203398764133;6,559482736000064;51,312600806000034;5210617505100970000;0
49826;5;9;62;24;2021;7;17;2;2;5;3;1;1;0;0;0;0;0;403233,096999974921346;5691392,909999623894691;7,609976475000053;51,365542895000033;5210719307000250000;0
49830;5;1;11;0;2021;8;15;5;3;0;7;1;0;0;0;0;0;0;343993,023708266206086;5674490,782240327447653;6,766957504000061;51,200493973000050;5210826500300060000;0
49836;5;1;24;0;2021;7;18;7;3;5;7;1;1;0;0;0;0;0;369776,707999888807535;5679625,236999517306685;7,133922091000045;51,253098889000057;5210717503100990000;0
49837;5;9;13;0;2021;7;16;5;2;0;1;1;0;0;0;0;0;0;385154,633096167817712;5708707,348007202148438;7,344774838000035;51,517798538000079;5210729301204170000;0
49841;5;9;14;0;2021;7;20;3;3;6;7;1;0;1;0;0;0;0;393251,728756641969085;5694881,427174011245370;7,465601790000051;51,395111730000053;5210720302000990000;0
49852;5;1;13;0;2021;6;12;1;3;0;1;1;0;0;0;0;0;0;362653,243999853730202;5698020,572999453172088;7,024813534000032;51,416740200000049;5210613502214860000;0
49859;5;1;13;0;2021;8;14;4;3;0;7;1;0;0;0;1;0;0;355921,765999815426767;5706100,926999371498823;6,924783791000038;51,487678823000067;5210811502300070000;0
49864;5;9;62;32;2021;7;13;6;3;3;3;1;0;0;0;1;0;0;404555,763685590587556;5676743,011322429403663;7,632888537000042;51,234071943000060;5210730307000180000;0
49867;5;9;58;32;2021;8;19;1;3;0;1;1;0;0;0;0;0;0;441569,308745142072439;5687325,036663375794888;8,161246881000068;51,334207467000056;5210822313121180000;0
49869;5;1;16;0;2021;8;10;3;3;0;1;1;0;0;0;0;0;0;316216,468968776054680;5676054,508206782862544;6,368985953000049;51,206282095000063;5210824506100270000;0
49871;5;9;58;20;2021;8;17;7;3;8;1;1;0;0;0;0;0;0;472802,818603697232902;5664089,572880443185568;8,611340042000052;51,127627963000066;5210814313232990000;0
49874;5;1;11;0;2021;7;16;2;3;6;3;1;0;1;0;0;0;0;344783,427999733015895;5677718,886999154463410;6,776864883000030;51,229715057000078;5210719500100470000;0
49888;5;1;11;0;2021;8;11;6;2;1;5;1;1;0;0;0;0;0;345374,661731535568833;5676812,171843275427818;6,785717372000022;51,221728319000078;5210806500100000000;1
49891;5;1;58;36;2021;7;22;4;3;0;1;1;0;0;0;0;2;0;362710,632224494591355;5682319,434720566496253;7,031694520000030;51,275653656000031;5210728516100270000;1
49894;5;1;19;0;2021;7;10;2;3;3;6;1;1;0;0;0;0;0;350600,870999781414866;5709509,989999277517200;6,846758173000069;51,516929899000047;5210726508000970000;0
49899;5;1;12;0;2021;8;4;5;3;3;3;1;1;0;0;0;2;0;341897,236999708227813;5695811,445999071002007;6,727541271000064;51,391483888000039;5210826501214260000;1
49904;5;1;12;0;2021;8;17;7;2;0;1;1;0;0;0;0;0;0;346736,475999750196934;5706964,640999194234610;6,792211857000041;51,493024683000044;5210814501114460000;0
49908;5;1;24;0;2021;8;23;5;3;4;6;1;0;0;0;0;2;0;373821,238999904133379;5678128,488999543711543;7,192375689000073;51,240555990000075;5210805503200670000;0
49914;5;5;13;0;2021;8;20;7;3;5;3;1;1;0;0;0;0;0;369349,101115641184151;5707363,556243592873216;7,117597584000066;51,502287723000052;5210814700100770000;0
49921;5;1;17;0;2021;8;10;6;2;4;2;1;1;0;0;0;0;0;354130,914999802596867;5692891,414999341592193;6,904446929000073;51,368521640000040;5210827502407780000;0
49923;5;1;11;0;2021;7;9;1;3;5;2;1;1;0;0;0;0;0;347027,623999751172960;5677898,574999209493399;6,808905937000077;51,231935582000062;5210725500200170000;0
49924;5;1;62;20;2021;7;14;4;3;5;3;1;1;0;0;0;0;0;326604,374999543651938;5673730,746998475864530;6,518665736000059;51,188653789000057;5210728513120580000;0
49931;5;1;66;32;2021;8;17;2;3;5;2;1;1;0;0;0;0;0;318522,456999440677464;5679953,624997947365046;6,399987517000056;51,242044685000053;5210816514110580000;1
49932;5;9;11;0;2021;7;19;6;3;0;4;1;0;1;0;0;0;0;376095,029598219320178;5704125,921160679310560;7,215876394000077;51,474709055000062;5210723300100760000;0
49941;5;1;17;0;2021;7;13;6;3;5;2;1;1;0;0;0;0;0;348875,099999766796827;5701105,072999246418476;6,825500245000057;51,440950438000073;5210716502409470000;0
49943;5;1;12;0;2021;7;16;7;3;0;5;1;1;0;0;0;0;0;344039,350830061361194;5694218,318357657641172;6,759004620000042;51,377762389000054;5210717501323980000;0
49946;5;9;13;0;2021;7;2;6;3;5;3;1;1;0;0;0;2;0;399447,161591106094420;5703094,834832975640893;7,552291343000036;51,470073672000069;5210723301303070000;0
49948;5;1;58;12;2021;8;14;5;3;3;6;1;1;0;0;0;0;0;360630,760103764012456;5688514,487992614507675;6,999475182000026;51,330820886000026;5210812516200080000;0
49954;5;1;11;0;2021;5;18;2;3;0;6;1;1;0;0;0;0;0;345531,367138763889670;5677101,122666934505105;6,787835137000059;51,224367093000069;5210531500100000000;0
49955;5;1;62;24;2021;4;15;3;2;3;6;1;0;0;0;0;0;0;340707,145193827338517;5671409,380409607663751;6,721330147000060;51,171900623000056;5210420513210080000;0
49959;5;1;54;28;2021;7;11;7;2;5;2;1;1;0;0;0;0;0;318997,226999455131590;5702819,251997932791710;6,395156266000072;51,447590759000036;5210724515210060000;0
49961;5;9;54;16;2021;6;12;1;3;0;1;1;0;0;0;0;0;0;372548,586817422881722;5690322,860650250688195;7,169799869000030;51,349869550000051;5210613310110180000;0
49962;5;1;13;0;2021;3;15;5;2;0;7;1;1;0;0;0;0;0;361542,428093161433935;5696639,780042372643948;7,009388301000058;51,404061599000045;5210318502226970000;1
49963;5;1;58;28;2021;8;12;6;3;0;7;1;0;0;0;0;0;1;348831,229999766685069;5688770,928999241441488;6,830119645000025;51,330111087000034;5210827516300870000;1
49965;5;1;11;0;2021;6;13;7;3;5;2;1;1;0;0;0;0;0;344227,186237146146595;5674450,656006563454866;6,770323935000022;51,200197317000061;5210612500300600000;0
49969;5;9;62;40;2021;5;12;7;2;5;2;1;1;0;0;0;0;0;411934,596402830444276;5701956,422849666327238;7,732312044000025;51,461921323000070;5210501307000270000;0
49974;5;1;13;0;2021;8;19;7;3;0;1;1;0;0;0;0;0;0;359205,054999833926558;5699364,996999414637685;6,974723800000049;51,427975654000079;5210807502241870000;0
49976;5;9;13;0;2021;8;16;5;3;5;2;1;1;0;0;0;0;0;394135,474580408073962;5707605,430724861100316;7,474491974000046;51,509648547000040;5210805301101380000;0
49980;5;1;16;0;2021;8;3;2;3;5;3;1;1;0;0;0;2;0;321272,660999475978315;5674210,810998158529401;6,442208994000055;51,191324114000054;5210830506100580000;1
49985;5;1;24;0;2021;7;13;5;3;0;7;1;0;0;0;0;0;0;376764,356999914161861;5680993,211999559774995;7,233530121000058;51,266947020000032;5210722503200470000;0
49992;5;1;11;0;2021;7;23;6;3;5;3;1;1;0;0;0;2;0;350406,178160175681114;5668766,389912120997906;6,861065981000024;51,150770130000069;5210730500300770000;0
49993;5;9;78;12;2021;7;20;4;2;0;1;1;0;0;0;0;0;0;414884,982836131937802;5706922,598357494920492;7,773574592000045;51,507017109000060;5210728317130310000;0
50005;5;9;62;8;2021;8;10;1;3;0;1;1;0;0;0;0;0;0;420587,841639702208340;5687264,836928669363260;7,860133874000041;51,331122841000081;5210808307000070000;0
50006;5;3;74;36;2021;8;11;7;2;0;3;1;1;0;0;0;0;0;383365,055743919685483;5673636,257077071815729;7,330496217000075;51,202209495000034;5210814605136400000;0
50014;5;1;70;24;2021;7;19;1;3;4;2;1;1;0;0;0;0;0;335593,795999651774764;5705759,483998849987984;6,632403116000035;51,479067505000046;5210718518200770000;0
50019;5;1;14;0;2021;8;8;4;3;0;1;1;0;0;0;0;0;0;336607,753163542598486;5691201,124698789790273;6,653700479000065;51,348564710000062;5210825505200990000;0
50023;5;9;11;0;2021;8;18;3;2;5;2;1;1;0;0;0;1;0;375946,150461466051638;5706180,412996772676706;7,213012011000046;51,493140922000066;5210817300100470000;1
50025;5;1;12;0;2021;8;16;6;3;4;6;1;0;0;0;0;0;0;346639,787999748252332;5703991,628999194130301;6,792110966000052;51,466285735000042;5210813501127880000;0
50033;5;1;24;0;2021;8;8;3;2;0;1;1;0;0;0;0;0;0;365459,386280984617770;5679523,484328506514430;7,072130819000051;51,251182163000067;5210803503100990000;0
50034;5;1;16;0;2021;8;9;2;3;7;5;1;1;0;0;0;0;0;321506,270888959057629;5672368,985907487571239;6,446463589000075;51,174851496000031;5210823506100990000;0
50035;5;1;54;12;2021;5;11;7;3;0;1;1;0;0;0;0;0;0;313531,350753099657595;5711132,272681064903736;6,312198243000068;51,520484102000069;5210515515210090000;1
50037;5;1;13;0;2021;6;20;3;3;1;7;1;1;0;0;0;0;0;359104,265127821825445;5699788,109231438487768;6,973106659000052;51,431752777000042;5210615502241270000;0
50040;5;9;66;12;2021;8;11;7;3;5;5;1;1;0;0;0;0;0;428646,757981214672327;5668984,510293088853359;7,979433828000026;51,167838710000069;5210821314220960000;0
50049;5;1;24;0;2021;8;15;1;2;5;3;1;1;0;0;0;0;0;374911,789999908767641;5681713,500999549403787;7,206737087000022;51,273017162000031;5210815503200990000;0
50055;5;1;19;0;2021;7;9;7;3;1;5;1;1;0;0;0;0;0;353191,081506832502782;5709150,326541827991605;6,884212222000031;51,514377193000030;5210731508000670000;0
50059;5;1;62;24;2021;7;16;2;3;5;3;1;1;0;0;0;0;0;337164,063742719590664;5673061,797267230227590;6,669942425000045;51,185749437000027;5210719513210770000;0
50061;5;9;74;32;2021;7;12;1;3;0;5;1;1;1;0;0;0;0;435601,925916105508804;5704687,341018073260784;8,072444955000037;51,489661926000053;5210725316100070000;0
50062;5;1;17;0;2021;8;15;4;3;5;3;1;1;0;0;0;0;0;352420,702999792993069;5700602,227999312803149;6,876688568000077;51,437366906000079;5210818502400070000;0
50070;5;1;58;24;2021;8;19;2;3;0;7;1;0;0;0;0;0;0;358061,542999827302992;5677494,938999397680163;6,966998906000072;51,231159478000052;5210823516400970000;1
50071;5;1;11;0;2021;7;19;3;3;3;2;1;1;0;0;0;0;0;346412,202124602161348;5675999,798548776656389;6,800911459000076;51,214708787000063;5210720500100660000;0
50073;5;9;13;0;2021;8;12;1;3;5;2;1;1;0;0;0;0;0;390759,897037813439965;5706518,772781228646636;7,426205910000022;51,499238777000073;5210822301201180000;0
50075;5;1;16;0;2021;7;12;7;3;5;3;1;1;0;0;0;0;0;321388,946999479085207;5672899,385998167097569;6,444523376000063;51,179579595000064;5210724506100080000;0
50081;5;1;13;0;2021;8;17;4;3;5;2;1;1;0;0;0;0;0;356967,845837476663291;5692056,871361279860139;6,945509534000053;51,361743903000047;5210811502249910000;0
50082;5;1;58;24;2021;8;23;1;3;0;1;1;0;0;0;0;2;0;356165,148991589434445;5680269,479356087744236;6,938740765000034;51,255617530000052;5210815516400180000;0
50088;5;1;11;0;2021;8;15;3;3;5;2;1;1;0;0;0;0;0;346586,057742334902287;5676170,207452371716499;6,803325884000060;51,216286740000044;5210831500100260000;0
50092;5;1;22;0;2021;7;15;6;3;5;3;1;1;0;0;0;0;0;366271,315999871119857;5670217,602999487891793;7,087227227000028;51,167739775000030;5210730503400270000;0
50093;5;1;54;12;2021;8;14;4;3;3;2;1;1;0;0;0;0;0;313333,846268912777305;5710937,110141128301620;6,309458107000069;51,518665968000050;5210825515210990000;0
50095;5;1;12;0;2021;8;7;2;3;1;5;1;1;0;0;0;0;0;346708,347571423277259;5700036,330845694988966;6,794810658000074;51,430765416000042;5210830501315980000;0
50097;5;1;54;60;2021;8;9;3;1;7;3;1;0;0;0;0;0;1;309759,320395512506366;5696163,159269697964191;6,265942156000051;51,384780975000069;5210824515210460000;0
50099;5;1;66;28;2021;4;21;7;3;3;6;1;0;0;0;0;2;0;325285,330999532714486;5690678,505998373031616;6,491529810000031;51,340502233000052;5210424514215070000;0
50102;5;9;11;0;2021;7;21;6;2;0;1;1;0;0;0;0;1;0;378629,815999921411276;5706164,886999571695924;7,251655814000060;51,493583868000030;5210730300100970000;1
50109;5;1;13;0;2021;8;17;1;2;0;7;1;0;0;0;0;0;0;364867,155055238865316;5698753,789123779162765;7,056352425000057;51,423861410000029;5210801502000180000;1
50111;5;1;62;24;2021;8;17;2;3;5;3;1;1;0;0;0;0;0;342218,709591140970588;5668155,241827011108398;6,744361803000061;51,143080304000080;5210802513210580000;0
50112;5;9;13;0;2021;8;9;2;3;0;1;1;0;0;0;0;0;0;395369,051999963819981;5708094,895999623462558;7,492115893000062;51,514277933000074;5210802301302070000;1
50114;5;1;16;0;2021;7;16;2;3;1;5;1;1;0;0;0;0;0;320137,143999460153282;5672954,007998082786798;6,426605172000052;51,179677876000028;5210719506100990000;0
50115;5;9;13;0;2021;8;18;4;3;4;2;1;0;0;0;0;0;0;402125,258796464651823;5709545,294161621481180;7,589046900000028;51,528526472000067;5210825301304450000;0
50117;5;9;54;36;2021;8;18;7;2;8;1;1;0;0;0;0;0;0;385417,475543296895921;5700190,446096468716860;7,351324431000023;51,441301772000031;5210814300800580000;0
50122;5;1;62;16;2021;8;7;4;3;5;3;1;1;0;0;0;0;0;333548,275453624315560;5678505,011179063469172;6,615725284000064;51,233612005000055;5210818513110830000;1
50124;5;9;62;16;2021;7;18;1;3;7;1;1;0;0;0;0;0;0;415828,335777697153389;5696359,377147063612938;7,789678724000055;51,412197409000044;5210718307000270000;0
50125;5;1;14;0;2021;8;17;2;3;5;3;1;1;0;0;0;0;0;330022,803999587893486;5690075,095998628064990;6,559769040000049;51,336517512000057;5210809505200070000;1
50130;5;1;11;0;2021;8;17;1;3;1;5;1;1;0;0;0;0;0;346203,192526000551879;5675554,102216044440866;6,798112307000054;51,210647717000029;5210829500100270000;1
50132;5;9;11;0;2021;4;13;1;3;2;6;1;1;0;0;0;0;0;379118,043630576692522;5708284,444735137745738;7,257958855000027;51,512738132000038;5210425300312270000;0
50133;5;9;14;0;2021;8;11;3;3;5;3;1;1;0;0;0;0;0;392076,122999956831336;5693699,014999615028501;7,449069707000035;51,384261082000080;5210810302000070000;0
50134;5;1;66;28;2021;8;15;4;3;0;1;1;0;0;0;0;0;0;324179,800999517552555;5686830,194998318329453;6,477571840000053;51,305590987000073;5210804514215990000;0
50137;5;9;13;0;2021;7;18;2;3;5;2;1;1;0;0;0;0;0;388206,636826117523015;5709388,779353529214859;7,388527098000054;51,524535615000048;5210719301201070000;0
50140;5;1;12;0;2021;8;17;7;3;0;3;1;1;0;0;0;0;0;343068,893999720923603;5702798,667999099940062;6,741273577000072;51,454588348000073;5210814501128480000;0