OID_;ULAND;UREGBEZ;UKREIS;UGEMEINDE;UJAHR;UMONAT;USTUNDE;UWOCHENTAG;UKATEGORIE;UART;UTYP1;IstRad;IstPKW;IstFuss;IstKrad;IstSonstige;ULICHTVERH;IstGkfz;LINREFX;LINREFY;XGCSWGS84;YGCSWGS84;UIDENTSTLAE;IstStrassenzustand
50148;5;1;62;24;2021;7;9;2;3;2;2;1;1;0;0;1;0;0;338237,350909433327615;5674982,381114367395639;6,684421617000055;51,203310328000043;5210726513210480000;0
50149;5;1;62;4;2021;8;15;6;2;1;6;1;0;0;0;0;0;0;346217,326999742537737;5667214,974999189376831;6,801881730000048;51,135719478000055;5210827513320940000;1
50152;5;1;16;0;2021;8;8;3;3;5;2;1;1;0;0;0;0;0;321639,025999480858445;5673496,773998182266951;6,447801051000056;51,185024168000041;5210831506100690000;0
50158;5;9;58;8;2021;8;17;3;3;5;3;1;0;0;0;1;0;0;457806,006616075523198;5690112,491885509341955;8,393972077000058;51,360707695000031;5210831313122670000;0
50168;5;1;11;0;2021;6;12;4;3;5;2;1;0;0;0;1;0;0;346884,428999749943614;5679651,931999202817678;6,806106863000025;51,247652029000051;5210602500200500000;0
50175;5;1;14;0;2021;7;18;2;3;3;6;1;0;0;0;0;0;0;329937,961999588645995;5690784,819998621940613;6,558213271000056;51,342868163000048;5210726505200990000;0
50183;5;1;66;32;2021;4;7;5;2;4;1;1;0;0;0;0;0;0;313984,719999373890460;5680447,194997580721974;6,334793889000025;51,245016722000059;5210429514111570000;0
50186;5;1;11;0;2021;8;13;3;3;3;2;1;1;0;0;0;0;0;345119,092999734915793;5675625,109999163076282;6,782573166000020;51,210992788000055;5210803500300360000;0
50191;5;5;13;0;2021;8;12;4;3;5;3;1;1;0;0;0;0;0;364009,288999861106277;5710070,806999474763870;7,039665299000035;51,525356735000059;5210804700100270000;0
50195;5;1;12;0;2021;7;13;4;3;0;1;1;0;0;0;0;0;0;342461,623263156972826;5694347,055771917104721;6,736296114000027;51,378483484000071;5210721501324570000;0
50197;5;1;11;0;2021;8;19;4;2;5;3;1;1;0;0;0;0;0;345531,313817474991083;5677971,509847983717918;6,787459206000051;51,232187889000045;5210804500200670000;0
50202;5;3;74;36;2021;8;8;5;3;0;1;1;0;0;0;0;0;0;383589,142115827649832;5673597,691686563193798;7,333714826000062;51,201908565000053;5210812605136680000;0
50204;5;9;13;0;2021;7;8;6;2;5;3;1;0;0;0;1;0;0;393614,957994682714343;5706798,664229143410921;7,467237587000056;51,502299163000032;5210730301101760000;0
50207;5;1;16;0;2021;8;13;2;3;0;2;1;1;0;0;0;0;0;321542,014999479055405;5672201,866998177021742;6,447057359000041;51,173361372000045;5210830506100280000;1
50219;5;1;11;0;2021;8;20;4;3;5;3;1;1;0;0;0;1;0;346274,983030387200415;5676730,159963034093380;6,798635182000055;51,221234541000058;5210811500100460000;0
50231;5;1;54;12;2021;9;14;2;3;5;2;1;1;0;0;0;0;0;313987,599584707990289;5711033,313849467784166;6,318819192000035;51,519745686000078;5210927515210480000;0
50233;5;1;70;24;2021;7;20;1;3;3;2;1;1;0;0;0;1;0;337700,285783546045423;5700745,770466232672334;6,665011817000050;51,434631006000075;5210718518200990000;0
50237;5;1;11;0;2021;7;10;5;3;5;3;1;1;0;0;0;0;0;346736,032999747432768;5680513,887999201193452;6,803613140000039;51,255357278000076;5210729500200200000;0
50241;5;1;14;0;2021;8;7;2;3;3;6;1;0;0;0;0;0;1;329878,533180585131049;5688726,928663749247789;6,558343607000040;51,324362678000057;5210809505100580000;0
50270;5;1;66;16;2021;7;11;2;3;5;3;1;1;0;0;0;0;0;308749,601418599486351;5686194,341728327795863;6,256802474000040;51,294905352000058;5210712514119770000;0
50277;5;1;17;0;2021;8;15;5;3;1;6;1;1;0;0;0;0;0;354130,914999802596867;5692891,414999341592193;6,904446929000073;51,368521640000040;5210826502400580000;0
50279;5;9;58;4;2021;8;14;3;3;5;3;1;1;0;0;0;0;0;425778,747888728044927;5702672,389550533145666;7,931405392000045;51,470342959000050;5210810313110070000;0
50289;5;1;54;12;2021;8;19;5;3;5;2;1;1;0;0;0;0;0;313384,844049272127450;5711158,766686564311385;6,310074935000046;51,520673687000055;5210819515210560000;0
50290;5;1;70;24;2021;8;7;3;3;5;2;1;1;0;0;0;0;0;333008,009999625384808;5706271,531998747959733;6,594958390000045;51,482910280000056;5210803518200990000;1
50296;5;1;14;0;2021;7;10;3;3;1;5;1;1;0;0;0;0;0;329213,504397064447403;5689338,959584794938564;6,548514868000041;51,329661740000063;5210720505200370000;0
50299;5;5;12;0;2021;7;5;5;3;8;1;1;0;0;0;0;1;0;360576,771965732797980;5711343,176879260689020;6,989713481000024;51,535953457000062;5210729701400170000;0
50309;5;1;16;0;2021;8;12;3;3;0;3;1;0;0;1;0;0;0;322185,161475357599556;5670756,128333155065775;6,456962988000043;51,160574085000064;5210824506100990000;0
50314;5;1;22;0;2021;6;7;2;3;4;2;1;1;0;0;0;0;0;364652,636854500509799;5672709,426423408091068;7,063150245000031;51,189753255000028;5210614503400700000;0
50319;5;1;12;0;2021;7;14;6;2;5;3;1;1;0;0;0;0;0;344506,937999730929732;5694325,673999141901731;6,765670891000070;51,378855244000079;5210716501323940000;0
50323;5;1;17;0;2021;8;3;2;3;0;1;1;0;0;0;0;2;0;353457,771144141443074;5698231,381457438692451;6,892579222000052;51,416332280000063;5210816502406570000;0
50330;5;1;17;0;2021;8;14;6;3;5;3;1;1;0;0;0;0;0;349313,892999770119786;5699454,074999254196882;6,832511527000065;51,426232476000052;5210827502408280000;1
50335;5;1;14;0;2021;7;17;6;3;5;2;1;1;0;0;0;0;0;328750,744999575428665;5691291,270998565480113;6,540940127000056;51,347061552000071;5210723505200780000;0
50340;5;1;12;0;2021;8;13;3;3;5;3;1;1;0;0;0;0;0;341517,370999706909060;5703069,514999059960246;6,718839919000061;51,456589660000077;5210824501222120000;0
50343;5;1;19;0;2021;8;9;3;3;5;3;1;1;0;0;0;0;0;350556,704999779351056;5704718,080999275669456;6,848151350000023;51,473861085000067;5210810508000370000;1
50356;5;1;14;0;2021;8;19;3;3;3;6;1;1;0;0;0;0;0;330708,409179482609034;5693601,972471460700035;6,567924257000072;51,368406996000033;5210803505200780000;0
50357;5;1;11;0;2021;7;14;3;3;5;3;1;1;0;0;0;0;0;341063,289468687959015;5678101,757745426148176;6,723456853000073;51,232131337000055;5210720500100060000;0
50360;5;1;14;0;2021;7;15;3;3;2;2;1;1;0;0;0;0;0;329915,687999588437378;5690044,951998621225357;6,558247153000025;51,336214672000040;5210720505200470000;0
50367;5;1;11;0;2021;7;18;7;3;1;6;1;0;0;0;1;0;0;346388,474999745376408;5679836,277999194338918;6,798927167000045;51,249175111000056;5210717500200560000;0
50369;5;5;13;0;2021;7;16;6;3;5;2;1;1;0;0;0;0;0;368606,827999883331358;5709626,828999513760209;7,106065736000062;51,522455218000061;5210723700100070000;0
50387;5;1;16;0;2021;7;11;6;3;0;1;1;0;0;0;0;0;0;322044,401999484747648;5668778,566998215392232;6,455929670000046;51,142765119000046;5210730506100680000;0
50392;5;1;16;0;2021;8;20;1;3;0;1;1;0;0;0;0;1;0;321263,685999476350844;5674179,751998156309128;6,442096145000050;51,191042297000081;5210815506100880000;0
50395;5;1;17;0;2021;8;16;2;3;0;1;1;0;0;0;0;0;0;355517,389999810606241;5700803,639999363571405;6,921128399000054;51,439975008000033;5210802502405470000;1
50402;5;1;58;32;2021;8;7;2;3;0;1;1;0;0;0;0;0;0;367113,542999874800444;5688601,793999498710036;7,092440629000066;51,333157417000052;5210823516100470000;1
50412;5;9;54;36;2021;7;19;2;2;1;1;1;1;0;0;0;0;0;383709,605413125827909;5701116,284021388739347;7,326457620000042;51,449275109000041;5210719300800970000;0
50431;5;9;11;0;2021;8;0;7;2;0;1;1;0;0;0;0;2;0;376531,279235010035336;5705098,693310156464577;7,221814706000032;51,483547149000060;5210814300100970000;0
50436;5;9;54;36;2021;7;12;6;3;0;6;1;0;1;0;0;0;0;386831,100999943912029;5703394,134999604895711;7,370630438000035;51,470381247000034;5210702300800700000;0
50440;5;5;12;0;2021;8;8;5;3;3;2;1;1;0;0;0;0;0;356191,622999817132950;5712088,760999374091625;6,926225096000053;51,541553094000051;5210819701400890000;1
50450;5;1;13;0;2021;8;16;7;3;2;1;1;1;0;0;0;0;0;360718,949999843724072;5694752,280999435111880;6,998297550000075;51,386898168000073;5210814502229270000;0
50451;5;1;14;0;2021;8;7;4;3;8;1;1;0;0;0;0;0;0;329379,619084835983813;5689081,185498358681798;6,551020385000072;51,327395815000045;5210825505100580000;0
50457;5;1;13;0;2021;7;5;3;3;0;3;1;1;0;0;0;2;0;366306,891999871470034;5700978,953999493271112;7,076207850000060;51,444199867000066;5210727502134050000;0
50462;5;1;13;0;2021;8;14;6;3;5;7;1;1;0;0;0;0;0;358087,438999828882515;5698501,601999405771494;6,959004063000066;51,419938305000073;5210806502210980000;1
50464;5;3;74;52;2021;8;16;7;3;3;6;1;1;0;0;0;0;0;391275,922310835681856;5667790,103232545778155;7,445454013000074;51,151219451000031;5210807605152240000;0
50470;5;9;74;12;2021;8;22;5;3;0;1;1;0;0;0;0;2;0;430645,128999995067716;5708865,385999644175172;8,000239371000021;51,526637699000048;5210812316200990000;0
50472;5;1;12;0;2021;8;9;4;3;5;3;1;1;0;0;0;0;0;346719,741159542463720;5701421,396164853125811;6,794374861000051;51,443213530000037;5210825501314990000;0
50477;5;9;11;0;2021;7;20;6;2;0;1;1;0;0;0;0;0;0;382169,384999931789935;5703310,123999588191509;7,303571563000048;51,468674602000078;5210723300300860000;0
50484;5;1;58;28;2021;7;15;5;3;0;3;1;1;0;0;0;0;0;347086,972404808737338;5684604,614806478843093;6,806888345000061;51,292208677000076;5210729516300270000;0
50488;5;9;54;36;2021;8;7;6;2;5;2;1;1;0;0;0;0;0;384644,040999939665198;5699540,922999596223235;7,340412471000036;51,435306837000041;5210820300800330000;0
50491;5;1;66;12;2021;7;11;2;3;2;6;1;0;0;0;0;0;0;320068,124382265843451;5693560,824227046221495;6,415246817000025;51,364766330000066;5210712514210980000;0
50492;5;1;11;0;2021;5;14;3;3;4;6;1;0;0;0;1;0;0;346719,273803774267435;5680478,055774897336960;6,803388507000022;51,255030803000068;5210511500200000000;0
50494;5;1;12;0;2021;7;13;5;2;3;2;1;1;0;0;0;0;0;343540,692999724298716;5696477,041999116539955;6,750850122000031;51,397919751000074;5210722501319180000;0
50495;5;9;54;12;2021;7;7;6;3;0;1;1;0;0;0;0;0;0;385568,779012004844844;5687456,008197301998734;7,357603709000045;51,326872691000062;5210723310230080000;0
50501;5;1;66;36;2021;7;16;1;3;4;6;1;0;0;0;0;0;0;329146,800102815963328;5683092,603643352165818;6,550548744000025;51,273525695000046;5210725514217980000;0
50503;5;1;19;0;2021;8;15;1;3;0;1;1;0;0;0;0;0;0;346727,239999752491713;5709704,527999192476273;6,790888247000055;51,517640156000027;5210801508000870000;0
50507;5;9;54;32;2021;8;23;6;3;3;6;1;0;0;0;0;2;1;386479,318319951184094;5694580,072106212377548;7,368392776000064;51,391088403000026;5210827310130140000;0
50508;5;9;62;8;2021;7;6;6;2;5;2;1;1;0;0;0;1;0;419275,327999991364777;5685820,439999628812075;7,841625629000021;51,317952660000060;5210723307000360000;0
50516;5;1;24;0;2021;8;16;2;3;2;6;1;1;0;0;0;0;0;370595,594545228406787;5680216,212307630106807;7,145436234000044;51,258596637000039;5210802503100050000;0
50519;5;1;12;0;2021;8;13;7;3;3;5;1;1;0;0;0;0;0;343800,623646866530180;5698605,854530993849039;6,753646141000047;51,417118663000053;5210807501318760000;0
50520;5;1;62;16;2021;7;14;5;2;5;3;1;1;0;0;0;0;0;332959,157402192242444;5675930,607499767094851;6,608494058000076;51,210310620000030;5210722513110080000;0
50522;5;1;12;0;2021;7;19;6;2;5;7;1;1;0;0;0;0;0;345622,363778616301715;5709180,595527242869139;6,775206052000044;51,512631813000041;5210730501111370000;0
50523;5;1;58;28;2021;8;11;1;3;0;2;1;1;0;0;0;0;0;348834,937999765388668;5684066,869999242946506;6,832166312000027;51,287843400000042;5210822516340580000;1
50528;5;1;62;24;2021;8;11;4;3;5;2;1;1;0;0;0;0;0;339229,460791576653719;5673586,905171135440469;6,699235936000036;51,191052130000060;5210804513210870000;0
50530;5;9;11;0;2021;8;11;7;2;0;1;1;0;0;0;0;0;0;379227,985999924130738;5706184,494999578222632;7,260261493000030;51,493888195000068;5210807300300080000;1
50540;5;9;16;0;2021;8;16;7;3;0;1;1;0;0;0;0;0;0;373572,423999903723598;5708506,193999547511339;7,178003400000023;51,513517303000071;5210807300712370000;0
50541;5;1;62;22;2021;8;16;7;3;3;2;1;0;0;0;0;0;0;341123,681789561174810;5685524,905178843066096;6,721023214000070;51,298844988000042;5210821513130970000;0
50543;5;1;19;0;2021;7;13;7;2;0;1;1;0;0;0;0;0;0;349656,409862593747675;5710738,377481717616320;6,832632265000029;51,527716717000033;5210703508000150000;0
50549;5;1;66;36;2021;8;18;5;3;0;3;1;1;0;0;0;0;0;327716,238999560475349;5678600,825998527929187;6,532222111000067;51,232741980000071;5210826514119080000;0
50550;5;9;11;0;2021;8;8;4;3;3;6;1;1;0;0;0;0;0;375477,775660769082606;5703346,581769905984402;7,207267767000076;51,467569324000067;5210818300500070000;1
50558;5;1;11;0;2021;7;18;7;3;3;2;1;1;0;0;0;0;0;345557,393999739550054;5677335,016999175772071;6,788106789000039;51,226475780000044;5210717500100260000;0
50564;5;9;62;16;2021;9;15;5;3;3;2;1;1;0;0;0;0;0;413081,398087401874363;5692035,527685131877661;7,751248678000024;51,372912604000078;5210930307000990000;0
50573;5;9;13;0;2021;8;19;6;3;4;2;1;1;0;0;0;0;0;401975,975999971851707;5706102,887999631464481;7,587852818000044;51,497556882000026;5210820301303480000;0
50576;5;1;66;32;2021;7;14;4;2;5;2;1;1;0;0;0;0;0;314878,115771658718586;5681482,942416571080685;6,347043958000029;51,254610904000060;5210728514111780000;0
50577;5;1;11;0;2021;4;20;3;3;9;6;1;1;0;0;0;0;0;346458,865924410521984;5679913,986213851720095;6,799901654000053;51,249892311000053;5210427500200000000;0
50578;5;9;16;0;2021;8;13;4;3;5;2;1;1;0;0;0;0;0;373241,376102966256440;5708912,686706762760878;7,173088962000065;51,517096327000047;5210825300700770000;0
50579;5;9;13;0;2021;8;16;4;3;5;2;1;1;0;0;0;0;0;393060,158999958075583;5704322,425999615341425;7,459997576000035;51,479936818000056;5210804301103080000;1
50580;5;9;54;36;2021;8;17;5;3;5;2;1;1;0;0;0;0;0;384322,786999938078225;5698974,593999596312642;7,335977772000035;51,430151147000061;5210805300800070000;0
50581;5;1;62;24;2021;8;0;1;3;3;1;1;1;0;0;0;2;0;338457,684866147115827;5670339,683574395254254;6,689660154000023;51,161658529000078;5210822513210470000;1
50599;5;9;11;0;2021;8;7;3;3;5;2;1;0;0;0;0;0;0;375953,299213238060474;5707403,114524623379111;7,212685041000043;51,504131339000025;5210824300100360000;0
50601;5;1;11;0;2021;7;19;7;3;5;3;1;1;0;0;0;0;0;347743,730999756604433;5672528,959999227896333;6,821433788000036;51,183877522000046;5210717500300870000;0
50602;5;9;16;0;2021;8;15;1;3;5;3;1;1;0;0;0;0;0;378285,948999920859933;5709809,540999574586749;7,245446723000043;51,526266256000042;5210815300613460000;0
50608;5;1;24;0;2021;7;17;5;2;5;3;1;1;0;0;0;0;0;376581,406999913975596;5679817,054999554529786;7,231314904000044;51,256336361000081;5210715503200080000;0
50610;5;9;11;0;2021;7;8;3;3;0;6;1;0;0;0;0;0;1;375486,093999909237027;5703357,992999561131001;7,207383442000037;51,467673711000032;5210727300511170000;0
50615;5;1;58;26;2021;8;17;3;3;5;3;1;1;0;0;0;0;0;351270,432348361238837;5666492,762651333585382;6,874353076000034;51,130564367000034;5210824516900770000;0
50617;5;9;58;16;2021;8;15;5;2;3;6;1;0;0;0;0;0;0;443100,605999997816980;5681756,328999631106853;8,184114154000042;51,284293932000026;5210812313123710000;0
50619;5;1;58;16;2021;8;14;5;3;0;7;1;0;0;0;0;0;0;354266,960999803617597;5671332,288999347016215;6,915189297000040;51,174824173000047;5210805516500570000;0
50623;5;1;13;0;2021;4;13;3;3;5;3;1;1;0;0;0;0;0;366623,926093488000333;5701359,103738164529204;7,080623822000064;51,447690931000068;5210427502134100000;0
50625;5;1;62;24;2021;8;20;1;3;5;2;1;1;0;0;0;0;0;342080,464999707415700;5672006,573999084532261;6,740696568000033;51,177647407000052;5210822513210170000;0
50626;5;1;70;32;2021;7;15;6;3;5;3;1;1;0;0;0;0;0;333656,876999634318054;5710816,016998771578074;6,602151655000057;51,523928437000052;5210723518310990000;0
50629;5;1;13;0;2021;8;7;5;3;0;6;1;0;0;0;0;0;0;365956,521970520727336;5701646,150115042924881;7,070916499000020;51,450112951000051;5210812502134170000;0
50630;5;9;54;32;2021;7;23;6;3;0;1;1;0;0;0;0;2;0;387332,646366354078054;5693268,919086348265409;7,381068175000053;51,379473432000054;5210730310120280000;0
50631;5;9;58;44;2021;6;17;7;2;5;3;1;0;0;1;0;0;0;428804,674269955605268;5690628,437726093456149;7,977382407000050;51,362451641000064;5210612313130080000;0
50636;5;1;11;0;2021;8;18;4;3;6;7;1;0;1;0;0;0;0;347182,605663222260773;5677290,375508761033416;6,811383441000032;51,226512080000077;5210825500200000000;0
50641;5;9;54;24;2021;4;16;6;3;0;7;1;1;0;0;1;0;0;380788,136999929323792;5683060,364999573677778;7,290489698000044;51,286382590000073;5210430310210060000;0
50644;5;1;54;12;2021;7;18;1;3;9;1;1;0;0;0;0;0;0;313376,895999379456043;5711160,203997431322932;6,309959744000025;51,520683971000039;5210718515210200000;0
50646;5;1;12;0;2021;5;12;5;3;5;3;1;1;0;0;0;0;0;346313,682051596231759;5700294,848937984555960;6,789025532000039;51,432981336000068;5210506501314720000;0
50649;5;9;58;32;2021;8;5;3;3;5;3;1;1;0;0;0;1;0;447764,612395110540092;5689311,843544965609908;8,249878167000077;51,352674224000054;5210824313121980000;0
50650;5;9;54;16;2021;6;7;2;3;2;7;1;0;0;0;0;0;0;373864,903768260031939;5695468,003432633355260;7,186865748000059;51,396404819000054;5210607310110080000;0
50659;5;1;11;0;2021;8;16;6;3;5;2;1;1;0;0;0;0;0;346388,474999745376408;5679836,277999194338918;6,798927167000045;51,249175111000056;5210820500200100000;0
50669;5;9;13;0;2021;8;15;5;3;5;3;1;1;0;0;0;0;0;399120,332015945576131;5709669,943642077967525;7,545707242000049;51,529118050000079;5210819301302780000;0
50676;5;1;12;0;2021;7;15;2;3;0;7;1;1;0;0;0;0;0;346355,621000799350441;5699495,839958855882287;6,789974941000025;51,425813501000050;5210719501315280000;0
50688;5;9;14;0;2021;8;11;7;3;5;3;1;1;0;0;0;0;0;393105,346999959088862;5692349,071999613195658;7,464260723000052;51,372321657000043;5210807302100460000;0
50689;5;1;14;0;2021;8;8;5;3;5;3;1;0;0;0;1;0;0;330595,178999596275389;5693567,567998651415110;6,566315540000062;51,368064150000066;5210819505200570000;0
50692;5;9;58;32;2021;7;22;7;3;8;1;1;0;0;0;0;2;0;439974,416000880300999;5687179,831866661086679;8,138379943000075;51,332735782000043;5210717313121510000;0
50693;5;1;11;0;2021;8;14;3;3;1;5;1;1;0;0;0;0;0;348101,792191243730485;5675009,358705880120397;6,825503809000054;51,206260944000064;5210831500300870000;0
50702;5;9;62;40;2021;8;13;6;3;5;2;1;1;0;0;0;0;0;412191,166999985463917;5698530,289999637752771;7,736854571000038;51,431161550000070;5210813307000270000;0
50709;5;1;11;0;2021;6;16;3;3;5;2;1;1;0;0;0;0;0;348835,978999763727188;5673974,869999248534441;6,836441694000030;51,197160035000081;5210622500300700000;0
50710;5;1;19;0;2021;8;14;2;3;1;3;1;1;0;0;0;0;0;347518,744557816535234;5711101,681941384449601;6,801682426000070;51,530407877000073;5210830508000240000;0
50719;5;1;16;0;2021;8;18;6;3;1;5;1;1;0;0;0;0;0;321742,447527596727014;5670104,253418652340770;6,450961098000050;51,154580312000064;5210813506100990000;0
50722;5;1;58;32;2021;7;17;4;3;5;3;1;1;0;0;0;0;0;365338,374494601972401;5686361,578417126089334;7,067820306000044;51,312607233000051;5210728516100370000;0
50724;5;1;58;8;2021;8;13;6;2;0;7;1;0;0;0;0;0;0;361306,891999845393002;5673422,015999438241124;7,015027121000060;51,195355035000034;5210827516700160000;1
50726;5;9;11;0;2021;8;19;5;3;0;5;1;0;0;0;1;0;0;375292,967839486896992;5705876,640286823734641;7,203715246000058;51,490267122000034;5210812300200370000;0
50728;5;1;12;0;2021;8;18;2;3;4;6;1;0;0;0;0;0;0;340609,049999698065221;5702926,417999025434256;6,705841487000043;51,455049001000077;5210823501222990000;0
50732;5;1;58;32;2021;7;12;3;3;4;6;1;1;0;0;0;0;0;370511,857997707091272;5690800,682251481339335;7,140395000000069;51,353703391000067;5210727516100270000;0
50733;5;1;11;0;2021;7;13;6;3;5;3;1;1;0;0;0;0;0;342068,876569969579577;5674318,360110446810722;6,739514474000032;51,198416086000066;5210709500300500000;0
50735;5;1;16;0;2021;8;16;7;3;0;1;1;0;0;0;0;0;0;316001,991469354368746;5677586,242252627387643;6,365133308000054;51,219972095000060;5210828506100080000;1
50736;5;9;74;56;2021;6;11;6;3;3;6;1;1;0;0;0;0;0;422656,515578590333462;5705267,564561193808913;7,885893847000034;51,493255534000070;5210604316200100000;0
50740;5;1;19;0;2021;8;9;3;3;1;2;1;0;0;0;1;0;0;350600,870999781414866;5709509,989999277517200;6,846758173000069;51,516929899000047;5210831508000680000;0
50741;5;9;11;0;2021;7;2;1;3;0;1;1;0;0;0;0;2;0;377252,127999917604029;5704304,594999566674232;7,232466957000042;51,476567121000073;5210725300100670000;0
50742;5;1;13;0;2021;7;18;1;3;4;1;1;1;0;0;0;0;0;367622,669999877922237;5698135,653999503701925;7,096192780000024;51,418956590000050;5210718502244380000;0
50750;5;7;62;36;2021;8;12;7;3;0;1;1;0;0;0;0;0;0;511430,893052961677313;5704140,443615505471826;9,164637929000037;51,488296589000072;5210821407301990000;0
50751;5;1;54;28;2021;7;16;3;3;5;2;1;1;0;0;0;0;0;320338,677418729290366;5702186,449539326131344;6,414761317000057;51,442333637000047;5210720515210340000;0
50753;5;1;14;0;2021;7;16;1;3;4;6;1;0;0;0;0;0;0;330057,975213694386184;5695215,895068589597940;6,557817281000041;51,382711818000075;5210718505200180000;1
50755;5;1;11;0;2021;7;13;2;3;4;6;1;0;0;0;0;0;0;344445,402843815274537;5678463,855903489515185;6,771703888000047;51,236316823000038;5210719500200550000;0
50761;5;1;13;0;2021;7;21;4;3;5;2;1;1;0;0;0;0;0;364052,283999860286713;5707486,967999473214149;7,041281151000021;51,502147560000026;5210721502339770000;0
50764;5;9;16;0;2021;7;11;1;3;5;2;1;0;0;0;0;0;0;372957,917999899946153;5709182,769999546930194;7,168908496000029;51,519459916000073;5210725300700780000;0
50765;5;1;13;0;2021;8;14;5;2;5;3;1;1;0;0;0;0;0;361150,792124076746404;5705494,378935201093554;7,000287793000041;51,483536319000052;5210826502325670000;0
50770;5;1;13;0;2021;7;14;6;3;5;3;1;1;0;0;0;0;0;361559,465999848209321;5703756,121999442577362;7,006850851000024;51,468015971000057;5210723502103570000;0
50779;5;1;16;0;2021;7;16;5;3;1;5;1;1;0;0;0;0;0;322058,038085115142167;5671773,843027872964740;6,454643368000063;51,169677068000055;5210722506100070000;0
50789;5;1;19;0;2021;7;20;7;3;0;1;1;0;0;0;0;0;0;352878,760999797843397;5711343,026999320834875;6,878798776000053;51,533998516000054;5210731508000240000;0
50796;5;9;54;36;2021;6;9;3;3;5;3;1;1;0;0;0;0;0;384392,163999937474728;5698343,133999591693282;7,337181379000072;51,424489713000071;5210615300800080000;0
50797;5;1;62;24;2021;8;14;3;2;6;7;1;0;1;0;0;0;0;337074,483999662101269;5676041,205998929217458;6,667309498000066;51,212493118000054;5210824513210770000;0
50800;5;1;62;22;2021;8;13;7;3;0;7;1;0;0;0;0;0;0;339804,155952677130699;5684793,679197523742914;6,702439874000049;51,291905319000080;5210821513130480000;0
50802;5;5;62;4;2021;8;17;7;2;0;1;1;0;0;0;0;0;0;383622,270491027273238;5709946,501485968008637;7,322290233000047;51,528622218000066;5210821701800050000;0
50809;5;9;11;0;2021;7;14;3;3;5;2;1;1;0;0;0;0;0;371157,689527072012424;5703931,988792041316628;7,144893020000040;51,471863318000032;5210720300200570000;0
50811;5;1;14;0;2021;8;21;2;3;5;3;1;1;0;0;0;2;0;330106,900999589823186;5690097,874998632818460;6,560964315000035;51,336747288000026;5210830505200440000;0
50812;5;1;62;20;2021;8;7;5;2;4;6;1;0;0;0;0;0;0;329504,999999581836164;5675464,265998622402549;6,559310474000029;51,205100354000081;5210826513120040000;0
50824;5;1;13;0;2021;8;21;6;3;0;1;1;0;0;0;0;1;0;361374,015999847091734;5702889,582999443635345;7,004522429000076;51,460183572000062;5210806502104180000;0
50831;5;1;13;0;2021;7;11;7;2;0;2;1;1;0;0;0;0;0;366545,740999873727560;5697244,945999493822455;7,081049327000073;51,410699459000057;5210717502200670000;0
50832;5;1;58;32;2021;7;6;4;3;0;7;1;0;0;0;0;1;0;364854,782578764483333;5689240,010133415460587;7,059794171000021;51,338360590000036;5210728516100970000;0
50833;5;1;11;0;2021;6;16;5;3;0;6;1;1;0;0;0;0;0;345529,383877547457814;5677097,957595253363252;6,787808121000069;51,224338117000059;5210617500100700000;0
50834;5;1;62;16;2021;9;13;6;2;5;3;1;1;0;0;0;0;0;332264,215767928399146;5675451,313762821257114;6,598778071000027;51,205800845000056;5210903513110690000;0
50837;5;1;11;0;2021;7;14;5;3;0;7;1;0;0;0;0;0;0;342138,135220302268863;5685202,051274368539453;6,735705433000021;51,296226327000056;5210729500200380000;0
50839;5;9;13;0;2021;6;17;2;3;5;2;1;1;0;0;0;0;0;387197,322999943979084;5709187,592999607324600;7,374048789000028;51,522526633000041;5210628301201000000;0
50841;5;9;62;40;2021;8;19;2;2;0;1;1;0;0;0;0;0;0;416338,615575358271599;5698606,483889959752560;7,796483848000037;51,432474117000027;5210802307000630000;0
50844;5;9;14;0;2021;6;13;7;3;7;1;1;0;0;0;0;0;0;394607,288989976048470;5691008,602253986522555;7,486228151000034;51,360553232000029;5210612302223270000;0
50845;5;1;13;0;2021;8;17;4;3;0;7;1;0;0;0;0;0;0;358499,767999830655754;5703184,063999410718679;6,963058509000064;51,462118621000059;5210811502307070000;0
50848;5;1;11;0;2021;8;15;1;3;0;5;1;0;1;0;0;0;0;343653,575002642348409;5677970,949005516245961;6,760585456000058;51,231671512000048;5210801500100570000;0
50850;5;9;16;0;2021;8;18;4;2;1;5;1;1;0;0;0;0;0;373786,702365905977786;5711673,478603227064013;7,179954826000028;51,542030066000052;5210811300700860000;0
50854;5;1;62;22;2021;6;7;5;3;0;1;1;0;0;0;0;0;0;334859,468029043637216;5683579,695762719959021;6,632147475000068;51,279586070000050;5210617513130790000;0
50855;5;1;11;0;2021;5;12;4;3;5;2;1;1;0;0;0;0;0;346361,273482918739319;5679841,873948846012354;6,798535308000055;51,249218066000026;5210512500200000000;0
50856;5;9;13;0;2021;8;5;3;3;3;2;1;1;0;0;0;2;0;392803,720497468486428;5708239,860876196995378;7,455115932000069;51,515099992000046;5210810301101970000;1
50862;5;9;54;12;2021;7;16;4;3;0;1;1;0;0;0;0;0;0;384355,662349391728640;5685710,955770518630743;7,340766128000041;51,310942371000067;5210728310230470000;1
50883;5;1;24;0;2021;7;12;5;2;0;7;1;0;0;0;0;0;0;376934,212999916635454;5681082,919999558478594;7,235932734000073;51,267790002000027;5210715503200660000;1
50884;5;1;11;0;2021;8;18;5;3;1;5;1;1;0;0;0;0;0;342902,535823222249746;5678172,915728569030762;6,749748331000035;51,233279977000052;5210812500100060000;0
50888;5;9;62;32;2021;8;6;3;2;3;6;1;1;0;0;0;0;0;405077,671015516854823;5675991,290020711719990;7,640561065000043;51,227401327000052;5210824307000730000;0