OID_;ULAND;UREGBEZ;UKREIS;UGEMEINDE;UJAHR;UMONAT;USTUNDE;UWOCHENTAG;UKATEGORIE;UART;UTYP1;IstRad;IstPKW;IstFuss;IstKrad;IstSonstige;ULICHTVERH;IstGkfz;LINREFX;LINREFY;XGCSWGS84;YGCSWGS84;UIDENTSTLAE;IstStrassenzustand
50889;5;1;16;0;2021;8;12;1;3;5;2;1;1;0;0;0;0;0;314578,471999381668866;5675691,459997640922666;6,345751095000026;51,202491687000077;5210815506100080000;0
50892;5;1;66;32;2021;8;17;3;2;0;1;1;0;0;0;0;0;0;317202,629285043105483;5684994,743404038250446;6,378523059000031;51,286906098000031;5210803514113990000;1
50893;5;1;16;0;2021;7;23;5;3;0;1;1;0;0;0;0;2;0;320724,193808452226222;5672277,749931862577796;6,435332657000060;51,173787271000037;5210715506100580000;0
50896;5;1;13;0;2021;7;13;1;3;0;7;1;0;0;0;0;0;0;359601,289999837055802;5700234,322999421507120;6,980075061000036;51,435885931000030;5210718502241070000;0
50900;5;1;66;36;2021;7;5;3;3;9;1;1;0;0;0;0;2;0;329760,011257981881499;5681589,026093909516931;6,560047347000022;51,260201186000074;5210720514217070000;0
50903;5;1;14;0;2021;8;16;6;3;0;7;1;0;0;0;0;0;0;332751,706999618560076;5688111,098998751491308;6,599830399000041;51,319682034000039;5210806505100880000;0
50905;5;1;11;0;2021;5;16;5;3;5;3;1;1;0;0;0;0;0;352930,730771905742586;5680934,471579611301422;6,892149072000052;51,260768096000049;5210520500200000000;0
50918;5;5;13;0;2021;8;17;3;3;5;2;1;1;0;0;0;0;0;367784,745999880135059;5708002,375999506562948;7,094832388000043;51,507664855000030;5210810700100460000;0
50928;5;9;62;60;2021;6;6;4;3;0;6;1;1;0;0;0;0;0;413387,517791960388422;5679182,820580111816525;7,758767847000058;51,257414891000053;5210616307000190000;0
50929;5;1;11;0;2021;7;11;6;3;3;6;1;1;0;0;0;0;0;346732,908962300047278;5678495,916797431185842;6,804432352000049;51,237223940000035;5210723500200730000;0
50934;5;9;11;0;2021;4;19;3;2;3;6;1;1;0;0;0;0;0;371784,258927397429943;5702664,826050342991948;7,154369128000042;51,460617520000028;5210420300200840000;0
50935;5;1;58;36;2021;7;12;7;2;0;1;1;0;0;0;0;0;0;363457,347999857738614;5682349,232999460771680;7,042382010000040;51,276100882000037;5210724516100890000;0
50936;5;1;66;24;2021;8;13;4;3;0;7;1;1;0;0;0;0;0;308953,042488135397434;5681385,382851693779230;6,262287005000076;51,251780560000043;5210825514115980000;0
50937;5;9;11;0;2021;8;18;2;2;0;1;1;0;0;0;0;0;0;375999,626376893371344;5708895,079074541106820;7,212827455000024;51,517550290000031;5210830300100530000;0
50942;5;1;14;0;2021;7;20;7;3;5;3;1;0;0;0;1;0;0;331612,235999605618417;5686357,229998704046011;6,584321499000055;51,303589136000028;5210731505100370000;0
50947;5;1;17;0;2021;7;14;6;3;0;7;1;1;0;0;0;0;0;351337,876999784260988;5701415,319999292492867;6,860779483000044;51,444389874000080;5210730502403780000;0
50951;5;1;13;0;2021;7;13;7;3;0;7;1;0;0;0;0;0;0;354039,139489958062768;5704644,707039365544915;6,898288868000066;51,474110887000052;5210703502317480000;0
50955;5;9;13;0;2021;7;17;7;2;0;1;1;0;0;0;0;0;0;389828,027999952435493;5708024,225999616086483;7,412315919000037;51,512589323000043;5210731301201360000;0
50956;5;1;58;32;2021;8;14;6;3;5;3;1;1;0;0;0;0;0;365754,880742576904595;5684752,070918017998338;7,074398509000048;51,298241096000027;5210813516100980000;0
50957;5;1;20;0;2021;8;19;3;3;0;1;1;0;0;0;0;1;0;381562,553999928757548;5671657,984999576583505;7,305359894000048;51,184057394000035;5210831503300270000;0
50961;5;1;70;24;2021;8;13;5;3;5;2;1;1;0;0;0;0;0;337163,711004618555307;5702826,672745788469911;6,656341802000043;51,453172480000035;5210805518200020000;0
50963;5;1;14;0;2021;7;13;1;2;0;1;1;0;0;0;0;0;0;333637,084999629296362;5693243,611998785287142;6,610126210000033;51,366052881000030;5210718505200070000;0
50974;5;1;11;0;2021;8;16;3;3;5;3;1;1;0;0;0;0;0;339370,482810638844967;5677835,582677273079753;6,699349973000039;51,229265833000056;5210824500100550000;0
50979;5;9;78;28;2021;8;12;7;3;5;2;1;1;0;0;0;0;0;401236,470716875977814;5700737,223120743408799;7,578702822000025;51,449196213000050;5210814317140070000;0
50982;5;9;62;16;2021;8;17;3;2;9;1;1;0;0;0;0;0;0;415855,322416551411152;5695364,230086117982864;7,790302792000034;51,403255179000041;5210831307000800000;0
50983;5;9;62;8;2021;8;18;2;3;0;1;1;0;0;0;0;0;0;420375,754999991506338;5687111,890999630093575;7,857124462000058;51,329718167000067;5210802307000370000;0
50989;5;9;13;0;2021;8;17;1;3;5;3;1;1;0;0;0;0;0;386149,524999942630529;5706458,701999602839351;7,359833529000070;51,497789049000062;5210815301204380000;0
50992;5;1;66;32;2021;8;15;6;3;4;2;1;1;0;0;0;0;0;313735,868999371305108;5681229,833997556939721;6,330825307000055;51,251965463000033;5210827514111990000;1
50998;5;1;12;0;2021;8;14;6;3;5;3;1;1;0;0;0;0;0;343410,480999721214175;5695235,286999113857746;6,749527561000036;51,386726720000070;5210806501324680000;0
51006;5;1;66;12;2021;7;15;1;3;4;2;1;1;0;0;0;0;0;320116,297006396576762;5695219,035223962739110;6,415098870000065;51,379676913000026;5210725514210270000;0
51010;5;9;62;16;2021;7;15;5;3;8;1;1;0;0;0;0;0;0;415835,224270017817616;5696052,175388690084219;7,789850670000021;51,409436732000074;5210715307000170000;0
51012;5;1;16;0;2021;8;14;4;3;3;2;1;1;0;0;0;0;0;322817,382941434159875;5676462,678878223523498;6,463180794000039;51,212034440000082;5210804506100990000;0
51016;5;1;22;0;2021;6;16;6;2;0;7;1;0;0;0;0;0;0;366796,436358398757875;5671989,419944627210498;7,094077132000052;51,183786073000078;5210604503400390000;0
51017;5;9;13;0;2021;8;12;4;3;0;7;1;0;0;0;0;0;0;393401,396999958902597;5708737,171999623999000;7,463575721000041;51,519683154000063;5210818301202670000;0
51021;5;9;14;0;2021;7;14;2;3;0;7;1;0;0;0;0;0;0;397808,921999967657030;5692321,239999620243907;7,531819896000059;51,372937527000033;5210719302100490000;0
51023;5;9;11;0;2021;4;7;2;3;3;5;1;1;0;0;0;0;0;382935,857641887851059;5703524,001129668205976;7,314530609000030;51,470755990000043;5210426300300070000;0
51032;5;1;11;0;2021;8;15;4;3;1;3;1;1;0;0;0;0;0;345077,275999735109508;5677764,019999163225293;6,781050706000030;51,230200435000029;5210825500200360000;0
51034;5;3;74;16;2021;8;10;7;2;5;3;1;1;0;0;0;0;0;384545,493999938480556;5666776,737999580800533;7,349588293000068;51,140792539000074;5210814605116560000;0
51036;5;1;24;0;2021;7;13;7;3;2;3;1;1;0;0;0;0;0;371759,512999895960093;5684409,126999532803893;7,160602946000040;51,296543191000069;5210717503100870000;0
51037;5;1;22;0;2021;6;6;3;3;5;3;1;1;0;0;0;0;0;365850,974599065259099;5671749,104128658771515;7,080646973000057;51,181405220000045;5210615503400300000;0
51038;5;9;13;0;2021;7;14;7;3;3;2;1;1;0;0;0;0;0;394025,205999960191548;5709410,799999618902802;7,472360714000047;51,525855442000079;5210717301202160000;0
51039;5;9;11;0;2021;8;15;5;3;5;2;1;1;0;0;0;0;0;375659,010999910533428;5705684,289999563246965;7,209052724000060;51,488619017000076;5210812300100770000;0
51041;5;1;13;0;2021;8;10;2;2;0;1;1;1;0;0;0;0;0;363168,609018450602889;5701806,353816902264953;7,030757574000063;51,450885809000056;5210816502106780000;0
51050;5;1;62;24;2021;6;10;3;3;0;4;1;0;1;0;0;0;0;341157,351891745813191;5666267,376021735370159;6,730033656000046;51,125823907000040;5210615513210280000;0
51053;5;1;66;32;2021;7;20;3;3;5;3;1;1;0;0;0;0;0;320225,682999463751912;5680865,859998071566224;6,423904838000055;51,250778555000068;5210720514110880000;0
51057;5;1;17;0;2021;8;17;7;3;1;3;1;1;0;0;0;0;0;350226,259400852955878;5699649,266023499891162;6,845542606000038;51,428228203000060;5210828502409080000;1
51059;5;1;58;16;2021;8;16;1;3;0;5;1;1;0;0;0;0;0;355294,063935147598386;5670499,582732584327459;6,930207543000051;51,167602012000032;5210822516500570000;0
51063;5;9;14;0;2021;8;7;4;3;2;2;1;1;0;0;0;0;0;394383,339999961666763;5690223,214999614283442;7,483245955000029;51,353451951000068;5210804302100990000;0
51064;5;1;16;0;2021;7;16;6;3;5;2;1;0;0;0;0;0;0;323441,628999506123364;5674894,524998294189572;6,472880640000028;51,198140368000054;5210716506100680000;1
51065;5;1;70;8;2021;8;15;4;3;1;5;1;0;0;0;1;0;0;345283,427656327374279;5711660,271025169640779;6,769236602000035;51,534818676000043;5210811518400940000;0
51076;5;9;13;0;2021;8;20;7;3;0;1;1;0;0;0;0;0;0;392651,720999957993627;5708079,189999617636204;7,452975147000075;51,513626951000049;5210807301101070000;0
51078;5;1;14;0;2021;8;17;3;3;5;2;1;1;0;0;0;0;0;329529,192999583669007;5687247,065998606383801;6,554042172000038;51,310963296000068;5210831505100870000;0
51081;5;1;12;0;2021;8;16;7;3;3;2;1;1;0;0;0;0;0;343419,560006481595337;5710612,383899891749024;6,742850804000057;51,524889880000046;5210821501134990000;0
51085;5;1;13;0;2021;7;15;1;3;3;7;1;0;0;1;0;0;0;359625,003612341359258;5694213,821399390697479;6,982798958000046;51,381789870000034;5210718502229070000;0
51090;5;1;58;32;2021;7;11;1;3;5;2;1;0;0;0;0;0;0;370217,111999889835715;5689197,614999521523714;7,136749036000026;51,339229050000029;5210725516100070000;0
51097;5;9;13;0;2021;8;10;2;3;2;2;1;1;0;0;0;0;0;399531,516882440075278;5709091,531117293983698;7,551797872000066;51,523992124000074;5210830301304980000;0
51107;5;1;19;0;2021;8;15;3;3;5;3;1;1;0;0;0;0;0;352655,399999794550240;5711603,659999318420887;6,875471655000069;51,536282182000036;5210831508000570000;0
51113;5;9;74;12;2021;7;2;4;3;0;2;1;1;0;0;0;2;0;428475,482661196030676;5703888,360955283045769;7,969978337000043;51,481622260000051;5210728316200550000;0
51114;5;1;13;0;2021;7;14;4;3;0;7;1;0;0;0;0;0;0;364824,321177771314979;5699279,144777733832598;7,055536277000044;51,428572388000077;5210721502212380000;0
51115;5;3;78;32;2021;7;11;6;3;5;3;1;1;0;0;0;0;0;375803,869441127404571;5668870,056813649833202;7,223967378000054;51,157777579000026;5210730606600490000;0
51120;5;9;13;0;2021;7;16;7;3;5;2;1;1;0;0;0;0;0;392904,433999958448112;5710221,337999621406198;7,455964449000021;51,532929451000030;5210717301202670000;0
51122;5;1;70;28;2021;7;11;4;3;5;2;1;1;0;0;0;0;0;330991,922999602742493;5702147,840998660773039;6,567921630000058;51,445265612000071;5210728518210640000;0
51127;5;1;17;0;2021;6;20;3;3;0;1;1;0;0;0;0;0;0;351321,625996580347419;5699101,627579033374786;6,861517139000057;51,423595791000082;5210615502408670000;0
51129;5;1;11;0;2021;6;19;1;2;4;6;1;0;0;0;0;0;0;346205,691477843560278;5679720,382771776989102;6,796359966000068;51,248084480000045;5210606500200760000;0
51144;5;9;62;32;2021;8;17;4;3;8;1;1;1;0;0;0;0;0;403776,795999974943697;5677805,871999621391296;7,621448723000071;51,243495722000034;5210804307000570000;0
51152;5;1;11;0;2021;7;14;6;3;1;5;1;1;0;0;0;0;0;343181,428530881181359;5689975,271045271307230;6,748558015000071;51,339402321000080;5210723500200150000;0
51169;5;1;16;0;2021;8;21;5;2;0;1;1;0;0;0;0;2;0;321365,830999477766454;5673463,193998163565993;6,443912718000036;51,184637210000062;5210819506100380000;0
51170;5;1;54;12;2021;6;11;7;3;9;1;1;0;0;0;0;0;0;314004,952752228826284;5711035,256025735288858;6,319068001000062;51,519768844000055;5210612515210090000;0
51172;5;1;13;0;2021;7;1;2;3;0;7;1;0;0;0;0;2;0;359637,979999837465584;5700282,350999420508742;6,980583532000026;51,436326613000062;5210719502210780000;0
51174;5;9;62;24;2021;7;16;1;3;5;3;1;1;0;0;0;0;0;408492,012415374629200;5692241,907425805926323;7,685278440000047;51,374046738000061;5210718307000780000;0
51175;5;9;58;32;2021;8;12;7;3;5;3;1;1;0;0;0;0;0;442511,557933256030083;5690720,932005228474736;8,174222373000021;51,364836109000066;5210814313121480000;0
51177;5;1;12;0;2021;8;21;4;3;4;6;1;1;0;0;0;2;0;345392,465999739244580;5703739,051999162882566;6,774278549000030;51,463676964000058;5210818501126050000;0
51180;5;9;54;12;2021;6;8;3;3;6;7;1;0;1;0;0;0;0;383340,785226057283580;5686649,374708391726017;7,325904551000065;51,319169887000044;5210615310230080000;0
51189;5;1;13;0;2021;8;16;3;3;0;7;1;0;0;0;0;0;0;363830,544999860227108;5704636,812999470159411;7,039187779000031;51,476481346000071;5210817502338170000;1
51199;5;1;12;0;2021;8;17;4;3;5;3;1;1;0;0;0;0;0;341517,370999706909060;5703069,514999059960246;6,718839919000061;51,456589660000077;5210825501222380000;0
51208;5;1;58;28;2021;8;21;2;3;5;2;1;1;0;0;0;2;0;349356,925999769009650;5684324,611999258399010;6,839537612000072;51,290297684000052;5210823516300770000;0
51213;5;1;70;24;2021;8;7;2;2;5;3;1;1;0;0;0;0;0;336395,486999658867717;5702497,988998886197805;6,645446965000076;51,449998072000028;5210823518200990000;0
51214;5;9;54;28;2021;8;16;1;3;0;1;1;0;0;0;0;0;0;378205,988999919965863;5692995,792999569326639;7,250082927000051;51,375133904000052;5210815310140840000;0
51218;5;1;14;0;2021;8;12;3;3;5;2;1;1;0;0;0;0;0;331587,227620643563569;5689554,189888512715697;6,582452977000059;51,332303233000061;5210803505100870000;0
51221;5;7;74;28;2021;5;13;7;3;0;1;1;0;0;0;0;0;0;494563,356770506128669;5710148,322973515838385;8,921603796000056;51,542407025000045;5210501411128880000;0
51223;5;9;11;0;2021;8;11;4;2;5;3;1;1;0;0;0;0;0;377023,484237017109990;5706915,063446233049035;7,228266883000060;51,499978905000035;5210811300100480000;0
51231;5;5;12;0;2021;7;15;1;3;5;3;1;1;0;0;0;0;0;360577,067580996081233;5710029,470246884971857;6,990237808000074;51,524148374000049;5210718701400010000;0
51232;5;1;19;0;2021;8;14;1;3;0;3;1;1;0;0;0;0;0;351598,155352410860360;5706340,867849597707391;6,862454172000071;51,488716751000027;5210801508000180000;0
51238;5;1;11;0;2021;6;17;6;3;3;2;1;0;0;0;1;0;0;341132,162746634334326;5678127,000080913305283;6,724431338000045;51,232377318000033;5210604500100400000;0
51246;5;1;11;0;2021;8;11;2;2;0;7;1;0;0;0;1;0;0;346087,441480861045420;5677076,950815111398697;6,795802795000043;51,224300100000050;5210823500100950000;0
51250;5;1;12;0;2021;8;3;6;3;1;2;1;1;0;0;0;2;0;343927,783872356638312;5700353,178905468434095;6,754703738000046;51,432853279000028;5210813501311560000;0
51254;5;1;11;0;2021;1;17;3;3;5;3;1;1;0;0;0;2;0;347027,623999751172960;5677898,574999209493399;6,808905937000077;51,231935582000062;5210112500200800000;0
51256;5;1;13;0;2021;8;20;2;3;0;1;1;0;0;0;0;0;0;365432,570999868214130;5696607,612999483942986;7,065294534000031;51,404708838000033;5210809502200970000;1
51259;5;1;11;0;2021;8;18;7;3;5;3;1;1;0;0;0;0;0;342799,863999715074897;5677989,171999104321003;6,748359505000053;51,231600731000071;5210814500100770000;0
51261;5;9;13;0;2021;7;19;7;3;0;7;1;0;0;0;0;0;0;387046,492999944835901;5711136,939999606460333;7,371250377000024;51,540017305000049;5210724301205670000;0
51262;5;1;62;16;2021;4;11;5;3;4;6;1;0;0;0;0;0;0;332980,541329589672387;5677305,835489880293608;6,608159442000044;51,222672369000065;5210429513110140000;0
51266;5;1;66;36;2021;8;9;6;3;5;1;1;1;0;0;0;0;0;333890,887284330092371;5680492,294899443164468;6,619706482000026;51,251566309000054;5210813514217220000;0
51269;5;9;54;36;2021;6;13;1;3;0;1;1;0;0;0;0;0;0;385063,807429509237409;5698593,085154859349132;7,346756386000038;51,426872905000039;5210613300813070000;0
51271;5;9;14;0;2021;8;16;4;3;5;3;1;1;0;0;0;0;0;393280,724999957717955;5694554,308999612927437;7,466116774000056;51,392176830000039;5210825302000180000;0
51272;5;1;14;0;2021;8;10;1;3;5;3;1;1;0;0;0;0;0;332641,065999617800117;5687843,115998748689890;6,598369889000026;51,317241911000053;5210815505100870000;0
51278;5;1;70;24;2021;4;14;1;3;5;2;1;1;0;0;0;0;0;333759,108587060123682;5703344,530064359307289;6,607142386000021;51,456835574000081;5210425518200270000;0
51281;5;1;19;0;2021;8;19;7;3;0;7;1;0;0;0;1;0;0;350673,780069292522967;5704868,984551344066858;6,849772071000075;51,475247929000034;5210807508000640000;0
51284;5;1;11;0;2021;8;17;2;3;5;3;1;1;0;0;0;0;0;346412,202124602161348;5675999,798548776656389;6,800911459000076;51,214708787000063;5210816500300770000;1
51287;5;9;54;8;2021;8;15;6;3;5;2;1;1;0;0;0;0;0;386268,005752455443144;5684240,372924497351050;7,368660673000022;51,298109645000068;5210827310220380000;0
51289;5;9;16;0;2021;7;8;6;3;4;6;1;0;0;0;0;0;0;372452,060999899171293;5709968,756999541074038;7,161336931000051;51,526409627000078;5210716300700170000;0
51293;5;1;13;0;2021;8;16;1;3;0;3;1;1;0;0;0;0;0;358003,665999827906489;5692858,339999398216605;6,960057631000041;51,369205960000045;5210815502000680000;0
51298;5;9;54;28;2021;7;14;2;3;5;3;1;1;0;0;0;0;0;380338,366999926976860;5688201,025999575853348;7,282318392000036;51,332492435000063;5210719310140770000;0
51299;5;1;58;4;2021;8;12;7;3;1;5;1;1;0;0;0;0;0;353637,733102401718497;5677030,008505158126354;6,903870844000039;51,225864166000065;5210828516600730000;1
51306;5;1;11;0;2021;8;10;3;3;4;2;1;0;0;0;0;0;0;348513,832999761216342;5677325,296999238431454;6,830419497000037;51,227180730000043;5210824500200550000;0
51308;5;5;12;0;2021;8;17;6;2;5;3;1;1;0;0;0;0;0;355748,649276849813759;5709745,251463709399104;6,920801669000070;51,520381861000033;5210820701400970000;0
51310;5;1;12;0;2021;8;8;2;3;5;3;1;0;0;0;1;0;0;345862,937999743968248;5700231,520999176427722;6,782573773000024;51,432289893000075;5210830501314570000;1
51314;5;9;62;24;2021;7;13;1;3;0;1;1;0;0;0;0;0;0;410527,390577017329633;5695077,881606359034777;7,713798672000053;51,399865526000042;5210718307000970000;0
51317;5;1;11;0;2021;5;13;6;3;5;3;1;1;0;0;0;0;0;352928,992999793961644;5674013,439999323338270;6,894964806000075;51,198574826000026;5210514500300000000;0
51318;5;1;19;0;2021;8;14;7;3;4;2;1;1;0;0;0;0;0;349437,589489714242518;5710888,843875480815768;6,829415846000074;51,529010392000032;5210807508000570000;0
51320;5;9;13;0;2021;4;18;3;3;4;3;1;1;0;0;0;0;0;401958,683422225527465;5705685,950442709028721;7,587719626000023;51,493806031000076;5210420301303980000;0
51324;5;1;11;0;2021;8;8;3;3;5;3;1;1;0;0;0;0;0;346617,404453676193953;5678669,589900569990277;6,802704667000057;51,238753444000054;5210831500200560000;0
51332;5;1;19;0;2021;8;7;3;3;2;2;1;1;0;0;0;0;0;353131,436999798752367;5705732,530999323353171;6,884775978000050;51,483650774000068;5210810508000080000;1
51335;5;1;12;0;2021;8;20;3;3;5;3;1;1;0;0;0;2;0;343659,807999725453556;5693601,521999120712280;6,753826831000026;51,372116083000037;5210817501324180000;0
51336;5;9;58;44;2021;8;7;4;3;8;1;1;0;0;0;0;0;0;427713,983574632555246;5689622,547167479991913;7,961923403000071;51,353270444000032;5210825313130970000;0
51337;5;1;11;0;2021;7;8;5;3;5;2;1;1;0;0;0;0;0;347027,623999751172960;5677898,574999209493399;6,808905937000077;51,231935582000062;5210729500200070000;0
51340;5;1;12;0;2021;8;14;7;2;2;6;1;1;0;0;0;0;0;345485,951827855780721;5691682,502630727365613;6,780876037000041;51,355373178000036;5210814501326270000;0
51349;5;9;16;0;2021;8;10;6;3;5;3;1;1;0;0;0;0;0;374446,900639878585935;5708867,969241345301270;7,190470170000026;51,516963669000063;5210820300700470000;0
51351;5;1;13;0;2021;7;17;7;3;3;2;1;1;0;0;0;0;0;362101,889472356997430;5699335,608419351279736;7,016377866000028;51,428423865000070;5210703502210280000;0
51355;5;1;14;0;2021;8;8;2;3;0;3;1;1;0;0;0;0;0;331259,213342727161944;5687891,203190164640546;6,578536236000048;51,317265795000026;5210809505100080000;0
51358;5;1;13;0;2021;8;16;4;3;0;5;1;1;0;0;0;0;0;362185,297095973975956;5710864,966832298785448;7,013078226000061;51,532051109000065;5210818502340680000;0
51360;5;1;54;48;2021;8;16;6;3;0;1;1;0;0;0;0;0;0;325153,383640927262604;5702025,631124185398221;6,484049233000064;51,442395593000072;5210813515210990000;0
51367;5;1;11;0;2021;7;11;5;1;5;3;1;1;0;0;0;0;0;349948,410999774001539;5677807,844999268651009;6,850747841000043;51,231895757000075;5210715500200600000;0
51369;5;9;13;0;2021;8;6;3;3;4;6;1;0;0;0;0;1;0;394432,361838310025632;5711237,944941930472851;7,477679831000046;51,542354997000075;5210810301203260000;1
51370;5;3;78;32;2021;8;21;6;3;0;2;1;1;0;0;0;2;0;376599,125354679301381;5667583,714955151081085;7,235774963000040;51,146388015000070;5210806606100090000;0
51374;5;5;13;0;2021;7;19;6;2;4;6;1;0;0;0;1;0;0;364002,889158165082335;5710114,822024121880531;7,039556110000035;51,525750731000073;5210723700100740000;0
51376;5;1;17;0;2021;8;18;3;3;5;3;1;1;0;0;0;0;0;353244,489999798126519;5700409,769999325275421;6,888611973000025;51,435851531000026;5210803502402680000;0
51377;5;1;70;24;2021;8;16;5;3;3;2;1;1;0;0;0;0;0;335938,128080383874476;5702622,372907664626837;6,638813102000029;51,450983240000028;5210812518200540000;0
51392;5;9;74;44;2021;7;16;7;3;0;2;1;1;0;0;0;0;0;445957,896999998949468;5703927,570999640971422;8,221706853000057;51,483915627000044;5210703316400880000;0
51403;5;1;12;0;2021;8;16;3;3;0;7;1;0;0;0;0;0;0;342388,930895927362144;5703003,628866696730256;6,731403697000076;51,456240996000076;5210831501128470000;0
51416;5;1;13;0;2021;7;18;1;3;0;7;1;0;0;0;0;0;0;364660,719999863766134;5706161,322999477386475;7,050550391000058;51,490380640000069;5210725502339170000;1
51422;5;1;17;0;2021;8;10;3;3;4;2;1;1;0;0;0;0;0;349053,191999766975641;5697675,332999248057604;6,829521908000061;51,410180404000073;5210810502408180000;1
51423;5;1;11;0;2021;7;16;5;3;5;3;1;1;0;0;0;0;0;343404,301338490098715;5689875,217192847281694;6,751799149000021;51,338564766000047;5210722500200170000;0
51426;5;1;62;12;2021;7;14;6;3;0;2;1;1;0;0;0;0;0;326601,260267250239849;5667692,228587746620178;6,521531694000032;51,134403882000072;5210723513330940000;0
51431;5;1;70;24;2021;8;19;1;3;5;2;1;1;0;0;0;0;0;336334,224999657832086;5700883,588998887687922;6,645312522000040;51,435476256000072;5210801518200670000;1
51436;5;7;74;16;2021;6;20;3;3;2;1;1;0;0;0;0;0;0;469191,056203127838671;5711168,266688521951437;8,555653757000073;51,550762919000078;5210615411216370000;0
51440;5;5;62;8;2021;6;11;4;3;5;3;1;1;0;0;0;0;0;381951,473999933339655;5726213,384999597445130;7,292740043000038;51,674475451000035;5210609701910300000;0
51442;5;7;11;0;2021;8;21;7;2;5;3;1;1;0;0;0;2;0;473011,982000000774860;5769102,703999672085047;8,606246861000045;52,071849397000051;5210828400100060000;1
51443;5;5;66;92;2021;8;12;3;3;5;2;1;1;0;0;0;0;0;423175,556368182413280;5796602,967060415074229;7,873004801000036;52,314376511000034;5210817709700040000;0
51452;5;7;11;0;2021;8;12;2;3;0;3;1;1;0;0;0;0;0;470182,524306055158377;5761444,102591207250953;8,565634369000065;52,002848524000058;5210823400200990000;0
51469;5;5;54;12;2021;5;14;5;3;5;3;1;1;0;0;0;0;0;352841,352130637504160;5745921,794165626168251;6,863677749000033;51,844686712000055;5210506705000550000;0
51474;5;1;70;52;2021;8;15;4;3;5;2;1;1;0;0;0;0;0;324415,749949395656586;5726342,789366256445646;6,461308795000036;51,660604990000081;5210825518320990000;0
51475;5;5;54;12;2021;7;21;7;2;5;3;1;1;0;0;0;1;0;352244,803999793715775;5745910,134999308735132;6,855029097000056;51,844424414000059;5210731705000650000;0
51476;5;5;62;32;2021;7;16;2;2;0;1;1;0;0;0;0;0;0;374729,933684461750090;5719703,640200300142169;7,190684963000024;51,614408292000064;5210719701110770000;0
51481;5;7;54;8;2021;8;13;1;3;7;1;1;0;0;0;0;0;0;457309,218331418000162;5749675,671241350471973;8,379574603000037;51,896203629000070;5210822405108990000;0
51487;5;5;15;0;2021;7;13;6;3;5;3;1;0;0;0;0;0;0;405842,832699827849865;5760210,852944554761052;7,628896658000031;51,984580278000067;5210730702100060000;0
51492;5;5;62;28;2021;7;20;6;3;5;3;1;1;0;0;0;0;0;377320,842999917455018;5723860,972999574616551;7,226629919000061;51,652341732000082;5210723701920080000;0
51498;5;5;66;8;2021;8;14;4;3;0;7;1;0;0;0;0;0;0;395766,937671274878085;5779630,723253678530455;7,476295120000032;52,157320775000073;5210825709110040000;0
51502;5;5;66;60;2021;8;15;2;3;5;3;1;1;0;0;0;0;0;389928,381999952718616;5790800,058999652042985;7,387350284000036;52,256567440000026;5210802709500030000;0
51510;5;5;15;0;2021;8;11;4;3;0;3;1;1;0;0;0;0;0;405506,124688534066081;5751876,280422361567616;7,626286169000025;51,909608227000035;5210825702100050000;0
51515;5;1;70;44;2021;7;5;5;3;5;3;1;1;0;0;0;1;0;341394,234999707899988;5718660,266999045386910;6,710049512000069;51,596630617000073;5210722518120480000;0
51516;5;5;62;16;2021;4;13;2;3;5;3;1;1;0;0;0;0;0;374555,011999906972051;5734318,435999564826488;7,182908769000051;51,745711598000071;5210426701700920000;0
51517;5;1;54;40;2021;8;16;4;3;0;1;1;0;0;0;0;0;0;290851,627999046817422;5743731,697993814945221;5,966247366000061;51,805252642000028;5210811515110580000;0
51518;5;5;62;32;2021;7;16;3;3;0;7;1;0;0;0;0;0;0;377301,586999918334186;5720444,426999576389790;7,227549418000024;51,621632321000050;5210720701110770000;0
51521;5;5;54;68;2021;8;10;1;2;0;7;1;0;0;0;0;0;0;353449,731758102774620;5774434,480778500437737;6,860330257000044;52,101026399000034;5210829705000990000;1
51526;5;9;78;32;2021;8;12;2;3;0;6;1;1;0;0;0;0;0;393912,668138368055224;5727707,276100534945726;7,465202464000072;51,690289331000031;5210816317250340000;1
51533;5;7;11;0;2021;1;15;6;3;5;3;1;1;0;0;0;0;0;459989,274000000208616;5757083,453999668359756;8,417660229000035;51,963002935000077;5210101400300300000;1
51539;5;5;54;4;2021;8;14;4;3;5;3;1;1;0;0;0;0;0;364451,346950430423021;5772582,833388291299343;7,021585023000057;52,087193439000032;5210818705000990000;1
51545;5;5;54;28;2021;8;13;6;3;0;7;1;0;0;0;0;0;0;356602,928238158114254;5742317,551831640303135;6,919738785000050;51,813280300000031;5210820705000990000;0
51559;5;5;15;0;2021;6;18;2;3;5;3;1;0;0;0;0;0;0;403971,120802078396082;5757688,506092792376876;7,602355430000046;51,961588220000067;5210628702100200000;1
51561;5;5;70;16;2021;8;16;1;2;8;1;1;0;0;0;0;0;0;415492,258803041651845;5733427,502638312056661;7,775926699000024;51,745373832000041;5210822711221220000;0
51567;5;9;15;0;2021;8;18;4;3;5;3;1;1;0;0;0;0;0;414808,689999988302588;5724553,031999649479985;7,768196587000034;51,665494785000078;5210804303100640000;0
51573;5;1;58;20;2021;8;20;5;3;0;7;1;1;0;0;0;1;0;357760,151618882082403;5661103,909634513780475;6,969164608000028;51,083785063000050;5210812516800570000;0
51576;5;5;15;0;2021;8;7;5;3;5;3;1;1;0;0;0;0;0;404035,269172664731741;5753644,989235537126660;7,604417348000027;51,925254655000060;5210819702100730000;0