OID_;ULAND;UREGBEZ;UKREIS;UGEMEINDE;UJAHR;UMONAT;USTUNDE;UWOCHENTAG;UKATEGORIE;UART;UTYP1;IstRad;IstPKW;IstFuss;IstKrad;IstSonstige;ULICHTVERH;IstGkfz;LINREFX;LINREFY;XGCSWGS84;YGCSWGS84;UIDENTSTLAE;IstStrassenzustand
51577;5;5;66;76;2021;7;18;5;3;0;4;1;0;1;0;0;0;0;395078,091999962925911;5791910,352999662980437;7,462422901000025;52,267552249000062;5210729709000660000;0
51578;5;9;78;20;2021;2;8;4;2;0;1;1;0;0;0;0;0;0;410106,742056339979172;5715606,967383546754718;7,702524381000046;51,584344035000072;5210224317210600000;0
51584;5;1;70;48;2021;8;7;2;3;5;2;1;0;0;0;0;0;1;335763,306999656371772;5725792,906998839229345;6,625479155000050;51,659095481000065;5210816518100990000;0
51586;5;5;58;20;2021;3;8;6;3;5;2;1;1;0;0;0;0;0;391113,042640695348382;5759278,699906595051289;7,414782106000075;51,973510778000048;5210319706200000000;0
51589;5;5;58;16;2021;8;8;3;3;0;1;1;0;0;0;0;0;0;381434,961393889039755;5743430,027052571997046;7,279402564000065;51,829097726000043;5210817706100380000;0
51593;5;7;11;0;2021;7;6;7;2;8;1;1;0;0;0;0;0;0;470336,939134102314711;5761384,500229835510254;8,567888895000067;52,002320930000053;5210724400200990000;0
51599;5;1;11;0;2021;8;15;6;3;5;3;1;1;0;0;0;0;0;350556,421999776735902;5675331,658999282866716;6,860482287000025;51,209804589000044;5210827500300770000;1
51600;5;7;54;8;2021;1;11;4;3;0;7;1;1;0;0;0;0;0;456792,161815588362515;5751766,754169965162873;8,371798483000020;51,914963790000058;5210120405108900000;0
51602;5;5;66;28;2021;8;21;7;1;9;1;1;0;0;0;0;0;0;409673,303634530864656;5796797,357292097061872;7,674931141000059;52,314068269000074;5210828709700160000;0
51604;5;7;11;0;2021;8;7;3;3;5;2;1;0;0;0;1;0;0;470575,075928362086415;5755013,264083836227655;8,571904055000061;51,945051429000046;5210831400300650000;0
51608;5;5;58;16;2021;8;9;4;3;0;1;1;0;0;0;0;0;0;380358,808124538511038;5740682,157226953655481;7,264742413000022;51,804172877000042;5210818706100990000;0
51616;5;7;62;20;2021;8;16;1;2;5;3;1;1;0;0;0;0;0;526131,626000001095235;5736533,954999657347798;9,378785821000065;51,779068919000053;5210822407101990000;0
51618;5;9;74;28;2021;8;11;7;3;5;2;1;1;0;0;0;0;0;454756,419999998994172;5725655,055999653413892;8,345609984000021;51,680040198000029;5210814316300990000;0
51624;5;7;11;0;2021;8;18;3;3;5;3;1;1;0;0;0;0;0;471313,039380392991006;5753290,637731149792671;8,582783876000065;51,929602159000069;5210817400300980000;0
51628;5;7;66;40;2021;8;21;7;2;9;7;1;0;0;0;0;2;0;486245,313547689467669;5760339,145713683217764;8,799670709000054;51,993544365000048;5210814404102970000;0
51631;5;5;54;4;2021;7;13;3;3;4;7;1;0;0;0;1;0;0;362751,159999857656658;5771137,374999469146132;6,997367640000050;52,073786556000073;5210727705000480000;0
51634;5;5;54;28;2021;7;17;7;3;0;7;1;0;0;0;0;0;0;358075,326999831013381;5744490,084999406710267;6,940193445000034;51,833177199000033;5210724705000990000;0
51637;5;5;54;12;2021;7;13;7;3;5;2;1;1;0;0;0;0;0;347443,584400949999690;5744479,746290603652596;6,786015497000051;51,830281996000053;5210731705000070000;0
51638;5;5;66;8;2021;7;18;3;2;0;3;1;0;0;0;0;0;0;398776,125084925442934;5779196,035778155550361;7,520397614000046;52,153973843000074;5210720709100060000;0
51639;5;9;70;32;2021;8;7;7;3;9;7;1;1;0;0;0;1;0;436974,975075324065983;5641056,120920596644282;8,103396331000056;50,917703932000052;5210828315260270000;1
51640;5;5;15;0;2021;7;12;2;3;0;1;1;0;0;0;0;0;0;404734,695343254134059;5748920,457829069346189;7,615891700000077;51,882908441000041;5210719702100500000;0
51643;5;5;62;4;2021;8;11;3;3;5;3;1;0;0;0;0;0;0;382909,808999935165048;5716135,986999591812491;7,309963107000044;51,584104355000079;5210803701800020000;0
51644;5;7;74;4;2021;8;19;2;3;5;3;1;0;0;0;0;0;0;495470,566999999806285;5729209,709999654442072;8,934439147000035;51,713805966000052;5210802411104070000;0
51646;5;5;66;60;2021;8;19;3;2;3;6;1;0;0;0;0;0;0;390211,137996087782085;5786510,184918453916907;7,392884606000052;52,218070620000049;5210831709500250000;0
51648;5;7;54;12;2021;7;10;3;3;0;3;1;0;0;0;0;0;0;454994,965160914696753;5768873,930422384291887;8,343425057000047;52,068621501000052;5210727405112990000;0
51651;5;5;15;0;2021;8;9;6;3;5;2;1;1;0;0;0;0;0;405412,610999978147447;5756062,067999657243490;7,623776613000075;51,947216200000071;5210806702100070000;1
51653;5;9;78;24;2021;8;22;6;3;0;1;1;0;0;0;0;2;0;397883,932149633765221;5718391,986543715000153;7,525354760000027;51,607295160000035;5210820301301570000;0
51654;5;5;62;12;2021;8;19;5;2;5;3;1;1;0;0;0;0;0;359798,689999841153622;5735863,669999428093433;6,968675199000074;51,756098830000042;5210812701610080000;0
51657;5;7;62;8;2021;6;10;7;3;5;3;1;1;0;0;0;0;0;521357,284567326307297;5720146,131677741184831;9,308577429000024;51,631923999000037;5210619407123470000;0
51658;5;7;74;24;2021;6;6;4;3;5;3;1;1;0;0;0;0;0;475153,066000000573695;5746032,242999661713839;8,639154151000071;51,864527060000057;5210616411224340000;0
51660;5;9;74;28;2021;8;17;1;2;5;3;1;1;0;0;0;0;0;454348,794999999925494;5728069,322999652475119;8,339398726000070;51,701713487000063;5210822316300070000;0
51662;5;9;70;40;2021;7;14;2;3;3;6;1;1;0;0;0;0;0;432704,184358263388276;5636542,452793829143047;8,043480006000038;50,876637416000051;5210726315110590000;0
51664;5;9;74;40;2021;8;17;2;3;5;3;1;1;0;0;0;0;0;439643,133999998681247;5713492,979999648407102;8,129135630000064;51,569276149000075;5210830316100990000;0
51669;5;7;54;48;2021;8;6;6;3;5;3;1;1;0;0;0;0;0;439465,867537479847670;5766890,194546766579151;8,117249260000051;52,049308507000035;5210820405148990000;1
51670;5;7;70;16;2021;8;14;7;3;3;2;1;1;0;0;0;0;0;476802,234336321242154;5793197,458016144111753;8,659896843000070;52,288645618000032;5210821410270250000;0
51673;5;5;15;0;2021;2;4;4;3;0;1;1;0;0;0;0;2;0;407888,957386429421604;5758267,016692521050572;7,659204860000045;51,967451088000075;5210210702100500000;2
51677;5;9;15;0;2021;7;7;6;3;5;2;1;1;0;0;0;0;0;417451,451999989338219;5725274,224999651312828;7,806229476000055;51,672372443000029;5210723303100070000;0
51678;5;7;66;8;2021;7;20;7;3;0;3;1;1;0;0;0;0;0;482111,967000000178814;5768627,366999676451087;8,739037999000061;52,067944491000048;5210724404102990000;0
51691;5;7;58;32;2021;8;11;4;3;5;3;1;1;0;0;0;0;0;465784,150768998079002;5775347,227659353986382;8,500170088000061;52,127591133000067;5210804406140780000;0
51694;5;1;70;4;2021;8;15;7;3;1;1;1;1;0;0;0;0;0;327269,896734395995736;5717050,077685419470072;6,507113893000053;51,578012826000077;5210814518301990000;0
51695;5;7;58;4;2021;8;15;6;3;5;2;1;1;0;0;0;0;0;470476,675886923447251;5783723,510384432971478;8,567988220000075;52,203168282000036;5210806406210460000;0
51697;5;7;54;8;2021;6;0;7;3;0;1;1;0;0;0;0;2;0;456703,257861384190619;5751634,603436268866062;8,370522601000062;51,913768777000030;5210612405108000000;0
51699;5;7;70;24;2021;7;0;7;3;0;7;1;0;0;0;0;2;0;493249,693656311370432;5791844,018335584551096;8,901059791000023;52,276925731000063;5210731410110990000;0
51706;5;7;54;28;2021;8;1;1;3;0;7;1;0;0;0;0;2;0;451294,181999999098480;5744857,946999663487077;8,292844564000063;51,852396770000041;5210822405228990000;0
51707;5;7;54;16;2021;5;14;7;1;5;3;1;1;0;0;0;0;0;441147,185999998822808;5761375,139999670907855;8,142712925000069;51,999909745000082;5210508405116990000;0
51713;5;9;74;40;2021;4;7;5;3;3;2;1;1;0;0;0;0;0;438895,187653912231326;5713022,169320182874799;8,118427059000055;51,564962730000047;5210429316100580000;0
51716;5;3;62;36;2021;7;16;3;3;3;6;1;0;0;0;1;0;0;345795,472476192750037;5652114,796823319047689;6,802294800000027;50,999919536000050;5210727602300770000;1
51717;5;7;66;20;2021;8;12;7;2;0;6;1;1;0;0;0;0;0;489435,740966647863388;5750196,576327754184604;8,846449028000052;51,902422324000042;5210821404101990000;0
51722;5;1;54;4;2021;7;10;4;3;5;3;1;1;0;0;0;0;0;308388,375999317504466;5734881,595996810123324;6,225166891000072;51,732056547000070;5210721515110070000;0
51732;5;5;66;8;2021;4;12;4;3;5;3;1;1;0;0;0;0;0;399068,281999968923628;5781306,659999663010240;7,524039002000052;52,172997030000033;5210407709110000000;1
51733;5;3;15;0;2021;7;22;3;2;0;1;1;0;0;0;0;2;0;360044,562999838031828;5648162,890999421477318;7,006754967000063;50,968045999000026;5210720601500060000;0
51738;5;9;78;32;2021;8;13;7;3;0;3;1;1;0;0;0;0;0;393193,664938445203006;5729609,684575377032161;7,454221866000069;51,707252129000040;5210821317250990000;0
51747;5;5;15;0;2021;7;17;7;3;5;3;1;1;0;0;0;0;0;405954,579948107711971;5756803,231304278597236;7,631456879000041;51,953970016000028;5210724702100130000;1
51751;5;1;70;12;2021;8;17;2;2;5;3;1;1;0;0;0;0;0;333581,286999637261033;5740640,376998741179705;6,586866488000055;51,791834801000050;5210802518110040000;0
51763;5;1;58;16;2021;8;15;5;3;5;2;1;1;0;0;0;0;0;355971,819607286714017;5670806,351137410849333;6,939772171000072;51,170529828000042;5210826516000080000;0
51764;5;7;54;8;2021;7;22;5;3;5;3;1;1;0;0;0;2;0;460499,193409645929933;5751341,602126253768802;8,425740951000023;51,911416694000081;5210722405108990000;0
51766;5;7;70;20;2021;8;21;7;2;0;1;1;0;0;0;0;2;0;474190,437858087010682;5793287,611701926216483;8,621599169000035;52,289339655000049;5210814410230990000;0
51768;5;5;15;0;2021;7;22;3;3;5;2;1;1;0;0;0;2;0;403207,760999973863363;5755252,723999653011560;7,591934776000073;51,939562270000067;5210727702100070000;0
51769;5;5;58;20;2021;5;16;2;3;5;3;1;1;0;0;0;0;0;391616,056216931901872;5758341,517972644418478;7,422398028000032;51,965186094000046;5210503706200200000;0
51774;5;7;66;8;2021;8;15;3;2;5;3;1;1;0;0;0;0;0;481755,736999999731779;5770495,228999674320221;8,733741259000055;52,084726340000032;5210817404302280000;1
51777;5;5;54;32;2021;7;12;1;3;0;1;1;0;0;0;0;0;0;322515,073589112609625;5747311,008117070421576;6,423153553000020;51,848350318000030;5210718705000360000;0
51779;5;5;70;16;2021;3;13;5;3;5;3;1;1;0;0;0;0;0;412090,169456185773015;5737154,668351721018553;7,725718192000045;51,778354233000073;5210325711221600000;0
51792;5;5;54;12;2021;7;14;7;3;5;3;1;1;0;0;0;0;0;353734,772999803535640;5747275,503999335691333;6,876065287000074;51,857084555000029;5210731705000990000;1
51795;5;3;82;44;2021;8;17;3;3;5;2;1;1;0;0;0;0;0;363702,522810887545347;5627183,392665479332209;7,066639013000042;50,780368880000026;5210817607400470000;1
51798;5;1;54;36;2021;8;13;3;3;1;5;1;1;0;0;1;0;0;301944,845037220045924;5740581,263374231755733;6,128731803000051;51,781000846000040;5210831515110990000;0
51804;5;7;11;0;2021;8;15;5;2;8;1;1;0;0;0;0;0;0;469951,210890010930598;5765303,222489327192307;8,561926019000055;52,037532105000082;5210819400100990000;1
51805;5;5;15;0;2021;8;17;2;3;5;2;1;0;0;0;0;0;0;408130,803991632536054;5754274,366971677169204;7,663791418000073;51,931602833000056;5210802702100570000;0
51806;5;5;70;52;2021;8;12;6;3;5;2;1;1;0;0;0;0;0;430510,238999996334314;5756954,968999668955803;7,988687831000050;51,958944799000051;5210827711111480000;1
51815;5;5;15;0;2021;6;16;5;3;5;3;1;1;0;0;0;0;0;403490,355999974533916;5760696,559999659657478;7,594514555000046;51,988542238000036;5210617702100200000;0
51817;5;1;54;36;2021;3;14;4;3;4;6;1;0;0;1;0;0;0;303104,659080207347870;5739495,866144591942430;6,146138841000038;51,771663035000074;5210317515110020000;0
51819;5;5;66;40;2021;7;13;6;3;5;3;1;1;0;0;0;0;0;421185,327999991364777;5779623,284999679774046;7,847774719000029;52,161467973000072;5210723709800300000;0
51820;5;3;15;0;2021;7;17;3;3;3;2;1;1;0;0;0;0;0;355189,691999808885157;5644662,949999356642365;6,939051063000022;50,935392929000045;5210727601100880000;1
51822;5;7;11;0;2021;8;14;7;3;5;3;1;1;0;0;0;0;0;475178,007571387104690;5763837,757779389619827;8,638230744000055;52,024615148000066;5210828400200990000;1
51825;5;9;15;0;2021;8;5;5;3;0;3;1;1;0;0;0;2;0;419028,885999988764524;5729278,822999652475119;7,828106879000075;51,708601584000064;5210826303100990000;1
51831;5;5;58;32;2021;7;1;7;3;5;3;1;0;0;0;1;2;0;386680,241212392225862;5753396,869281124323606;7,352214851000042;51,919762746000060;5210724706100270000;0
51833;5;5;66;56;2021;8;15;6;3;5;3;1;1;0;0;0;0;0;417348,318212673999369;5796609,879100669175386;7,787539021000043;52,313592273000040;5210820709700640000;0
51835;5;5;15;0;2021;8;14;7;3;3;6;1;0;0;0;0;0;0;405550,429734712466598;5756692,535339940339327;7,625607961000071;51,952906540000072;5210828702100870000;1
51836;5;5;15;0;2021;8;14;7;3;5;3;1;0;0;0;1;0;0;403183,698999974876642;5759053,038999658077955;7,590513923000060;51,973716471000046;5210821702100470000;0
51846;5;5;62;4;2021;9;8;5;3;5;3;1;1;0;0;0;0;0;382361,066999931819737;5712371,455999592319131;7,303306694000071;51,550155689000064;5210916701800990000;0
51850;5;1;11;0;2021;7;14;1;3;0;1;1;0;0;0;0;0;0;350268,469157149083912;5670047,569113710895181;6,858565346000034;51,162246762000052;5210718500300870000;0
51852;5;7;54;36;2021;8;13;1;3;0;1;1;0;0;0;0;0;0;476605,817560803145170;5751203,631719270721078;8,659900934000063;51,911085686000035;5210822405236580000;0
51854;5;5;66;16;2021;8;16;4;3;4;6;1;1;0;0;0;0;0;403679,336766774766147;5793505,953902198001742;7,587970675000065;52,283467026000039;5210825709500170000;0
51861;5;5;66;88;2021;8;16;1;2;3;6;1;0;0;0;0;0;0;414140,770833208225667;5787968,439701441675425;7,742697909000071;52,235427585000082;5210815709800880000;0
51865;5;5;54;32;2021;8;15;3;3;5;3;1;1;0;0;0;0;0;322419,902999513782561;5746494,306998090818524;6,422192632000076;51,840984375000062;5210831705000560000;0
51871;5;5;15;0;2021;7;15;3;3;5;3;1;0;0;1;0;0;0;401977,245999974198639;5750177,854999650269747;7,575484611000036;51,893732396000075;5210720702100440000;0
51880;5;1;70;48;2021;8;23;4;3;5;3;1;1;0;0;0;2;0;336356,345338314771652;5727340,286802899092436;6,633320742000024;51,673169793000056;5210804518100040000;0
51885;5;5;58;8;2021;7;23;7;2;0;7;1;0;0;0;0;2;0;382063,068637941963971;5759344,779944544658065;7,283067915000061;51,972257893000062;5210717706000760000;0
51886;5;5;62;32;2021;7;16;1;2;0;1;1;0;0;0;0;0;0;373844,972827817313373;5719189,661051673814654;7,178095118000044;51,609591534000060;5210725701110660000;0
51888;5;7;54;32;2021;8;16;5;3;5;3;1;0;0;1;0;0;0;464295,132849454879761;5740628,989892913028598;8,482030765000047;51,815358035000031;5210812405232480000;0
51891;5;5;58;44;2021;8;10;2;2;4;1;1;1;0;0;1;0;0;396455,373572277836502;5748537,350212046876550;7,495759481000050;51,877988970000047;5210809706000970000;1
51892;5;5;58;40;2021;6;15;7;3;8;1;1;0;0;0;0;0;0;375425,459991509094834;5764403,696906093508005;7,184649993000050;52,016271552000035;5210612706000690000;0
51897;5;7;70;4;2021;7;15;7;3;5;3;1;1;0;0;0;0;0;486576,546629977412522;5784287,613891851156950;8,803551216000074;52,208867175000080;5210703410230790000;0
51899;5;9;15;0;2021;8;7;3;2;5;3;1;1;0;0;0;0;0;418608,568443053402007;5725221,419072719290853;7,822971515000063;51,672066591000032;5210817303100990000;0
51900;5;7;54;36;2021;8;14;2;3;5;3;1;1;0;0;0;0;0;476968,020999999716878;5751004,192999662831426;8,665179799000043;51,909307640000065;5210823405236070000;0
51903;5;1;70;48;2021;8;15;4;3;0;2;1;0;0;0;0;0;0;334739,289098799228668;5724456,271107634529471;6,611319440000045;51,646787450000033;5210825518100990000;0
51905;5;5;15;0;2021;7;14;6;3;6;4;1;0;1;0;0;0;0;406199,373873412609100;5757948,519593782722950;7,634705274000055;51,964305744000058;5210730702100480000;0
51912;5;1;70;52;2021;7;9;7;3;5;3;1;1;0;0;0;0;0;324499,011030975729227;5725773,316442636772990;6,462797215000023;51,655515611000055;5210724518320990000;0
51913;5;5;54;12;2021;8;15;1;3;5;3;1;1;0;0;0;0;0;347491,932999760843813;5744477,476999200880527;6,786717594000038;51,830274809000059;5210815705000540000;0
51914;5;5;58;40;2021;8;14;3;2;5;3;1;1;0;0;0;0;0;372669,550999901257455;5760509,877999560907483;7,145958836000034;51,980655226000067;5210824706200990000;0
51915;5;1;70;44;2021;8;16;1;3;5;2;1;1;0;0;0;0;0;340772,552999702282250;5719850,954999027773738;6,700540898000042;51,607152771000074;5210815518120990000;0
51917;5;5;70;28;2021;9;20;4;3;8;1;1;0;0;0;0;2;0;440575,093422682024539;5740840,349622840061784;8,137922383000046;51,815239445000032;5210908711411990000;0
51923;5;9;78;20;2021;8;17;4;3;8;1;1;0;0;0;0;0;0;405295,713860035873950;5714932,637046180665493;7,633286945000066;51,577494449000028;5210811317210470000;0
51930;5;5;58;12;2021;8;16;2;3;5;3;1;1;0;0;0;0;0;373461,699375325813890;5754078,721753057092428;7,159854625000037;51,923043346000043;5210816706200070000;1
51936;5;5;58;24;2021;7;17;2;3;0;1;1;1;0;0;0;0;0;391709,146850339137018;5735027,823150230571628;7,431059882000056;51,755665801000077;5210726706300990000;0
51938;5;5;62;36;2021;7;19;4;3;5;2;1;1;0;0;0;0;0;388740,263999951072037;5719985,470999617129564;7,392859970000075;51,619884946000070;5210721701930040000;0
51939;5;5;54;12;2021;6;17;7;3;4;3;1;1;0;0;0;0;0;352520,170384133234620;5748840,961702598258853;6,857772830000044;51,870830372000057;5210612705000890000;0
51947;5;3;70;40;2021;8;13;4;3;5;3;1;0;0;1;0;0;0;308119,059021314606071;5672373,998925551772118;6,255170421000059;51,170561890000045;5210825610212050000;0
51948;5;7;54;8;2021;7;18;5;3;8;1;1;0;0;0;0;0;0;461109,199000000953674;5750647,932999666780233;8,434686993000071;51,905223080000042;5210715405108080000;0
51949;5;7;11;0;2021;10;18;2;3;5;3;1;1;0;0;0;0;0;469676,430999999865890;5765221,337999675422907;8,557927460000030;52,036780951000026;5211018400200990000;0
51951;5;7;54;8;2021;7;14;1;3;5;3;1;0;0;0;0;0;0;459603,118156093172729;5754963,426992503926158;8,412289453000028;51,943914786000050;5210711405108990000;0
51953;5;9;78;20;2021;8;20;1;3;5;3;1;1;0;0;0;2;0;406748,987999978475273;5716541,251999638974667;7,653826098000025;51,592196779000062;5210829317210990000;1
51955;5;5;58;44;2021;7;22;7;2;4;6;1;0;0;0;0;2;0;396055,444020863622427;5745570,334193015471101;7,490844561000074;51,851246900000035;5210717706300730000;0
51961;5;7;66;64;2021;8;14;3;3;5;3;1;1;0;0;0;0;0;489239,870000001043081;5742489,073999661952257;8,843842232000043;51,833119434000082;5210817404101990000;0
51964;5;9;15;0;2021;8;18;5;3;5;3;1;1;0;0;0;0;0;417701,980999989435077;5727307,418999649584293;7,809372304000021;51,690686612000036;5210812303100560000;0
51966;5;3;16;0;2021;7;19;5;3;4;2;1;1;0;0;0;0;0;362204,500999849289656;5658625,307999446988106;7,033522970000035;51,062594422000075;5210729601700180000;0
51967;5;5;58;32;2021;8;16;3;2;5;1;1;1;0;0;0;0;0;391932,541999956592917;5750986,110999636352062;7,429313120000074;51,899139691000073;5210817706000580000;1
51968;5;7;11;0;2021;7;16;6;3;0;6;1;0;0;0;0;0;0;467744,362999999895692;5764247,084999674931169;8,529853656000057;52,027912792000052;5210730400100200000;0
51969;5;5;58;12;2021;8;13;6;3;0;7;1;0;0;0;0;0;0;374262,402999907732010;5754838,904999567195773;7,171214479000071;51,930056124000032;5210813706200990000;0
51970;5;7;70;24;2021;7;15;4;3;5;2;1;1;0;0;0;0;0;495135,320672725327313;5791140,564816690981388;8,928707816000042;52,270621231000064;5210728410120070000;0
51971;5;1;54;32;2021;7;9;1;3;0;1;1;0;0;0;0;0;0;309810,568150116130710;5718897,892349027097225;6,254432538000060;51,588989290000029;5210718515212440000;0
51973;5;1;19;0;2021;8;18;7;3;4;6;1;0;0;0;0;0;0;349545,664104909636080;5714517,393683142960072;6,829421256000046;51,561642460000030;5210807508000560000;0
51975;5;1;54;16;2021;7;10;6;2;5;2;1;0;0;0;0;0;1;303050,571040442213416;5728754,674494778737426;6,151429151000059;51,675185544000044;5210723515211020000;0
51976;5;7;66;8;2021;7;6;3;3;5;3;1;1;0;0;0;0;0;478854,790666377171874;5768230,915861953049898;8,691545484000073;52,064265326000054;5210727404302990000;0
51981;5;5;12;0;2021;7;11;5;3;5;3;1;1;0;0;0;0;0;357501,548949752002954;5719456,523886373266578;6,942112827000074;51,608090690000040;5210722701400540000;0
51982;5;5;70;4;2021;9;7;4;3;0;1;1;0;0;0;0;0;0;424037,304999992251396;5734966,916999652981758;7,899337150000065;51,760436410000068;5210915711211990000;1
51983;5;5;70;8;2021;8;17;4;3;0;2;1;1;0;0;0;0;0;432830,233999997377396;5739962,022999661043286;8,025754443000039;51,806466164000028;5210811711314480000;0
51984;5;5;66;12;2021;8;6;4;3;6;7;1;0;1;0;0;0;0;400899,775480056181550;5776046,681702220812440;7,552346614000044;52,126053088000049;5210825709100990000;0
51985;5;3;62;24;2021;8;14;1;3;1;5;1;1;0;0;0;0;0;343808,817906575277448;5645173,631841529160738;6,776984492000054;50,937012022000033;5210801602500080000;0
51991;5;5;13;0;2021;8;16;6;3;5;3;1;1;0;0;0;0;0;364953,326999865472317;5715389,622999483719468;7,051223505000053;51,573380555000028;5210827700200580000;0
52003;5;5;70;40;2021;8;15;4;3;5;3;1;1;0;0;0;0;0;419250,654999990947545;5744262,956999659538269;7,827830675000030;51,843332297000075;5210811711231100000;0
52006;5;3;34;2;2021;7;17;4;3;4;6;1;0;0;0;0;0;0;296439,198999032378197;5623976,056995732709765;6,115369025000064;50,731859789000055;5210721608200270000;0
52009;5;5;70;28;2021;7;14;3;2;5;3;1;1;0;0;0;0;0;445979,884999998845160;5737781,975999658927321;8,216798039000025;51,788291948000051;5210720711411170000;0
52013;5;3;78;20;2021;8;15;7;3;0;7;1;0;0;0;0;0;0;367351,814999876543880;5656471,554999491199851;7,107725767000034;51,044449960000065;5210807606700290000;0
52015;5;7;11;0;2021;7;21;6;3;0;1;1;0;0;0;0;1;0;467663,258000000379980;5764480,322999671101570;8,528649495000025;52,030005021000079;5210730400100990000;0
52017;5;5;54;16;2021;7;14;7;3;3;6;1;1;0;0;0;0;0;365545,517118107527494;5757887,066226154565811;7,043317483000067;51,955409093000071;5210724705000990000;0
52018;5;5;62;20;2021;8;12;6;3;5;3;1;1;0;0;0;0;0;371446,209139607846737;5717506,167830973863602;7,144089124000061;51,593919660000040;5210813701200970000;0
52020;5;5;70;44;2021;6;20;3;3;5;3;1;1;0;0;0;0;0;415586,987067206762731;5760194,556373566389084;7,770756324000047;51,985999961000061;5210615711142240000;0
52022;5;5;66;12;2021;8;5;3;2;5;3;1;1;0;0;0;1;0;403706,806999975815415;5772292,834999663755298;7,594399619000058;52,092809378000027;5210831709110760000;0
52023;5;7;70;8;2021;5;7;2;3;3;2;1;0;0;0;1;0;0;474938,701433669775724;5803299,619618711993098;8,631822749000037;52,379384853000033;5210531410220500000;0
52024;5;1;70;48;2021;3;9;2;3;5;3;1;1;0;0;0;0;0;338679,912999683059752;5726046,383998949080706;6,667492247000041;51,662217369000075;5210322518100700000;0
52025;5;5;54;44;2021;8;13;1;3;0;7;1;0;0;0;1;0;0;368752,410999886691570;5744944,777999527752399;7,094885315000056;51,839874116000033;5210815705000990000;1
52029;5;7;58;12;2021;5;15;7;3;5;3;1;0;0;1;0;0;0;473240,372269221581519;5774014,099351420998573;8,609193335000043;52,116016897000065;5210501406110370000;0
52033;5;7;74;32;2021;8;23;7;3;0;1;1;0;0;0;0;2;0;480042,054556319490075;5735891,903849080204964;8,710739037000053;51,773550367000041;5210821411232990000;0
52039;5;7;54;8;2021;8;9;6;3;5;2;1;1;0;0;0;0;0;459104,688000001013279;5750512,628999667242169;8,405567321000035;51,903863064000063;5210820405108990000;0
52043;5;7;66;20;2021;7;14;6;3;3;6;1;0;0;0;0;0;1;491154,935966348275542;5753884,740945378318429;8,871342614000071;51,935612782000078;5210716404101760000;0
52045;5;9;78;8;2021;7;17;2;3;5;2;1;1;0;0;0;0;0;412479,501233353279531;5716793,242984967306256;7,736466704000065;51,595381464000070;5210726317230990000;0
52046;5;5;58;24;2021;8;16;3;3;5;3;1;1;0;0;0;0;0;390862,822835276834667;5733481,583370380103588;7,419288458000040;51,741604052000071;5210831706000970000;0
52059;5;7;66;44;2021;6;9;7;3;0;3;1;1;0;0;0;0;0;494645,100106596946716;5763982,964257612824440;8,921951694000029;52,026450231000069;5210605404301990000;0
52061;5;5;13;0;2021;7;16;7;2;5;2;1;1;0;0;0;0;0;365986,861999870277941;5716464,663999496027827;7,065718420000053;51,583288017000029;5210717700200500000;0
52062;5;7;74;32;2021;6;13;3;3;0;3;1;1;0;0;0;0;0;480935,554914811626077;5730863,387045606970787;8,723964583000054;51,728368930000045;5210615411132350000;0
52064;5;7;70;32;2021;8;16;1;3;5;3;1;1;0;0;0;0;0;496219,128999999724329;5786263,046999683603644;8,944645689000026;52,226778073000048;5210815410120770000;0
52068;5;5;66;76;2021;3;5;2;2;3;2;1;1;0;0;0;2;0;397300,066102668642998;5794665,485667672008276;7,494133216000023;52,292733238000039;5210308709500400000;1
52069;5;5;62;8;2021;8;8;3;3;3;2;1;1;0;0;0;0;0;386214,502999943681061;5724014,402999609708786;7,355081646000031;51,655591254000058;5210810701910440000;1
52070;5;7;11;0;2021;8;17;1;3;5;3;1;1;0;0;0;0;0;470835,440148326568305;5755785,407216222956777;8,575626397000065;51,952007318000028;5210801400300370000;0
52076;5;3;62;16;2021;8;19;3;3;5;3;1;1;0;0;0;0;0;329631,879051052033901;5645073,640167897567153;6,575440854000021;50,932100072000026;5210831602250150000;0
52081;5;3;62;12;2021;8;7;4;3;5;2;1;1;0;0;0;0;0;351330,543999779969454;5631424,969999298453331;6,889549026000054;50,815446955000027;5210825602800380000;0
52085;5;3;74;16;2021;7;8;7;2;0;1;1;0;0;0;0;0;0;386057,540932821109891;5671968,414221659302711;7,369548639000072;51,187761409000075;5210717605116780000;0
52092;5;1;54;32;2021;8;11;7;3;5;3;1;0;0;0;0;0;0;311505,411189790815115;5719813,943634776398540;6,278377370000044;51,597786193000047;5210828515212990000;1
52093;5;7;74;32;2021;8;7;4;3;5;3;1;0;0;0;0;0;0;478688,911999999545515;5731495,267999654635787;8,691397078000023;51,733969419000061;5210825411232990000;0
52095;5;5;70;40;2021;10;6;2;2;0;1;1;0;0;0;0;2;0;417814,121999989263713;5744343,743999661877751;7,806963389000032;51,843848900000069;5211018711231990000;0
52096;5;5;15;0;2021;8;7;4;3;5;3;1;1;0;0;0;0;0;405131,231999976560473;5761746,616999661549926;7,618112742000051;51,998263204000068;5210818702100370000;0
52105;5;7;54;8;2021;6;10;6;3;0;6;1;1;0;0;0;0;0;457598,031000000424683;5749128,837999666109681;8,383838903000026;51,891309321000051;5210625405108400000;0
52106;5;7;11;0;2021;8;15;3;3;5;3;1;1;0;0;0;0;0;469105,283000000752509;5765472,096999675035477;8,549578590000067;52,039003899000079;5210810400100770000;0