OID_;ULAND;UREGBEZ;UKREIS;UGEMEINDE;UJAHR;UMONAT;USTUNDE;UWOCHENTAG;UKATEGORIE;UART;UTYP1;IstRad;IstPKW;IstFuss;IstKrad;IstSonstige;ULICHTVERH;IstGkfz;LINREFX;LINREFY;XGCSWGS84;YGCSWGS84;UIDENTSTLAE;IstStrassenzustand
52108;5;7;54;16;2021;7;7;6;3;5;3;1;1;0;0;0;0;0;446485,513541453517973;5756882,469802042469382;8,221166979000031;51,960060165000073;5210702405116400000;0
52117;5;9;15;0;2021;8;9;2;3;0;1;1;1;0;0;0;0;0;419348,513131270185113;5724258,462864231318235;7,833892005000052;51,663516720000075;5210809303100480000;0
52118;5;5;54;12;2021;8;16;7;3;0;7;1;0;0;0;0;0;0;348122,117417080327868;5744666,263743571937084;6,795773023000038;51,832142655000041;5210814705000990000;0
52121;5;7;62;24;2021;8;14;4;2;4;2;1;1;0;0;0;0;0;515842,984000000171363;5740924,553999662399292;9,229851195000037;51,818931537000026;5210811407253220000;0
52123;5;3;15;0;2021;8;10;7;2;5;3;1;1;0;0;0;0;0;352881,476693617179990;5647018,768754389137030;6,905272060000073;50,955979465000041;5210807601300790000;0
52124;5;7;54;20;2021;8;18;7;2;9;1;1;0;0;0;0;0;0;447848,375040470622480;5748047,154831070452929;8,242338156000073;51,880757609000057;5210814405220580000;0
52131;5;7;70;4;2021;8;16;3;3;5;2;1;1;0;0;0;0;0;489049,154000000096858;5784543,938999678939581;8,839728725000043;52,211226378000049;5210831410230370000;0
52132;5;5;58;12;2021;8;22;5;3;5;2;1;1;0;0;0;2;0;373492,522520772181451;5754039,356400448828936;7,160317078000048;51,922696596000037;5210812706000170000;0
52136;5;7;54;16;2021;7;10;6;3;5;3;1;1;0;0;0;0;0;449418,805999999865890;5755362,215999668464065;8,264077068000063;51,946667248000040;5210723405116080000;0
52142;5;5;54;44;2021;8;16;2;3;2;6;1;0;0;0;0;0;0;364359,555999864824116;5748222,322999486699700;7,029874962000065;51,868276007000077;5210830705000990000;0
52144;5;9;78;24;2021;7;19;3;3;5;3;1;1;0;0;0;0;0;399833,581367101520300;5718990,234855264425278;7,553328690000058;51,613022844000056;5210727301301930000;1
52145;5;5;70;4;2021;8;21;4;3;5;3;1;1;0;0;0;2;0;424566,035959291271865;5736092,715995863080025;7,906752233000077;51,770628459000079;5210818711211470000;0
52147;5;5;54;20;2021;8;7;2;3;5;3;1;1;0;0;0;0;0;365636,013999872840941;5782250,481999507173896;7,035045724000042;52,174350702000027;5210830705000810000;0
52148;5;3;15;0;2021;8;17;1;3;0;1;1;0;0;0;0;0;0;364850,925999864004552;5645482,538999471813440;7,076160442000059;50,945104109000056;5210822601600880000;0
52149;5;5;15;0;2021;8;18;4;3;5;3;1;1;0;0;0;0;0;406928,581367657519877;5749178,956493297591805;7,647687206000057;51,885602538000057;5210825702100870000;0
52150;5;7;54;48;2021;7;22;6;2;9;1;1;0;0;0;0;2;0;448082,159244170412421;5763876,682741168886423;8,243342693000045;52,023090842000045;5210730405148990000;1
52152;5;5;62;4;2021;7;19;1;3;0;7;1;0;0;0;0;0;0;382890,279999935068190;5716671,565999597311020;7,309502683000062;51,588913908000052;5210725701800880000;1
52155;5;5;66;76;2021;7;17;1;3;5;3;1;1;0;0;0;0;0;396395,776216517202556;5787038,791912229731679;7,483219526000028;52,224019284000065;5210718709500670000;0
52157;5;7;11;0;2021;8;16;5;3;4;2;1;1;0;0;0;0;0;473386,226999999955297;5768696,560999672859907;8,611738603000049;52,068216022000058;5210826400100990000;1
52166;5;5;62;8;2021;5;14;7;3;5;3;1;1;0;0;0;0;0;384392,987999939359725;5721429,212999604642391;7,329615462000049;51,631984717000080;5210501701911250000;0
52170;5;5;66;84;2021;8;11;1;2;0;1;1;0;0;0;0;0;0;390891,115999954752624;5775974,936999646946788;7,406221828000071;52,123523250000062;5210815709300880000;0
52171;5;3;58;8;2021;8;11;6;3;0;1;1;0;0;0;0;0;0;323177,798999491147697;5631071,211998349055648;6,490451332000021;50,804359273000046;5210820609108940000;1
52172;5;9;78;36;2021;8;14;4;3;5;3;1;0;0;0;1;0;0;412360,570101052522659;5711636,771195355802774;7,736036549000062;51,549009260000048;5210804317110010000;0
52173;5;9;13;0;2021;2;5;5;3;5;2;1;1;0;0;0;2;0;399370,038970493711531;5713669,185961807146668;7,548161889000028;51,565110871000059;5210218301306300000;1
52175;5;5;54;20;2021;7;13;2;3;0;1;1;0;0;0;0;0;0;367021,269999877549708;5785547,693999521434307;7,053997600000059;52,204313313000057;5210719705000990000;0
52177;5;7;54;36;2021;3;8;6;2;5;3;1;1;0;0;0;0;0;475889,952000000514090;5750812,341999664902687;8,649521443000026;51,907537098000034;5210312405236800000;0
52185;5;9;78;40;2021;7;15;4;3;0;1;1;0;0;0;0;0;0;405588,608403979800642;5726229,445826616138220;7,634466670000052;51,679090370000040;5210707317240200000;0
52186;5;7;54;28;2021;8;7;5;3;5;3;1;1;0;0;0;0;0;451293,045103404670954;5744856,219055909663439;8,292828302000032;51,852381136000076;5210819405228680000;0
52187;5;5;15;0;2021;6;14;7;3;5;3;1;1;0;0;0;0;0;404140,446547318249941;5761305,508019469678402;7,603808629000071;51,994128220000050;5210612702100070000;0
52190;5;5;62;24;2021;7;11;6;3;5;2;1;1;0;0;0;0;0;370360,193999890238047;5725446,615999534726143;7,125479712000072;51,665029373000039;5210716701500880000;0
52195;5;1;58;26;2021;8;16;7;3;5;3;1;1;0;0;0;0;0;352569,182999791577458;5666051,892999315634370;6,893081693000056;51,126938410000037;5210814516900770000;0
52196;5;7;54;20;2021;8;7;7;3;0;1;1;0;0;0;0;0;0;444763,875999999232590;5750254,624999664723873;8,197177430000067;51,900306262000072;5210828405220780000;1
52198;5;5;15;0;2021;4;9;3;3;0;2;1;1;0;0;0;0;0;404194,053999976255000;5754225,316999658942223;7,606564204000051;51,930498227000044;5210413702100200000;0
52201;5;5;58;4;2021;2;13;1;2;4;6;1;0;0;1;0;0;0;410686,524133329279721;5730808,821221821010113;7,707007447000024;51,721088847000033;5210221706300000000;0
52205;5;7;70;8;2021;8;21;6;1;0;3;1;0;0;0;1;2;0;473509,519370745867491;5800242,410548590123653;8,611068488000058;52,351832698000067;5210827410220990000;1
52207;5;5;54;44;2021;5;19;1;2;5;3;1;1;0;0;0;0;0;368790,497146137058735;5744473,838671632111073;7,095616429000074;51,835651094000070;5210530705000000000;0
52210;5;1;70;12;2021;7;16;6;1;5;3;1;1;0;1;0;0;0;344290,755999735556543;5737769,439999122172594;6,743311102000064;51,769124894000072;5210723518110340000;0
52214;5;5;70;52;2021;7;18;4;3;5;3;1;0;0;0;1;0;0;423867,003434508107603;5748483,670715849846601;7,893898149000051;51,881922960000054;5210728711114800000;0
52219;5;1;70;32;2021;8;11;7;2;5;3;1;1;0;0;0;0;0;333635,887258128263056;5714076,138837398961186;6,600308718000065;51,553210474000082;5210814518310170000;0
52224;5;7;70;20;2021;8;6;3;3;4;6;1;0;0;0;0;2;0;474451,738774967379868;5797325,045561725273728;8,625123616000053;52,325649587000044;5210831410210990000;0
52228;5;5;62;20;2021;8;21;1;3;5;3;1;1;0;0;0;2;0;371126,146999893710017;5718040,370999533683062;7,139274825000030;51,598647328000027;5210801701200390000;1
52232;5;7;62;32;2021;6;7;3;3;5;2;1;1;0;0;0;0;0;505962,145484200678766;5747030,891532558947802;9,086604875000035;51,874027532000071;5210601407220000000;0
52233;5;5;15;0;2021;8;17;4;2;5;6;1;1;0;0;0;0;0;399241,733044927939773;5763041,220471343025565;7,531973357000027;52,008861620000062;5210811702100150000;0
52235;5;3;34;16;2021;8;18;3;3;5;2;1;1;0;0;0;0;0;295123,156999011524022;5632790,139995472505689;6,091836709000063;50,810558947000061;5210810608416450000;0
52237;5;5;62;14;2021;8;17;6;3;5;2;1;1;0;0;0;0;0;360417,389999844133854;5714945,051999432966113;6,985987589000047;51,568280851000054;5210813701300970000;0
52244;5;5;15;0;2021;8;16;4;3;1;5;1;1;0;0;0;0;0;405461,999378781765699;5755005,554846016690135;7,624785459000066;51,937728176000064;5210804702100040000;0
52251;5;5;54;4;2021;4;21;5;3;5;3;1;1;0;0;0;1;0;364466,356326829642057;5772584,339363005012274;7,021803354000042;52,087210646000074;5210429705000500000;1
52252;5;3;34;2;2021;7;12;1;3;5;3;1;1;0;0;0;0;0;296439,198999032378197;5623976,056995732709765;6,115369025000064;50,731859789000055;5210718608200970000;0
52253;5;9;15;0;2021;7;8;5;3;0;5;1;0;0;0;1;0;0;415312,682716839015484;5724557,841037373989820;7,775480985000058;51,665614205000054;5210729303100370000;0
52255;5;9;74;16;2021;7;9;3;3;0;1;1;0;0;0;0;0;0;454611,736499981023371;5718205,491129340603948;8,344484157000068;51,613050139000052;5210727316300990000;0
52267;5;7;66;44;2021;8;7;6;3;5;2;1;1;0;0;0;0;0;494080,062920417636633;5767107,665983071550727;8,913662110000075;52,054538325000067;5210820404301020000;0
52268;5;5;66;76;2021;7;7;3;3;5;2;1;0;0;0;0;0;0;395231,244999964721501;5792986,115999663248658;7,464332261000038;52,277249663000077;5210720709500510000;0
52270;5;5;54;16;2021;8;16;5;3;0;1;1;0;0;0;0;0;0;361016,883773080073297;5759374,101738708093762;6,976855406000027;51,967657449000058;5210812705000990000;0
52271;5;9;78;24;2021;8;7;6;2;0;1;1;0;0;0;0;0;0;398383,910907957702875;5717063,953949136659503;7,532957121000038;51,595448433000058;5210806301301670000;0
52273;5;5;54;12;2021;5;12;6;3;4;3;1;1;0;0;0;0;0;352419,237640048377216;5746410,584266748279333;6,857345866000060;51,848967033000065;5210528705000800000;0
52274;5;7;11;0;2021;8;11;4;2;5;3;1;1;0;0;0;0;0;464570,254978505894542;5760884,420185081660748;8,483938888000068;51,997486825000067;5210818400300980000;0
52276;5;5;66;64;2021;8;10;3;3;5;3;1;1;0;0;0;0;0;392905,742967090569437;5770260,578030131757259;7,437433929000065;52,072559676000026;5210831709110570000;0
52281;5;7;62;20;2021;8;14;3;3;5;3;1;1;0;0;0;0;0;527631,704800898209214;5736430,429308069869876;9,400521118000029;51,778066048000028;5210831407101990000;0
52282;5;9;15;0;2021;5;15;5;3;4;6;1;0;0;0;1;0;0;420101,013262201100588;5726917,329375397413969;7,844161351000025;51,687526441000045;5210506303100170000;0
52285;5;5;15;0;2021;8;15;6;3;5;3;1;1;0;0;0;0;0;402439,080060336738825;5750151,472671329975128;7,582201453000039;51,893576298000028;5210813702100570000;0
52287;5;5;15;0;2021;7;8;2;3;5;3;1;0;0;0;0;0;1;405737,538999979384243;5753737,685999657958746;7,629139771000041;51,926378699000054;5210726702100660000;0
52293;5;7;70;32;2021;8;16;5;3;0;1;1;0;0;0;0;0;0;493074,422220766544342;5786402,344826756045222;8,898602428000061;52,227999873000044;5210812410120590000;0
52294;5;5;54;4;2021;8;7;5;3;5;3;1;1;0;0;0;0;0;361085,922273394651711;5770339,911915892735124;6,973410635000050;52,066205973000081;5210826705000080000;1
52296;5;9;15;0;2021;8;14;1;3;5;3;1;1;0;0;0;0;0;419553,988999989815056;5723189,831999648362398;7,837108181000076;51,653939579000053;5210801303100990000;0
52298;5;7;11;0;2021;7;10;5;2;0;1;1;0;0;0;0;0;0;473604,933767163194716;5758794,023747876286507;8,615692996000064;51,979195556000036;5210715400200600000;0
52300;5;5;70;8;2021;7;14;5;2;0;1;1;0;0;0;0;0;0;433582,185324599966407;5736131,131818175315857;8,037392702000034;51,772116252000046;5210715711313180000;0
52301;5;7;74;24;2021;8;14;6;3;5;3;1;1;0;0;0;0;0;476299,395844164304435;5741912,548554563894868;8,656084078000049;51,827536631000044;5210820411224730000;0
52302;5;7;58;16;2021;8;9;3;3;5;3;1;1;0;0;0;0;0;473167,586000000126660;5779652,601999677717686;8,607685202000027;52,166706502000068;5210831406120030000;0
52303;5;3;78;24;2021;8;11;7;2;0;1;1;0;0;0;0;0;0;374263,572280434891582;5645106,631906859576702;7,210206191000054;50,943855258000042;5210821606500080000;0
52306;5;5;66;28;2021;8;10;4;3;0;1;1;0;0;0;0;0;1;412493,150092259049416;5791897,661115853115916;7,717558785000051;52,270485265000048;5210818709700510000;0
52312;5;1;62;22;2021;6;9;5;3;0;7;1;0;0;0;0;0;0;338715,870036116801202;5680283,393439369276166;6,688879927000073;51,251074344000074;5210617513130060000;0
52317;5;7;54;8;2021;6;13;1;3;0;1;1;0;0;0;0;0;0;459425,543000001460314;5755492,021999672055244;8,409643771000049;51,948654229000056;5210613405108580000;0
52324;5;7;11;0;2021;8;18;2;3;0;3;1;1;0;0;0;0;0;469473,677459553815424;5761698,500641047954559;8,555285918000038;52,005097209000041;5210823400200990000;0
52325;5;5;66;12;2021;5;8;5;2;4;2;1;1;0;0;0;0;0;403206,427999976091087;5773479,779999662190676;7,586760771000058;52,103390427000079;5210506709000550000;0
52326;5;3;34;36;2021;8;12;4;3;5;2;1;1;0;0;0;0;0;298028,312999072484672;5634961,467995908111334;6,131823540000028;50,831080809000071;5210818608436370000;0
52329;5;9;13;0;2021;8;12;6;3;5;3;1;1;0;0;0;0;0;398841,592999968677759;5713658,144999634474516;7,540543572000047;51,564917076000029;5210806301306360000;0
52330;5;1;70;36;2021;8;23;6;3;0;3;1;1;0;0;0;2;0;354622,947999808005989;5728714,097999351099133;6,896723689000055;51,690538295000067;5210806518401990000;0
52331;5;5;66;40;2021;8;10;4;2;0;7;1;0;0;0;0;0;0;422499,827484036795795;5783180,919349020346999;7,866174896000075;52,193633401000056;5210804709800660000;0
52333;5;5;62;24;2021;8;7;6;3;5;3;1;1;0;0;0;0;0;370559,742999891750515;5726012,749999532476068;7,128153684000040;51,670163032000062;5210827701500380000;0
52334;5;5;15;0;2021;7;18;4;3;0;6;1;0;0;0;1;0;0;405233,709494078531861;5750571,313440149649978;7,622685990000036;51,897832244000028;5210721702100170000;0
52336;5;5;66;76;2021;8;14;4;3;1;3;1;1;0;0;0;0;0;395477,962999964132905;5793953,649999665096402;7,467647191000026;52,285992154000041;5210818709500770000;0
52340;5;7;62;4;2021;3;15;6;3;5;3;1;1;0;0;0;0;0;501447,288715627044439;5732542,730989467352629;9,020962509000071;51,743790829000034;5210312407201800000;0
52343;5;5;66;28;2021;8;15;4;3;5;3;1;1;0;0;0;0;0;416093,328999988734722;5789750,328999681398273;7,770840960000044;52,251745169000060;5210825709700660000;0
52345;5;7;70;40;2021;7;18;5;3;5;5;1;1;0;0;0;0;0;470247,717394871637225;5809828,015290966257453;8,562328675000060;52,437840848000064;5210722410240080000;0
52347;5;5;70;28;2021;8;16;5;3;5;3;1;1;0;0;0;0;0;441107,099568759091198;5742938,952473407611251;8,145282261000034;51,834162676000062;5210812711412880000;0
52351;5;7;58;36;2021;7;14;7;3;5;3;1;1;0;0;0;0;0;488074,053629977628589;5780131,425118012353778;8,825612989000035;52,171534885000028;5210724406150990000;0
52353;5;7;54;20;2021;7;16;1;3;0;1;1;0;0;0;0;0;0;448302,444999999366701;5748746,670999666675925;8,248829474000047;51,887088801000061;5210725405220990000;0
52357;5;1;70;12;2021;7;15;4;3;5;3;1;1;0;0;0;0;0;340463,955999702215195;5732587,636999007314444;6,690274029000022;51,721494084000028;5210721518110440000;0
52360;5;1;66;36;2021;8;9;4;3;0;7;1;0;0;0;1;0;0;327836,988043781369925;5679680,920997938141227;6,533430849000069;51,242481771000030;5210818514219180000;1
52361;5;5;62;24;2021;7;9;6;3;0;7;1;0;0;0;0;0;0;366964,036319822072983;5726565,208288196474314;7,075976621000052;51,674287723000077;5210730701500040000;0
52366;5;5;15;0;2021;8;22;3;3;4;2;1;1;0;0;0;2;0;406087,201999978162348;5758927,320999659597874;7,632805339000072;51,973084709000034;5210810702100070000;0
52369;5;7;74;24;2021;8;16;4;2;4;6;1;1;0;0;0;0;0;478085,787200070917606;5738819,723812272772193;8,682201347000046;51,799801652000042;5210825411224030000;0
52372;5;5;58;44;2021;8;12;2;3;5;3;1;1;0;0;0;0;0;395520,759506715461612;5746264,248252686113119;7,482874718000062;51,857383994000031;5210816706300990000;1
52379;5;5;15;0;2021;4;14;5;3;4;2;1;1;0;0;0;0;0;407221,709999979473650;5751347,411999659612775;7,651361535000035;51,905142837000028;5210429702100030000;0
52380;5;7;11;0;2021;8;15;5;3;4;3;1;1;0;0;0;0;0;469322,446213056333363;5763698,150631429627538;8,552903657000059;52,023067051000055;5210826400200990000;1
52388;5;5;54;4;2021;8;13;4;3;0;1;1;0;0;0;0;0;0;362449,624355121515691;5770962,120899608358741;6,993041412000025;52,072137029000032;5210818705000990000;1
52389;5;7;70;40;2021;4;12;5;3;7;1;1;0;0;0;0;0;0;472499,393000000156462;5810092,318999696522951;8,595429281000065;52,440334893000056;5210415410220700000;0
52395;5;5;70;8;2021;7;18;3;3;0;6;1;0;0;0;0;0;0;432723,165999997407198;5740677,056999659165740;8,024062913000023;51,812881407000077;5210720711314570000;0
52396;5;7;58;12;2021;8;16;7;3;0;1;1;0;0;0;0;0;0;476311,353421285748482;5774439,690227668732405;8,654012418000036;52,119983329000036;5210821406110530000;0
52401;5;7;58;12;2021;8;5;2;3;5;3;1;1;0;0;0;2;0;477574,559999999590218;5774696,712999677285552;8,672445069000048;52,122346813000036;5210823406110480000;1
52405;5;1;66;24;2021;8;15;2;3;5;3;1;1;0;0;0;0;0;309019,104986660182476;5677229,526938617229462;6,265447658000028;51,214475281000034;5210830514114200000;0
52406;5;7;54;8;2021;8;19;3;3;5;2;1;1;0;0;0;0;0;461109,199000000953674;5750647,932999666780233;8,434686993000071;51,905223080000042;5210831405108770000;0
52408;5;5;66;56;2021;8;13;5;3;3;2;1;1;0;0;0;0;0;417157,522999989800155;5796723,836999686434865;7,784712770000056;52,314587821000032;5210826709700560000;1
52418;5;7;58;12;2021;8;15;5;3;5;3;1;1;0;0;0;0;0;478155,063959640450776;5773772,875859379768372;8,680983298000058;52,114064174000077;5210819406110990000;1
52429;5;5;66;28;2021;8;19;2;2;5;3;1;1;0;0;0;0;0;414117,377938717603683;5792313,591197261586785;7,741250175000062;52,274479887000041;5210830709700260000;0
52430;5;5;15;0;2021;8;14;3;3;0;3;1;1;0;0;0;0;0;408774,770291008986533;5754069,836987689137459;7,673209209000049;51,929870307000044;5210831702100070000;0
52432;5;5;62;20;2021;7;12;4;3;5;2;1;1;0;0;0;0;0;370944,084999893791974;5717654,019999533891678;7,136789773000032;51,595133576000080;5210728701200170000;0
52433;5;1;54;24;2021;7;12;4;3;5;3;1;1;0;0;0;0;0;312038,579101639799774;5735848,388998791575432;6,277440411000043;51,741975122000042;5210721515110520000;0
52436;5;1;70;48;2021;6;12;1;3;4;2;1;0;0;0;0;0;0;334986,938999649137259;5727015,497998807579279;6,613687692000042;51,669851457000050;5210613518100140000;0
52439;5;9;15;0;2021;8;15;5;3;5;3;1;0;0;0;0;0;0;417574,290999989956617;5724401,868999650701880;7,808211316000040;51,664548418000038;5210805303100990000;0
52465;5;5;70;40;2021;8;8;1;3;0;2;1;0;0;0;0;0;0;412792,544709384441376;5747176,887220203876495;7,733372261000056;51,868554203000031;5210815711232500000;0
52467;5;1;54;16;2021;8;13;7;3;5;3;1;1;0;0;0;0;0;301404,578999206423759;5731960,606995876878500;6,125830323000059;51,703395798000031;5210814515211640000;0
52469;5;3;58;32;2021;8;19;2;3;8;1;1;0;0;0;0;0;0;313340,917837101966143;5631615,977841205894947;6,350719611000045;50,806167900000048;5210809609132470000;1
52472;5;9;15;0;2021;7;22;7;3;0;1;1;0;0;0;0;2;0;415640,300999986939132;5728193,278999650850892;7,779338389000031;51,698343918000035;5210717303200080000;0
52479;5;1;70;48;2021;8;14;1;3;8;1;1;0;0;0;0;0;0;334290,336782991886139;5724328,662054520100355;6,604896818000043;51,645508939000081;5210815518100070000;0
52482;5;1;54;32;2021;8;14;1;3;0;1;1;0;0;0;0;0;0;311524,831999357789755;5719823,763997219502926;6,278652166000029;51,597880892000035;5210801515212990000;0
52485;5;7;66;12;2021;8;11;4;2;0;1;1;0;0;0;0;0;0;508395,966017020866275;5760945,360028130933642;9,122297638000020;51,999101682000060;5210804404301080000;0
52489;5;9;74;48;2021;7;2;7;3;9;7;1;0;0;0;0;2;0;428527,089929397217929;5719020,180810220539570;7,967646700000046;51,617666791000033;5210731316200060000;1
52491;5;1;54;16;2021;7;8;3;3;5;3;1;1;0;0;0;0;0;294889,250999097712338;5730091,371994767338037;6,032770240000048;51,684268211000074;5210727515211990000;0
52493;5;1;22;0;2021;6;16;5;3;0;7;1;0;0;0;0;0;0;368541,002999881282449;5665666,382999503985047;7,121334457000046;51,127362180000034;5210603503400490000;1
52494;5;7;66;20;2021;7;11;7;3;4;2;1;1;0;0;0;0;0;490141,076999999582767;5749950,052999665960670;8,856708068000046;51,900218741000060;5210724404101770000;0
52496;5;5;15;0;2021;8;19;1;2;5;2;1;1;0;0;0;0;0;402294,862789039500058;5754693,759267430752516;7,578817751000031;51,934378581000033;5210822702100630000;0
52501;5;3;78;32;2021;8;8;6;3;0;1;1;0;0;0;0;0;0;375096,297896275296807;5667527,264371098950505;7,214320191000070;51,145554676000074;5210813606210090000;0
52502;5;7;66;16;2021;8;13;5;2;2;1;1;0;0;0;0;0;0;502027,136715353466570;5751456,862633068114519;9,029471801000057;51,913850157000070;5210805404103990000;0
52503;5;7;11;0;2021;8;12;7;3;0;3;1;1;0;0;0;0;0;463226,472031122073531;5767467,594076389446855;8,463659007000047;52,056585629000040;5210807400100990000;1
52508;5;1;70;44;2021;7;11;2;3;5;3;1;1;0;0;0;0;0;341394,234999707899988;5718660,266999045386910;6,710049512000069;51,596630617000073;5210712518120340000;0
52509;5;7;54;32;2021;4;19;5;3;0;1;1;0;0;0;0;0;0;457314,320291282609105;5732045,770015653222799;8,381821599000034;51,737698618000081;5210422405232080000;0
52510;5;7;62;8;2021;7;15;7;3;0;1;1;0;0;0;0;0;0;520567,047449850477278;5719920,505632754415274;9,297146724000072;51,629924752000079;5210717407123990000;0
52512;5;7;11;0;2021;6;15;4;3;0;3;1;1;0;0;0;0;0;471050,274303782731295;5761115,151868078857660;8,578302721000057;51,999936955000067;5210602400200000000;0
52514;5;3;82;24;2021;8;11;4;2;9;1;1;0;0;0;0;0;0;372236,348354013636708;5615106,310454813763499;7,191808047000052;50,673758028000066;5210825600120570000;0
52515;5;1;54;64;2021;8;10;4;2;5;3;1;1;0;0;0;0;0;306642,004997896030545;5722359,472903469577432;6,206840960000022;51,618999100000053;5210811515212820000;0
52517;5;5;70;16;2021;7;14;1;3;0;7;1;1;0;0;0;0;0;412096,219932114705443;5737084,964870903640985;7,725823522000042;51,777728613000079;5210718711221420000;0
52521;5;3;15;0;2021;8;15;6;3;0;7;1;0;0;0;0;0;0;349740,677999770268798;5653465,896999265998602;6,857919465000066;51,013104579000071;5210806601400090000;0
52522;5;7;66;20;2021;8;12;7;3;0;1;1;0;0;0;0;0;0;489435,740966647863388;5750196,576327754184604;8,846449028000052;51,902422324000042;5210821404101990000;0
52528;5;7;54;40;2021;6;13;5;3;0;7;1;0;0;0;0;0;0;455038,235041149891913;5760323,209994433447719;8,345180164000055;51,991751273000034;5210617405152580000;0
52531;5;7;70;8;2021;7;12;6;3;5;3;1;1;0;0;0;0;0;475204,907107890583575;5802457,255768973380327;8,635795812000026;52,371823949000031;5210716410220070000;1
52532;5;9;74;28;2021;7;15;4;3;0;1;1;0;0;0;0;0;0;447649,371919297613204;5723529,774859385564923;8,243143236000037;51,660314911000057;5210721316300270000;0
52533;5;5;70;28;2021;8;13;2;3;5;2;1;0;0;0;0;0;1;441107,483994235284626;5742950,938127556815743;8,145285800000067;51,834270470000035;5210823711413100000;0
52535;5;7;74;32;2021;8;19;4;3;3;2;1;1;0;0;0;1;0;485720,736882794648409;5735075,243660587817430;8,793076040000074;51,766381259000070;5210825411133630000;0
52537;5;7;58;16;2021;8;18;3;3;0;3;1;1;0;0;0;0;0;477550,338511708192527;5778587,873889632523060;8,671834278000063;52,157329687000072;5210810406120990000;0
52538;5;3;15;0;2021;8;14;4;3;4;2;1;1;0;0;0;0;0;362286,121999850496650;5648123,347999444231391;7,038674049000065;50,968230876000064;5210811601500140000;0
52540;5;7;66;48;2021;8;5;6;2;0;1;1;0;0;0;0;1;0;477757,555411832407117;5763885,660253623500466;8,675822679000021;52,025155264000034;5210806404302080000;0
52542;5;5;62;4;2021;7;6;2;3;5;3;1;1;0;0;0;0;0;384782,546944741159678;5716386,842256514355540;7,336898828000074;51,586744997000039;5210719701800540000;0
52556;5;3;15;0;2021;8;7;5;3;0;1;1;0;0;0;1;2;0;355413,275204021483660;5639524,936483107507229;6,944266830000061;50,889274539000041;5210826601200990000;1
52562;5;3;62;28;2021;8;9;3;3;4;2;1;1;0;0;0;0;0;351847,758999784477055;5637314,330999301746488;6,894504314000073;50,868505258000027;5210803602700280000;1
52565;5;9;78;32;2021;8;13;5;2;0;7;1;0;0;0;0;0;0;394013,671836130321026;5728204,320803191512823;7,466512150000028;51,694775950000064;5210826317250990000;0
52567;5;1;16;0;2021;8;15;4;2;7;1;1;0;0;0;0;0;0;321916,866999483667314;5670106,855998206883669;6,453451325000060;51,154657993000058;5210811506100580000;0
52568;5;7;54;20;2021;7;14;5;3;0;1;1;0;0;0;0;0;0;445024,446842193603516;5751498,476827073842287;8,200765805000060;51,911514544000056;5210729405220990000;0
52573;5;5;62;32;2021;8;12;2;2;0;1;1;0;0;0;0;0;0;375859,472999912686646;5717318,282999565824866;7,207835038000042;51,593220922000057;5210823701110060000;0
52575;5;7;54;28;2021;8;21;4;3;5;2;1;1;0;0;0;1;0;450853,630999999120831;5745264,825999662280083;8,286390915000027;51,856016190000048;5210811405228990000;0
52578;5;3;34;2;2021;8;18;2;2;0;2;1;1;0;0;0;0;0;294159,683756701648235;5628166,904017571359873;6,080768825000064;50,768695541000056;5210823608100980000;0
52595;5;5;54;52;2021;8;14;7;2;0;1;1;0;0;0;0;0;0;379601,003907091915607;5769541,531639778986573;7,243657080000048;52,063365274000034;5210814705000080000;0
52602;5;5;54;48;2021;4;16;2;3;0;3;1;1;0;0;0;0;0;338713,300999687053263;5743086,902998939156532;6,660076400000037;51,815316944000074;5210426705000070000;0
52604;5;3;15;0;2021;7;11;3;3;1;1;1;1;0;0;0;0;0;352599,680986186489463;5644920,831323510035872;6,902111744000024;50,937054245000070;5210720601310290000;0
52606;5;7;11;0;2021;10;18;4;3;3;3;1;1;0;0;0;2;0;467322,127000000327826;5763807,350999671965837;8,523741524000059;52,023934599000029;5211027400100990000;0
52609;5;5;62;16;2021;6;10;2;3;5;3;1;1;0;0;0;0;0;368356,471999882720411;5731200,257999517023563;7,094353385000034;51,716268424000077;5210628701700500000;0
52612;5;9;78;24;2021;4;17;5;3;5;3;1;0;0;0;1;0;0;391951,130718451924622;5716962,935878388583660;7,440153414000065;51,593343308000044;5210422301301570000;0
52614;5;5;54;56;2021;8;21;7;2;0;1;1;0;1;0;0;2;0;356849,561842800118029;5762146,121287072077394;6,915079007000031;51,991506664000042;5210807705000990000;0
52616;5;5;54;4;2021;8;16;6;3;0;3;1;1;0;0;0;0;0;362205,154826385900378;5772882,971262959763408;6,988700870000059;52,089335660000074;5210827705000990000;1
52618;5;1;70;48;2021;2;16;4;3;0;1;1;0;0;0;0;0;0;334988,960049989633262;5724794,249294769018888;6,614765387000034;51,649897063000026;5210224518100000000;0
52620;5;7;11;0;2021;8;11;1;3;5;3;1;1;0;0;0;0;0;473051,005816652439535;5760062,937573328614235;8,607528412000022;51,990577477000045;5210815400200460000;0
52621;5;9;78;24;2021;8;10;7;3;4;6;1;0;0;0;1;0;0;395743,754999963566661;5718146,852999627590179;7,494532993000064;51,604699580000045;5210821301301060000;0
52622;5;7;74;8;2021;8;9;4;2;5;3;1;1;0;0;0;0;0;487535,906000000424683;5735769,538999658077955;8,819354988000043;51,772667210000066;5210825411108530000;0