OID_;ULAND;UREGBEZ;UKREIS;UGEMEINDE;UJAHR;UMONAT;USTUNDE;UWOCHENTAG;UKATEGORIE;UART;UTYP1;IstRad;IstPKW;IstFuss;IstKrad;IstSonstige;ULICHTVERH;IstGkfz;LINREFX;LINREFY;XGCSWGS84;YGCSWGS84;UIDENTSTLAE;IstStrassenzustand
52626;5;7;66;32;2021;8;17;2;3;0;7;1;1;0;0;0;0;0;496081,829000000841916;5747169,262999664992094;8,943083879000028;51,875289756000029;5210823404103180000;0
52633;5;5;54;20;2021;7;19;3;3;6;3;1;0;1;0;0;0;0;364204,377783756703138;5787732,107163045555353;7,011925600000041;52,223253978000059;5210720705000820000;0
52634;5;7;54;8;2021;10;9;6;2;0;7;1;0;0;0;0;0;0;458210,738185334019363;5751896,869436269626021;8,392406192000067;51,916241863000039;5211022405108960000;0
52636;5;7;70;36;2021;7;18;1;3;0;1;1;0;0;0;0;0;0;464980,600920272991061;5794459,473450738936663;8,486454584000057;52,299365070000079;5210718410260540000;0
52638;5;5;15;0;2021;8;12;4;3;2;6;1;0;0;0;0;0;0;405567,292606084607542;5756764,810211034491658;7,625833405000037;51,953559042000052;5210804702100570000;0
52647;5;5;66;84;2021;8;17;7;3;5;3;1;1;0;0;0;0;0;391031,326243254356086;5773434,764898736029863;7,409082039000054;52,100721579000037;5210821709300080000;0
52650;5;5;62;14;2021;8;6;2;3;0;1;1;0;0;0;0;0;0;358929,078999833203852;5714675,239999411627650;6,964635829000031;51,565485958000068;5210809701300770000;0
52654;5;5;15;0;2021;8;17;2;3;5;2;1;1;0;0;0;0;0;410243,667399028316140;5751952,391653440892696;7,695119019000060;51,911075939000057;5210830702100030000;0
52656;5;5;66;28;2021;7;20;1;2;8;1;1;0;0;0;0;0;0;412715,414907816797495;5792858,282803200185299;7,720566639000026;52,279154942000048;5210718709700680000;0
52658;5;5;15;0;2021;8;18;2;3;5;3;1;0;0;0;0;0;0;403035,080999975092709;5757933,662999659776688;7,588667144000055;51,963629299000047;5210809702100150000;0
52659;5;9;78;8;2021;8;6;2;3;5;3;1;1;0;0;0;1;0;412477,313999987207353;5716789,114999644458294;7,736436165000043;51,595344017000059;5210830317230990000;1
52667;5;7;54;28;2021;6;14;3;3;0;1;1;0;0;0;0;0;0;452368,172000000253320;5745255,890999665483832;8,308381642000029;51,856067188000054;5210615405228780000;0
52672;5;3;70;40;2021;7;14;1;3;5;3;1;1;0;0;0;0;0;313059,214999354444444;5665706,821997538208961;6,329215556000065;51,112309995000032;5210718610212910000;0
52675;5;7;66;20;2021;6;16;7;3;0;7;1;0;0;0;0;0;0;492730,740980024449527;5752804,446579633280635;8,894286532000024;51,925922618000072;5210612404101570000;0
52681;5;9;78;36;2021;8;18;7;3;5;3;1;1;0;0;0;0;0;410283,522183587774634;5712779,790725685656071;7,705797234000045;51,558957813000063;5210807317110990000;0
52683;5;7;66;8;2021;8;5;1;2;0;1;1;0;0;0;0;2;0;483009,095000000670552;5767559,979999674484134;8,752178856000057;52,058376102000068;5210801404302370000;1
52684;5;7;70;40;2021;7;17;1;3;2;6;1;1;0;0;0;0;0;472499,393000000156462;5810092,318999696522951;8,595429281000065;52,440334893000056;5210718410240270000;0
52691;5;5;66;32;2021;8;18;1;2;0;1;1;0;0;0;0;0;0;413212,621971004642546;5776838,987562246620655;7,731959086000074;52,135245360000056;5210801709100260000;0
52693;5;7;54;8;2021;8;5;6;3;5;3;1;0;0;0;1;1;0;460411,782000000588596;5748450,885999664664268;8,424802229000022;51,885421039000050;5210820405108080000;0
52694;5;7;11;0;2021;6;13;3;3;5;2;1;1;0;0;0;0;0;468619,926000000908971;5762964,912999669089913;8,542732661000059;52,016435478000062;5210615400200270000;0
52696;5;5;66;84;2021;8;14;2;3;0;5;1;1;0;0;0;0;0;386104,423056634142995;5778651,023483870550990;7,335436388000062;52,146607611000036;5210830709300660000;0
52699;5;5;66;88;2021;8;17;2;3;0;6;1;0;0;0;1;0;0;425197,198968121781945;5784087,282007806003094;7,905429275000074;52,202153254000052;5210823709800000000;0
52704;5;5;62;28;2021;8;20;1;2;0;1;1;0;0;0;0;2;0;380243,208823347464204;5723292,247034139931202;7,269047457000056;51,647860510000044;5210822701920580000;0
52707;5;9;78;24;2021;8;18;2;3;5;3;1;1;0;0;0;0;0;391734,614999955520034;5718088,618999620899558;7,436681503000045;51,603419634000034;5210823301301570000;0
52711;5;5;70;44;2021;8;9;5;3;0;6;1;1;0;0;0;0;0;413513,733445162884891;5761948,991048475727439;7,740130265000062;52,001451287000066;5210812711143570000;0
52713;5;3;34;2;2021;8;15;6;3;4;6;1;0;0;0;0;0;0;295395,798024927265942;5627613,840508854016662;6,098582855000075;50,764165511000044;5210820608100170000;0
52715;5;5;54;12;2021;8;22;4;2;5;3;1;1;0;0;0;2;0;356207,975999820977449;5738685,631999373435974;6,915519201000052;51,780544914000075;5210825705000990000;1
52717;5;9;15;0;2021;4;12;3;3;0;1;1;0;0;0;0;0;0;415520,631383277475834;5727121,330504737794399;7,777866823000068;51,688689763000070;5210413303200500000;0
52722;5;5;66;28;2021;8;14;5;3;0;1;1;0;0;0;0;0;0;412155,141476715914905;5793011,590501751750708;7,712316345000033;52,280443661000049;5210819709700570000;1
52724;5;9;15;0;2021;7;2;7;2;5;1;1;1;0;0;0;2;0;418489,175362072885036;5725877,363573815673590;7,821092219000036;51,677945927000053;5210731303100070000;1
52725;5;5;15;0;2021;8;18;2;3;0;2;1;0;0;0;0;0;0;406007,110999978147447;5757793,151999661698937;7,631950218000043;51,962876757000060;5210809702100170000;0
52727;5;1;54;24;2021;8;7;4;3;5;3;1;1;0;0;0;0;0;312716,554933034814894;5735286,477645600214601;6,287551193000070;51,737155401000052;5210811515110020000;0
52734;5;7;11;0;2021;7;16;3;3;5;3;1;1;0;0;0;0;0;465489,136454525403678;5755619,240651084110141;8,497851981000053;51,950207299000056;5210713400300100000;0
52735;5;5;15;0;2021;8;17;4;3;5;2;1;1;0;0;0;0;0;405773,306999978609383;5758001,692999657243490;7,628491076000046;51,964711637000050;5210804702100650000;0
52736;5;1;70;4;2021;7;21;5;3;5;3;1;1;0;0;0;1;0;329711,669994820840657;5719185,410549368709326;6,541283187000033;51,597938075000059;5210722518301990000;0
52741;5;7;66;40;2021;7;18;1;3;5;3;1;1;0;0;0;0;0;484269,522739415988326;5762158,236639607697725;8,770811143000060;52,009847146000027;5210718404102080000;0
52744;5;7;74;16;2021;7;9;6;2;0;1;1;0;0;0;0;0;0;469740,202999999746680;5710896,331999644637108;8,563597048000076;51,548347571000079;5210730411216580000;0
52747;5;7;58;4;2021;8;13;6;3;5;2;1;1;0;0;0;0;0;470793,638000000268221;5781490,657999679446220;8,572818617000053;52,183110907000071;5210813406210680000;0
52760;5;7;54;52;2021;8;15;4;3;5;3;1;0;0;0;0;0;1;460630,513000001199543;5770665,559999674558640;8,425430072000040;52,085158237000030;5210811405152990000;0
52762;5;7;74;12;2021;8;20;4;2;8;7;1;1;0;0;0;2;0;477461,398023666813970;5723455,379976101219654;8,674141533000068;51,661632537000060;5210811411112990000;0
52764;5;1;70;44;2021;8;13;6;3;5;7;1;1;0;0;0;0;0;335284,900043702684343;5721143,497966071590781;6,620756778000043;51,617186370000070;5210827518120870000;1
52765;5;1;54;44;2021;8;11;2;3;9;1;1;0;0;0;0;0;0;319588,829999476671219;5739012,308997891843319;6,385035961000028;51,772874686000080;5210816515111830000;1
52766;5;9;74;28;2021;8;12;2;3;5;3;1;1;0;0;0;0;0;454507,922482200898230;5726845,528669755905867;8,341860861000043;51,690723482000067;5210830316300990000;1
52770;5;7;11;0;2021;8;16;4;3;0;6;1;0;0;0;0;0;0;467744,362999999895692;5764247,084999674931169;8,529853656000057;52,027912792000052;5210804400200550000;1
52775;5;9;15;0;2021;5;6;6;2;5;3;1;1;0;0;0;0;0;419604,103999990969896;5725678,246999645605683;7,837259904000064;51,676316657000029;5210507303100570000;1
52779;5;7;70;20;2021;8;15;6;3;5;3;1;1;0;0;0;0;0;473891,664000000804663;5797406,332999689504504;8,616899376000049;52,326354020000053;5210827410210990000;1
52782;5;5;15;0;2021;8;9;6;3;0;3;1;1;0;0;0;0;0;403962,630200856365263;5759325,030376285314560;7,601774103000025;51,976296369000067;5210820702100570000;0
52785;5;5;54;12;2021;7;19;3;2;4;6;1;0;0;0;0;0;0;348362,077999765984714;5743963,476999226957560;6,799560695000025;51,825893598000050;5210720705000990000;0
52786;5;7;58;12;2021;7;19;1;3;5;2;1;1;0;0;0;0;0;477910,685144888237119;5774207,751880777999759;8,677386303000048;52,117964278000045;5210725406110380000;0
52787;5;3;15;0;2021;7;13;6;3;5;3;1;0;0;0;1;0;0;361598,101246001198888;5645029,491772361099720;7,030057724000073;50,940260725000030;5210730601600170000;0
52792;5;9;74;40;2021;8;8;2;2;5;3;1;1;0;0;0;0;0;438371,637904467061162;5711924,476731108501554;8,111067102000050;51,555036890000054;5210816316100990000;0
52795;5;1;11;0;2021;7;23;6;3;0;1;1;0;0;0;0;2;0;344443,710999730974436;5679176,482999144122005;6,771370143000070;51,242719546000046;5210730500200560000;0
52801;5;7;11;0;2021;3;13;2;3;5;3;1;1;0;0;0;0;0;463344,092861637473106;5758042,282723577693105;8,466383482000026;51,971854731000064;5210308400300800000;0
52805;5;5;54;32;2021;7;12;7;3;5;3;1;1;0;0;0;0;0;325405,053999549709260;5747652,019998287782073;6,464895346000048;51,852324634000070;5210724705000160000;0
52808;5;3;82;20;2021;8;18;7;3;0;5;1;1;0;0;0;0;0;384697,537642169743776;5621415,818270586431026;7,366115840000020;50,733078147000072;5210821607200050000;0
52810;5;1;54;36;2021;6;17;7;3;5;2;1;1;0;0;0;0;0;301435,776753596961498;5740118,374278616160154;6,121626429000059;51,776663762000055;5210612515110670000;0
52819;5;7;11;0;2021;8;18;7;3;5;3;1;1;0;0;0;0;0;467036,453566926531494;5756717,948931155726314;8,520259828000064;51,960179330000074;5210821400300500000;0
52822;5;5;15;0;2021;8;13;6;3;0;6;1;1;0;0;0;0;0;404889,153482656925917;5761192,630341906100512;7,614741379000066;51,993242372000054;5210827702100060000;1
52823;5;5;62;24;2021;8;5;3;3;5;2;1;1;0;0;0;1;0;370283,907999890856445;5727006,261999534443021;7,123798110000052;51,679027744000052;5210810701500870000;0
52829;5;5;62;32;2021;8;16;5;3;5;2;1;1;0;0;0;0;0;375383,463999910280108;5719453,505999563261867;7,200208015000044;51,612305358000071;5210805701110590000;0
52830;5;5;62;16;2021;8;14;7;2;8;1;1;0;0;0;0;0;0;377757,349999917671084;5736646,544999584555626;7,228452186000027;51,767342206000080;5210821701700770000;0
52831;5;1;54;36;2021;8;11;1;3;0;6;1;0;0;0;0;0;0;308842,235204801894724;5745202,873843295499682;6,226048779000052;51,824904539000045;5210815515110080000;0
52838;5;5;13;0;2021;8;17;4;2;8;1;1;0;0;0;0;0;0;365986,861999870277941;5716464,663999496027827;7,065718420000053;51,583288017000029;5210804700200680000;1
52845;5;5;66;16;2021;8;17;6;3;3;2;1;1;0;0;0;0;0;403559,108999976888299;5795329,592999674379826;7,585686744000043;52,299836393000078;5210813709500010000;0
52851;5;5;54;4;2021;7;1;3;2;0;1;1;0;0;0;0;2;0;361505,643903473392129;5773103,068064849823713;6,978408029000036;52,091138688000058;5210727705000990000;0
52852;5;7;70;40;2021;8;9;4;3;3;2;1;1;0;0;0;0;0;474387,391000417061150;5809013,401402674615383;8,623286302000054;52,430727067000078;5210811410240670000;0
52857;5;5;70;28;2021;6;12;4;3;0;7;1;0;0;0;0;0;0;441075,228003811091185;5741582,436699368059635;8,145050699000024;51,821963939000057;5210616711412300000;0
52859;5;3;78;12;2021;8;15;2;3;0;3;1;0;0;0;1;0;0;377964,494999919086695;5655430,569999555125833;7,259392169000023;51,037445920000039;5210823606120360000;0
52860;5;5;15;0;2021;7;13;7;3;1;5;1;1;0;0;0;0;0;404032,671121144667268;5749032,557715758681297;7,605664070000046;51,883795653000050;5210717702100990000;0
52861;5;7;66;44;2021;8;13;5;3;7;1;1;0;0;0;0;0;0;487905,763806061819196;5763692,330326581373811;8,823735696000028;52,023731168000040;5210826404301990000;0
52866;5;7;58;20;2021;8;14;5;2;5;2;1;1;0;0;0;0;0;475052,888846296817064;5786420,896056972444057;8,634751011000048;52,227645114000040;5210812406230780000;0
52870;5;5;62;8;2021;8;15;4;2;5;2;1;1;0;0;0;0;0;386481,089697065763175;5724056,602008834481239;7,358920099000045;51,656024432000038;5210811701910050000;0
52871;5;5;15;0;2021;7;22;1;2;0;6;1;0;0;0;0;1;0;406199,595321435481310;5756685,834664378315210;7,635053279000033;51,952956179000068;5210725702100870000;0
52881;5;5;66;44;2021;8;19;7;3;0;1;1;0;0;0;0;1;0;423129,612721269018948;5775701,341970654204488;7,877080223000064;52,126487777000079;5210828709800680000;1
52882;5;3;62;20;2021;8;8;5;3;0;1;1;0;0;0;0;0;0;339659,553267639130354;5632812,381961187347770;6,723400522000077;50,824800548000042;5210805602600760000;1
52884;5;5;62;14;2021;8;17;5;2;3;2;1;1;0;0;0;0;0;360016,036999839358032;5715768,838999427855015;6,979872184000044;51,575583927000082;5210805701300790000;0
52885;5;7;70;4;2021;7;18;2;3;2;6;1;1;0;0;0;0;0;489165,199488416314125;5784296,791771333664656;8,841435014000069;52,209006670000065;5210726410230990000;0
52886;5;1;11;0;2021;5;10;7;3;5;3;1;1;0;0;0;0;0;341860,746837376616895;5674330,578877344727516;6,736532598000053;51,198468307000041;5210529500300400000;0
52888;5;7;54;36;2021;8;17;3;3;0;6;1;0;0;0;0;0;0;473164,813697085715830;5751454,582479171454906;8,609858058000043;51,913186788000075;5210824405236990000;0
52889;5;7;11;0;2021;3;10;5;3;5;2;1;1;0;0;0;0;0;469952,933000001125038;5767290,439999675378203;8,561776405000046;52,055398524000054;5210325400100000000;0
52893;5;9;78;20;2021;8;19;2;3;2;6;1;1;0;0;0;0;0;407378,344999980181456;5717187,892999641597271;7,662738122000064;51,598113344000069;5210809317210990000;1
52900;5;1;70;4;2021;7;14;7;2;0;1;1;0;0;0;0;0;0;323606,610771819017828;5722913,649612888693810;6,451351046000070;51,629549073000078;5210724518301990000;0
52902;5;5;54;40;2021;7;19;6;3;5;3;1;1;0;0;0;0;0;350460,241999780759215;5738144,867999274283648;6,832493181000075;51,774179944000082;5210709705000500000;0
52903;5;1;70;8;2021;6;7;2;3;3;6;1;1;0;0;0;0;0;343515,126999725587666;5714865,715999107807875;6,742335976000049;51,563131192000071;5210614518400300000;0
52907;5;5;15;0;2021;7;17;7;2;5;3;1;1;0;0;0;0;0;406677,445823521353304;5750282,320169592276216;7,643740788000059;51,895478256000047;5210703702100500000;0
52913;5;7;11;0;2021;5;7;5;3;0;2;1;1;0;0;0;0;0;473537,658002563752234;5760151,251784399151802;8,614608778000047;51,991394892000073;5210506400200640000;1
52914;5;5;62;24;2021;8;6;3;3;4;6;1;0;0;0;0;0;0;366937,032796200364828;5727052,363833934068680;7,075400699000056;51,678659092000032;5210824701500750000;0
52916;5;5;54;4;2021;7;15;6;3;5;3;1;0;0;0;1;0;0;362149,250975982286036;5772909,748729998245835;6,987874597000030;52,089562342000079;5210716705000520000;0
52919;5;5;54;8;2021;8;11;6;3;6;4;1;0;1;0;0;0;0;334865,149039465002716;5745870,500237917527556;6,602972338000029;51,839199402000077;5210827705000990000;0
52922;5;5;58;16;2021;7;10;4;3;3;6;1;0;0;0;0;0;1;381426,522999932058156;5743380,642999604344368;7,279297084000063;51,828652113000032;5210728706100520000;1
52925;5;7;54;8;2021;7;12;7;3;5;3;1;1;0;0;0;0;0;460165,478000001981854;5748629,733999665826559;8,421203094000020;51,887011458000075;5210710405108990000;0
52928;5;5;62;14;2021;8;16;3;3;3;6;1;1;0;0;0;0;0;357733,604896708391607;5716818,218665959313512;6,946531558000061;51,584442095000043;5210824701300590000;0
52931;5;5;13;0;2021;8;17;7;3;0;7;1;0;0;0;0;0;0;365538,053999869152904;5715435,762999491766095;7,059638465000035;51,573934953000048;5210814700000170000;0
52934;5;5;58;32;2021;8;14;3;2;5;3;1;1;0;0;0;0;0;389097,765607045963407;5752814,987407173961401;7,387540322000063;51,915019819000065;5210817706100990000;1
52935;5;7;11;0;2021;8;17;5;3;5;3;1;1;0;0;0;0;0;471150,919000001624227;5769142,015999674797058;8,579091537000068;52,072109006000062;5210805400100750000;1
52936;5;5;66;76;2021;8;6;5;3;5;3;1;1;0;0;0;0;0;400873,460999972186983;5794570,532999670132995;7,546538453000039;52,292536167000037;5210805709500160000;0
52938;5;5;15;0;2021;8;23;7;2;9;2;1;1;0;0;0;2;0;405946,015999978408217;5756806,164999656379223;7,631331492000072;51,953994937000061;5210821702100470000;0
52949;5;3;58;32;2021;8;14;2;3;5;3;1;1;0;0;0;0;0;314192,871023607440293;5632660,338145911693573;6,362269121000054;50,815823487000046;5210816609132970000;1
52951;5;5;62;14;2021;7;7;4;3;5;3;1;0;0;1;0;0;0;356554,836533784866333;5714649,097297599539161;6,930414901000063;51,564652133000038;5210721701300290000;0
52958;5;5;15;0;2021;8;23;6;3;7;1;1;0;0;0;0;2;0;407084,695761027745903;5755512,335163788869977;7,648246227000072;51,942556718000048;5210813702100570000;0
52959;5;5;15;0;2021;5;19;7;2;3;6;1;0;0;0;0;0;0;403731,350763509981334;5758052,739642530679703;7,598764743000061;51,964820604000067;5210501702100570000;0
52963;5;5;58;8;2021;8;16;2;3;5;2;1;1;0;0;0;0;0;379410,816934386268258;5762064,015236163511872;7,243519756000069;51,996125876000065;5210830706000990000;0
52965;5;7;74;32;2021;8;13;2;3;5;3;1;1;0;0;0;0;0;480687,071000000461936;5733244,512999653816223;8,720234631000039;51,749769729000036;5210823411232750000;0
52969;5;5;58;44;2021;4;13;5;3;5;2;1;1;0;0;0;0;0;395520,759506715461612;5746264,248252686113119;7,482874718000062;51,857383994000031;5210429706300670000;0
52970;5;7;11;0;2021;8;16;1;3;0;1;1;0;0;0;0;0;0;469257,269000001251698;5762687,313999669626355;8,552044576000071;52,013975359000028;5210808400200990000;0
52971;5;1;54;16;2021;8;15;3;1;5;3;1;1;0;0;0;0;0;298135,993999153375626;5730994,725995352491736;6,079150421000065;51,693556418000071;5210824515211520000;0
52981;5;7;70;24;2021;7;9;5;3;0;7;1;1;0;0;0;0;0;495409,554592266678810;5793297,449840120971203;8,932697358000041;52,290015112000049;5210722410110570000;0
52984;5;5;15;0;2021;8;13;3;3;1;3;1;1;0;0;0;0;0;407889,057089393027127;5758267,040247164666653;7,659206304000065;51,967451316000052;5210824702100370000;0
52985;5;9;78;20;2021;8;13;7;3;5;3;1;1;0;0;0;0;0;407375,305760473944247;5717186,514878243207932;7,662694619000035;51,598100456000054;5210828317210510000;1
52988;5;7;66;48;2021;8;13;7;2;0;1;1;0;0;0;0;0;0;480259,515941828489304;5760879,420018862932920;8,712460815000043;51,998221364000074;5210821404302980000;0
52989;5;5;66;12;2021;7;17;5;3;1;3;1;1;0;0;1;0;0;402062,564999974332750;5772744,487999662756920;7,570276701000068;52,096580284000026;5210729709100650000;0
52993;5;1;54;36;2021;8;7;6;3;5;3;1;1;0;0;0;0;0;303751,630999250337481;5740415,398996176198125;6,154984117000026;51,780147778000071;5210827515110020000;0
52999;5;7;11;0;2021;7;22;6;2;4;6;1;0;0;0;0;2;0;471330,943721503950655;5753413,242519387975335;8,583034049000048;51,930705400000079;5210730400300450000;0
53000;5;7;66;40;2021;8;7;3;3;4;1;1;0;0;0;0;0;0;484519,599345764145255;5756482,564096940681338;8,774710830000060;51,958824700000037;5210824404102070000;0
53004;5;7;66;12;2021;3;16;3;3;5;3;1;1;0;0;0;0;0;508004,299407471902668;5760012,252490097656846;9,116570753000076;51,990717946000075;5210323404301990000;0
53009;5;1;54;8;2021;8;18;5;3;5;3;1;1;0;0;0;0;0;309477,866999340243638;5746324,207996889948845;6,234643881000068;51,835192022000058;5210826515000080000;1
53011;5;9;78;24;2021;7;13;4;3;3;2;1;0;0;1;0;0;0;396811,552999965846539;5718830,727999633178115;7,509745133000024;51,611043287000030;5210721301301960000;0
53014;5;5;66;40;2021;8;13;4;3;3;7;1;1;0;0;0;0;0;423980,745268018916249;5780531,605671627447009;7,888430182000036;52,170024930000068;5210804709800870000;0
53016;5;7;54;8;2021;8;0;1;3;0;1;1;0;0;0;0;2;0;460746,872946362942457;5748803,676097545772791;8,429630531000043;51,888616560000060;5210815405108990000;0
53017;5;7;11;0;2021;8;13;4;3;5;2;1;1;0;0;0;0;0;470052,710230905562639;5763746,521750213578343;8,563541994000047;52,023541844000079;5210811400200990000;0
53020;5;7;74;32;2021;8;13;2;3;0;1;1;0;0;0;0;0;0;483982,834745932370424;5728208,112339291721582;8,768208018000053;51,704589854000062;5210816411132990000;1
53022;5;5;13;0;2021;8;13;7;3;0;7;1;0;0;0;0;0;0;365393,147872864268720;5715682,620175320655107;7,057454085000074;51,576118740000027;5210821700200660000;0
53027;5;9;74;20;2021;8;9;6;2;5;3;1;1;0;0;0;0;0;465865,168699439615011;5721574,841570103541017;8,506674788000055;51,644139548000055;5210827316500030000;1
53031;5;5;62;16;2021;8;8;6;3;1;5;1;1;0;0;0;0;0;374578,542076705954969;5734422,824400186538696;7,183211778000043;51,746654986000067;5210820701700770000;0
53033;5;7;62;8;2021;8;11;7;2;0;7;1;0;0;0;0;0;0;521387,717272034846246;5720109,888327870517969;9,309014910000030;51,631596964000039;5210821407123970000;0
53036;5;9;15;0;2021;8;15;4;3;5;3;1;1;0;0;0;0;0;418464,965044079348445;5728297,392038883641362;7,820176656000058;51,699697331000039;5210804303100990000;0
53041;5;1;70;36;2021;6;12;2;3;5;3;1;1;0;0;0;0;0;353625,411999802105129;5729091,945999333634973;6,882143679000023;51,693674183000041;5210614518401000000;0
53052;5;7;11;0;2021;7;10;3;2;5;3;1;1;0;0;0;0;0;472425,714405463077128;5760651,782130297273397;8,598374857000067;51,995840936000036;5210727400200970000;0
53057;5;5;58;16;2021;7;17;6;3;3;3;1;1;0;0;0;0;0;382006,495499125681818;5744603,863453758880496;7,287292294000054;51,839768231000050;5210723706000990000;0
53059;5;7;62;20;2021;8;1;1;3;0;7;1;0;0;0;0;2;0;526011,631250999867916;5735967,206537391990423;9,377004036000073;51,773978813000042;5210822407101990000;0
53060;5;9;74;28;2021;8;16;5;3;5;3;1;1;0;0;0;0;0;451741,717999999411404;5726046,555999651551247;8,301955463000070;51,683309110000039;5210826316300950000;1
53061;5;7;58;16;2021;8;16;2;2;9;1;1;0;0;0;0;0;0;474970,003407803364098;5779478,289016528055072;8,634050471000023;52,165224029000058;5210823406120930000;0
53063;5;5;54;64;2021;8;7;3;3;5;3;1;1;0;0;0;0;0;357469,761999826878309;5750956,740999398753047;6,928743008000026;51,891127840000081;5210810705000370000;0
53064;5;7;11;0;2021;8;17;1;3;5;2;1;1;0;0;0;0;0;467506,872000000439584;5763324,185999670997262;8,526479834000043;52,019601500000078;5210815400200170000;0
53065;5;5;70;24;2021;7;8;6;3;8;1;1;0;0;0;0;0;0;423094,629882392473519;5753699,045090263709426;7,881514982000056;51,928699998000070;5210723711114570000;0
53067;5;5;13;0;2021;8;16;2;3;5;2;1;1;0;0;0;0;0;364819,199999865144491;5716743,448999483138323;7,048768076000044;51,585514416000080;5210823700200980000;0
53072;5;5;66;72;2021;8;12;6;3;0;7;1;0;0;0;0;0;0;412832,303348176181316;5803203,642382096499205;7,719597577000059;52,372159828000065;5210827709700830000;0
53074;5;5;70;52;2021;8;21;2;3;2;6;1;0;0;1;0;1;0;430941,065869163721800;5755885,023756895214319;7,995171825000057;51,949380049000069;5210823711113880000;0
53075;5;5;15;0;2021;8;17;3;3;5;3;1;0;0;0;0;0;0;404672,055303264409304;5759366,922679759562016;7,612087830000064;51,976795067000069;5210831702100090000;0
53076;5;9;78;24;2021;8;13;4;2;5;3;1;1;0;0;0;0;0;397073,946999965235591;5718665,290999632328749;7,513581848000058;51,609604284000056;5210804301301370000;0
53077;5;7;74;4;2021;8;16;2;2;2;5;1;0;0;0;1;0;0;496484,446733240038157;5734499,971339788287878;8,949060993000046;51,761379873000067;5210809411104430000;0
53082;5;5;62;24;2021;8;7;5;3;5;3;1;0;0;0;0;0;0;370462,175999891012907;5725513,566999532282352;7,126928648000046;51,665654557000039;5210826701500540000;1
53084;5;5;62;20;2021;8;7;5;3;5;3;1;1;0;0;0;0;0;369995,937999889254570;5719666,138999527320266;7,122363100000030;51,612997947000054;5210819701200260000;1
53090;5;7;11;0;2021;8;16;5;3;5;3;1;1;0;0;0;0;0;473498,318322652019560;5765298,005970750004053;8,613637482000058;52,037666102000060;5210805400100200000;0
53091;5;5;58;32;2021;8;17;1;3;5;3;1;1;0;0;0;0;0;386703,225999944843352;5754659,312999628484249;7,352133375000051;51,931113449000065;5210829706100840000;1
53094;5;1;54;4;2021;8;15;6;1;5;3;1;0;0;0;1;0;0;307536,322574125602841;5734110,306063218042254;6,213269834000073;51,724837965000063;5210827515110080000;1
53098;5;7;70;12;2021;8;11;3;2;0;3;1;0;0;0;0;0;1;482817,124000000767410;5798238,179999688640237;8,747822840000026;52,334184713000070;5210831410140990000;0
53104;5;5;58;16;2021;8;20;6;3;5;3;1;1;0;0;0;1;0;379738,369637156836689;5741846,071605827659369;7,255344225000044;51,814499967000074;5210820706100880000;0
53107;5;7;54;8;2021;6;14;3;2;0;6;1;0;0;0;0;0;0;459820,657941245473921;5748176,212235108017921;8,416245949000029;51,882909246000054;5210608405108800000;0
53108;5;7;11;0;2021;3;15;3;3;5;3;1;1;0;0;0;0;0;467731,520652218721807;5764286,001575361937284;8,529662807000022;52,028261929000053;5210309400100800000;1
53117;5;7;66;44;2021;8;11;7;3;5;3;1;1;0;0;0;0;0;493315,876000001095235;5765505,259999670088291;8,902548369000044;52,040122605000079;5210807404301990000;0
53119;5;9;74;28;2021;8;11;7;3;2;6;1;0;0;0;0;0;0;453638,055156719870865;5722245,409019127488136;8,329887872000029;51,649293328000056;5210814316300070000;0
53123;5;1;54;4;2021;7;5;2;3;2;6;1;1;0;0;0;1;0;303848,861999249085784;5736789,126996209844947;6,158438636000028;51,747617042000059;5210719515110820000;0
53131;5;1;54;36;2021;8;13;5;3;5;2;1;1;0;0;0;0;0;302097,526999224908650;5741512,484995929524302;6,130411317000039;51,789417227000058;5210819515110520000;0
53133;5;9;78;32;2021;7;13;4;3;5;2;1;1;0;0;0;0;0;393852,107099795714021;5729181,929851051419973;7,463877857000057;51,703532353000071;5210721317250990000;0
53134;5;5;66;8;2021;7;12;6;3;0;2;1;1;0;0;0;0;0;399369,616160207428038;5781742,449758613482118;7,528314666000028;52,176968823000038;5210723709110070000;0
53135;5;1;20;0;2021;8;16;3;3;0;7;1;0;0;0;0;0;0;372173,332302285358310;5672764,553967308253050;7,170692849000034;51,191980364000074;5210803503300370000;0
53137;5;5;66;4;2021;7;17;7;3;5;3;1;1;0;0;0;0;0;395034,104274506680667;5766040,025219410657883;7,469772583000065;52,035034276000033;5210717709100990000;0
53139;5;5;15;0;2021;5;13;5;3;1;5;1;1;0;0;1;0;0;405384,425539621151984;5755925,579663190990686;7,623404216000040;51,945984589000034;5210520702100200000;0
53141;5;5;58;20;2021;8;16;3;3;5;3;1;0;0;0;1;0;0;391712,781889937818050;5758150,517826512455940;7,423865586000034;51,963488309000070;5210817706200990000;1
53146;5;7;11;0;2021;8;16;3;3;0;7;1;0;0;0;0;0;0;468514,428000000305474;5760410,532999666407704;8,541430176000063;51,993463933000044;5210824400300960000;0
53152;5;9;78;24;2021;8;17;6;3;5;3;1;1;0;0;0;0;0;398002,886999968439341;5719378,302999630570412;7,526784941000074;51,616182306000042;5210827301301880000;1
53153;5;1;70;12;2021;8;10;4;2;5;2;1;1;0;0;0;0;0;335678,893806381151080;5737973,228929478675127;6,618516508000027;51,768494484000030;5210818518110340000;0