OID_;ULAND;UREGBEZ;UKREIS;UGEMEINDE;UJAHR;UMONAT;USTUNDE;UWOCHENTAG;UKATEGORIE;UART;UTYP1;IstRad;IstPKW;IstFuss;IstKrad;IstSonstige;ULICHTVERH;IstGkfz;LINREFX;LINREFY;XGCSWGS84;YGCSWGS84;UIDENTSTLAE;IstStrassenzustand
53155;5;5;66;80;2021;7;15;6;3;5;3;1;1;0;0;0;0;0;405632,226999978534877;5781430,487999670207500;7,619960288000073;52,175271643000031;5210730709000370000;0
53158;5;5;54;68;2021;8;15;6;3;0;1;1;0;0;0;0;0;0;351022,615284286439419;5765909,067211039364338;6,828640373000042;52,023782544000028;5210806705000880000;0
53161;5;5;62;16;2021;8;22;4;2;0;1;1;0;0;0;0;2;0;367416,460999879986048;5732169,386999513953924;7,080385288000059;51,724755939000033;5210811701700380000;0
53168;5;9;74;28;2021;7;15;6;3;3;6;1;0;0;0;0;0;0;448341,923012238927186;5723345,153000403195620;8,253182125000023;51,658719118000079;5210716316300380000;0
53170;5;5;15;0;2021;6;10;7;2;3;6;1;0;0;0;1;0;0;405474,546572607941926;5759119,698423227295280;7,623836012000027;51,974710008000045;5210619702100360000;0
53181;5;5;13;0;2021;7;18;5;3;5;3;1;1;0;0;0;0;0;369656,772999887354672;5715254,555999526754022;7,119106114000033;51,573273815000050;5210715700200660000;0
53184;5;7;66;4;2021;8;16;3;3;5;2;1;1;0;0;0;0;0;481686,663000001572073;5751207,898999666795135;8,733763850000059;51,911314297000047;5210810404110470000;1
53186;5;5;66;76;2021;8;17;3;2;0;1;1;0;0;0;0;0;0;395104,514637436717749;5792976,282574221491814;7,462478470000065;52,277137121000067;5210803709500070000;0
53187;5;5;15;0;2021;8;18;3;3;0;3;1;1;0;0;0;0;0;405380,767533290199935;5755685,394274296239018;7,623417114000063;51,943825074000074;5210817702100270000;0
53196;5;9;78;24;2021;8;18;4;3;5;2;1;1;0;0;0;0;0;398687,766907004639506;5719853,334594028070569;7,536536290000072;51,620575868000060;5210804301301380000;1
53200;5;7;11;0;2021;8;13;3;2;5;2;1;1;0;0;0;0;0;469309,179999999701977;5762892,579999672248960;8,552782552000053;52,015823710000063;5210817400200670000;0
53202;5;7;58;12;2021;8;12;6;2;5;3;1;1;0;0;0;0;0;474856,565971360541880;5776052,108764369040728;8,632645601000036;52,134415650000051;5210806406110990000;1
53210;5;7;70;20;2021;7;14;2;2;0;1;1;0;0;0;0;0;0;480216,806681348010898;5793759,249467482790351;8,709924248000050;52,293829895000044;5210719410210570000;0
53213;5;7;54;16;2021;4;16;5;3;0;1;1;0;0;0;0;0;0;446951,918702846392989;5758157,615453654900193;8,227757219000068;51,971568669000078;5210422405116000000;0
53218;5;5;15;0;2021;7;10;2;3;5;3;1;0;0;0;1;0;0;403998,657936275005341;5761396,214747220277786;7,601718745000028;51,994919025000058;5210726702100260000;0
53228;5;7;54;8;2021;8;13;3;3;1;5;1;1;0;0;0;0;0;456147,911741212941706;5749722,204602129757404;8,362692521000042;51,896531812000035;5210803405108880000;0
53230;5;5;66;28;2021;6;4;2;3;5;2;1;1;0;0;0;1;0;412737,985802729614079;5792959,395862173289061;7,720871227000032;52,280067359000043;5210607709000950000;0
53232;5;5;15;0;2021;8;21;3;3;4;1;1;0;1;0;0;2;0;402687,705999975092709;5754820,392999654635787;7,584494190000044;51,935585636000042;5210824702100590000;0
53235;5;1;70;12;2021;8;7;4;3;5;2;1;1;0;0;0;0;0;327555,497994792647660;5734733,079255241900682;6,502509990000021;51,736946061000026;5210818518110340000;0
53239;5;7;66;8;2021;8;15;2;2;0;1;1;0;0;0;0;0;0;479069,968265359289944;5770763,185337254777551;8,694528976000072;52,087040411000032;5210802404302770000;0
53240;5;7;70;8;2021;6;13;7;2;5;3;1;0;0;0;0;0;1;474699,304342359304428;5804241,197260947898030;8,628234735000035;52,387838800000054;5210612410220410000;0
53249;5;7;11;0;2021;7;10;5;3;5;2;1;1;0;0;0;0;0;469337,552000001072884;5763595,750999672338367;8,553132977000075;52,022147247000078;5210715400200990000;0
53252;5;5;70;4;2021;7;16;6;3;5;3;1;1;0;0;0;0;0;426761,151999993249774;5730349,526999654248357;7,939768988000026;51,719289806000063;5210730711214300000;0
53258;5;5;62;28;2021;4;8;1;3;4;6;1;0;0;0;0;0;0;379093,408663894981146;5723930,941057588905096;7,252215846000070;51,653354579000052;5210425701920890000;0
53261;5;5;12;0;2021;7;16;3;3;5;3;1;1;0;0;0;0;0;357039,384999823756516;5719331,896999387070537;6,935493973000064;51,606853680000029;5210727701400310000;0
53262;5;7;74;32;2021;7;11;6;3;0;1;1;0;0;0;0;0;0;480563,186213726177812;5734102,177249390631914;8,718392114000039;51,757476899000039;5210723411232990000;0
53264;5;3;15;0;2021;7;16;3;3;0;2;1;1;0;0;0;0;0;365985,641999869607389;5643735,468999477103353;7,092946032000043;50,929667023000036;5210720601620350000;0
53266;5;7;54;28;2021;4;4;6;3;4;2;1;0;0;0;1;2;0;453506,128999999724329;5745791,559999663382769;8,324831541000037;51,860979117000056;5210430405228500000;0
53267;5;5;15;0;2021;7;8;3;2;5;2;1;1;0;0;0;0;0;401219,457612136378884;5763606,039235386997461;7,560615541000061;52,014293769000062;5210727702100070000;1
53269;5;7;58;12;2021;8;9;6;3;5;3;1;0;0;0;1;0;0;476467,164111568592489;5774092,007424214854836;8,656312128000025;52,116864102000079;5210827406110990000;0
53275;5;5;15;0;2021;8;9;3;3;5;2;1;1;0;0;0;0;0;405609,972620777785778;5752103,621409175917506;7,627733107000040;51,911669292000056;5210831702100260000;0
53276;5;5;54;36;2021;8;5;5;3;0;7;1;0;0;0;0;0;0;370301,870512594468892;5767858,914245557039976;7,108720136000045;52,046146357000055;5210819705000990000;0
53277;5;5;66;28;2021;8;9;4;3;1;3;1;1;0;0;0;0;0;413064,547822725027800;5792488,772899039089680;7,725778186000070;52,275889002000042;5210818709700200000;0
53282;5;5;70;48;2021;8;15;7;3;5;3;1;1;0;0;0;0;0;448167,027999999932945;5732260,339999660849571;8,249328784000056;51,738856345000045;5210821711321730000;0
53284;5;7;54;28;2021;8;0;7;3;0;1;1;0;0;0;0;2;0;451091,366999999620020;5744541,795999661087990;8,289944888000036;51,849536680000028;5210807405228980000;0
53297;5;7;11;0;2021;7;16;7;3;5;3;1;1;0;0;0;0;0;471339,145000000484288;5765411,009999673813581;8,582150741000021;52,038574671000049;5210703400200500000;0
53299;5;5;15;0;2021;2;13;6;3;4;6;1;0;0;0;0;0;0;406488,918818612582982;5757659,137473002076149;7,638997190000055;51,961753420000036;5210219702100700000;0
53301;5;5;62;16;2021;7;20;7;3;5;3;1;0;0;0;0;0;0;373698,619818899780512;5731645,208394646644592;7,171480626000061;51,721495495000056;5210717701700970000;0
53308;5;5;54;48;2021;4;7;6;2;1;7;1;1;0;0;0;0;0;340632,627623949199915;5745186,331822661682963;6,686930768000025;51,834728520000056;5210423705000760000;0
53316;5;7;66;44;2021;2;16;3;2;0;7;1;0;0;0;0;0;0;493985,940196388401091;5763455,497084449976683;8,912353641000038;52,021701065000059;5210223404301990000;0
53319;5;7;74;32;2021;8;8;3;3;5;3;1;1;0;0;0;0;0;479635,385061094537377;5737374,556173376739025;8,704758051000056;51,786866507000070;5210831411232750000;0
53321;5;9;15;0;2021;7;16;5;2;5;3;1;1;0;0;0;0;0;415661,883441006764770;5727148,860174559056759;7,779903113000046;51,688958476000039;5210722303200380000;0
53322;5;7;58;4;2021;5;17;7;2;0;3;1;1;0;0;0;0;0;469784,401519901119173;5782540,696851707994938;8,557964069000036;52,192496814000037;5210501406210680000;0
53331;5;7;11;0;2021;8;15;5;3;5;3;1;1;0;0;0;0;0;473040,283999999985099;5760321,687999667599797;8,607351922000021;51,992903320000039;5210826400200990000;1
53332;5;5;66;76;2021;7;10;5;3;0;4;1;0;1;0;0;0;0;394934,820845223963261;5788340,867216885089874;7,461434658000030;52,235444763000032;5210722709500070000;0
53334;5;7;58;12;2021;5;14;5;2;5;3;1;1;0;0;0;0;0;476018,823000000789762;5771178,834999674931169;8,649969520000070;52,090653577000069;5210506406110870000;0
53337;5;5;54;8;2021;8;12;4;3;3;2;1;0;0;0;0;0;1;338730,597999688237906;5745641,412998944520950;6,659137195000028;51,838270933000047;5210818705000990000;0
53338;5;5;13;0;2021;8;10;3;3;5;2;1;0;0;0;0;0;1;363227,904999857768416;5719734,596999466419220;7,024647310000034;51,612009594000028;5210824700000950000;0
53342;5;3;15;0;2021;7;16;2;3;8;6;1;1;0;0;0;0;0;356200,105804773978889;5648618,834627011790872;6,951858860000073;50,971196603000067;5210719601400370000;0
53344;5;7;11;0;2021;7;16;6;3;4;6;1;0;0;0;1;0;0;467474,506057136692107;5763211,844647396355867;8,526018859000033;52,018589585000029;5210716400200990000;0
53345;5;5;66;28;2021;8;22;5;3;5;3;1;1;0;0;0;2;0;412501,295999985188246;5792017,679999679327011;7,717647001000046;52,271565326000029;5210826709700870000;0
53349;5;5;54;20;2021;7;17;6;3;5;3;1;0;0;0;0;0;0;367023,923015601933002;5786842,122577808797359;7,053527968000026;52,215944970000066;5210716705000020000;0
53352;5;7;11;0;2021;7;18;5;3;1;7;1;1;0;0;0;0;0;469074,441000000573695;5767535,752999672666192;8,548942188000069;52,057555697000055;5210722400100990000;0
53353;5;7;70;24;2021;8;23;7;3;0;1;1;0;0;0;0;2;0;495635,176000000908971;5794024,369999688118696;8,935995877000039;52,296552329000065;5210814410110990000;0
53355;5;5;15;0;2021;6;23;7;1;5;3;1;1;0;0;0;2;0;407680,344685686752200;5756831,867057168856263;7,656554876000030;51,954516574000081;5210619702100500000;0
53358;5;7;74;32;2021;8;20;4;3;0;3;1;0;0;0;0;0;0;480354,095999999903142;5733007,223999656736851;8,715424655000049;51,747624629000029;5210811411232080000;0
53362;5;5;58;16;2021;7;9;7;3;0;1;1;0;0;0;0;0;0;387338,544011641293764;5747718,214558480307460;7,363638378000076;51,868859723000071;5210717706100920000;0
53367;5;3;15;0;2021;8;19;1;3;5;3;1;1;0;0;0;0;0;365148,075999865308404;5637064,112999469041824;7,083498165000037;50,869512248000035;5210829601620360000;0
53369;5;1;70;8;2021;8;17;2;3;5;3;1;1;0;0;0;0;0;343940,714999729767442;5715437,154999118298292;6,748217252000074;51,568383307000033;5210802518400990000;1
53372;5;1;20;0;2021;6;12;7;2;0;7;1;1;0;0;0;0;0;374026,313860356807709;5672280,071287015452981;7,197366343000056;51,188037435000069;5210612503300740000;0
53373;5;5;70;24;2021;8;19;4;2;0;7;1;0;0;0;0;0;0;420286,077999990433455;5751733,981999665498734;7,841132216000062;51,910640445000070;5210811711161580000;0
53375;5;7;70;24;2021;8;12;6;3;3;7;1;0;0;0;0;0;0;494706,771935340017080;5793271,854830658063293;8,922393949000025;52,289778679000051;5210820410110990000;0
53377;5;7;54;8;2021;8;22;7;3;5;3;1;0;0;0;0;2;0;464757,375428442843258;5754239,879710881039500;8,487346397000067;51,937760013000059;5210821405108830000;0
53378;5;5;15;0;2021;8;8;2;3;5;2;1;0;0;0;1;0;0;403431,827999975532293;5758084,496999656781554;7,594397534000052;51,965054099000042;5210809702100570000;0
53380;5;1;54;24;2021;8;13;5;3;0;1;1;1;0;0;0;0;0;317690,834368246607482;5734915,023138020187616;6,359705250000047;51,735458944000072;5210819515000990000;1
53382;5;7;11;0;2021;8;18;7;3;5;2;1;1;0;0;0;0;0;464828,851999323815107;5760921,268813487142324;8,487701605000041;51,997834558000079;5210807400300990000;0
53391;5;7;54;8;2021;7;11;5;3;0;1;1;0;0;0;0;0;0;457070,498319168575108;5750074,372514182701707;8,376055852000036;51,899769846000027;5210729405108480000;0
53399;5;7;54;48;2021;7;14;6;3;5;3;1;1;0;0;0;0;0;445294,174999997951090;5769070,819999674335122;8,201882968000064;52,069518279000079;5210723405148000000;0
53402;5;5;70;28;2021;7;15;3;3;5;2;1;1;0;0;0;0;0;445290,068999999202788;5743179,436999661847949;8,205945495000037;51,836750152000036;5210720711411670000;0
53403;5;5;54;16;2021;7;11;7;3;5;3;1;1;0;0;0;0;0;364419,939055118709803;5760790,634256482124329;7,025801162000050;51,981226333000052;5210710705000700000;0
53404;5;5;62;32;2021;7;14;3;3;5;3;1;1;0;0;0;0;0;375201,594092716462910;5719235,137428436428308;7,197660478000046;51,610302571000034;5210727701110790000;0
53406;5;7;54;32;2021;8;18;7;2;0;7;1;0;0;0;0;1;0;465251,058769119903445;5740565,906593054533005;8,495904090000067;51,814851116000057;5210821405232990000;0
53409;5;7;54;20;2021;6;15;7;3;5;3;1;0;0;0;0;0;0;448280,055999998934567;5748864,524999666959047;8,248486519000039;51,888146273000075;5210626405220600000;0
53411;5;5;66;28;2021;4;18;4;2;3;3;1;1;0;0;0;0;0;414698,727999988943338;5792115,344999684020877;7,749818742000059;52,272788479000042;5210428709700660000;0
53412;5;5;62;32;2021;6;13;1;3;4;6;1;0;0;0;1;0;0;378513,371740945614874;5715522,217137571424246;7,246750300000031;51,577657555000030;5210613701120080000;0
53416;5;7;58;4;2021;6;9;7;3;1;5;1;1;0;0;0;0;0;466848,849288137629628;5784299,423431690782309;8,514848167000025;52,208139658000050;5210619406210060000;0
53417;5;5;70;24;2021;6;10;4;3;5;2;1;1;0;0;0;0;0;420849,181999991647899;5753189,096999665722251;7,848982265000075;51,923801173000072;5210630711161700000;0
53418;5;5;66;36;2021;8;12;5;3;8;1;1;0;0;0;0;0;0;387516,557600266300142;5768376,287090850993991;7,359457456000030;52,054556843000057;5210805709300280000;0
53420;5;7;54;16;2021;3;13;2;3;0;5;1;1;0;0;0;0;0;450452,357000000774860;5755759,175999667495489;8,279056028000070;51,950329071000056;5210329405116700000;0
53425;5;9;78;24;2021;8;16;5;2;5;3;1;1;0;0;0;0;0;398027,274154295213521;5720793,916254682466388;7,526724952000052;51,628911056000049;5210805301301860000;0
53427;5;5;15;0;2021;8;13;6;3;5;3;1;1;0;0;0;0;0;404929,831999978050590;5762787,505999661982059;7,614891204000060;52,007584605000034;5210827702100570000;1
53436;5;3;15;0;2021;8;18;3;3;0;2;1;1;0;0;0;0;0;355694,340999810025096;5645893,210999364033341;6,945740981000029;50,946575543000051;5210803601110240000;1
53445;5;3;66;16;2021;8;7;3;3;0;7;1;0;0;0;0;0;0;344773,026940681040287;5614437,138282762840390;6,803688053000030;50,661069347000080;5210831603116080000;1
53453;5;7;11;0;2021;7;14;1;3;0;1;1;0;0;0;0;0;0;469741,360000001266599;5761623,035999670624733;8,559192115000030;52,004433387000063;5210725400200070000;0
53487;5;9;11;0;2021;7;12;3;3;5;3;1;1;0;0;0;0;0;371304,810026152990758;5702797,350181046873331;7,147423227000047;51,461699720000070;5210720300210410000;0
53494;5;7;11;0;2021;5;18;2;3;5;3;1;1;0;0;0;0;0;472791,834000000730157;5760426,861999668180943;8,603725179000037;51,993836796000039;5210531400200500000;0
53525;5;3;14;0;2021;4;12;4;3;5;3;1;1;0;0;0;0;0;369882,422954474575818;5620335,148870253935456;7,156670112000029;50,720235030000026;5210414600140000000;0
53527;5;3;34;20;2021;8;17;5;2;0;1;1;0;0;0;0;0;0;304790,688232737593353;5602361,077505428344011;6,244949164000047;50,540567111000030;5210812608320280000;0
53532;5;9;15;0;2021;7;18;2;3;0;1;1;0;0;0;0;0;0;418774,626999991945922;5725258,019999649375677;7,825363886000048;51,672419653000077;5210719303100070000;0
53536;5;3;14;0;2021;8;8;6;3;0;7;1;0;0;0;0;0;0;368482,241305944509804;5618216,569911168888211;7,137600250000048;50,700877630000036;5210820600380680000;0
53556;5;5;62;12;2021;8;19;2;3;5;3;1;1;0;0;0;0;0;357469,996953411027789;5727080,273658091202378;6,938552102000074;51,676587375000054;5210802701610120000;0
53557;5;1;11;0;2021;8;20;5;3;5;2;1;0;0;0;1;0;0;345808,304512805305421;5677559,482503255829215;6,791600835000054;51,228560541000036;5210805500100470000;0
53576;5;9;78;24;2021;8;8;5;3;1;5;1;0;0;0;1;0;1;392308,354578914120793;5717313,448353631421924;7,445200836000026;51,596562211000048;5210826301301580000;1
53609;5;3;14;0;2021;8;16;4;3;5;3;1;1;0;0;0;0;0;367493,531702176667750;5622924,702769590541720;7,121915983000065;50,742970342000035;5210825600140940000;0
53611;5;1;54;24;2021;7;11;1;3;5;2;1;1;0;0;0;0;0;314537,923999409191310;5740497,546997448429465;6,311118163000060;51,784563799000068;5210725515110560000;0
53648;5;9;11;0;2021;7;15;6;3;5;3;1;1;0;0;0;0;0;375905,304999912157655;5708593,694999558851123;7,211574860000042;51,514820942000028;5210716300100470000;0
53664;5;5;62;24;2021;4;13;2;2;5;3;1;1;0;0;0;0;0;371423,739858755841851;5725620,496076729148626;7,140785259000040;51,666836347000071;5210426701500450000;0
53665;5;5;62;14;2021;7;15;5;3;0;1;1;0;0;0;0;0;0;357671,723411759361625;5713819,109095823019743;6,946853860000033;51,557476960000031;5210715701300740000;0
53675;5;1;12;0;2021;7;16;2;2;3;2;1;0;0;0;0;0;1;343225,890999721363187;5701880,280999109148979;6,743938295000021;51,446380293000061;5210719501128470000;0
53681;5;1;58;16;2021;7;12;7;3;5;3;1;1;0;0;0;0;0;356659,274400744587183;5670538,436334161087871;6,949705795000057;51,168294929000069;5210703516500510000;0
53682;5;3;82;24;2021;8;7;3;3;5;3;1;1;0;0;0;0;0;376067,110999910160899;5618473,442999532446265;7,244866644000069;50,704852654000035;5210831600120220000;0
53690;5;3;58;44;2021;8;17;1;3;0;1;1;0;0;0;0;0;0;320359,949999449774623;5617752,634998200461268;6,456994552000026;50,683838328000036;5210815609152870000;0
53691;5;5;13;0;2021;7;10;2;3;5;3;1;1;0;0;0;0;0;364668,008999864570796;5716645,993999481201172;7,046624681000026;51,584602361000066;5210712700200960000;0
53694;5;9;16;0;2021;5;16;5;3;5;3;1;1;0;0;0;0;0;376329,794342161156237;5712966,204213820397854;7,216153459000054;51,554211151000061;5210506300600860000;0
53717;5;1;13;0;2021;6;13;3;3;0;7;1;1;0;0;0;0;0;366330,123786200769246;5700908,564692130312324;7,076568528000053;51,443572780000068;5210615502134210000;0
53743;5;3;15;0;2021;7;14;4;3;0;3;1;1;0;0;0;0;0;355455,721452311612666;5644699,177287722006440;6,942820229000063;50,935785234000036;5210721601120380000;0
53757;5;5;15;0;2021;8;19;6;3;3;2;1;1;0;0;0;0;0;405021,112656475044787;5758076,364483503624797;7,617525350000051;51,965254809000044;5210806702100070000;0
53765;5;9;13;0;2021;8;20;2;3;5;3;1;0;0;0;0;1;0;392857,456999958492815;5708020,444999622181058;7,455956760000049;51,513137981000057;5210830301101370000;0
53772;5;5;62;14;2021;8;18;1;3;0;7;1;0;0;0;0;0;0;360407,383423783816397;5717959,817667238414288;6,984644795000065;51,595369171000073;5210808701300560000;0
53775;5;5;66;40;2021;8;17;4;3;5;3;1;1;0;0;0;0;0;423472,534570801071823;5781142,991759914904833;7,880862633000049;52,175450421000050;5210825709800270000;0
53796;5;1;12;0;2021;8;13;2;2;6;4;1;0;1;0;0;0;0;343166,419564216397703;5705653,010777944698930;6,741409655000041;51,480261040000073;5210823501122550000;0
53802;5;1;11;0;2021;7;11;2;3;5;3;1;1;0;0;0;0;0;346731,088588550686836;5677812,660778934136033;6,804698615000063;51,231084034000048;5210719500200230000;0
53809;5;3;14;0;2021;8;19;5;3;5;2;1;1;0;0;0;0;0;371006,988999891094863;5614257,937999503687024;7,174714553000058;50,665861334000056;5210805600380290000;0
53825;5;1;54;36;2021;8;13;1;2;0;2;1;1;0;0;0;0;0;303345,419306312687695;5739599,081184854730964;6,149565396000071;51,772674539000036;5210815515110990000;0
53838;5;9;13;0;2021;6;12;3;3;5;2;1;1;0;0;0;0;0;395156,546920336782932;5706186,277425723150373;7,489621952000050;51,497082744000068;5210615301101890000;0
53841;5;3;66;44;2021;8;15;6;2;2;6;1;0;0;0;0;0;1;338684,596282782033086;5619479,934155996888876;6,715413871000067;50,704728480000028;5210820603144060000;0
53858;5;5;12;0;2021;8;10;6;3;5;3;1;1;0;0;0;0;0;360577,062608075328171;5710029,685407493263483;6,990237652000076;51,524150306000081;5210820701400410000;0
53874;5;5;66;28;2021;8;21;6;3;5;3;1;1;0;0;0;1;0;414739,407339209690690;5792102,891308149322867;7,750417935000030;52,272682850000081;5210806709700160000;1
53883;5;1;12;0;2021;8;11;5;3;5;2;1;1;0;0;0;0;0;343939,029125842265785;5701030,226672515273094;6,754567004000023;51,438939594000033;5210819501313460000;0
53903;5;3;14;0;2021;8;7;2;3;5;3;1;1;0;0;0;0;0;368726,454999881796539;5617804,899999491870403;7,141202893000070;50,697232629000041;5210830600380770000;0
53912;5;3;66;4;2021;7;20;7;3;0;7;1;0;0;0;0;1;0;343137,131099938414991;5607111,452204780653119;6,783658672000058;50,594799948000059;5210717603104770000;1
53916;5;3;15;0;2021;7;10;7;3;5;3;1;1;0;0;0;0;0;366411,616121403872967;5641476,200649345293641;7,099831655000060;50,909460272000047;5210724601620770000;0
53929;5;9;78;24;2021;7;16;2;3;2;6;1;1;0;0;0;0;0;399525,249649267643690;5716771,259442055597901;7,549512857000025;51,593022228000052;5210719301301210000;0
53938;5;1;24;0;2021;8;5;3;3;5;2;1;1;0;0;0;2;0;367403,326999876648188;5679889,441999498754740;7,099833918000058;51,254926397000077;5210810503100170000;1
53946;5;5;15;0;2021;8;10;1;2;5;3;1;1;0;0;0;0;0;404053,122999975457788;5754946,132999656721950;7,604314076000037;51,936952927000050;5210815702100550000;0
53976;5;3;62;8;2021;7;6;4;3;5;3;1;1;0;0;0;0;0;337525,005205835215747;5649874,299346052110195;6,685527281000020;50,977512532000048;5210721602100970000;0
54001;5;3;15;0;2021;6;14;7;3;5;1;1;0;0;0;0;0;0;354454,281142037361860;5644829,490168539807200;6,928525429000047;50,936704450000036;5210612601310770000;0
54041;5;9;13;0;2021;7;17;4;3;0;1;1;0;0;0;0;0;0;394220,519065166823566;5697575,037097282707691;7,478718492000041;51,419505242000071;5210721301102080000;0
54043;5;5;62;24;2021;8;5;2;3;5;3;1;1;0;0;0;0;0;367225,554397610016167;5725333,824658054858446;7,080224492000070;51,663283873000069;5210816701500990000;0
54053;5;9;62;24;2021;7;11;6;2;5;3;1;1;0;0;0;0;0;409396,447999981231987;5692467,790999630466104;7,698211505000074;51,376222396000060;5210730307000370000;0
54060;5;9;74;32;2021;7;1;7;3;0;1;1;0;0;0;0;2;0;436690,180767944082618;5704886,921215165406466;8,088081636000027;51,491579178000052;5210724316100280000;0
54061;5;9;11;0;2021;8;19;7;2;0;1;1;0;0;0;0;0;0;374542,735999906435609;5706239,149999555200338;7,192785788000037;51,493359130000044;5210814300110040000;0
54069;5;1;11;0;2021;7;16;4;3;5;2;1;1;0;0;0;0;0;345642,260778133757412;5674343,459644008427858;6,790608680000048;51,199618172000044;5210721500300520000;0
54070;5;3;66;36;2021;8;10;3;3;0;1;1;0;0;0;0;0;0;319613,518086730502546;5600438,387560928240418;6,454849839000076;50,528052750000029;5210803603236170000;1
54089;5;9;78;8;2021;8;20;1;3;5;3;1;1;0;0;0;1;0;414049,704999987035990;5718147,567999644204974;7,758798034000051;51,607797899000047;5210822317230660000;1
54105;5;1;13;0;2021;7;15;3;2;0;7;1;0;0;0;0;0;0;354243,062237271107733;5705367,613731404766440;6,900924787000065;51,480659299000081;5210727502318770000;0
54106;5;3;15;0;2021;7;9;7;3;1;5;1;1;0;0;0;0;0;362436,544453456997871;5637044,250600881874561;7,044993357000067;50,868694812000058;5210731601620730000;0
54112;5;7;11;0;2021;7;10;7;3;5;2;1;1;0;0;0;0;0;469498,977301259525120;5764825,740709543228149;8,555375817000026;52,033214547000057;5210731400200680000;0
54140;5;5;54;52;2021;7;14;7;3;0;1;1;0;0;0;0;0;0;378161,035970424301922;5773162,525295805186033;7,221368877000032;52,095590525000034;5210724705000110000;0
54153;5;5;15;0;2021;8;11;2;2;5;3;1;1;0;0;0;0;0;404903,530999978072941;5762250,719999661669135;7,614657137000052;52,002755295000043;5210823702100060000;0
54157;5;1;58;28;2021;7;21;1;3;2;6;1;1;0;0;0;1;0;348291,367413537576795;5685330,497074633836746;6,823840132000043;51,299053264000065;5210718516320610000;0
54171;5;3;34;20;2021;8;16;4;3;0;1;1;0;0;0;0;0;0;304261,109999174252152;5605001,226996855810285;6,236096937000070;50,564105869000059;5210825608320980000;0
54184;5;1;11;0;2021;7;18;6;3;3;6;1;0;0;0;0;0;0;344434,591336018405855;5678152,316057443618774;6,771684430000050;51,233514587000059;5210723500200660000;0
54188;5;1;13;0;2021;9;13;6;3;0;1;1;0;0;0;0;0;0;365765,584558300673962;5701554,129299124702811;7,068205217000070;51,449240757000041;5210903502134990000;0
54202;5;5;13;0;2021;8;21;7;3;5;3;1;1;0;0;0;2;0;364668,008999864570796;5716645,993999481201172;7,046624681000026;51,584602361000066;5210828700000070000;0
54234;5;3;82;24;2021;7;13;7;3;1;5;1;1;0;0;0;0;0;371974,292999894358218;5617672,899999516084790;7,187212272000068;50,696770198000081;5210731600120880000;0
54250;5;5;54;56;2021;2;12;6;2;5;3;1;1;0;0;0;0;0;356836,433618062175810;5762373,383905867114663;6,914793047000046;51,993545237000035;5210205705000100000;0
54253;5;3;66;44;2021;8;0;7;3;8;7;1;0;0;0;0;2;0;334223,301713120192289;5618422,160599358379841;6,652762523000035;50,693969172000038;5210814603144170000;0
54256;5;7;70;32;2021;8;15;7;3;5;3;1;1;0;0;0;0;0;494117,969383146613836;5786792,728902101516724;8,913874218000046;52,231521795000049;5210814410120080000;0
54259;5;1;58;36;2021;8;14;3;3;0;1;1;0;0;0;0;0;0;362334,499562497250736;5683136,312819922342896;7,025990635000028;51,282903963000081;5210824516100080000;0
54267;5;7;11;0;2021;7;20;7;2;5;2;1;1;0;0;0;0;0;472791,834000000730157;5760426,861999668180943;8,603725179000037;51,993836796000039;5210717400200100000;0
54302;5;3;66;44;2021;5;11;7;3;0;7;1;0;0;0;1;0;0;333547,197999617084861;5614691,945998849347234;6,644877048000069;50,660258661000057;5210501603144080000;0
54313;5;3;15;0;2021;4;11;2;3;5;3;1;1;0;0;0;0;0;359746,913999835960567;5644836,935999419540167;7,003799979000064;50,938082893000058;5210426601610240000;0
54327;5;3;62;32;2021;7;23;2;3;2;6;1;0;0;1;0;2;0;342331,091240279376507;5636167,869838381186128;6,759857331000035;50,855686205000040;5210726602400300000;0
54336;5;7;62;20;2021;8;9;6;2;9;1;1;0;0;0;0;0;0;526071,755966281518340;5736579,130907204002142;9,377921400000048;51,779477892000045;5210806407101870000;0
54352;5;5;62;12;2021;6;11;7;3;5;3;1;1;0;0;0;0;0;358644,411349972710013;5727715,513692704960704;6,955269081000040;51,682592237000051;5210612701610810000;0
54355;5;5;15;0;2021;4;13;4;3;5;2;1;1;0;0;0;0;0;407058,187999980524182;5757262,265999663621187;7,647387474000027;51,958281592000048;5210428702100900000;0
54372;5;3;66;8;2021;7;14;7;3;0;1;1;0;0;0;0;0;0;338996,530999669805169;5586862,049999041482806;6,733932798000069;50,411707339000031;5210717603208660000;0
54375;5;9;74;44;2021;8;16;2;3;1;1;1;1;0;0;0;0;0;450055,408114992082119;5697633,132527999579906;8,281601346000059;51,427698518000057;5210809316400990000;0
54377;5;5;62;12;2021;8;11;6;3;5;3;1;1;0;0;0;0;0;361917,269999850541353;5726911,489999452605844;7,002898104000053;51,676181568000061;5210827701610170000;0
54391;5;9;11;0;2021;8;9;2;3;2;6;1;1;0;0;0;0;0;379270,502824045717716;5701170,313037684187293;7,262586774000056;51,448831663000078;5210823300310640000;1
54393;5;9;78;36;2021;7;17;3;3;1;5;1;1;0;0;0;0;0;407989,939998458139598;5710870,498882351443172;7,673220087000061;51,541425242000059;5210720317110370000;0
54404;5;1;11;0;2021;8;6;3;3;0;1;1;0;0;0;0;0;0;344829,149999733082950;5681386,490999156609178;6,775929536000035;51,262682172000041;5210810500200280000;1
54408;5;9;13;0;2021;6;8;3;3;0;1;1;0;0;0;0;0;0;393005,225999956950545;5702723,839999616146088;7,459690895000051;51,465557512000032;5210615301502890000;0