OID_;ULAND;UREGBEZ;UKREIS;UGEMEINDE;UJAHR;UMONAT;USTUNDE;UWOCHENTAG;UKATEGORIE;UART;UTYP1;IstRad;IstPKW;IstFuss;IstKrad;IstSonstige;ULICHTVERH;IstGkfz;LINREFX;LINREFY;XGCSWGS84;YGCSWGS84;UIDENTSTLAE;IstStrassenzustand
54412;5;3;14;0;2021;7;9;4;3;5;3;1;1;0;0;0;0;0;368319,163999878801405;5618486,424999492242932;7,135196017000055;50,703266234000068;5210721600380580000;0
54420;5;3;34;28;2021;8;16;6;2;0;1;1;0;0;0;0;0;0;314276,622057696804404;5607163,439631570130587;6,376277893000065;50,586799482000060;5210813608328030000;0
54423;5;9;16;0;2021;8;12;5;3;3;2;1;1;0;0;0;0;0;377080,681999917142093;5710255,407999569550157;7,227925644000038;51,530012369000076;5210826300600260000;0
54424;5;3;14;0;2021;8;10;7;2;5;2;1;1;0;0;0;0;0;364954,817894523032010;5623260,826412200927734;7,085831463000034;50,745406480000042;5210828600110970000;0
54426;5;5;58;12;2021;8;22;4;3;5;3;1;1;0;0;0;2;0;375309,572999911382794;5751928,181999573484063;7,187490649000040;51,904134239000030;5210818706000310000;0
54437;5;5;58;28;2021;8;15;7;3;5;3;1;1;0;0;0;0;0;398828,962999969720840;5729241,084999643266201;7,535857426000064;51,704983475000063;5210814706300990000;0
54472;5;3;34;20;2021;1;5;3;2;8;6;1;0;0;1;1;0;0;303890,150766408070922;5603872,013974584639072;6,231460101000039;50,553838155000051;5210112608320330000;1
54478;5;3;82;72;2021;8;7;3;2;2;2;1;1;0;0;0;0;0;363758,063771503046155;5608527,945008972659707;7,074306988000046;50,612709231000053;5210817600320080000;0
54484;5;7;54;28;2021;8;6;3;3;5;7;1;0;0;0;0;0;0;451444,445000000298023;5745621,860999660566449;8,294918702000075;51,859277831000043;5210817405228990000;0
54494;5;1;70;48;2021;8;13;5;2;5;3;1;1;0;0;0;0;0;336523,943999662995338;5725816,277998873963952;6,636455351000052;51,659527177000029;5210819518100990000;0
54501;5;5;66;8;2021;7;10;5;2;5;3;1;1;0;0;0;0;0;399092,709999970160425;5781289,935999663546681;7,524401067000042;52,172851187000049;5210722709000570000;0
54508;5;3;58;12;2021;8;9;1;3;0;1;1;0;0;0;0;0;0;321312,387999460101128;5613033,479998266324401;6,472741522000035;50,641733462000047;5210815609112090000;0
54510;5;7;74;28;2021;8;10;7;3;5;3;1;1;0;0;0;0;0;492651,718000001274049;5717911,267999650910497;8,893875637000065;51,612186615000041;5210807411128930000;0
54514;5;5;15;0;2021;8;17;1;2;5;3;1;1;0;0;0;0;0;407171,655999979935586;5757931,797999659553170;7,648857361000069;51,964318646000038;5210801702100060000;1
54520;5;3;66;8;2021;8;13;3;2;0;1;1;0;0;0;0;0;0;338639,693352913483977;5583513,878607774153352;6,730352443000072;50,381521540000051;5210803603208060000;0
54526;5;1;54;36;2021;8;7;5;3;5;3;1;1;0;0;0;0;0;301795,152999220415950;5740436,015995886176825;6,126647534000028;51,779643538000073;5210826515110070000;1
54533;5;7;66;28;2021;8;14;4;3;5;3;1;1;0;0;0;0;0;508424,468000000342727;5768691,248999675735831;9,122903610000037;52,068743653000070;5210811404301990000;0
54536;5;9;54;12;2021;8;14;5;3;0;7;1;1;0;0;0;0;0;386763,809094490483403;5687987,087490301579237;7,374579360000041;51,331885426000042;5210812310230070000;0
54538;5;5;62;24;2021;8;9;6;3;5;3;1;1;0;0;0;0;0;370107,110999889671803;5727237,561999531462789;7,121156363000068;51,681065487000069;5210813701500070000;0
54566;5;3;34;20;2021;6;13;1;3;0;1;1;0;0;0;0;0;0;305603,115797289647162;5607890,868715941905975;6,253513079000072;50,590510938000079;5210613608320230000;0
54568;5;9;13;0;2021;5;18;5;2;3;2;1;1;0;0;0;0;0;393599,274999959394336;5706902,815999619662762;7,466980300000046;51,503232379000053;5210506301101080000;0
54569;5;9;11;0;2021;7;14;7;3;2;6;1;1;0;0;0;0;0;374573,358101695775986;5704796,583704086020589;7,193739153000024;51,480401185000062;5210717300120250000;0
54578;5;3;62;20;2021;8;18;7;3;5;3;1;1;0;0;0;0;0;346260,892999741248786;5629839,458999205380678;6,818301161000022;50,799875627000063;5210821602600650000;0
54582;5;1;13;0;2021;5;18;5;3;4;6;1;0;0;0;0;0;0;363936,688617665320635;5702809,135494181886315;7,041418863000047;51,460082431000046;5210506502136870000;0
54585;5;7;54;8;2021;7;5;3;3;5;2;1;1;0;0;0;0;0;457969,005000000819564;5748587,601999662816525;8,389295310000023;51,886471374000052;5210727405108990000;0
54596;5;3;14;0;2021;8;18;3;2;0;3;1;1;0;0;0;0;0;363743,249071342870593;5615867,106634723022580;7,071398369000065;50,678669838000076;5210824600310780000;0
54601;5;3;34;2;2021;8;17;7;3;8;7;1;0;0;0;0;0;0;302184,262999144382775;5621471,281996540725231;6,198019139000053;50,711346109000033;5210821608200950000;0
54620;5;3;15;0;2021;7;17;1;3;6;7;1;0;1;0;0;0;0;353259,837716755457222;5646793,289138425141573;6,910746365000023;50,954049639000061;5210725601310830000;0
54622;5;3;66;20;2021;8;17;4;3;5;3;1;1;0;0;0;0;0;320017,357616609893739;5597024,820932066068053;6,462187605000054;50,497508191000065;5210811603220920000;0
54636;5;5;12;0;2021;4;19;5;2;5;3;1;1;0;0;0;0;0;356571,043999820016325;5709644,614999381825328;6,932688070000040;51,519686984000032;5210422701400890000;0
54657;5;5;13;0;2021;8;15;3;3;4;6;1;0;0;0;1;0;0;364575,519999863579869;5713908,222999481484294;7,046345854000037;51,559977487000026;5210831700200200000;0
54661;5;9;74;40;2021;7;10;7;3;7;1;1;0;0;0;0;0;0;439643,621147993020713;5713599,528001107275486;8,129124354000055;51,570234130000074;5210731316100370000;0
54670;5;3;82;72;2021;8;16;7;2;0;1;1;0;0;0;0;0;0;364769,695156595669687;5607473,708038533106446;7,088981255000022;50,603469046000043;5210807600320970000;0
54679;5;3;62;32;2021;8;13;3;3;0;1;1;0;0;0;0;0;0;337242,809187569655478;5640705,922213878482580;6,685605763000069;50,895052751000037;5210824602400650000;0
54692;5;7;54;48;2021;6;17;5;3;1;1;1;1;0;0;0;0;0;442192,557999998331070;5766300,466999674215913;8,157106742000053;52,044298027000082;5210617405148990000;0
151468;5;3;34;2;2021;10;9;6;3;4;7;1;1;0;0;0;0;0;298105,021816330030560;5627234,149475580081344;6,137158109000040;50,761704163000047;5211008608200670000;0
151477;5;3;70;8;2021;12;22;7;3;1;5;1;1;0;0;0;2;0;292840,217908220365644;5655395,770726101472974;6,046645557000033;51,012762298000041;5211225610112040000;0
151479;5;3;34;2;2021;3;18;5;2;5;3;1;1;0;0;0;0;0;295357,584999013692141;5628050,343995539471507;6,097798980000050;50,768072413000027;5210318608200060000;0
151487;5;1;54;36;2021;4;16;7;3;5;3;1;0;0;0;0;0;0;302216,006479948759079;5740383,624180585145950;6,132770194000045;51,779321926000080;5210424515110070000;0
151491;5;3;34;2;2021;4;23;2;3;0;1;1;0;0;0;0;2;0;289538,767462885938585;5629577,654567807912827;6,014521639000066;50,779707329000075;5210426608100950000;0
151492;5;3;34;2;2021;5;8;4;3;0;1;1;0;0;0;0;0;0;293535,648150262422860;5626855,597292806953192;6,072666590000040;50,756696825000063;5210519608100950000;0
151513;5;3;34;2;2021;10;14;6;3;5;3;1;0;0;0;0;0;0;292978,554687339812517;5633128,737891979515553;6,061246305000054;50,812837542000068;5211001608200980000;0
151517;5;1;54;36;2021;9;20;1;3;3;3;1;1;0;0;0;1;0;302632,505220989696681;5741614,325165569782257;6,138100129000065;51,790520716000060;5210919515110690000;0
151519;5;3;34;2;2021;4;12;7;2;0;1;1;0;0;0;0;0;0;294574,860623894259334;5628935,008493376895785;6,086219826000047;50,775741193000044;5210410608100550000;1
151523;5;3;34;2;2021;6;19;6;3;1;5;1;1;0;0;0;0;0;295483,572125147096813;5628595,060200946405530;6,099280465000049;50,773009105000028;5210618608200180000;0
151524;5;3;34;2;2021;2;11;5;3;7;1;1;0;0;0;0;0;0;291638,909914853982627;5633505,963247839361429;6,042042308000021;50,815745058000061;5210218608100970000;0
151530;5;3;70;12;2021;6;7;5;2;5;3;1;1;0;0;0;0;0;297423,772631458006799;5650008,656397914513946;6,114904331000048;50,966012604000070;5210624610121470000;0
151536;5;1;54;40;2021;9;17;5;3;5;3;1;1;0;0;0;0;0;293928,815934147685766;5741830,473362505435944;6,011946362000060;51,789323868000054;5210902515110540000;0
151548;5;3;34;2;2021;4;13;7;3;1;5;1;1;0;0;0;0;0;292851,476081571541727;5629060,295225145295262;6,061738690000027;50,776253537000059;5210424608100870000;0
151552;5;3;34;2;2021;6;14;2;3;5;7;1;1;0;0;0;0;0;294718,325413039885461;5628885,454013591632247;6,088279604000036;50,775346921000050;5210614608100170000;0
151555;5;3;34;2;2021;11;10;3;3;0;5;1;1;0;0;0;0;0;293570,504873490892351;5629711,458634681999683;6,071557849000044;50,782358019000071;5211116608100370000;0
151560;5;1;54;36;2021;10;20;5;3;5;3;1;1;0;0;0;2;0;301931,004279570654035;5739726,439453192055225;6,129019012000072;51,773319627000035;5211007515110090000;1
151567;5;3;34;2;2021;11;15;4;3;0;1;1;0;0;0;0;0;0;294846,847756893374026;5630407,981465503573418;6,089250517000039;50,789066552000065;5211110608100070000;0
151576;5;3;34;2;2021;11;11;7;3;0;1;1;0;0;0;0;0;0;292992,554959691129625;5630264,741111051291227;6,063058885000032;50,787121049000064;5211113608100580000;1
151582;5;3;34;2;2021;11;17;3;3;4;2;1;1;0;0;0;2;0;294316,639998991973698;5627967,485995369032025;6,083103169000026;50,766960189000031;5211123608100460000;0
151588;5;3;34;2;2021;9;8;3;3;5;3;1;1;0;0;0;0;0;292632,967218460515141;5629932,232071794569492;6,058151936000058;50,784006312000031;5210928608100560000;0
151590;5;3;34;2;2021;10;1;7;2;0;1;1;0;0;0;0;2;0;295593,852322024293244;5628204,180318364873528;6,101059640000074;50,769537350000064;5211030608200270000;1
151594;5;3;34;2;2021;6;19;6;3;5;3;1;1;0;0;0;0;0;296625,272632417269051;5629039,149378834292293;6,115206040000032;50,777399033000052;5210618608200910000;0
151595;5;3;34;2;2021;9;18;6;3;1;5;1;1;0;0;0;0;0;294292,448004321195185;5629137,492025533691049;6,082106334000059;50,777459653000051;5210910608100980000;0
151602;5;3;34;2;2021;4;12;3;3;5;7;1;1;0;0;0;0;0;294869,871499619446695;5628408,028566917404532;6,090692406000073;50,771112654000035;5210413608100970000;0
151612;5;3;34;2;2021;4;16;4;3;8;1;1;0;0;0;0;0;0;293323,512592183426023;5633096,319013679400086;6,066154517000030;50,812669557000049;5210421608100070000;0
151615;5;3;34;2;2021;4;14;7;2;0;1;1;0;0;0;0;0;0;297991,728820915333927;5625816,348371414467692;6,136331566000024;50,748930569000038;5210403608200660000;0
151621;5;3;34;2;2021;6;17;2;3;0;1;1;0;0;0;0;0;0;295754,372385403141379;5628090,513674970716238;6,103396167000028;50,768572998000081;5210614608200470000;0
151622;5;3;34;36;2021;6;10;6;3;3;6;1;0;0;0;1;0;0;297017,797263831831515;5635733,402569221332669;6,117065237000077;50,837660422000056;5210618608436180000;0
151624;5;3;70;8;2021;6;2;5;3;0;7;1;0;0;0;0;2;0;293352,239768499508500;5654533,081404738128185;6,054425993000052;51,005199006000055;5210603610112380000;0
151629;5;1;54;36;2021;12;9;4;3;5;3;1;1;0;0;0;0;0;302373,848999229259789;5740933,171995973214507;6,134742468000070;51,784312640000053;5211208515110120000;1
151634;5;1;54;36;2021;1;6;6;3;5;3;1;1;0;0;0;2;0;302373,848999229259789;5740933,171995973214507;6,134742468000070;51,784312640000053;5210108515110090000;1
151645;5;3;34;2;2021;6;15;5;2;0;1;1;0;0;0;0;0;0;291786,896135685965419;5630880,991685634478927;6,045628539000063;50,792223839000030;5210617608100570000;0
151664;5;1;54;36;2021;1;9;6;3;1;5;1;1;0;0;0;0;0;301053,486062536947429;5740246,313141793012619;6,116019034000033;51,777676909000036;5210129515110080000;1
151665;5;3;34;2;2021;9;17;2;3;0;1;1;0;0;0;0;0;0;294202,870855616405606;5628380,290862511843443;6,081261103000031;50,770627326000067;5210927608100670000;1
151672;5;3;70;16;2021;6;7;2;3;5;3;1;1;0;0;0;0;0;295981,499309031292796;5661264,222464999184012;6,088062069000046;51,066588580000030;5210628610111670000;0
151677;5;3;34;36;2021;1;16;6;3;5;3;1;1;0;0;0;1;0;297916,091999069787562;5633813,046995900571346;6,130864824000071;50,820727125000076;5210108608436140000;1
151681;5;3;70;12;2021;1;15;3;3;0;1;1;0;0;0;0;0;0;294268,386571479961276;5651816,656459722667933;6,069004870000072;50,981131835000042;5210126610121580000;1
151700;5;3;34;2;2021;10;13;2;3;1;5;1;1;0;0;0;0;0;294124,433904041536152;5629182,969587983563542;6,079700954000032;50,777808485000037;5211025608100380000;0
151709;5;3;34;2;2021;3;18;4;3;5;3;1;1;0;0;0;0;0;295047,548999006859958;5629156,262995483353734;6,092791988000045;50,777895539000042;5210331608100060000;0
151712;5;3;34;36;2021;4;16;3;3;2;1;1;1;0;0;0;0;0;296760,712273890152574;5636484,221645452082157;6,113002405000032;50,844313556000031;5210427608436480000;0
151726;5;3;70;16;2021;9;7;2;3;5;2;1;1;0;0;0;0;0;296520,302908970974386;5660915,210964038968086;6,095938072000024;51,063645377000057;5210920610111280000;0
151730;5;3;34;36;2021;7;16;3;3;5;3;1;1;0;0;0;0;0;297948,433324738405645;5634618,356319539248943;6,130879762000063;50,827971286000036;5210706608436880000;0
151738;5;3;70;16;2021;6;13;3;3;4;3;1;0;0;0;0;0;0;295981,840132865123451;5661263,817752964794636;6,088067155000033;51,066585066000073;5210601610111170000;0
151742;5;1;54;36;2021;6;22;6;2;0;7;1;1;0;0;0;2;0;300211,423999194055796;5739954,589995643123984;6,103996898000048;51,774757390000048;5210604515110090000;1
151756;5;3;34;2;2021;2;14;5;2;4;2;1;1;0;0;0;0;0;295324,839764713309705;5628149,959809169173241;6,097279818000061;50,768955544000050;5210204608200750000;0
151765;5;3;34;36;2021;9;14;5;3;5;2;1;1;0;0;0;0;0;297948,553022207692266;5634618,696325179189444;6,130881272000067;50,827974381000047;5210930608436180000;0
151766;5;3;34;2;2021;9;10;6;3;0;1;1;0;0;0;0;0;0;294424,446834293194115;5632068,858064314350486;6,082336306000059;50,803833521000058;5210910608100280000;0
151769;5;1;54;36;2021;10;16;1;3;9;1;1;0;0;0;0;0;0;302362,686111361719668;5742344,156504584476352;6,133777144000021;51,796979373000056;5211017515110090000;0
151774;5;3;34;2;2021;12;17;3;3;5;3;1;1;0;0;0;2;0;293868,427128911949694;5628502,653694093227386;6,076455847000034;50,771607557000038;5211214608100670000;0
151778;5;3;34;16;2021;7;16;3;3;0;1;1;0;0;0;0;0;0;296777,797502064146101;5640591,579817155376077;6,110964065000076;50,881208890000039;5210706608416360000;0
151779;5;3;34;36;2021;3;12;4;3;7;6;1;1;0;0;0;0;0;297383,951161693781614;5634802,437732586637139;6,122773214000063;50,829427339000063;5210310608436670000;0
151791;5;1;54;36;2021;12;19;5;3;3;6;1;1;0;0;0;2;0;300642,771657021716237;5740297,631770417094231;6,110043907000033;51,777991624000038;5211216515110070000;1
151797;5;3;34;2;2021;4;13;6;3;9;1;1;0;0;0;0;0;0;293196,871930688619614;5629578,405815683305264;6,066339676000041;50,781029953000029;5210409608100270000;0
151803;5;3;70;16;2021;10;13;6;2;4;2;1;1;0;0;0;0;0;295657,668406127020717;5661534,208155794069171;6,083293950000041;51,068898084000068;5211015610111890000;1
151813;5;3;34;2;2021;6;14;4;2;5;3;1;1;0;0;0;0;0;296089,353619277477264;5629439,468296529725194;6,107392578000031;50,780806295000048;5210623608200970000;0
151828;5;3;34;2;2021;12;13;6;3;5;2;1;0;0;0;0;0;0;295534,771832772530615;5627992,518383216112852;6,100340507000055;50,767615527000032;5211217608200780000;0
151830;5;3;34;2;2021;10;17;7;3;0;1;1;0;0;0;0;0;0;291185,976207693107426;5630240,146250814199448;6,037478234000048;50,786252411000078;5211023608100770000;0
151832;5;3;70;16;2021;2;13;5;3;5;3;1;1;0;0;0;0;0;296733,904999068938196;5661419,221995558589697;6,098699224000029;51,068247486000075;5210225610111970000;0
151840;5;3;34;2;2021;5;12;6;3;0;7;1;0;1;0;0;0;0;297572,371445807628334;5624883,848683567717671;6,130907017000027;50,740409169000031;5210514608200060000;0
151845;5;3;70;16;2021;3;14;2;3;5;3;1;1;0;0;0;0;0;296482,668977469205856;5660492,905362876132131;6,095639217000041;51,059839380000028;5210315610111380000;0
151858;5;3;34;2;2021;10;11;4;3;5;3;1;1;0;0;0;0;0;294691,182718948461115;5627420,466263582929969;6,088712570000041;50,762179914000058;5211013608100970000;1
151871;5;1;54;36;2021;10;6;5;2;0;1;1;0;0;0;0;2;0;302762,423305248841643;5743558,037618050351739;6,138875997000071;51,808021169000028;5211028515110070000;1
151879;5;3;70;24;2021;7;19;1;3;0;1;1;0;0;0;0;0;0;283023,316735223866999;5660054,905015559867024;5,904116520000059;51,050979338000047;5210704610113080000;0
151880;5;3;34;16;2021;10;11;5;2;5;3;1;1;0;0;0;0;0;293784,299998987466097;5636121,376995228230953;6,070985498000027;50,840001854000036;5211007608416750000;0
151885;5;3;70;16;2021;6;15;6;3;8;3;1;1;0;0;0;0;0;297840,708866079337895;5661076,866819232702255;6,114666911000029;51,065563616000077;5210611610111610000;0
151886;5;3;34;2;2021;10;10;6;3;5;3;1;1;0;0;0;0;0;293980,356998985633254;5629392,415995303541422;6,077542755000024;50,779638396000053;5211022608100070000;0
151898;5;3;34;2;2021;10;20;6;3;4;6;1;0;0;0;0;2;1;297340,926870608702302;5628862,218122301623225;6,125441160000037;50,776060404000077;5211001608200180000;1
151904;5;3;34;2;2021;5;17;5;3;0;1;1;0;0;0;0;0;0;294016,321354612708092;5629155,791268253698945;6,078184752000027;50,777526010000031;5210513608100370000;1
151914;5;3;34;2;2021;2;13;4;2;9;1;1;0;0;0;0;0;0;295211,746999013237655;5631397,918995495885611;6,093868917000066;50,798086421000050;5210217608200870000;0
151923;5;3;34;2;2021;3;16;3;3;5;3;1;1;0;0;0;0;0;292661,022998958826065;5629206,621995080262423;6,058958547000032;50,777499653000064;5210323608100980000;0
151939;5;1;54;16;2021;5;11;1;3;2;6;1;0;0;0;0;0;0;302246,439100686460733;5733777,387863865122199;6,136966981000057;51,720008052000026;5210523515211220000;0
151941;5;3;34;2;2021;6;19;6;3;5;2;1;1;0;0;0;0;0;294466,836998995393515;5629260,718995388597250;6,084507696000060;50,778628197000046;5210611608100380000;0
151949;5;3;34;2;2021;6;17;6;3;0;1;1;0;0;0;0;0;0;293954,260048178024590;5630884,279681922867894;6,076336829000070;50,793027728000027;5210611608100270000;0
151963;5;3;34;2;2021;12;11;6;3;0;1;1;0;0;0;0;0;0;294879,112295082770288;5628550,421669540926814;6,090743893000024;50,772394790000078;5211203608100930000;0
151967;5;3;34;2;2021;9;14;4;3;4;2;1;1;0;0;0;0;0;295813,327999021857977;5628100,004995612427592;6,104225866000036;50,768678993000037;5210908608200850000;0
151968;5;3;70;28;2021;6;17;4;3;1;3;1;1;0;0;0;0;0;297710,886121917515993;5644870,355963122099638;6,121840977000033;50,919965263000051;5210630610122420000;1
151973;5;3;34;2;2021;3;8;4;2;5;1;1;1;0;0;0;0;0;293210,696998965926468;5625997,027995198965073;6,068547809000052;50,748870257000078;5210331608100270000;0
151978;5;3;34;2;2021;11;17;6;2;6;4;1;0;1;0;0;1;0;294674,059980755671859;5628798,139726741239429;6,087701348000053;50,774547066000082;5211105608100530000;0
151984;5;3;34;2;2021;5;19;2;2;0;1;1;0;0;0;0;0;0;291940,234998947009444;5632398,636994931846857;6,046941575000062;50,805908650000049;5210524608100470000;0
151995;5;3;34;36;2021;10;13;3;3;0;6;1;0;1;0;0;0;0;298346,417999077588320;5633723,100995961576700;6,137015768000026;50,820069266000075;5211026608436280000;0
151997;5;3;34;2;2021;12;9;5;3;0;7;1;0;0;0;0;0;0;294623,759369992651045;5628554,561859602108598;6,087124870000025;50,772341634000043;5211230608100680000;1
152001;5;1;54;36;2021;6;0;1;2;0;1;1;0;0;0;0;2;0;300245,356043616309762;5739041,313605453819036;6,105013241000051;51,766568438000036;5210620515110090000;1
152011;5;3;34;2;2021;10;13;7;3;1;5;1;1;0;0;0;0;0;294164,730379768647254;5628859,778511820361018;6,080452632000060;50,774920155000075;5211023608100080000;0
152014;5;3;34;36;2021;6;15;6;3;0;1;1;0;0;0;0;0;0;298024,196999070234597;5633550,979995919391513;6,132541889000038;50,818411079000043;5210625608436360000;0
152019;5;3;34;16;2021;5;14;2;3;2;1;1;1;0;0;0;0;0;294159,124290956184268;5637485,695651095360518;6,075535355000056;50,852388253000072;5210531608416270000;0
152025;5;1;54;36;2021;6;17;5;3;5;7;1;1;0;0;0;0;0;302026,903948802500963;5743564,652271721512079;6,128217225000071;51,807820644000060;5210617515110020000;0
152041;5;3;34;2;2021;4;19;1;3;5;3;1;1;0;0;0;0;0;293070,264998964034021;5625856,595995174720883;6,066638707000038;50,747558993000041;5210425608100780000;0
152045;5;1;54;16;2021;4;6;5;3;4;6;1;1;0;0;0;2;0;301950,541999212466180;5726991,908995985984802;6,136539268000035;51,658968814000048;5210401515211260000;0
152053;5;3;34;2;2021;4;13;7;3;1;5;1;1;0;0;0;0;0;291720,548521446995437;5633152,347431005910039;6,043400307000070;50,812598663000074;5210417608100070000;0
152055;5;3;34;2;2021;2;12;3;3;0;7;1;0;0;0;0;0;0;295471,703999017365277;5629818,339995549991727;6,098432021000065;50,783991570000069;5210223608200570000;0
152059;5;1;54;36;2021;6;17;6;3;5;3;1;1;0;0;0;0;0;298849,420999176800251;5743484,823995389044285;6,082235195000067;51,805969849000064;5210611515110080000;0
152066;5;3;34;2;2021;9;7;5;3;5;3;1;1;0;0;0;0;0;293676,854168905876577;5627449,726743187755346;6,074332910000066;50,762082992000046;5210916608100860000;0
152071;5;1;66;20;2021;7;20;7;2;0;1;1;0;0;0;0;1;0;299625,066999135538936;5679495,812995901331306;6,129849573000058;51,231610025000066;5210703514124080000;0
152076;5;3;34;36;2021;9;7;4;3;0;1;1;0;0;0;0;0;0;298256,267172902822495;5633477,263417299836874;6,135872732000053;50,817829871000072;5210915608436680000;1
152077;5;3;34;2;2021;3;17;7;3;0;1;1;0;0;0;0;0;0;294051,916035637259483;5629306,979398664087057;6,078604283000061;50,778896492000058;5210327608100330000;0
152080;5;1;54;36;2021;5;10;7;3;5;2;1;1;0;0;0;0;0;302301,743242688477039;5739759,221490016207099;6,134366902000068;51,773745049000070;5210508515110060000;0
152084;5;3;34;2;2021;9;16;2;3;0;1;1;0;0;0;0;0;0;293633,642454558983445;5629082,143165942281485;6,072805448000054;50,776728548000051;5210927608100580000;0
152089;5;1;54;36;2021;9;16;3;3;1;1;1;0;0;0;1;0;0;302089,866450799629092;5741522,518144052475691;6,130294667000044;51,789504615000055;5210907515110070000;0
152096;5;3;34;2;2021;3;16;6;3;5;3;1;1;0;0;0;0;0;294818,438409610651433;5628546,366023154929280;6,089886794000051;50,772336910000035;5210305608100060000;0
152100;5;3;34;2;2021;4;21;3;3;3;6;1;1;0;0;0;2;0;295749,737358239479363;5628953,730604944750667;6,102851249000025;50,776324218000070;5210427608100170000;0
152101;5;3;70;16;2021;2;18;4;3;8;5;1;1;0;0;0;2;0;297936,396564017049968;5660485,204508421942592;6,116361184000027;51,060283579000043;5210203610111860000;1
152105;5;3;34;2;2021;5;14;2;3;5;3;1;1;0;0;0;0;0;293021,550714875571430;5627342,300967628136277;6,065114083000026;50,760884861000079;5210503608100060000;0
152109;5;1;54;36;2021;11;13;1;3;3;2;1;1;0;0;0;0;0;302641,601410450413823;5741617,276581849902868;6,138230171000032;51,790550429000064;5211107515110070000;1
152115;5;3;34;2;2021;11;17;2;3;5;2;1;1;0;0;0;2;0;295484,458012522198260;5628177,398031849414110;6,099525190000065;50,769258259000026;5211129608200780000;1
152117;5;3;70;8;2021;7;8;3;3;2;1;1;1;0;0;0;0;0;291909,810998966917396;5655735,136994754895568;6,033205654000028;51,015474128000051;5210713610112270000;1
152119;5;3;34;2;2021;3;18;3;3;5;3;1;0;0;0;1;0;0;295538,629470350220799;5628603,137054372578859;6,100055803000032;50,773101053000062;5210330608200970000;0
152123;5;3;70;16;2021;6;12;4;2;4;2;1;1;0;0;0;0;0;297881,879999088123441;5660621,104995742440224;6,115508331000058;51,061484916000040;5210602610111270000;0
152130;5;3;34;2;2021;9;15;4;3;5;3;1;0;0;0;1;0;0;290161,443272880278528;5636090,674167847260833;6,019619020000050;50,838423986000066;5210908608100670000;0
152136;5;3;70;12;2021;6;15;5;3;0;7;1;0;0;0;0;0;0;297271,072502604685724;5650041,823356684297323;6,112714044000029;50,966256773000055;5210603610121860000;0
152141;5;3;34;2;2021;9;10;2;3;2;6;1;1;0;0;0;0;0;292740,239538839086890;5631138,100160920992494;6,058991598000034;50,794874528000037;5210906608100980000;0
152145;5;3;34;16;2021;10;15;3;3;0;1;1;0;0;0;0;0;0;294990,660937543958426;5635411,820775993168354;6,088493398000026;50,834057815000051;5211019608416080000;1
152149;5;3;34;2;2021;10;18;1;2;0;1;1;0;0;0;0;1;0;296138,558999028988183;5627893,519995663315058;6,108946415000048;50,766938830000072;5211003608200460000;1
152157;5;1;66;20;2021;9;1;1;2;0;1;1;0;0;0;0;2;0;300028,385371540673077;5677345,844119314104319;6,136818034000044;51,212442785000064;5210926514124080000;0
152159;5;3;34;2;2021;9;18;7;2;3;2;1;1;0;0;0;0;0;294480,402097253128886;5629256,924467882141471;6,084701972000062;50,778598925000040;5210904608100980000;0
152162;5;3;34;2;2021;9;7;4;3;0;7;1;0;0;0;0;0;0;294609,908527796156704;5626775,663421260192990;6,087921419000054;50,756360023000070;5210915608100770000;1
152172;5;3;34;2;2021;6;11;7;3;5;3;1;1;0;0;0;0;0;292598,541506533510983;5627222,594427295029163;6,059191816000066;50,759658767000076;5210619608100370000;0
152190;5;3;34;2;2021;10;12;6;3;0;1;1;0;0;0;0;0;0;296548,452780129387975;5627683,162971554324031;6,114867731000061;50,765193382000064;5211029608200450000;1
152191;5;3;34;2;2021;5;22;1;3;0;1;1;0;0;0;0;1;0;294068,605065523646772;5629286,658206105232239;6,078852070000039;50,778719910000063;5210530608100460000;0
152198;5;3;34;16;2021;10;13;7;3;5;3;1;0;0;0;1;0;0;294005,304998992010951;5636305,980995265766978;6,074016426000071;50,841738487000043;5211009608416880000;0
152203;5;3;70;12;2021;12;18;4;3;6;4;1;0;1;0;0;2;0;297148,778224852867424;5650340,786027990281582;6,110807987000044;50,968898747000026;5211208610121610000;0
152204;5;3;34;36;2021;5;21;5;3;5;3;1;1;0;0;0;2;0;297916,091999069787562;5633813,046995900571346;6,130864824000071;50,820727125000076;5210527608436970000;1
152214;5;3;34;2;2021;11;12;7;3;6;4;1;1;1;0;0;0;0;294516,777514494024217;5628663,050731273368001;6,085549029000049;50,773278113000060;5211127608100060000;1
152222;5;3;34;2;2021;9;16;2;3;3;3;1;1;0;0;0;0;0;292515,365998954512179;5628343,302995059639215;6,057382300000029;50,769694120000054;5210920608100980000;0
152229;5;3;34;2;2021;9;20;5;3;4;6;1;1;0;0;0;1;0;294031,235496929846704;5629566,807688551023602;6,078165797000054;50,781222702000036;5210902608100380000;0
152233;5;1;54;36;2021;12;7;4;3;5;3;1;1;0;0;0;1;0;302373,848999229259789;5740933,171995973214507;6,134742468000070;51,784312640000053;5211201515110550000;1
152239;5;3;34;2;2021;11;11;6;2;4;2;1;1;0;0;0;0;0;293884,860998982563615;5627620,567995298653841;6,077182686000071;50,763691255000026;5211112608100970000;0