OID_;ULAND;UREGBEZ;UKREIS;UGEMEINDE;UJAHR;UMONAT;USTUNDE;UWOCHENTAG;UKATEGORIE;UART;UTYP1;IstRad;IstPKW;IstFuss;IstKrad;IstSonstige;ULICHTVERH;IstGkfz;LINREFX;LINREFY;XGCSWGS84;YGCSWGS84;UIDENTSTLAE;IstStrassenzustand
152240;5;3;34;2;2021;9;18;3;3;0;7;1;1;0;0;0;0;0;295249,110039516352117;5628356,932604998350143;6,096092105000025;50,770787709000047;5210907608200780000;0
152243;5;3;34;2;2021;5;18;4;3;0;5;1;0;1;0;0;0;0;296295,063999032601714;5628671,601995682343841;6,110732068000061;50,773982070000045;5210512608200530000;0
152257;5;3;34;2;2021;2;15;1;3;3;6;1;1;0;0;0;0;0;293574,917998976074159;5627609,527995247393847;6,072799846000066;50,763481938000041;5210221608100370000;0
152258;5;3;34;2;2021;6;15;7;3;3;7;1;1;0;0;0;0;0;295127,269292330369353;5628897,345318442210555;6,094065480000040;50,775598293000030;5210619608100480000;0
152263;5;3;34;2;2021;6;11;5;3;5;3;1;1;0;0;0;0;0;293975,979998985305429;5628708,706995310261846;6,077863743000023;50,773496356000066;5210624608100580000;0
152274;5;1;54;36;2021;3;15;3;3;5;3;1;1;0;0;0;0;0;300891,921999205835164;5739668,352995751425624;6,114011518000041;51,772429449000072;5210302515000010000;0
152275;5;1;54;16;2021;4;14;6;3;5;3;1;1;0;0;0;0;0;301600,210948975756764;5732447,031424576416612;6,128381000000047;51,707833130000040;5210402515211120000;0
152279;5;3;34;2;2021;4;17;6;3;0;7;1;0;0;0;0;0;0;293552,090998979285359;5632536,956995213404298;6,069709317000047;50,807727415000045;5210423608100470000;0
152284;5;3;34;2;2021;9;7;3;3;2;6;1;1;0;0;0;0;0;294585,671547730453312;5628629,094819014891982;6,086543793000033;50,772997546000056;5210928608100180000;0
152288;5;3;34;2;2021;10;17;2;3;1;1;1;1;0;0;0;0;0;296133,447421575896442;5628796,851600779220462;6,108373461000042;50,775050211000064;5211004608200080000;0
152291;5;3;34;2;2021;9;8;2;2;0;1;1;0;0;0;0;0;0;292256,820111777633429;5630245,415032144635916;6,052646203000052;50,786684359000049;5210906608100860000;0
152296;5;3;34;36;2021;6;15;3;3;0;7;1;1;0;0;0;0;0;298008,046091498807073;5634033,279162190854549;6,132047352000029;50,822737219000032;5210615608436690000;0
152301;5;3;34;2;2021;11;13;4;3;5;3;1;0;0;0;1;0;0;298019,940999070182443;5629908,283995939418674;6,134484944000064;50,785692566000080;5211103608200530000;1
152324;5;3;70;12;2021;3;15;3;2;1;5;1;1;0;0;0;0;0;297751,016461359336972;5650266,244211686775088;6,119415444000026;50,968441007000081;5210323610121310000;0
152334;5;3;34;2;2021;6;15;4;3;5;2;1;1;0;0;0;0;0;294663,169126261956990;5629212,909790327772498;6,087315523000029;50,778268351000065;5210609608100770000;0
152348;5;3;34;2;2021;6;13;3;3;1;3;1;1;0;0;0;0;0;293330,167003990150988;5629916,173483710736036;6,068038062000028;50,784110977000068;5210629608100970000;0
152353;5;3;34;2;2021;6;16;4;3;5;3;1;1;0;0;0;0;0;294565,578475032933056;5626637,558470234274864;6,087370811000028;50,755103981000047;5210623608100470000;0
152357;5;3;34;2;2021;5;16;4;3;6;6;1;0;1;0;0;0;0;295355,798831839114428;5628974,751434234902263;6,097259454000039;50,776374168000075;5210505608200560000;0
152361;5;3;70;28;2021;5;20;5;3;8;1;1;0;0;0;0;1;0;296014,428690640255809;5645562,106324862688780;6,097349964000045;50,925580803000059;5210513610122880000;1
152373;5;3;70;12;2021;7;17;5;3;6;4;1;0;1;0;0;0;0;294193,829325298778713;5647729,469015877693892;6,070255650000036;50,944399053000041;5210708610121170000;0
152377;5;3;34;2;2021;10;16;2;3;5;3;1;1;0;0;0;0;0;296255,590579368174076;5628074,522067105397582;6,110503621000021;50,768605589000060;5211004608200580000;0
152386;5;3;34;2;2021;4;10;3;3;5;2;1;1;0;0;0;0;0;294730,754999001510441;5629420,163995429873466;6,088157212000056;50,780153669000072;5210420608100370000;0
152391;5;3;34;36;2021;9;7;5;3;3;3;1;1;0;0;0;0;0;297199,249235563911498;5635578,112875625491142;6,119724824000059;50,836329311000043;5210916608436180000;0
152399;5;3;70;28;2021;3;10;3;3;1;5;1;1;0;0;0;0;0;298826,114944922737777;5644467,815369142219424;6,137909144000048;50,916739717000041;5210330610122660000;0
152401;5;3;34;2;2021;10;1;1;3;0;1;1;0;0;0;0;2;0;294353,633447801694274;5628215,636852106079459;6,083488381000052;50,769201994000070;5211031608100580000;1
152407;5;3;34;2;2021;9;15;4;3;0;1;1;0;0;0;0;0;0;291297,948998930864036;5630435,100994825363159;6,038953876000051;50,788043574000028;5210901608100580000;0
152409;5;3;34;2;2021;10;18;2;3;5;7;1;1;0;0;0;0;0;295432,857032236643136;5629439,427189078181982;6,098092491000045;50,780574741000066;5211004608200250000;0
152412;5;3;34;2;2021;6;13;1;3;5;3;1;1;0;0;0;0;0;296592,497999040409923;5629020,563995726406574;6,114752053000075;50,777220617000069;5210627608200770000;0
152413;5;3;34;2;2021;1;17;7;3;0;7;1;0;0;0;0;1;0;293957,448351053521037;5628855,050381422042847;6,077519292000034;50,774804105000044;5210123608100770000;0
152420;5;3;34;2;2021;9;9;5;3;3;6;1;1;0;0;0;0;0;293821,898014129139483;5629526,231458475813270;6,075223055000038;50,780783901000063;5210916608100270000;0
152430;5;3;34;2;2021;6;14;4;3;5;2;1;1;0;0;0;0;0;293903,683414491824806;5627718,953357188031077;6,077394135000020;50,764581554000074;5210616608100080000;0
152433;5;1;54;36;2021;1;8;4;3;5;2;1;1;0;0;0;0;0;302291,717735571786761;5740610,284723168238997;6,133737205000045;51,781384093000042;5210127515110070000;1
152437;5;3;34;2;2021;7;19;4;3;0;1;1;0;0;0;0;0;0;293856,750898483209312;5628496,845811177045107;6,076293728000053;50,771551247000048;5210707608100070000;0
152452;5;3;34;2;2021;5;12;7;3;0;1;1;0;0;0;0;0;0;294850,776423890143633;5630411,134434852749109;6,089304420000076;50,789096259000075;5210515608200580000;0
152457;5;1;54;36;2021;9;8;5;2;1;5;1;1;0;0;0;0;0;301466,865181270986795;5740439,893298583105206;6,121892638000077;51,779562012000042;5210916515110070000;0
152460;5;3;34;2;2021;6;17;6;3;1;1;1;1;0;0;0;0;0;292942,121998967602849;5630328,991995122283697;6,062308171000041;50,787680079000040;5210618608100580000;0
152466;5;3;34;16;2021;3;12;4;3;0;1;1;0;0;0;0;0;0;294546,726019864901900;5634835,718162810429931;6,082520259000034;50,828726396000036;5210317608416570000;0
152473;5;3;34;2;2021;10;16;5;3;5;3;1;1;0;0;0;0;0;293646,983998977579176;5627441,414995262399316;6,073914599000034;50,761997723000036;5211028608100080000;0
152486;5;3;34;2;2021;12;14;5;3;5;3;1;1;0;0;0;0;0;294852,806761113926768;5628430,858815185725689;6,090437984000062;50,771311665000042;5211216608100080000;0
152491;5;3;34;2;2021;4;12;5;3;5;3;1;1;0;0;0;0;0;296528,758825249969959;5628199,374369328841567;6,114303393000057;50,769822801000032;5210401608200570000;0
152506;5;3;70;28;2021;5;19;7;3;1;3;1;1;0;0;0;0;0;296726,214877019636333;5645484,991823343560100;6,107507618000056;50,925139421000040;5210529610122570000;0
152513;5;3;34;2;2021;7;12;3;3;5;3;1;1;0;0;0;0;0;296372,004999033175409;5628071,718995699658990;6,112153918000047;50,768621281000037;5210713608200660000;1
152518;5;3;34;2;2021;4;9;3;3;5;3;1;1;0;0;0;0;0;292854,072783592157066;5630469,110238997265697;6,060981733000062;50,788907031000065;5210420608100580000;0
152522;5;1;54;36;2021;6;12;4;3;0;3;1;1;0;0;0;0;0;299199,733557466417551;5742304,974768221378326;6,087992714000052;51,795501125000044;5210623515110090000;0
152526;5;3;34;2;2021;1;10;4;3;5;3;1;1;0;0;0;0;0;295998,425999025814235;5628034,035995643585920;6,106883926000023;50,768151609000029;5210127608200270000;1
152533;5;3;34;36;2021;10;13;6;3;5;2;1;1;0;0;0;0;0;298481,186999081633985;5634064,543995980173349;6,138739041000065;50,823182863000056;5211001608436160000;0
152542;5;3;70;32;2021;9;23;7;3;0;1;1;0;0;0;0;2;0;288657,133998907171190;5661337,170994063839316;5,983631848000073;51,064594358000079;5210918610114040000;0
152549;5;3;34;16;2021;1;16;6;2;6;4;1;0;1;0;0;1;0;294483,500999002717435;5635484,276995349675417;6,081260149000059;50,834528719000048;5210122608416910000;0
152556;5;3;34;2;2021;5;14;3;3;5;2;1;1;0;0;0;0;0;294926,486730116419494;5628731,252470048144460;6,091314077000050;50,774035625000067;5210504608100270000;0
152562;5;3;70;12;2021;9;16;3;3;0;5;1;1;0;0;0;0;0;297648,100583643652499;5649526,171613600105047;6,118363199000044;50,961758152000073;5210914610121980000;0
152569;5;1;54;36;2021;3;16;1;3;5;3;1;1;0;0;0;0;0;302650,470139225944877;5739476,582107633352280;6,139575482000055;51,771329956000045;5210328515110060000;0
152575;5;3;34;2;2021;2;10;3;2;5;3;1;1;0;0;0;0;0;295456,161999016068876;5628244,728995552286506;6,099087009000073;50,769853006000062;5210202608200040000;0
152577;5;3;34;2;2021;10;17;4;3;0;1;1;0;0;0;0;0;0;291978,820984662510455;5630379,368883270770311;6,048631866000051;50,787787720000040;5211013608100970000;0
152582;5;1;54;36;2021;6;17;2;3;0;1;1;0;0;0;0;0;0;302421,951940564438701;5741745,139813989400864;6,134976654000070;51,791621125000063;5210628515110590000;0
152589;5;1;54;40;2021;1;13;2;3;5;2;1;1;0;0;0;0;0;294087,700999096967280;5740893,770994532853365;6,014802531000043;51,780971639000029;5210104515110020000;1
152594;5;3;70;8;2021;9;10;7;3;5;3;1;1;0;0;0;0;0;293041,512998989783227;5654248,836994975805283;6,050165176000064;51,002534651000076;5210925610112270000;0
152599;5;1;54;36;2021;11;9;3;3;5;3;1;1;0;0;0;0;0;302169,106999226845801;5740790,962995940819383;6,131859101000032;51,782963263000056;5211109515110090000;0
152608;5;1;54;40;2021;3;15;5;3;5;3;1;1;0;0;0;0;0;294105,171999097801745;5741575,619994524866343;6,014651002000051;51,787100442000053;5210325515110060000;0
152609;5;3;34;2;2021;4;3;7;2;0;1;1;0;0;0;0;2;0;293827,587998982518911;5628941,647995281964540;6,075631389000023;50,775535710000042;5210403608100380000;1
152610;5;3;34;2;2021;1;8;6;3;1;5;1;1;0;0;0;1;0;295308,342999015934765;5630160,731995517387986;6,095927001000064;50,787009047000026;5210115608200570000;0
152613;5;3;34;16;2021;6;7;2;3;5;3;1;1;0;0;0;0;0;296765,003506522625685;5637187,844904173165560;6,112672892000035;50,850634521000075;5210614608416680000;0
152614;5;3;34;36;2021;5;13;7;3;5;3;1;1;0;0;0;0;0;297916,091999069787562;5633813,046995900571346;6,130864824000071;50,820727125000076;5210529608436730000;0
152626;5;3;34;2;2021;5;8;5;3;5;3;1;1;0;0;0;0;0;295596,359811591915786;5626589,070362105965614;6,101992045000031;50,755032362000065;5210520608100550000;0
152637;5;3;34;2;2021;3;16;4;3;4;2;1;1;0;0;0;0;0;294434,103714518249035;5628531,153555264696479;6,084451757000068;50,772064229000080;5210331608100630000;0
152641;5;3;70;12;2021;10;17;5;3;5;3;1;1;0;0;0;0;0;296237,259563189931214;5651607,083602748811245;6,097133571000029;50,979949691000058;5211007610121380000;0
152650;5;3;34;2;2021;2;13;5;2;0;1;1;0;0;0;0;0;0;294185,586612579412758;5628984,012956868857145;6,080678527000032;50,776043326000035;5210225608100760000;0
152653;5;3;34;36;2021;9;15;3;3;0;7;1;0;0;0;0;0;0;298105,746540498919785;5634173,833289856091142;6,133355320000021;50,824033676000056;5210921608436150000;0
152658;5;3;34;2;2021;7;15;4;3;5;3;1;1;0;0;0;0;0;295136,439939794130623;5626676,661511363461614;6,095431562000044;50,755656920000035;5210707608100080000;0
152662;5;3;34;36;2021;9;0;7;3;8;1;1;0;0;0;0;2;0;297866,839158666320145;5633732,221549578011036;6,130211013000064;50,819984004000048;5210904608436470000;0
152674;5;3;34;2;2021;3;11;2;2;5;3;1;1;0;0;0;0;0;296171,413999030366540;5627659,867995670065284;6,109541126000067;50,764851848000035;5210329608200230000;0
152682;5;3;34;2;2021;11;17;3;3;0;1;1;0;0;0;0;2;0;297693,043450582772493;5628711,544229282066226;6,130511840000054;50,774830030000032;5211116608200870000;1
152688;5;3;34;2;2021;6;21;3;3;0;1;1;0;0;0;0;2;0;298337,043843660503626;5622889,675689525902271;6,142821284000036;50,722764076000033;5210629608200060000;1
152699;5;3;34;2;2021;6;11;1;3;0;1;1;0;0;0;0;0;0;292990,864632728509605;5629604,078290730714798;6,063406947000033;50,781187025000065;5210613608100280000;0
152703;5;1;54;36;2021;5;17;1;2;0;4;1;0;1;0;0;0;0;302731,073096816428006;5741418,458854787051678;6,139638829000035;51,788796584000067;5210502515110550000;0
152711;5;3;70;32;2021;10;8;6;3;5;3;1;1;0;0;0;0;0;292911,449998995289207;5664013,844994882121682;6,042730445000075;51,090182154000047;5211029610114060000;0
152718;5;3;34;2;2021;10;8;4;3;0;6;1;0;0;0;0;0;0;294086,045998987741768;5628594,333995327353477;6,079486717000066;50,772508232000064;5211006608100170000;1
152726;5;3;34;2;2021;11;16;7;3;5;2;1;1;0;0;0;1;0;293857,369185347110033;5628757,261064644902945;6,076156557000047;50,773890291000043;5211120608100780000;0
152733;5;1;54;36;2021;10;8;2;3;3;2;1;1;0;0;0;0;0;301843,022567537613213;5740560,324477717280388;6,127269603000059;51,780776775000049;5211025515110570000;0
152741;5;3;70;16;2021;10;11;4;3;5;3;1;1;0;0;0;0;0;296022,001999054104090;5661214,829995444044471;6,088667212000075;51,066159388000074;5211020610111650000;0
152745;5;3;34;2;2021;4;7;6;3;5;3;1;0;0;0;1;0;0;295708,357155296020210;5630098,845280287787318;6,101628858000026;50,786594294000054;5210430608200570000;0
152763;5;3;34;2;2021;2;12;4;2;8;1;1;0;0;0;0;0;0;293610,782333153299987;5627436,436850838363171;6,073404765000021;50,761940141000082;5210217608100080000;1
152764;5;3;70;16;2021;10;15;5;3;5;2;1;1;0;0;0;0;0;296149,320922798477113;5654894,958443628624082;6,094037346000050;51,009446777000051;5211028610111080000;0
152769;5;3;34;2;2021;11;11;1;2;5;3;1;0;0;0;1;0;0;293975,577998983673751;5626962,963995320722461;6,078835352000056;50,757817413000055;5211121608100180000;1
152773;5;3;34;36;2021;10;13;3;3;4;2;1;1;0;0;0;0;0;298483,930999080650508;5633877,356995983049273;6,138880781000069;50,821502588000044;5211005608436780000;0
152782;5;3;34;2;2021;6;12;4;3;5;3;1;1;0;0;0;0;0;292609,022993988357484;5628433,448977092280984;6,058657894000021;50,770537205000039;5210616608100080000;0
152784;5;3;34;2;2021;4;13;6;2;5;3;1;1;0;0;0;0;0;295357,858999016694725;5630083,549995528534055;6,096671518000051;50,786333331000037;5210423608200130000;0
152788;5;3;34;2;2021;11;18;5;2;5;2;1;1;0;0;0;2;0;293925,695998985320330;5628631,372995300218463;6,077194854000027;50,772783949000029;5211104608100580000;1
152796;5;3;34;16;2021;9;14;2;3;0;1;1;0;0;0;0;0;0;294050,745998994447291;5636855,162995267659426;6,074352271000066;50,846686868000063;5210913608416360000;0
152797;5;3;34;2;2021;10;17;5;3;5;3;1;1;0;0;0;0;0;295125,497999007813632;5628985,539995495229959;6,093991263000021;50,776389768000058;5211028608100980000;0
152815;5;3;34;2;2021;11;16;5;3;5;3;1;1;0;0;0;1;0;296120,027708765119314;5628050,653226811438799;6,108596910000074;50,768343595000033;5211104608200460000;1
152818;5;3;34;2;2021;9;19;2;3;5;3;1;0;0;0;0;0;0;291190,937898181378841;5627589,964772010222077;6,039052936000076;50,762453381000057;5210913608100580000;0
152823;5;3;34;36;2021;3;19;7;2;6;4;1;0;1;0;0;2;0;298097,226625028066337;5634209,131814278662205;6,133215080000070;50,824347740000064;5210327608436140000;0
152825;5;3;34;2;2021;11;13;4;3;5;3;1;1;0;0;0;0;0;293986,892673772759736;5627541,960325120016932;6,078671538000037;50,763021496000079;5211117608100380000;1
152832;5;3;34;2;2021;12;7;6;3;0;7;1;1;0;0;0;2;0;290162,982003476470709;5628369,044630985707045;6,024053068000057;50,769079325000064;5211217608100980000;0
152833;5;3;70;12;2021;4;15;5;3;0;6;1;0;0;0;0;0;0;294739,295127115212381;5649206,889956772327423;6,077177007000046;50,957862004000049;5210422610121720000;0
152834;5;3;70;16;2021;9;13;3;3;5;3;1;1;0;0;0;0;0;296513,865385104902089;5660091,355596294626594;6,096309565000070;51,056244176000064;5210907610111270000;0
152858;5;3;34;2;2021;9;18;3;3;9;5;1;1;0;0;0;1;0;293096,277603193186224;5628262,713382728397846;6,065654757000061;50,769177786000057;5210921608100580000;0
152867;5;3;34;2;2021;3;10;3;2;1;5;1;0;0;0;1;0;0;294866,699975444003940;5630286,749575180932879;6,089599458000066;50,787984766000079;5210330608200980000;0
152871;5;3;34;2;2021;7;18;6;3;5;3;1;0;0;1;0;0;0;296438,222877972759306;5630515,716603126376867;6,111738814000034;50,790595063000069;5210709608200370000;0
152877;5;3;34;16;2021;6;21;4;3;4;6;1;0;0;0;1;1;0;293649,379314678721130;5634912,140023969113827;6,069752499000060;50,829093628000066;5210602608416870000;0
152886;5;3;34;2;2021;9;22;5;3;0;5;1;1;0;0;0;2;0;296182,746090183965862;5628575,510862011462450;6,109194402000071;50,773079586000051;5210916608200560000;0
152887;5;3;34;2;2021;11;17;6;3;0;1;1;0;0;0;0;2;0;296919,413375135511160;5631477,181551385670900;6,118025566000028;50,799399147000031;5211112608200570000;0
152889;5;3;70;16;2021;5;17;2;3;8;1;1;0;0;0;0;0;0;293674,800034788437188;5663255,811253353953362;6,054048633000036;51,083649719000050;5210503610111280000;0
152895;5;3;34;2;2021;10;14;5;3;3;2;1;1;0;0;0;0;0;297995,435999067500234;5629635,123995933681726;6,134287853000046;50,783230622000076;5211021608200950000;1
152897;5;3;34;2;2021;6;20;4;3;5;2;1;1;0;0;0;1;0;294154,512998989783227;5628589,451995341107249;6,080459182000027;50,772488683000063;5210623608100070000;0
152909;5;3;34;16;2021;6;13;3;3;5;3;1;1;0;0;0;0;0;296761,697253474965692;5637186,499881651252508;6,112626731000034;50,850621280000041;5210601608416170000;0
152910;5;3;34;2;2021;7;8;5;2;9;1;1;0;0;0;0;0;0;297534,212999058887362;5628912,962995870038867;6,128151159000026;50,776583668000058;5210708608200850000;0
152927;5;3;34;2;2021;11;20;3;3;0;1;1;0;0;0;0;2;0;292855,793096585199237;5629778,174907345324755;6,061395453000046;50,782702360000030;5211116608100870000;1
152933;5;3;34;2;2021;2;14;5;2;5;3;1;1;0;0;0;0;0;294565,763046822510660;5626673,378812132403255;6,087353441000062;50,755425758000058;5210225608100580000;0
152940;5;3;34;16;2021;11;12;2;3;9;1;1;0;0;0;0;0;0;295788,671827552840114;5639201,187945973128080;6,097698079000054;50,868372912000041;5211108608416880000;1
152944;5;3;34;2;2021;11;14;3;3;2;6;1;1;0;0;0;0;0;294236,783235961571336;5627562,503637181594968;6,082198671000071;50,763294653000059;5211123608100970000;0
152946;5;1;54;36;2021;10;16;7;3;0;7;1;1;0;0;0;0;0;302079,005999223329127;5739763,011995935812593;6,131140532000074;51,773700390000045;5211009515110070000;0
152949;5;1;16;0;2021;12;7;2;3;1;5;1;1;0;0;0;2;0;319510,710232699289918;5674990,175407858565450;6,416629084000022;51,197771502000080;5211220506100490000;1
152950;5;1;54;12;2021;12;7;2;3;0;2;1;1;0;0;0;2;0;313990,508105552755296;5710716,069789674133062;6,319028487000026;51,516897206000067;5211213515210060000;1
152951;5;3;70;40;2021;10;7;2;3;5;3;1;1;0;0;0;1;0;309713,407999302260578;5669435,298997204750776;6,279503616000056;51,144698804000029;5211025610212340000;0
152952;5;1;54;8;2021;11;15;6;3;5;3;1;1;0;0;0;0;0;310993,549770249053836;5746661,434454990550876;6,256431914000075;51,838735507000081;5211126515111070000;1
152957;5;1;54;32;2021;10;12;7;3;3;2;1;1;0;0;0;0;0;308959,099999316968024;5717799,855996945872903;6,242753458000038;51,578839628000026;5211002515212040000;0
152960;5;1;66;12;2021;9;17;5;2;5;3;1;0;0;0;0;0;0;319897,982819043099880;5692622,104713631793857;6,413280708000059;51,356280109000068;5210902514210780000;0
152968;5;3;34;12;2021;6;16;3;3;5;3;1;1;0;0;0;0;0;305295,998355365358293;5635689,780494464561343;6,234513449000076;50,840112675000057;5210629608312680000;1
152971;5;3;34;12;2021;10;16;5;3;5;3;1;1;0;0;0;0;0;307680,707999250851572;5633136,903997121378779;6,269682399000033;50,817978744000072;5211021608312080000;1
152972;5;1;66;32;2021;6;17;3;2;5;3;1;1;0;0;0;0;0;318892,493999445810914;5681853,439997972920537;6,404321892000041;51,259228082000050;5210629514110080000;0
152973;5;1;54;4;2021;2;16;5;3;0;3;1;1;0;0;0;0;0;303909,004158537834883;5738482,242858473211527;6,158353837000050;51,762842731000035;5210204515110520000;0
152975;5;3;58;24;2021;1;18;7;3;0;1;1;0;1;0;0;2;0;314972,290715857408941;5643944,812261503189802;6,367614765000042;50,917443992000074;5210102609224680000;1
152976;5;1;66;4;2021;9;18;6;3;0;7;1;0;1;0;0;0;0;303500,491152109578252;5680262,970411131158471;6,184867420000046;51,239847470000029;5210903514121940000;0
152978;5;3;70;4;2021;3;15;2;3;5;3;1;0;0;0;1;0;0;312374,266396458260715;5661836,923352830111980;6,321451773000035;51,077324780000026;5210308610211250000;0
152979;5;1;54;52;2021;12;20;3;2;2;6;1;1;0;0;0;2;0;310011,948791826143861;5700904,108136570081115;6,267029409000031;51,427447100000052;5211228515210020000;1
152980;5;1;66;32;2021;7;18;5;3;5;3;1;1;0;0;0;0;0;317758,803999431431293;5683673,283997884020209;6,387164178000035;51,275214031000075;5210701514113070000;1
152981;5;3;70;40;2021;5;14;1;3;0;7;1;0;0;0;0;0;0;305286,971839850768447;5667000,835329063236713;6,217614022000021;51,121344960000044;5210509610212270000;0
152984;5;3;58;20;2021;5;16;1;2;0;1;1;0;1;0;0;0;0;314426,739065707661211;5635467,594610143452883;6,364164654000035;50,841116738000039;5210509609220670000;0
152988;5;1;16;0;2021;5;14;3;3;1;7;1;1;0;0;0;0;0;322140,323999487794936;5672283,934998217970133;6,455566846000067;51,174285001000044;5210504506100510000;0
152989;5;1;66;32;2021;2;12;5;3;3;1;1;1;0;0;0;0;0;316894,265388322062790;5681737,865985417738557;6,375773980000076;51,257551721000027;5210225514110290000;0
152990;5;3;34;24;2021;2;11;1;3;0;1;1;0;0;0;0;0;0;303096,188607446849346;5619169,689563581719995;6,212146820000044;50,690982074000033;5210221608324780000;0
152991;5;1;54;16;2021;6;14;6;3;5;2;1;1;0;0;0;0;0;302671,732689799740911;5729423,177453558892012;6,145579439000073;51,681055963000063;5210625515211580000;0
152993;5;5;54;32;2021;12;22;5;3;0;1;1;0;0;0;0;2;0;322991,632533950731158;5747375,268600655719638;6,430032140000037;51,849078802000065;5211223705000670000;1
152995;5;1;66;16;2021;11;7;5;3;5;3;1;1;0;0;0;1;0;310899,900324851274490;5687673,302807433530688;6,286824304000049;51,308907406000060;5211104514118070000;1
152997;5;1;70;52;2021;9;10;2;3;5;3;1;0;0;0;1;0;0;323601,205431506037712;5726487,548370894044638;6,449471167000070;51,661650259000055;5210927518320070000;0
152998;5;1;66;32;2021;11;12;3;2;5;3;1;1;0;0;0;0;0;319176,442999449558556;5682062,651997992768884;6,408281301000045;51,261197532000040;5211109514110290000;0
153000;5;3;70;20;2021;4;20;1;3;5;3;1;1;0;0;0;1;0;305621,351379411295056;5659677,862421009689569;6,226326065000023;51,055684994000046;5210418610221670000;0
153005;5;1;66;32;2021;7;17;5;3;0;2;1;1;0;0;0;0;0;318546,410534212365746;5681357,475923337042332;6,399618732000022;51,254662886000062;5210708514110580000;0
153009;5;1;66;32;2021;9;19;3;2;0;7;1;0;0;0;0;2;0;316499,897592938505113;5685053,891731990501285;6,368426260000035;51,287211455000033;5210928514113280000;0
153015;5;1;66;12;2021;2;14;3;2;6;4;1;0;1;0;0;0;0;320764,788276881910861;5692959,411667345091701;6,425546741000062;51,359584177000045;5210223514210470000;0
153019;5;1;54;16;2021;5;11;6;2;0;1;1;0;0;0;0;0;0;303539,773833710700274;5728847,114013906568289;6,158443338000041;51,676186966000046;5210528515211090000;0
153022;5;3;58;24;2021;9;13;2;3;6;6;1;0;1;0;0;0;0;315425,530019860714674;5645776,033915070816875;6,373128839000060;50,934039276000078;5210906609224180000;0
153026;5;1;54;52;2021;6;9;2;2;7;7;1;0;0;0;0;0;0;309988,172563851810992;5702996,779565226286650;6,265564970000071;51,446234627000081;5210614515210090000;0
153027;5;1;70;52;2021;10;10;2;3;4;1;1;1;0;0;0;0;0;324149,366568451747298;5726185,921751283109188;6,457540271000028;51,659112631000028;5211011518320090000;0
153031;5;1;70;52;2021;4;14;4;3;0;2;1;1;0;0;0;0;0;323001,247473700903356;5725832,794584687799215;6,441137233000063;51,655580316000055;5210428518320350000;0
153035;5;3;70;4;2021;10;12;3;3;4;6;1;0;0;0;0;0;0;311837,988704297691584;5662483,400409540161490;6,313468325000031;51,082956169000056;5211026610211280000;0
153036;5;1;54;32;2021;5;20;4;2;0;7;1;0;0;0;0;1;0;309711,119613507762551;5718303,805780498310924;6,253320668000072;51,583620076000045;5210519515212570000;1
153038;5;1;66;32;2021;10;13;4;3;5;2;1;1;0;0;0;0;0;317061,299252685159445;5681294,419518578797579;6,378391886000031;51,253621995000060;5211006514110590000;1
153040;5;1;54;36;2021;9;10;5;2;0;1;1;0;0;0;0;0;0;303059,174635912291706;5741911,526820059865713;6,144109987000036;51,793339960000026;5210930515000590000;0
153042;5;1;70;52;2021;9;11;4;3;1;3;1;1;0;0;0;0;0;322676,592199844308197;5725626,902336053550243;6,436553166000067;51,653628584000046;5210908518320070000;0
153044;5;1;54;8;2021;10;12;4;2;0;7;1;0;0;0;0;0;0;309804,225553422234952;5748735,986967613920569;6,238048590000062;51,856962807000059;5211027515111970000;0
153045;5;3;70;4;2021;1;15;6;3;5;3;1;1;0;0;0;0;0;311324,413796655833721;5661534,526731282472610;6,306639550000057;51,074264323000079;5210108610211530000;1
153047;5;1;16;0;2021;3;5;4;2;0;1;1;0;0;0;0;1;0;321230,127592690289021;5668623,716144718229771;6,444377965000058;51,141120372000046;5210324506100780000;0
153048;5;5;54;32;2021;9;20;3;3;9;1;1;0;0;0;0;2;0;324882,704999543726444;5745308,304998256266117;6,458505382000055;51,831108967000034;5210907705000180000;0
153049;5;1;54;4;2021;9;14;6;3;5;2;1;1;0;0;0;0;0;306033,951999283395708;5738351,994996502995491;6,189179960000047;51,762413005000042;5210903515111550000;0
153050;5;1;66;12;2021;9;11;3;3;5;3;1;1;0;0;0;0;0;320981,107709038071334;5693739,530274918302894;6,428257786000074;51,366660087000071;5210928514210580000;0
153051;5;1;66;32;2021;11;7;2;3;0;3;1;1;0;0;0;1;0;313938,515298247337341;5680423,523996399715543;6,334144942000023;51,244789032000028;5211122514111290000;0
153053;5;1;66;16;2021;9;17;4;3;1;5;1;1;0;0;0;0;0;309700,688102642074227;5687431,233957532793283;6,269768232000047;51,306333516000052;5210915514119640000;0
153054;5;1;66;32;2021;3;8;5;2;5;3;1;1;0;0;0;0;0;318461,057074582204223;5682121,452100357040763;6,398009255000034;51,261498383000060;5210325514110080000;0
153056;5;3;34;2;2021;3;3;4;3;5;3;1;1;0;0;0;2;0;299358,392919853329659;5627754,263013208284974;6,154623727000057;50,766810372000066;5210303608200070000;0
153058;5;1;16;0;2021;11;17;5;3;0;2;1;1;0;0;0;2;0;315433,697995534166694;5669789,410138577222824;6,361009769000020;51,149752437000075;5211125506100110000;0