OID_;ULAND;UREGBEZ;UKREIS;UGEMEINDE;UJAHR;UMONAT;USTUNDE;UWOCHENTAG;UKATEGORIE;UART;UTYP1;IstRad;IstPKW;IstFuss;IstKrad;IstSonstige;ULICHTVERH;IstGkfz;LINREFX;LINREFY;XGCSWGS84;YGCSWGS84;UIDENTSTLAE;IstStrassenzustand
153059;5;3;70;20;2021;6;19;3;3;0;7;1;1;0;0;0;0;0;302001,487036029808223;5660248,369329594075680;6,174427156000036;51,059572497000033;5210601610221270000;0
153060;5;1;16;0;2021;12;19;5;3;5;3;1;1;0;0;0;1;0;319615,036999452859163;5674937,261998038738966;6,418147288000057;51,197329121000053;5211223506100190000;1
153061;5;3;70;4;2021;9;18;7;2;4;7;1;0;0;0;0;0;0;312342,453839409165084;5661774,629128405824304;6,321030484000062;51,076754818000040;5210918610211710000;0
153063;5;1;16;0;2021;6;13;6;3;5;3;1;1;0;0;0;0;0;322210,400999488309026;5671016,327998222783208;6,457194985000058;51,162919403000046;5210611506100090000;0
153064;5;1;66;32;2021;6;15;3;3;5;3;1;1;0;0;0;0;0;317874,043245215900242;5680953,454550378024578;6,390199453000037;51,250819319000072;5210601514110090000;0
153069;5;1;66;8;2021;10;17;1;2;7;7;1;0;0;0;0;0;0;315048,586197055876255;5690273,391557440161705;6,344930620000071;51,333625540000071;5211010514213090000;0
153070;5;1;54;16;2021;2;14;6;3;5;3;1;1;0;0;0;0;0;304128,140114667825401;5729767,293149216100574;6,166425955000022;51,684656028000063;5210226515211530000;0
153072;5;3;70;4;2021;3;13;2;3;5;2;1;1;0;0;0;0;0;312118,227999337948859;5662021,378997465595603;6,317704982000066;51,078897890000064;5210301610211640000;0
153076;5;1;66;12;2021;3;14;3;3;1;5;1;0;0;0;1;0;0;319765,474379839375615;5694160,237186428159475;6,410600098000032;51,370054754000080;5210316514210170000;0
153079;5;1;54;24;2021;9;17;1;2;5;3;1;1;0;0;0;0;0;312080,238999371416867;5732749,995997227728367;6,279715160000023;51,714161717000081;5210912515111000000;0
153080;5;1;54;52;2021;3;16;5;3;5;3;1;1;0;0;0;0;0;309587,699999319389462;5702343,298997074365616;6,260160396000060;51,440230890000066;5210318515210520000;1
153083;5;1;66;20;2021;2;14;7;3;0;1;1;0;0;0;0;0;0;305581,896211316809058;5676330,840919908136129;6,216780817000028;51,205243935000055;5210220514123570000;0
153085;5;3;58;48;2021;6;14;4;2;5;3;1;1;0;0;0;0;0;319977,526063662022352;5641654,943743601441383;6,439876417000050;50,898455613000067;5210602609248560000;0
153086;5;1;66;32;2021;6;17;4;3;5;3;1;1;0;0;0;0;0;316110,646888544782996;5685314,768379488959908;6,362716042000045;51,289429256000062;5210623514113080000;0
153088;5;1;66;12;2021;9;9;5;3;5;2;1;0;0;0;0;0;0;320150,024290278553963;5693521,389709277078509;6,416441984000073;51,364438034000045;5210930514210350000;1
153089;5;3;70;4;2021;6;16;4;3;5;3;1;0;0;0;0;0;0;311689,589999330230057;5661941,679997421801090;6,311634252000033;51,078041497000072;5210616610211870000;0
153090;5;1;54;16;2021;11;14;6;3;0;3;1;1;0;0;0;0;0;303881,134999245405197;5729058,623996252194047;6,163255415000037;51,678205684000034;5211126515211090000;1
153092;5;1;16;0;2021;5;13;4;3;5;2;1;1;0;0;0;0;0;321994,349909270182252;5674732,647264370694757;6,452267538000058;51,196237151000048;5210505506100880000;0
153093;5;3;58;24;2021;10;16;5;3;5;2;1;1;0;0;1;0;0;315524,731350185349584;5644491,512177709490061;6,375189017000025;50,922531942000035;5211007609224080000;0
153094;5;1;66;16;2021;3;14;6;3;1;5;1;1;0;0;0;0;0;304709,978387115523219;5689393,620994916185737;6,197182521000059;51,322267974000056;5210305514116940000;0
153095;5;1;54;32;2021;11;8;2;3;0;1;1;0;0;0;0;0;0;308520,127999311313033;5718273,191996892914176;6,236167740000042;51,582941795000067;5211129515212070000;2
153098;5;3;70;4;2021;9;14;7;3;1;7;1;1;0;0;0;0;0;313731,108969617635012;5661444,483507364988327;6,341001851000044;51,074241624000081;5210925610211270000;0
153099;5;1;54;12;2021;1;9;1;2;5;7;1;1;0;0;0;0;0;308395,358999302610755;5708356,220996920019388;6,239766171000042;51,493833040000027;5210131515210870000;0
153102;5;1;16;0;2021;4;16;2;3;6;6;1;0;1;0;0;0;0;321454,964224338531494;5674712,579932013526559;6,444565698000076;51,195888609000065;5210426506100750000;0
153105;5;5;54;32;2021;11;7;3;3;5;3;1;1;0;0;0;1;0;322719,476999518461525;5747432,152998110279441;6,426055875000031;51,849503394000067;5211109705000960000;0
153108;5;1;54;44;2021;6;8;3;2;5;3;1;1;0;0;0;0;0;320323,576999483630061;5737749,753997955471277;6,396326794000061;51,761770682000076;5210629515111580000;1
153110;5;1;54;16;2021;12;7;6;3;5;3;1;0;0;1;0;1;0;303389,070999236777425;5729238,507996182888746;6,156046159000027;51,679649108000035;5211210515211700000;1
153113;5;1;66;4;2021;6;23;7;2;0;1;1;0;0;0;0;2;0;303223,504250528290868;5680664,515693515539169;6,180683713000064;51,243358387000058;5210619514121790000;1
153114;5;1;66;12;2021;6;11;2;3;5;3;1;1;0;0;0;0;0;320211,418402337469161;5693857,114868268370628;6,417153197000061;51,367473218000043;5210614514210450000;0
153116;5;3;70;40;2021;9;21;5;2;5;3;1;1;0;0;0;2;0;309695,169999303296208;5668930,296997204422951;6,279510015000028;51,140156746000059;5210902610212760000;0
153117;5;1;54;52;2021;9;14;1;3;2;6;1;1;0;0;0;0;0;310132,171174620278180;5703093,712910657748580;6,267582701000038;51,447153530000037;5210905515210080000;0
153118;5;1;16;0;2021;6;15;6;3;3;2;1;1;0;0;0;0;0;322234,909454061649740;5676737,041261872276664;6,454714046000049;51,214318118000051;5210618506100180000;0
153120;5;3;70;20;2021;11;17;7;3;0;1;1;0;0;0;0;2;0;304952,702944319695234;5660088,195823701098561;6,216575728000066;51,059143836000032;5211120610221770000;0
153121;5;3;70;16;2021;10;14;6;3;5;2;1;1;0;0;0;0;0;300051,110999129712582;5660545,990996068343520;6,146466293000060;51,061569742000074;5211008610111880000;0
153123;5;1;66;12;2021;11;17;6;3;5;3;1;1;0;0;0;2;0;321271,706489861011505;5694607,784893522039056;6,431991401000062;51,374551038000050;5211126514210180000;1
153124;5;1;66;8;2021;6;7;2;3;3;2;1;1;0;0;0;0;0;314940,910582044161856;5691656,621513741090894;6,342667844000061;51,346015095000041;5210621514213580000;1
153125;5;1;54;16;2021;4;23;5;2;8;1;1;1;0;0;0;2;0;304149,501592819578946;5727983,255352636799216;6,167734957000050;51,668642001000080;5210408515211570000;0
153126;5;1;54;44;2021;11;12;2;3;0;7;1;0;0;0;0;0;0;320898,479999492876232;5737821,645997997373343;6,404611373000023;51,762600565000071;5211101515111050000;1
153127;5;1;66;24;2021;2;14;7;3;6;6;1;0;1;0;0;0;0;310467,082093854434788;5678008,780032429844141;6,285743568000044;51,221956969000075;5210227514114670000;0
153128;5;3;34;4;2021;2;15;3;3;0;1;1;0;0;0;0;0;0;300693,163999127224088;5640154,577996259555221;6,166790262000063;50,878647488000070;5210223608404630000;0
153130;5;1;16;0;2021;10;15;4;3;5;3;1;1;0;0;0;0;0;321855,336715361103415;5672554,716870084404945;6,451359991000061;51,176628820000076;5211027506100680000;0
153131;5;1;16;0;2021;6;13;3;3;1;6;1;1;0;0;0;0;0;319231,167081587016582;5675815,971526293084025;6,412216430000058;51,205101273000082;5210615506100680000;0
153135;5;3;66;20;2021;9;18;6;2;9;1;1;0;0;0;0;0;0;317475,785297651775181;5596809,078524459153414;6,426494216000037;50,494783498000061;5210917603220690000;0
153137;5;1;66;16;2021;9;7;3;3;1;7;1;1;0;0;0;0;0;309819,807515597902238;5688157,432330761104822;6,271088013000053;51,312895905000062;5210907514118640000;0
153141;5;1;66;4;2021;12;12;6;3;0;3;1;1;0;0;0;0;0;303416,662207628600299;5680768,087415412068367;6,183390738000071;51,244355178000035;5211224514121700000;0
153142;5;1;66;12;2021;12;20;3;3;5;3;1;0;0;1;0;2;0;320359,067999470978975;5693916,959998056292534;6,419241784000064;51,368057513000053;5211207514210980000;0
153144;5;1;66;32;2021;9;13;7;3;5;3;1;1;0;0;0;0;0;317471,915063535794616;5681852,421758111566305;6,383984998000074;51,258765945000050;5210911514110480000;0
153146;5;1;54;8;2021;10;10;7;3;4;2;1;1;0;0;0;0;0;309130,985787420533597;5747256,789267672225833;6,229100911000046;51,843448826000042;5211002515111020000;0
153149;5;3;34;12;2021;9;21;3;2;0;1;1;0;0;0;0;2;0;307690,661623021587729;5635046,037640435621142;6,268822404000048;50,835130931000037;5210928608312260000;0
153150;5;3;34;12;2021;12;22;6;3;1;3;1;1;0;0;0;2;0;309945,078159654513001;5635649,683193499222398;6,300488411000060;50,841297950000069;5211217608312180000;0
153153;5;1;70;52;2021;10;16;3;2;5;3;1;1;0;0;0;0;0;323285,631999517790973;5726006,101998189464211;6,445156572000030;51,657226521000041;5211012518320310000;1
153156;5;1;66;12;2021;10;22;3;2;1;1;1;1;0;0;0;2;0;320563,777199198491871;5693934,312411578372121;6,422170722000033;51,368278096000040;5211005514210090000;1
153157;5;1;54;12;2021;6;7;4;2;5;2;1;1;0;0;0;0;0;314550,008999395184219;5710484,324997538700700;6,327205086000049;51,514999624000041;5210602515210090000;0
153159;5;1;16;0;2021;7;12;4;3;0;1;1;0;0;0;0;0;0;318307,531620673835278;5667399,130988508462906;6,403260840000030;51,129199921000065;5210707506100170000;0
153160;5;3;34;20;2021;7;9;2;2;9;1;1;0;0;0;0;0;0;302936,723111442290246;5599828,851506737992167;6,220154078000064;50,517199377000054;5210712608320530000;0
153164;5;1;66;4;2021;6;15;6;2;0;1;1;0;0;0;0;0;0;303113,025945622473955;5680777,467838285490870;6,179040788000066;51,244334719000051;5210625514121080000;0
153165;5;1;16;0;2021;11;13;7;3;4;2;1;1;0;0;0;0;0;319550,693562820553780;5675423,223978122696280;6,416983066000057;51,201674226000080;5211120506100180000;0
153166;5;3;34;12;2021;11;15;2;3;5;3;1;1;0;0;0;0;0;311188,636999310925603;5634128,885997463017702;6,318914365000069;50,828043851000075;5211108608312380000;0
153167;5;3;70;40;2021;7;11;3;3;5;3;1;1;0;0;0;0;0;309713,407999302260578;5669435,298997204750776;6,279503616000056;51,144698804000029;5210713610212070000;1
153168;5;3;34;12;2021;3;12;3;3;4;3;1;0;0;0;1;0;0;306709,614696057513356;5634798,235455593094230;6,255037270000059;50,832578300000080;5210309608312880000;1
153171;5;3;70;20;2021;9;7;5;3;5;3;1;1;0;0;0;0;0;304912,178887767717242;5660148,780413590371609;6,215965500000038;51,059674229000052;5210916610221770000;0
153172;5;1;54;16;2021;4;10;6;3;0;7;1;0;0;0;0;0;1;302837,860000511631370;5729664,315417472273111;6,147843153000053;51,683279790000029;5210409515211820000;1
153173;5;1;66;16;2021;3;12;3;3;0;7;1;0;0;0;0;0;0;307993,226364525966346;5685904,435619013383985;6,246122734000039;51,292046996000067;5210302514119980000;0
153177;5;1;66;16;2021;7;19;1;3;4;7;1;1;0;0;0;0;0;310902,566664241254330;5687675,188968565315008;6,286861514000066;51,308925233000082;5210704514118580000;1
153178;5;3;34;2;2021;11;10;3;3;3;2;1;1;0;0;0;0;0;299947,304999103769660;5625925,931996226310730;6,163957877000030;50,750591926000027;5211109608200970000;0
153185;5;1;66;32;2021;12;7;4;2;0;1;1;0;0;0;0;2;0;314081,845786788500845;5680801,735026733949780;6,335999772000037;51,248233001000074;5211215514111570000;1
153186;5;1;66;16;2021;11;8;3;3;4;3;1;1;0;0;0;0;0;309655,068474967032671;5687367,171588916331530;6,269148698000038;51,305742867000049;5211116514118090000;1
153190;5;1;70;52;2021;10;11;7;3;0;1;1;0;0;0;0;0;0;324241,506440390832722;5726007,065726300701499;6,458960937000029;51,657534850000047;5211016518320390000;0
153192;5;3;34;8;2021;4;17;1;3;5;3;1;0;0;0;0;0;0;302024,403999156318605;5646714,806996406987309;6,182131771000059;50,938027505000036;5210425608408170000;0
153195;5;1;66;16;2021;10;7;3;3;0;2;1;0;0;1;0;1;0;310537,189999325200915;5686864,440997226163745;6,282055961000026;51,301521670000056;5211026514118090000;0
153196;5;1;54;52;2021;6;7;5;3;0;1;1;0;0;0;0;0;0;309887,882999322377145;5702856,426997102797031;6,264198869000040;51,444940391000046;5210624515210520000;0
153206;5;1;54;8;2021;2;16;4;3;5;2;1;1;0;0;0;0;0;310878,593303532339633;5746844,564424572512507;6,254665200000034;51,840341262000038;5210224515111080000;0
153208;5;1;66;32;2021;9;20;5;3;1;1;1;1;0;0;0;1;0;317204,091734779067338;5681863,536872208118439;6,380145143000050;51,258779991000040;5210902514110080000;0
153209;5;1;54;8;2021;9;16;3;2;3;2;1;1;0;0;0;0;0;307920,054999318905175;5748470,802996691316366;6,210869559000059;51,853936132000058;5210928515111790000;0
153210;5;3;70;16;2021;3;16;3;2;9;1;1;0;0;0;0;0;0;300273,894720176234841;5660180,753023304045200;6,149843073000056;51,058366973000034;5210316610111180000;0
153211;5;1;54;8;2021;5;11;4;2;0;7;1;0;0;0;0;0;0;311345,213350860401988;5747013,649677118286490;6,261338208000041;51,842017615000032;5210505515111550000;1
153213;5;1;66;24;2021;9;15;1;3;0;7;1;0;1;0;0;0;0;306101,017205253243446;5678559,709498699754477;6,222998066000059;51,225439171000062;5210905514115080000;0
153215;5;1;16;0;2021;11;9;3;3;1;5;1;1;0;0;0;0;0;321020,499058300629258;5673366,861920541152358;6,439024614000061;51,183663827000032;5211130506100270000;1
153216;5;3;58;24;2021;10;12;2;3;5;2;1;1;0;0;0;0;0;314310,268940755166113;5643823,716153705492616;6,358268511000063;50,916143559000034;5211018609224300000;0
153218;5;1;66;12;2021;12;14;5;3;0;3;1;1;0;0;0;0;0;319927,407353073358536;5692643,867209408432245;6,413691841000059;51,356484922000050;5211202514210080000;0
153221;5;1;62;12;2021;9;16;4;2;0;7;1;0;0;0;0;0;0;321672,666194771416485;5663916,279621388763189;6,453025452000077;51,098969523000051;5210908513330880000;0
153222;5;1;54;28;2021;10;15;4;2;0;7;1;0;0;0;0;0;0;318043,133876944892108;5703463,240711858496070;6,381109961000050;51,453069612000036;5211013515210590000;0
153223;5;1;66;20;2021;7;6;6;3;1;7;1;1;0;0;0;0;0;304954,014100148342550;5679307,875521807000041;6,206184521000068;51,231768061000082;5210702514123080000;0
153227;5;3;58;20;2021;4;12;7;3;0;6;1;1;0;0;0;0;0;312671,735451337881386;5635171,212912946939468;6,339417109000067;50,837888895000049;5210417609220080000;0
153231;5;1;16;0;2021;9;17;5;3;0;1;1;0;0;0;0;0;0;318695,670770134776831;5667306,826986053958535;6,408848449000061;51,128493728000080;5210909506100590000;0
153233;5;3;34;32;2021;4;8;6;2;0;1;1;0;0;0;0;0;0;304798,779804443009198;5627498,742795573547482;6,231814063000058;50,766370960000074;5210423608332780000;0
153237;5;1;66;32;2021;2;10;4;3;5;3;1;1;0;0;0;0;0;318410,167645082809031;5681756,467406770214438;6,397465931000056;51,258203588000072;5210217514110080000;1
153242;5;3;34;36;2021;4;14;6;3;0;1;1;0;0;0;1;0;0;301678,697433143854141;5632466,148360090330243;6,184943716000021;50,809930097000063;5210423608436660000;0
153243;5;1;16;0;2021;3;6;6;3;5;2;1;1;0;0;0;0;0;319489,082626140676439;5671145,978835089132190;6,418250768000064;51,163231955000072;5210319506100590000;0
153244;5;1;54;12;2021;10;6;7;3;3;7;1;1;0;0;0;2;0;314106,363999389111996;5710475,866997502744198;6,320823030000042;51,514777869000056;5211030515210090000;1
153249;5;1;54;4;2021;11;11;7;2;0;5;1;1;0;0;0;0;0;307468,458298156969249;5739102,038919383659959;6,209525532000043;51,769643854000037;5211120515000090000;0
153251;5;1;16;0;2021;9;12;3;3;1;5;1;1;0;0;0;0;0;321132,577469734475017;5675814,765777591615915;6,439407239000047;51,205688952000060;5210907506100790000;0
153254;5;1;66;12;2021;6;6;2;3;5;3;1;1;0;0;0;0;0;320068,300999467261136;5694989,349998030811548;6,414526244000058;51,377598499000044;5210614514210540000;0
153257;5;1;16;0;2021;4;10;7;3;0;1;1;0;0;0;0;0;0;321955,566850622184575;5672893,062355630099773;6,452624817000071;51,179699505000031;5210403506100180000;0
153258;5;1;66;32;2021;9;13;2;3;5;3;1;1;0;0;0;0;0;317136,709999422542751;5685454,259997829794884;6,377343504000066;51,291012606000038;5210906514113580000;0
153259;5;1;66;16;2021;11;22;4;3;0;1;1;0;0;0;0;2;0;304451,347789687104523;5691382,068111568689346;6,192384085000072;51,340037754000036;5211124514117280000;1
153263;5;1;54;12;2021;4;13;6;3;8;1;1;1;0;0;0;0;0;315627,228224932216108;5710917,744128616526723;6,342485771000042;51,519245143000035;5210416515210720000;0
153265;5;1;54;32;2021;5;10;1;2;5;3;1;1;0;0;0;0;0;312120,857999362982810;5716813,958997288718820;6,288858118000064;51,571047366000073;5210509515212780000;0
153266;5;1;54;36;2021;5;14;2;2;1;5;1;1;0;0;0;0;0;303996,584626691415906;5741938,690677823498845;6,157670177000057;51,793913099000065;5210531515110070000;0
153268;5;3;58;48;2021;12;15;3;3;5;3;1;1;0;0;0;0;0;321130,986284793354571;5636639,233592415228486;6,458716008000067;50,853753731000040;5211228609248680000;0
153269;5;3;70;20;2021;11;13;2;3;6;7;1;0;1;0;0;0;0;302805,348712266422808;5662075,725794799625874;6,184887750000030;51,076261565000038;5211115610221280000;0
153271;5;1;66;8;2021;11;15;6;3;0;1;1;0;0;0;0;0;0;314574,700999388471246;5690013,515997603535652;6,338270893000072;51,331136947000061;5211112514213040000;0
153275;5;1;66;8;2021;3;16;5;3;0;1;1;0;0;0;0;0;0;314889,322479067370296;5691886,562986925244331;6,341808350000065;51,348063695000064;5210325514213680000;0
153278;5;1;54;16;2021;9;12;5;3;0;3;1;0;0;0;1;0;0;303652,362911904230714;5729688,805683685466647;6,159596384000054;51,683785050000040;5210923515211070000;0
153280;5;1;54;32;2021;10;18;6;2;5;3;1;1;0;0;0;1;0;309337,903999323956668;5718140,216996986418962;6,248029078000059;51,582024728000079;5211022515212010000;1
153282;5;1;66;12;2021;12;15;3;3;5;2;1;1;0;0;0;0;0;319417,883378462865949;5694270,188689237460494;6,405555953000032;51,370932001000028;5211221514210080000;0
153283;5;3;34;8;2021;11;7;3;3;5;3;1;1;0;0;0;0;0;302546,959819765761495;5643654,818447593599558;6,191216687000065;50,910722451000026;5211123608408680000;0
153284;5;1;54;8;2021;1;15;7;2;0;7;1;0;0;0;0;0;0;308946,710105465725064;5747612,629824722185731;6,226232553000045;51,846581494000077;5210123515111130000;1
153285;5;1;66;12;2021;9;19;4;3;0;2;1;1;0;0;0;2;0;320906,820730690844357;5693698,038077075034380;6,427212652000037;51,366263950000075;5210929514210380000;1
153287;5;1;54;8;2021;9;17;5;3;5;3;1;0;0;0;1;0;0;312130,221999379806221;5746571,511997187510133;6,272960143000034;51,838311399000077;5210923515111170000;0
153289;5;3;70;20;2021;12;15;4;3;7;7;1;0;0;0;0;0;0;305420,208578711375594;5658954,778180345892906;6,223848105000059;51,049122247000071;5211201610221310000;1
153291;5;3;58;8;2021;7;22;6;2;3;1;1;0;0;0;0;2;0;320226,335143885575235;5632573,926581881940365;6,447870680000051;50,816951296000070;5210702609108580000;0
153294;5;1;66;12;2021;9;8;2;3;6;7;1;1;1;0;0;0;0;320667,515112712047994;5693957,331648670136929;6,423647818000063;51,368517638000071;5210913514210490000;0
153296;5;3;58;4;2021;1;20;5;3;5;2;1;1;0;0;0;2;0;308657,076743829064071;5641507,887787129729986;6,279152094000040;50,893495250000058;5210128609204870000;1
153297;5;3;58;4;2021;6;19;6;3;5;3;1;0;0;0;1;0;0;307595,444999253377318;5639860,416997089982033;6,264941568000040;50,878344339000080;5210604609204280000;1
153298;5;1;16;0;2021;1;15;4;3;5;3;1;1;0;0;0;0;0;322180,435336563736200;5677523,286120962351561;6,453545025000039;51,221364213000072;5210120506100910000;0
153299;5;1;66;32;2021;7;8;2;3;0;7;1;0;1;0;0;0;0;318094,277999435551465;5681714,727997913956642;6,392964865000067;51,257727963000036;5210705514110080000;1
153302;5;1;16;0;2021;12;11;2;3;6;4;1;0;1;0;0;0;0;321066,554349421523511;5674546,388437042012811;6,439095327000075;51,194274190000044;5211213506100880000;1
153303;5;3;58;24;2021;3;11;7;3;0;1;1;0;0;0;0;0;0;314339,977401126176119;5644238,848271487280726;6,358479414000044;50,919882274000031;5210320609224280000;0
153304;5;3;34;2;2021;5;17;7;3;8;1;1;0;0;0;0;0;0;300863,222999121062458;5623489,631996361538768;6,178241910000054;50,729023999000049;5210529608200070000;0
153305;5;1;66;12;2021;5;15;5;3;0;7;1;0;0;0;0;0;0;320198,316871142014861;5693090,952826473861933;6,417352571000038;51,360586795000074;5210513514210080000;0
153307;5;3;34;4;2021;4;17;6;3;0;1;1;0;0;0;0;0;0;300244,632440255023539;5638745,480303142219782;6,161192108000023;50,865836621000028;5210423608404170000;0
153308;5;1;54;32;2021;11;14;2;3;4;2;1;1;0;0;0;0;0;309495,647999324835837;5718262,152997003868222;6,250236945000040;51,583173198000054;5211122515212970000;0
153310;5;1;66;32;2021;9;12;6;3;5;2;1;1;0;0;0;0;0;316916,074163155630231;5684506,478639738634229;6,374668466000060;51,282428175000064;5210917514113080000;0
153313;5;1;54;8;2021;11;14;5;2;5;3;1;1;0;0;0;0;0;309725,289357957430184;5745781,087949197739363;6,238529190000065;51,830398721000051;5211118515111070000;0
153315;5;1;66;8;2021;9;21;5;3;8;7;1;0;0;0;0;2;0;314446,610967716202140;5690438,302493041381240;6,336213077000025;51,334910714000046;5210923514213790000;0
153316;5;1;66;16;2021;9;15;3;2;0;1;1;0;0;0;0;0;0;307456,708850090391934;5684551,906548706814647;6,239166266000041;51,279717981000033;5210921514119090000;0
153320;5;3;34;8;2021;6;17;1;3;0;5;1;1;0;0;0;0;0;301919,366150925867260;5643862,162777071818709;6,182188110000027;50,912369772000034;5210627608408580000;0
153321;5;3;58;4;2021;5;8;2;3;0;7;1;0;0;0;0;0;0;308890,204721787944436;5641828,130038449540734;6,282295590000047;50,896449015000030;5210517609204380000;0
153323;5;1;54;12;2021;12;13;5;3;8;1;1;0;0;0;0;0;0;314791,839999400079250;5710390,983997564762831;6,330735436000055;51,514240562000055;5211209515210020000;0
153324;5;3;58;4;2021;7;14;4;3;0;1;1;0;0;0;0;0;0;308363,527999267913401;5641225,447997163981199;6,275131090000059;50,890860926000073;5210707609204360000;0
153327;5;3;58;36;2021;9;15;4;3;0;1;1;0;0;0;0;0;0;304892,275999210774899;5648746,937996750697494;6,221811086000059;50,957257447000075;5210922609236500000;0
153329;5;1;16;0;2021;2;11;4;3;0;1;1;0;0;0;0;0;0;321255,564999477006495;5673384,247998155653477;6,442375874000049;51,183893553000075;5210217506000470000;1
153330;5;3;58;24;2021;6;9;3;3;0;5;1;1;0;0;0;0;0;314663,528853686526418;5644010,104382254183292;6,363193815000045;50,917931448000047;5210629609224070000;0
153331;5;1;54;4;2021;4;19;4;3;4;6;1;0;0;0;1;1;0;305347,873719601891935;5738650,290691416710615;6,179083683000044;51,764853802000061;5210407515110070000;1
153333;5;3;70;4;2021;6;10;3;2;5;3;1;1;0;0;0;0;0;311481,185999327339232;5662868,876997401937842;6,308178898000051;51,086301567000078;5210608610211910000;0
153334;5;1;54;32;2021;5;18;6;3;0;1;1;0;0;0;0;0;0;309493,444187448360026;5718737,787177020683885;6,249947105000047;51,587444234000031;5210514515212070000;0
153338;5;1;54;16;2021;12;17;5;3;5;3;1;1;0;0;0;2;0;302877,773999229073524;5729603,056996107101440;6,148454366000067;51,682743680000044;5211216515211080000;1
153339;5;1;66;24;2021;12;13;4;3;5;3;1;1;0;0;0;0;0;307554,612118885852396;5679188,605834376066923;6,243452683000044;51,231579614000054;5211215514115980000;1
153344;5;3;34;2;2021;9;18;4;3;0;1;1;0;0;0;0;0;0;299662,107999102212489;5630651,256996165961027;6,157346828000072;50,792935445000069;5210915608200150000;0
153346;5;3;58;24;2021;12;10;6;3;5;3;1;1;0;0;0;0;0;314481,323344109579921;5644521,913354067131877;6,360344191000024;50,922470524000062;5211203609224280000;1
153348;5;1;16;0;2021;11;15;3;3;0;1;1;0;0;0;0;0;0;319587,032318194396794;5670303,532630024477839;6,420072581000056;51,155695049000030;5211109506100690000;1
153351;5;1;16;0;2021;2;11;2;3;0;1;1;0;0;0;0;0;0;322302,834323685616255;5677688,450146293267608;6,455214115000047;51,222886036000034;5210215506100870000;2
153355;5;1;54;8;2021;10;10;5;3;0;7;1;0;0;0;0;0;0;309997,892999348230660;5745752,367996953427792;6,242496322000022;51,830233565000071;5211014515000720000;1
153358;5;3;70;36;2021;6;18;6;3;0;6;1;0;0;0;0;0;0;301485,780080976895988;5666984,782440243288875;6,163375690000066;51,119896515000050;5210625610222310000;0
153360;5;3;70;4;2021;11;5;4;3;0;6;1;1;0;0;0;2;0;312067,164508702233434;5661894,854128295555711;6,317042608000065;51,077744658000029;5211124610211810000;1
153361;5;3;70;16;2021;2;11;6;2;6;6;1;0;1;0;0;0;0;301598,539628175087273;5659278,534668104723096;6,169215892000068;51,050722924000070;5210226610111280000;0
153365;5;1;66;8;2021;12;10;5;3;0;7;1;1;0;0;0;0;0;317559,735179142095149;5688813,640222063288093;6,381686044000048;51,321324361000052;5211216514214590000;0
153366;5;1;54;4;2021;10;17;3;3;5;3;1;1;0;0;0;0;0;306117,590999284759164;5738348,651996513828635;6,190392291000023;51,762411943000075;5211026515110090000;0
153367;5;1;54;32;2021;4;7;2;2;5;2;1;1;0;0;0;0;0;308538,622999311424792;5719771,375996887683868;6,235617204000050;51,596403446000068;5210412515212540000;0
153368;5;1;54;24;2021;1;9;4;3;0;1;1;0;0;0;0;0;0;312567,572251117788255;5735375,722904536873102;6,285348006000049;51,737907142000040;5210113515110560000;2
153371;5;3;70;40;2021;10;9;7;3;0;7;1;1;0;0;0;0;0;308974,032062370330095;5669103,453460767865181;6,269121729000062;51,141471927000055;5211016610212260000;0
153372;5;3;70;4;2021;5;12;6;3;5;3;1;1;0;0;0;0;0;311243,732999323867261;5661365,644997378811240;6,305577346000064;51,072720826000079;5210514610211910000;0
153373;5;1;54;16;2021;9;21;5;3;6;4;1;0;1;0;0;2;0;303586,939881903119385;5729942,031755624338984;6,158508746000052;51,686036241000068;5210930515211040000;0
153375;5;1;66;36;2021;9;14;5;3;5;3;1;1;0;0;0;0;0;322778,613999499939382;5683862,614998236298561;6,458963498000060;51,278498131000049;5210909514218980000;0
153380;5;1;66;32;2021;10;12;3;3;0;3;1;1;0;0;0;0;0;318185,068410362116992;5681225,929633261635900;6,394512969000061;51,253366142000061;5211019514110390000;1
153381;5;3;34;32;2021;6;7;3;3;5;3;1;1;0;0;0;0;0;304426,991999191232026;5629033,167996779084206;6,225732453000035;50,780028442000059;5210622608332260000;1
153386;5;1;66;12;2021;2;14;2;3;1;5;1;1;0;0;0;0;0;320156,845195215195417;5692925,232112038880587;6,416841318000024;51,359085033000042;5210222514210980000;0
153387;5;3;70;4;2021;10;12;6;3;5;3;1;1;0;0;0;0;0;312120,932999338954687;5662848,989997461438179;6,317313313000056;51,086332798000058;5211029610211880000;0
153388;5;1;66;16;2021;9;18;5;3;0;7;1;0;0;0;0;0;0;308296,726897184737027;5686488,495145790278912;6,250156742000058;51,297395071000039;5210916514119590000;0
153393;5;1;54;32;2021;4;13;3;3;5;3;1;1;0;0;0;0;0;309200,279340760782361;5718223,687347127124667;6,245999755000071;51,582727825000063;5210406515212040000;1