OID_;ULAND;UREGBEZ;UKREIS;UGEMEINDE;UJAHR;UMONAT;USTUNDE;UWOCHENTAG;UKATEGORIE;UART;UTYP1;IstRad;IstPKW;IstFuss;IstKrad;IstSonstige;ULICHTVERH;IstGkfz;LINREFX;LINREFY;XGCSWGS84;YGCSWGS84;UIDENTSTLAE;IstStrassenzustand
153397;5;1;54;16;2021;9;12;3;3;0;7;1;0;0;0;1;0;0;303826,069724905304611;5729788,833917044103146;6,162049731000025;51,684744043000080;5210907515211020000;0
153398;5;1;16;0;2021;5;17;2;3;0;1;1;0;0;0;0;0;0;321866,984852300956845;5674912,807561071589589;6,450357155000063;51,197815894000030;5210531506100860000;0
153400;5;1;66;16;2021;11;17;1;2;5;3;1;1;0;0;0;1;0;304748,256242319010198;5688888,011508431285620;6,198008080000022;51,317740110000045;5211107514116080000;0
153401;5;1;66;16;2021;3;13;6;2;0;5;1;1;0;0;0;0;0;307022,568120583891869;5684928,876761447638273;6,232745411000053;51,282956894000051;5210305514119570000;0
153403;5;1;54;12;2021;10;16;2;3;3;2;1;1;0;0;0;0;0;315155,632892349734902;5710622,932262089103460;6,335850784000058;51,516443044000027;5211011515210590000;0
153404;5;1;66;16;2021;5;11;1;2;0;7;1;0;0;0;0;0;0;309966,460089980624616;5691117,457740023732185;6,271611455000027;51,339531245000046;5210523514120080000;0
153407;5;1;54;20;2021;4;17;6;3;0;7;1;0;0;0;0;0;0;320470,894483122043312;5713217,437408747151494;6,411051593000025;51,541462210000077;5210409515210070000;0
153408;5;3;70;40;2021;11;6;2;3;5;2;1;1;0;0;0;2;0;310689,159999318420887;5668586,660997305065393;6,293883090000065;51,137399613000071;5211115610212380000;0
153409;5;3;34;4;2021;3;7;5;3;3;6;1;1;0;0;0;0;0;300608,784773541614413;5639765,005016371607780;6,165804767000054;50,875119365000046;5210304608404830000;1
153410;5;1;66;12;2021;10;15;2;3;5;3;1;1;0;0;0;0;0;322542,122999498620629;5695528,971998196095228;6,449765450000029;51,383224510000048;5211004514211690000;0
153412;5;3;34;28;2021;2;12;1;3;8;1;1;0;0;0;0;0;0;314506,544517002068460;5611680,335749147459865;6,377265989000023;50,627450944000032;5210228608328780000;0
153415;5;1;66;28;2021;2;15;1;3;8;7;1;0;1;0;0;0;0;320496,100605144165456;5685952,248274039477110;6,425221400000055;51,296554747000073;5210221514215190000;0
153418;5;1;54;44;2021;6;16;6;3;5;3;1;1;0;0;0;0;0;320921,515999493189156;5738964,562997993081808;6,404355696000039;51,772873708000077;5210611515111550000;0
153420;5;1;16;0;2021;3;14;2;2;5;3;1;1;0;0;0;0;0;321707,198288409039378;5676243,049470258876681;6,447411696000074;51,209715963000065;5210329506100110000;0
153421;5;3;58;8;2021;7;13;3;3;0;7;1;0;0;0;0;0;0;321060,885858823545277;5633537,772286590188742;6,459235611000054;50,825868852000042;5210706609108380000;0
153422;5;1;54;44;2021;9;16;7;2;9;1;1;0;0;0;0;0;0;318464,428789299912751;5739144,748337211087346;6,368687618000024;51,773700764000068;5210911515111080000;0
153423;5;3;34;8;2021;11;12;1;3;5;3;1;1;0;0;0;0;0;302077,375908351503313;5641763,059654289856553;6,185570794000057;50,893570270000055;5211107608408430000;0
153425;5;3;70;4;2021;9;1;1;2;0;1;1;0;0;0;0;2;0;312705,161019467748702;5662173,841693768277764;6,325995548000037;51,080459263000080;5210912610211580000;1
153426;5;1;54;52;2021;11;12;4;3;5;3;1;1;0;0;0;0;0;310124,852834856137633;5701794,150870388373733;6,268174477000059;51,435478948000082;5211110515210560000;0
153429;5;3;70;36;2021;6;17;3;3;1;6;1;1;0;0;0;0;0;300888,853999149054289;5664692,077996166422963;6,156122331000063;51,099098085000037;5210601610222480000;0
153432;5;3;34;4;2021;6;13;5;3;0;1;1;0;0;0;0;0;0;301033,549909199588001;5639381,011496849358082;6,172043502000065;50,871816805000037;5210624608404370000;0
153433;5;1;16;0;2021;3;11;7;2;0;5;1;1;0;0;0;0;0;319141,125064207240939;5670918,089952334761620;6,413394118000042;51,161074922000068;5210306506100180000;0
153435;5;1;54;8;2021;3;8;2;3;3;5;1;1;0;0;0;0;0;310638,590999358333647;5747727,980997020378709;6,250701952000043;51,848193765000076;5210329515111090000;0
153437;5;3;58;24;2021;9;15;3;2;0;1;1;1;0;0;0;0;0;315711,386554813943803;5645320,567740527912974;6,377422867000064;50,930039146000070;5210928609204790000;0
153438;5;3;34;32;2021;7;18;3;3;0;1;1;0;0;0;0;0;0;303590,143999176099896;5627420,960996683686972;6,214737227000057;50,765264457000058;5210713608332260000;1
153440;5;3;34;20;2021;10;15;1;3;0;1;1;0;0;0;0;0;0;304612,978999180719256;5603692,029996899887919;6,241746278000051;50,552463423000063;5211003608320980000;1
153441;5;1;16;0;2021;6;17;4;2;0;1;1;0;0;0;0;0;0;320531,239999468438327;5674247,754998108372092;6,431591362000063;51,191423661000044;5210623506100670000;0
153445;5;3;58;36;2021;10;11;3;3;0;7;1;0;1;0;1;0;0;308917,922365335747600;5651490,237199988216162;6,277622245000032;50,983247604000042;5211005609236830000;0
153447;5;1;16;0;2021;12;10;3;3;0;5;1;1;0;0;0;0;0;319159,141730597242713;5675301,974441755563021;6,411445463000064;51,200461241000028;5211214506100490000;1
153448;5;1;66;16;2021;2;18;1;3;0;7;1;0;0;0;0;1;0;304892,941106555052102;5688184,140004903078079;6,200466813000048;51,311468079000065;5210228514116540000;0
153451;5;1;66;32;2021;5;20;3;2;0;1;1;0;0;0;0;0;0;313998,540129298344254;5680458,654760615900159;6,334985720000020;51,245124164000060;5210525514111290000;1
153455;5;3;34;36;2021;7;14;2;3;5;3;1;1;0;0;0;0;0;299686,645586410537362;5632621,697594823315740;6,156619799000055;50,810641886000042;5210705608436060000;0
153456;5;5;54;32;2021;6;18;7;3;0;6;1;1;0;0;0;0;0;324184,846413772553205;5745500,878546558320522;6,448290291000035;51,832619538000074;5210612705000470000;0
153460;5;1;66;12;2021;9;17;3;3;5;3;1;1;0;0;0;0;0;320690,742999473586679;5692890,237998079508543;6,424519212000064;51,358939436000071;5210907514210180000;0
153464;5;1;70;52;2021;9;8;2;3;5;3;1;1;0;0;0;0;0;323862,566999524831772;5726819,313998227939010;6,453078947000051;51,664712338000072;5210920518320240000;0
153465;5;1;66;32;2021;3;10;4;3;0;7;1;0;0;0;0;0;0;317732,240078362636268;5682005,727537520229816;6,387633738000034;51,260226328000044;5210317514110090000;1
153467;5;1;54;36;2021;11;17;2;3;0;6;1;0;0;0;0;2;0;303434,357503633014858;5742037,715101681649685;6,149471839000057;51,794605094000076;5211129515000090000;0
153471;5;1;16;0;2021;3;18;5;3;5;3;1;1;0;0;0;1;0;321261,839012325741351;5671471,847849862650037;6,443416422000041;51,166715915000054;5210318506100760000;1
153476;5;3;70;40;2021;11;7;4;3;0;1;1;0;0;0;0;2;0;309823,556394282728434;5668899,153566893190145;6,281359582000050;51,139919666000026;5211124610212560000;1
153478;5;1;66;32;2021;1;12;3;3;3;6;1;1;0;0;0;0;0;318134,706968314014375;5681186,013645751401782;6,393812353000044;51,252991527000063;5210119514110580000;1
153479;5;1;66;24;2021;7;15;3;3;0;7;1;0;0;0;1;0;0;306176,658505495637655;5678545,251937264576554;6,224087846000032;51,225335006000080;5210706514115380000;0
153480;5;3;34;2;2021;10;13;3;3;0;1;1;0;0;0;0;0;0;299262,280175299383700;5627865,697889408096671;6,153201721000073;50,767778011000075;5211026608200070000;0
153481;5;1;16;0;2021;12;15;2;3;0;7;1;1;0;0;0;0;0;321085,968110963702202;5674302,391852814704180;6,439494442000068;51,192088394000052;5211206506100460000;0
153484;5;1;66;12;2021;12;19;5;3;6;1;1;0;1;0;0;2;0;319986,136999464593828;5692034,045998029410839;6,414842946000022;51,351025635000042;5211216514210580000;0
153489;5;1;54;64;2021;1;17;1;3;0;1;1;0;0;0;0;1;0;306689,697746896184981;5722571,387947391718626;6,207412120000072;51,620918657000061;5210103515212010000;1
153491;5;1;54;32;2021;9;10;4;3;0;3;1;1;0;0;0;0;0;308777,077563981525600;5717676,084171133115888;6,240197033000072;51,577666300000033;5210908515212290000;0
153495;5;3;34;28;2021;10;10;6;3;0;3;1;1;0;0;0;0;0;309452,050158223137259;5609606,596647595986724;6,306947133000051;50,607192462000057;5211029608328080000;0
153496;5;1;54;16;2021;5;16;3;3;0;1;1;0;0;0;0;0;0;303562,217999239452183;5729215,821996210142970;6,158560151000074;51,679505955000081;5210525515211740000;1
153500;5;3;34;32;2021;9;18;6;3;0;1;1;0;0;0;0;0;0;304914,252881284803152;5628949,973934311419725;6,232679931000064;50,779445270000053;5210903608332780000;0
153503;5;3;70;20;2021;10;5;6;3;0;3;1;0;0;0;1;2;0;308944,296999284066260;5657088,054997168481350;6,275050826000040;51,033537744000057;5211008610221560000;0
153505;5;1;66;32;2021;11;21;7;3;0;7;1;1;0;0;0;2;0;318525,848206460475922;5680960,769631633535028;6,399525540000070;51,251092794000044;5211106514110580000;0
153511;5;1;16;0;2021;6;13;4;3;5;3;1;1;0;0;0;0;0;319879,097051077522337;5675736,595480617135763;6,421521577000021;51,204592892000051;5210602506100290000;0
153512;5;1;54;12;2021;5;9;2;3;5;2;1;1;0;0;0;0;0;314592,848175792954862;5710610,326233513653278;6,327755513000056;51,516145415000040;5210531515210070000;0
153513;5;3;70;40;2021;5;15;5;3;0;1;1;0;0;0;0;0;0;309714,290702532976866;5669440,139168903231621;6,279513663000046;51,144742572000041;5210513610212970000;0
153515;5;1;16;0;2021;9;12;6;3;0;4;1;0;1;0;0;0;0;322015,785340351052582;5673953,221846085041761;6,452960303000054;51,189242009000054;5210903506100890000;0
153519;5;1;66;16;2021;10;12;4;2;0;1;1;0;0;0;0;0;0;307921,585046786814928;5685508,490951843559742;6,245309438000049;51,288466603000074;5211013514119990000;0
153520;5;1;16;0;2021;6;11;3;2;0;4;1;0;1;0;0;0;0;320748,313999467529356;5667779,892998134717345;6,437917370000036;51,133389429000033;5210601506100590000;0
153524;5;3;34;12;2021;3;10;2;3;7;1;1;0;0;0;0;0;0;311081,225918843410909;5634224,222327921539545;6,317341815000020;50,828865210000060;5210308608312130000;0
153525;5;3;34;2;2021;6;7;4;2;0;1;1;0;0;0;0;0;0;300532,548567688092589;5626919,798087267205119;6,171705398000029;50,759720110000046;5210602608200350000;0
153528;5;3;58;8;2021;6;22;4;3;7;7;1;0;0;0;0;2;0;320284,423557072877884;5632659,462844453752041;6,448652553000045;50,817737768000029;5210616609108770000;0
153533;5;1;66;12;2021;5;12;6;3;0;1;1;0;0;0;0;0;0;320975,595999478362501;5693736,486998096108437;6,428180225000062;51,366631013000074;5210514514210070000;0
153536;5;3;34;12;2021;10;17;2;2;5;3;1;1;0;0;0;1;0;309982,595767675898969;5633486,654494384303689;6,302141758000062;50,821880262000036;5211025608312080000;1
153539;5;1;70;52;2021;2;12;5;3;1;5;1;1;0;0;0;0;0;324288,133958081714809;5728441,845598641782999;6,458409952000068;51,679420126000082;5210204518320180000;0
153540;5;1;66;12;2021;5;13;4;3;0;6;1;0;0;0;0;0;0;319916,939029924571514;5692949,710716893896461;6,413386826000021;51,359228929000039;5210505514210040000;0
153541;5;3;58;36;2021;11;15;2;3;5;3;1;1;0;0;0;0;0;311365,085367848165333;5649097,950149130076170;6,313686964000055;50,962565450000056;5211115609236890000;1
153543;5;3;70;20;2021;2;12;1;2;0;1;1;0;0;0;0;0;0;307150,505378225818276;5658820,752587201073766;6,248575751000033;51,048501899000030;5210228610221240000;0
153546;5;3;70;20;2021;9;11;3;3;5;3;1;1;0;0;0;0;0;304012,937931427732110;5660611,060744471848011;6,202898674000039;51,063520088000075;5210928610211680000;0
153547;5;3;34;32;2021;9;20;7;2;0;1;1;0;0;0;0;2;0;304388,405379255302250;5626128,487734688445926;6,226729856000077;50,753924685000072;5210904608332980000;0
153548;5;1;54;8;2021;12;12;2;2;5;7;1;0;0;0;1;0;0;310037,115032013505697;5747148,936586465686560;6,242298187000074;51,842789191000065;5211213515111090000;1
153551;5;3;70;20;2021;3;16;6;2;5;3;1;1;0;0;0;0;0;306434,889999241568148;5653831,322996910661459;6,241042188000051;51,003446090000068;5210319610221570000;0
153553;5;1;54;16;2021;12;8;6;3;6;4;1;0;1;0;0;1;0;303532,112402743659914;5729140,770549578592181;6,158167479000042;51,678821436000078;5211217515211040000;1
153555;5;1;16;0;2021;10;11;7;3;0;7;1;1;0;0;0;0;0;322415,081999491900206;5674999,535998230800033;6,458150956000054;51,198765606000052;5211002506100360000;0
153556;5;3;34;8;2021;9;16;7;3;0;1;1;0;0;0;0;0;0;302185,800945150665939;5642670,865285083651543;6,186618943000042;50,901761148000048;5210904608408380000;0
153557;5;1;66;12;2021;6;12;3;3;6;6;1;0;1;0;0;0;0;320754,341971077956259;5693614,128251567482948;6,425066873000048;51,365462104000073;5210601514210180000;0
153558;5;1;54;60;2021;12;12;4;3;0;3;1;1;0;0;0;0;0;314810,337091297842562;5698723,519861098378897;6,337111991000029;51,409448937000036;5211201515210920000;1
153559;5;1;66;24;2021;4;12;5;3;4;6;1;1;0;0;0;0;0;309549,491967014968395;5677535,775429097935557;6,272870124000065;51,217403117000060;5210401514114990000;0
153560;5;1;66;32;2021;10;16;4;3;5;6;1;0;0;0;0;0;0;318713,643238431774080;5682515,305836485698819;6,401425941000070;51,265116679000073;5211027514110780000;0
153564;5;3;58;32;2021;9;16;6;3;0;1;1;0;0;0;0;0;0;314001,398766148835421;5632895,502493552863598;6,359434840000063;50,817874568000036;5210910609132480000;0
153566;5;1;66;12;2021;6;16;1;2;5;3;1;1;0;0;0;0;0;320668,889999473467469;5696819,497998069971800;6,422222731000033;51,394228362000035;5210606514211080000;0
153570;5;1;66;32;2021;12;14;6;3;0;3;1;1;0;0;0;1;0;318130,974194331094623;5681112,163045804947615;6,393796449000035;51,252326952000033;5211210514110580000;1
153574;5;3;58;56;2021;7;18;1;3;5;3;1;1;0;0;0;0;0;319909,625196494162083;5650905,705680284649134;6,434339383000065;50,981539452000050;5210704609256080000;1
153576;5;1;54;16;2021;6;19;5;3;0;1;1;0;0;0;0;0;0;303872,950993601232767;5728133,024793297052383;6,163656870000068;51,669890547000080;5210624515211060000;0
153579;5;3;34;36;2021;10;15;3;3;4;6;1;1;0;0;0;0;0;300530,070903356187046;5633128,670934421941638;6,168300758000044;50,815486423000038;5211019608436170000;1
153582;5;3;58;24;2021;10;15;2;3;1;1;1;1;0;0;0;0;0;315804,982953331433237;5645647,919033074751496;6,378587922000065;50,933009696000056;5211025609224590000;0
153583;5;1;54;64;2021;9;14;4;2;0;2;1;1;0;0;0;0;0;306229,373911429196596;5722432,046083014458418;6,200847806000070;51,619508986000028;5210915515212090000;1
153585;5;1;66;12;2021;2;7;3;3;0;1;1;0;0;0;0;2;0;320754,341971077956259;5693614,128251567482948;6,425066873000048;51,365462104000073;5210216514210590000;1
153587;5;1;66;16;2021;6;18;3;3;5;3;1;1;0;0;0;0;0;309924,069755092263222;5687444,623169051483274;6,272962066000048;51,306528409000066;5210601514118070000;0
153597;5;1;16;0;2021;9;13;3;3;1;5;1;1;0;0;0;0;0;317556,291016574017704;5665733,306811295449734;6,393378864000056;51,113997051000069;5210928506100690000;0
153599;5;1;54;16;2021;10;7;6;3;5;3;1;1;0;0;0;0;0;303093,379999231547117;5729126,152996141463518;6,151838064000060;51,678536551000036;5211008515211250000;0
153602;5;3;70;40;2021;5;9;3;3;0;3;1;0;0;0;0;0;0;302848,014944129623473;5670197,615022197365761;6,181057896000027;51,149222568000027;5210511610212170000;1
153603;5;1;16;0;2021;6;15;6;3;5;5;1;1;0;0;0;0;0;319337,376955802552402;5675840,906686840578914;6,413722656000061;51,205358864000061;5210618506100570000;0
153605;5;3;70;40;2021;7;15;3;3;0;7;1;0;0;1;0;0;0;303317,161131958477199;5669829,064151221886277;6,187958546000061;51,146073840000042;5210706610212980000;0
153606;5;1;54;20;2021;6;7;4;3;5;3;1;1;0;0;0;0;0;321353,551680418662727;5712378,208940783515573;6,424192162000054;51,534203814000080;5210623515210090000;0
153607;5;1;54;12;2021;12;13;5;1;0;1;1;0;0;0;0;0;0;314586,102162187919021;5710355,753876404836774;6,327792288000069;51,513856654000051;5211202515210060000;1
153610;5;3;70;20;2021;4;15;3;3;5;3;1;1;0;0;0;0;0;305307,190999224781990;5659790,283996757119894;6,221788340000046;51,056588335000072;5210427610221680000;0
153613;5;3;58;24;2021;7;10;1;3;0;1;1;0;0;0;0;0;0;314231,597628698684275;5644423,165735196322203;6,356845298000053;50,921503128000040;5210711609224360000;0
153615;5;1;16;0;2021;12;20;2;3;5;2;1;1;0;0;0;2;0;319549,244226811453700;5675421,972738249227405;6,416962971000032;51,201662528000043;5211213506100890000;0
153616;5;3;70;4;2021;10;9;6;3;5;3;1;1;0;0;0;0;0;312216,651999339461327;5662300,272997470572591;6,318963593000035;51,081435278000072;5211022610211560000;0
153617;5;1;66;16;2021;2;20;7;3;0;7;1;0;1;0;0;2;0;308661,175399323925376;5686553,431532470509410;6,255343240000059;51,298100892000036;5210206514119580000;0
153629;5;1;16;0;2021;6;13;1;2;0;1;1;0;0;0;0;0;0;318937,192371003329754;5667309,474486974999309;6,412295106000045;51,128593904000070;5210627506100780000;0
153632;5;3;34;32;2021;9;15;3;2;5;2;1;1;0;0;0;0;0;304690,472523557022214;5630532,443211827427149;6,228668682000034;50,793584177000071;5210914608332270000;0
153637;5;1;54;4;2021;2;14;6;3;3;2;1;0;0;0;1;0;0;303890,225183214060962;5737149,234397318214178;6,158834008000042;51,750865385000054;5210219515110070000;0
153640;5;1;66;16;2021;10;18;2;3;0;3;1;1;0;0;0;2;0;303712,778571161441505;5688645,518547179177403;6,183300992000056;51,315205996000032;5211025514116080000;0
153642;5;1;66;12;2021;11;13;5;3;0;3;1;1;0;0;0;0;0;320606,488687211647630;5692380,812213778495789;6,423567233000028;51,354336744000079;5211125514210090000;1
153643;5;3;70;4;2021;10;9;7;2;5;3;1;1;0;0;0;0;0;312304,112595835700631;5662066,252230489626527;6,320332355000062;51,079361795000068;5211016610211180000;0
153645;5;1;54;44;2021;6;6;4;3;5;3;1;1;0;0;0;0;0;320374,561999488621950;5742996,179997948929667;6,394349448000071;51,808910397000034;5210602515111090000;0
153647;5;1;66;20;2021;10;20;5;3;0;1;1;0;0;0;0;2;0;301253,140422920696437;5677200,345757002010942;6,154411351000022;51,211563551000040;5211007514124380000;0
153654;5;1;70;52;2021;10;12;5;3;5;3;1;1;0;0;0;0;0;323918,328624309971929;5725856,289430977776647;6,454369468000039;51,656079350000027;5211007518320390000;0
153656;5;3;34;12;2021;9;12;7;3;2;6;1;1;0;0;0;0;0;303888,487809910438955;5635462,737031502649188;6,214668450000033;50,837598113000070;5210918608312280000;0
153657;5;3;34;2;2021;9;18;2;3;5;3;1;1;0;0;0;0;0;299125,392999088391662;5628013,185996107757092;6,151182473000063;50,769055336000065;5210927608200080000;1
153658;5;1;16;0;2021;6;6;4;2;2;6;1;1;0;1;0;0;0;320590,469776402227581;5673965,172605840489268;6,432579248000025;51,188903771000071;5210609506100590000;0
153660;5;3;34;28;2021;12;17;4;3;4;2;1;1;0;0;0;2;0;309459,217461325228214;5609473,998913859948516;6,307116349000069;50,606003655000052;5211222608328080000;0
153661;5;1;54;16;2021;9;10;3;3;6;4;1;0;1;0;0;0;0;303654,538627516478300;5729668,281395368278027;6,159639360000028;51,683601494000072;5210928515211980000;0
153664;5;1;16;0;2021;4;6;3;3;0;1;1;0;0;0;0;1;0;318682,482462160289288;5672968,431046612560749;6,405808044000025;51,179348010000069;5210406506100280000;2
153667;5;1;54;24;2021;5;17;1;2;3;6;1;0;0;0;1;0;0;310377,329091474413872;5742468,492482516914606;6,249793516000068;51,800870415000077;5210530515000990000;0
153668;5;1;66;36;2021;6;17;5;2;0;1;1;0;0;0;0;0;0;322375,232658005319536;5683156,702162504196167;6,453536666000048;51,272031177000031;5210610514218670000;0
153669;5;1;66;8;2021;5;10;1;3;5;2;1;1;0;0;0;0;0;317695,079716833308339;5688443,449660249054432;6,383815580000032;51,318042465000076;5210502514214980000;0
153672;5;1;54;32;2021;9;7;5;3;2;1;1;0;0;1;0;0;0;308835,943653972819448;5718161,569183647632599;6,240781311000035;51,582046488000060;5210909515212090000;0
153675;5;3;34;28;2021;9;10;1;3;8;1;1;0;0;0;0;0;0;309459,703119902871549;5609467,446524344384670;6,307126566000022;50,605944952000073;5210905608328840000;0
153676;5;3;34;2;2021;12;19;1;3;3;6;1;1;0;0;0;0;0;299899,853003924712539;5629361,809475153684616;6,161417815000050;50,781436020000058;5211226608200670000;1
153677;5;3;58;8;2021;2;13;1;3;0;1;1;1;0;0;0;0;0;320317,531999450176954;5632708,220998173579574;6,449098204000052;50,818186077000064;5210221609108880000;0
153678;5;1;16;0;2021;1;16;2;2;5;3;1;1;0;0;0;0;0;318964,251475753262639;5673989,066112020984292;6,409320772000058;51,188605673000040;5210125506100480000;1
153681;5;1;54;8;2021;10;7;4;3;0;3;1;1;0;0;0;1;0;310304,243999352678657;5747160,429996982216835;6,246164972000031;51,842983211000046;5211006515000690000;1
153682;5;1;66;12;2021;12;15;3;3;5;3;1;1;0;0;0;0;0;320998,478134288452566;5692847,001865403726697;6,428956292000066;51,358648088000052;5211221514210080000;0
153685;5;1;16;0;2021;6;17;2;2;0;7;1;0;0;0;0;0;0;318135,829911197535694;5675527,103886153548956;6,396699887000068;51,202158758000053;5210607506100530000;0
153687;5;1;70;52;2021;5;13;1;3;6;1;1;0;1;0;0;0;0;323289,737829136662185;5729396,418253874406219;6,443500885000049;51,687681362000035;5210530518320870000;0
153688;5;1;66;32;2021;12;7;3;3;0;3;1;1;0;0;0;2;0;316689,295999416150153;5685354,508997794240713;6,370985059000020;51,289972756000054;5211207514113570000;1
153689;5;3;34;4;2021;3;11;2;2;5;3;1;1;0;0;0;0;0;301940,340999149717391;5637875,346996435895562;6,185730228000068;50,858604540000044;5210322608404330000;0
153690;5;1;66;24;2021;4;14;7;3;5;3;1;1;0;0;0;0;0;310249,771479919552803;5677697,770425604656339;6,282799851000050;51,219091288000072;5210417514114070000;0
153691;5;1;16;0;2021;9;18;2;3;0;1;1;0;0;0;0;0;0;319634,204661018215120;5671529,197122953832150;6,420131953000066;51,166720221000048;5210913506100480000;0
153698;5;1;16;0;2021;4;17;2;3;5;3;1;1;0;0;0;0;0;321197,841706697829068;5676438,837855035439134;6,440029536000054;51,211315545000048;5210426506100370000;0
153699;5;3;58;24;2021;10;12;2;3;3;7;1;1;0;0;1;0;0;314681,703917648643255;5644893,339143615216017;6,363003337000066;50,925871462000032;5211011609224380000;0
153701;5;1;54;20;2021;12;12;6;3;0;3;1;1;0;0;0;0;0;320922,152959742583334;5713474,638275887817144;6,417421105000074;51,543915862000063;5211217515210590000;1
153702;5;3;70;4;2021;9;12;6;3;5;2;1;1;0;0;0;0;0;311714,352158598601818;5661886,140901703387499;6,312016273000040;51,077550744000064;5210917610211480000;0
153703;5;1;54;52;2021;12;7;2;2;5;3;1;1;0;0;0;2;0;308826,829905464313924;5696427,065434787422419;6,252415265000025;51,386837989000071;5211227515210570000;1
153704;5;1;16;0;2021;1;10;3;3;5;3;1;1;0;0;0;0;0;321911,886899687349796;5671405,531419429928064;6,452737361000061;51,166322912000055;5210112506100580000;1
153705;5;3;34;28;2021;3;18;2;2;4;6;1;1;0;0;0;0;0;314547,065030626021326;5611755,072152610868216;6,377800908000040;50,628135239000073;5210329608328470000;0
153707;5;3;34;32;2021;6;12;6;3;0;1;1;0;0;0;0;0;0;304789,236994740553200;5627517,441433353349566;6,231668984000066;50,766535707000060;5210611608332890000;0
153710;5;3;58;24;2021;10;12;4;3;5;3;1;1;0;0;0;0;0;314059,358473969623446;5643943,688779827207327;6,354641832000027;50,917140498000037;5211006609224480000;1
153712;5;3;34;2;2021;3;12;7;2;4;3;1;1;0;0;0;0;0;299510,230404177680612;5625098,484425952658057;6,158220127000050;50,743009174000065;5210327608200770000;1
153716;5;1;54;28;2021;6;13;6;2;5;3;1;1;0;0;0;0;0;321196,573999484069645;5701080,930998098105192;6,427650847000052;51,432674478000081;5210625515210060000;0
153717;5;3;70;40;2021;10;23;7;3;0;6;1;1;0;0;0;2;0;310043,106036193668842;5668735,333047958090901;6,284580729000027;51,138521076000075;5211023610212980000;0
153720;5;1;66;32;2021;10;6;5;3;4;2;1;0;0;0;0;2;0;318716,518073702231050;5682503,730038197711110;6,401472971000032;51,265013610000040;5211021514110590000;1
153721;5;3;34;20;2021;4;17;5;2;0;1;1;0;0;0;0;0;0;303037,684024778194726;5605797,097909450531006;6,218422142000065;50,570843795000030;5210401608320180000;0
153726;5;1;54;16;2021;10;10;5;3;1;1;1;0;0;0;1;0;0;304696,190848704427481;5728600,565899314358830;6,175285380000048;51,674376042000063;5211007515211520000;0
153729;5;1;66;16;2021;5;11;3;3;4;7;1;1;0;0;0;0;0;310349,127794133499265;5687429,160998735576868;6,279061245000037;51,306531305000078;5210511514118080000;1
153730;5;1;54;52;2021;10;12;3;3;0;6;1;0;0;0;1;0;0;309647,655999317765236;5702433,724997082725167;6,260973426000021;51,441063202000066;5211012515210570000;1
153731;5;1;16;0;2021;2;15;6;2;4;6;1;0;0;0;1;0;0;322194,494999487884343;5671426,585998218506575;6,456764933000045;51,166599963000067;5210205506100170000;0
153733;5;1;54;12;2021;6;16;6;1;5;3;1;1;0;0;0;0;0;314985,721312288194895;5711899,335729761049151;6,332734566000056;51,527852015000065;5210611515210010000;0
153734;5;3;58;36;2021;6;10;3;2;8;1;1;0;0;0;0;0;0;308387,896120059303939;5651612,644743571057916;6,270015498000021;50,984170973000062;5210629609236640000;0
153735;5;1;70;40;2021;9;16;1;3;3;7;1;0;0;0;0;0;0;319831,063766914419830;5717560,930576231330633;6,399609211000040;51,580273233000071;5210905518302240000;0
153737;5;3;34;2;2021;4;6;5;2;0;1;1;0;0;0;0;1;0;299613,928999101743102;5630429,291996158659458;6,156785144000025;50,790925161000075;5210422608200560000;0
153740;5;1;66;16;2021;7;11;4;3;5;3;1;1;0;0;0;0;0;304223,209592463448644;5689112,936126535758376;6,190359522000051;51,319579795000038;5210707514116070000;0
153744;5;1;16;0;2021;10;6;6;3;5;3;1;0;0;1;0;1;0;322288,006036886945367;5677634,401491779834032;6,455028777000052;51,222395887000062;5211029506100480000;1
153745;5;3;58;24;2021;11;15;4;2;0;1;1;0;1;0;0;0;0;316775,391953848302364;5642051,373746769502759;6,394189435000044;50,901009868000074;5211117609224090000;1
153748;5;1;16;0;2021;3;15;5;3;0;2;1;0;0;0;0;0;0;321080,625730363652110;5674546,085774332284927;6,439296652000053;51,194275876000063;5210318506100280000;0
153751;5;1;66;12;2021;9;12;2;3;5;3;1;1;0;0;0;0;0;320068,300999467261136;5694989,349998030811548;6,414526244000058;51,377598499000044;5210913514210960000;0
153757;5;1;54;4;2021;7;10;5;3;5;3;1;1;0;0;0;0;0;306117,590999284759164;5738348,651996513828635;6,190392291000023;51,762411943000075;5210715515110070000;1
153758;5;3;34;20;2021;9;11;6;2;0;1;1;0;0;0;0;0;0;304176,490999173372984;5604606,997996848076582;6,235110937000059;50,560536282000044;5210917608320280000;0
153764;5;1;54;16;2021;5;15;2;2;5;1;1;1;0;0;0;0;0;303654,319074186496437;5729670,352518916130066;6,159635023000021;51,683620017000067;5210503515211350000;0
153766;5;3;70;20;2021;7;7;6;3;0;2;1;1;0;0;0;0;0;302836,273959849961102;5660871,424205079674721;6,185985210000069;51,065455715000041;5210702610221670000;0
153769;5;1;54;12;2021;10;10;7;3;5;3;1;1;0;0;0;0;0;314857,784445391036570;5710073,534457650035620;6,331851430000029;51,511410858000033;5211016515210180000;0