OID_;ULAND;UREGBEZ;UKREIS;UGEMEINDE;UJAHR;UMONAT;USTUNDE;UWOCHENTAG;UKATEGORIE;UART;UTYP1;IstRad;IstPKW;IstFuss;IstKrad;IstSonstige;ULICHTVERH;IstGkfz;LINREFX;LINREFY;XGCSWGS84;YGCSWGS84;UIDENTSTLAE;IstStrassenzustand
153770;5;1;66;16;2021;1;8;6;3;3;2;1;0;0;1;0;0;0;309757,552961198613048;5687166,746310280635953;6,270724093000069;51,303976943000066;5210129514118970000;1
153774;5;1;16;0;2021;12;20;4;3;6;4;1;0;1;0;0;2;0;321326,688074853271246;5675112,337544357404113;6,442532752000034;51,199439630000029;5211229506100790000;1
153777;5;1;16;0;2021;2;19;5;2;1;5;1;1;0;0;0;1;0;319464,332201248034835;5675349,824431125074625;6,415785123000035;51,200987592000047;5210204506100080000;0
153779;5;3;34;12;2021;3;17;7;3;3;6;1;1;0;0;0;1;0;306805,310136457905173;5631871,848860155791044;6,257935609000072;50,806324075000077;5210327608312480000;0
153781;5;1;16;0;2021;9;10;5;3;1;5;1;1;0;0;0;0;0;317864,898670851252973;5675081,956385238096118;6,393051793000041;51,198073749000059;5210909506100990000;0
153784;5;1;54;32;2021;5;9;6;3;4;7;1;1;0;0;0;0;0;309099,787932537496090;5718143,605935793370008;6,244594601000074;51,581974573000082;5210514515212790000;0
153787;5;1;16;0;2021;1;8;5;2;5;3;1;1;0;0;0;0;0;318745,885671723634005;5674932,339438127353787;6,405723236000028;51,197009875000049;5210121506100670000;1
153789;5;3;70;36;2021;9;15;2;2;0;7;1;0;0;0;0;0;0;301532,135580266825855;5664226,854331068694592;6,165553860000045;51,095142750000036;5210920610222770000;0
153790;5;1;16;0;2021;9;13;4;3;1;5;1;1;0;0;0;0;0;321896,043700219132006;5677072,415188018232584;6,449700682000071;51,217225284000051;5210901506100660000;0
153794;5;1;54;32;2021;6;10;3;3;5;3;1;0;0;0;0;0;0;308495,974999309517443;5718786,642996890470386;6,235539507000055;51,587544956000045;5210629515212160000;1
153795;5;1;66;28;2021;4;15;5;2;5;2;1;1;0;0;0;0;0;320752,864999473094940;5686839,077998094260693;6,428455021000048;51,304601999000056;5210401514216780000;0
153803;5;1;66;20;2021;7;20;1;3;0;1;1;0;0;0;0;0;0;302271,175219048745930;5676886,908675180748105;6,169140834000075;51,209101847000056;5210711514124080000;0
153805;5;3;70;4;2021;6;13;3;3;5;3;1;1;0;0;0;0;0;311469,127999326214194;5660990,008997406810522;6,308986796000056;51,069420768000043;5210615610211310000;0
153807;5;1;54;32;2021;6;7;3;3;5;3;1;0;0;0;0;0;0;309620,589666238054633;5717607,841530863195658;6,252392810000060;51,577338873000031;5210601515212090000;0
153808;5;3;58;48;2021;10;17;4;3;4;6;1;1;0;0;0;0;0;320503,086999456398189;5636732,014998175203800;6,449759058000041;50,854392755000049;5211027609248080000;0
153809;5;1;16;0;2021;3;18;3;3;5;3;1;1;0;0;0;0;0;318826,751744303852320;5673770,453983366489410;6,407465520000073;51,186598316000072;5210323506100780000;0
153811;5;1;54;4;2021;10;8;6;2;0;1;1;0;0;0;0;0;0;306438,299999291077256;5738624,312996549531817;6,194880228000045;51,764998456000058;5211022515110090000;0
153812;5;3;34;32;2021;9;21;6;3;0;7;1;0;0;0;0;2;0;304585,763106600381434;5629075,634310403838754;6,227959290000058;50,780463405000035;5210910608332680000;0
153813;5;1;66;12;2021;10;21;6;3;0;1;1;0;0;0;0;2;0;320864,982999476604164;5693808,660998092964292;6,426556543000061;51,367244467000035;5211008514210890000;0
153815;5;3;34;12;2021;10;20;6;3;5;2;1;1;0;0;0;2;0;307926,843999253585935;5632711,138997148722410;6,273395374000074;50,814235947000043;5211008608312180000;0
153816;5;3;58;24;2021;5;16;4;3;1;5;1;1;0;0;0;0;0;310755,252999310381711;5646676,664997380226851;6,306271127000059;50,940615997000066;5210512609224240000;0
153817;5;3;34;4;2021;2;13;7;3;1;7;1;1;0;0;0;0;0;300047,391891832463443;5639102,767282396554947;6,158197467000036;50,868977470000061;5210213608404930000;0
153818;5;1;16;0;2021;2;17;4;2;1;5;1;1;0;0;0;0;0;321576,198188559152186;5675928,156234897673130;6,445694776000039;51,206846296000037;5210217506100510000;0
153820;5;1;54;56;2021;10;16;3;3;5;2;1;1;0;0;0;0;0;312102,070999369956553;5727917,419997248798609;6,282633050000072;51,670766209000078;5211012515211080000;0
153822;5;1;66;32;2021;9;8;4;3;5;2;1;1;0;0;0;1;0;313400,387999366968870;5681303,499997524544597;6,325985051000032;51,252517491000049;5210929514111690000;1
153823;5;1;54;8;2021;4;16;7;3;0;3;1;1;0;0;0;0;0;311206,687030059285462;5746329,417355276644230;6,259703086000059;51,835825772000078;5210410515111570000;1
153824;5;1;54;44;2021;2;12;7;3;5;3;1;0;0;0;0;0;0;320872,041999492794275;5738514,461997993290424;6,403871506000030;51,768815040000050;5210227515111580000;0
153827;5;1;66;12;2021;12;7;2;3;5;3;1;1;0;0;0;1;0;321778,467329625971615;5693586,835570946335793;6,439776689000041;51,365539187000081;5211206514210680000;1
153833;5;1;16;0;2021;12;5;7;3;5;3;1;1;0;0;0;2;0;322051,753999486565590;5667169,585998218506575;6,456829324000068;51,128313249000030;5211204506100390000;1
153834;5;1;66;32;2021;2;13;1;3;0;7;1;1;0;0;0;0;0;317469,766630207188427;5680891,477268472313881;6,384444385000052;51,250133355000060;5210221514110080000;0
153836;5;3;34;2;2021;11;13;5;3;5;2;1;1;0;0;0;0;0;298925,858999082818627;5624317,666996095329523;6,150374037000063;50,735794016000057;5211111608200480000;0
153842;5;1;70;52;2021;6;16;3;3;5;3;1;1;0;0;0;0;0;323671,382983929477632;5726370,458965456113219;6,450543836000065;51,660620515000062;5210608518320690000;0
153843;5;1;16;0;2021;5;11;4;3;5;3;1;1;0;0;0;0;0;318925,953996635973454;5674379,356924884021282;6,408576562000064;51,192099525000060;5210512506100090000;0
153844;5;1;66;16;2021;6;14;4;2;0;7;1;0;1;0;0;0;0;305057,998132511973381;5689680,090280652046204;6,202014259000066;51,324960187000045;5210602514116080000;0
153848;5;3;58;4;2021;11;13;5;3;0;1;1;0;0;0;0;0;0;308345,576756146736443;5641302,801013428717852;6,274835577000033;50,891549793000081;5211111609204390000;0
153852;5;1;66;8;2021;6;16;3;2;1;5;1;0;0;0;1;0;0;317052,700568200089037;5690373,035281063988805;6,373616872000071;51,335168871000064;5210601514213880000;0
153854;5;1;16;0;2021;3;16;6;2;3;5;1;1;0;0;0;0;0;320063,113566143438220;5674066,130650352686644;6,424990158000071;51,189644923000060;5210305506100070000;0
153855;5;3;70;4;2021;5;13;7;3;5;3;1;1;0;0;0;0;0;312305,662999339401722;5662062,882997483015060;6,320356213000025;51,079332038000075;5210529610211140000;0
153857;5;1;66;32;2021;11;5;2;3;0;7;1;0;0;0;0;2;0;318266,080999438650906;5681542,364997930824757;6,395511925000051;51,256234442000050;5211129514110580000;2
153858;5;3;34;32;2021;10;11;6;3;2;6;1;1;0;0;0;0;0;304299,365999190136790;5628603,958996767178178;6,224152712000034;50,776130116000047;5211008608332780000;0
153859;5;1;54;16;2021;9;21;4;3;0;1;1;0;0;0;0;2;0;303458,446999239735305;5731575,030996181070805;6,155732510000064;51,700656186000060;5210922515211060000;0
153861;5;1;66;32;2021;9;10;7;2;0;7;1;0;0;0;0;0;0;318356,752542737871408;5681122,134289329871535;6,397023233000027;51,252488476000053;5210904514110880000;0
153862;5;1;54;16;2021;6;19;5;3;5;3;1;1;0;0;0;0;0;303694,689745252951980;5731478,923407167196274;6,159200875000067;51,699875775000066;5210624515211080000;0
153864;5;1;66;4;2021;1;10;4;3;1;5;1;1;0;0;0;0;0;303368,134246002882719;5680643,280121395364404;6,182764873000053;51,243217530000038;5210113514121380000;1
153865;5;1;16;0;2021;2;17;7;3;3;5;1;1;0;0;0;0;0;320092,814891780726612;5674773,753654723986983;6,425060247000033;51,196010931000046;5210220506100060000;0
153866;5;3;70;4;2021;2;9;5;3;5;3;1;1;0;0;0;0;0;312540,791999345645308;5662227,944997500628233;6,323623535000024;51,080891576000056;5210225610211580000;0
153876;5;1;54;8;2021;1;10;5;3;5;2;1;1;0;0;0;0;0;310908,348999360576272;5746603,454997053369880;6,255228379000073;51,838185962000068;5210128515111090000;1
153878;5;3;34;28;2021;10;16;7;3;0;1;1;0;0;0;0;0;0;314585,684999356046319;5606944,712997822090983;6,380748261000065;50,584932717000072;5211023608328580000;0
153879;5;3;34;4;2021;2;17;4;3;6;6;1;0;1;0;0;1;0;303820,746441666036844;5639239,306173617020249;6,211684098000035;50,871496585000045;5210203608404530000;1
153881;5;1;54;32;2021;6;22;3;3;7;1;1;0;0;0;0;2;0;308635,094321834854782;5718310,318099888041615;6,237804863000065;51,583314272000052;5210629515212070000;0
153884;5;3;70;40;2021;12;18;1;3;0;1;1;0;0;0;0;2;0;311327,360999328084290;5668160,963997365906835;6,303217965000044;51,133786488000055;5211219610212280000;1
153886;5;1;16;0;2021;7;14;7;3;5;3;1;1;0;0;0;0;0;321907,465292173437774;5676265,871517548337579;6,450264510000068;51,209983458000067;5210710506100480000;0
153887;5;1;66;24;2021;11;7;3;3;1;5;1;1;0;0;0;1;0;310254,394741206429899;5677170,812118703499436;6,283144773000060;51,214359661000060;5211123514114570000;1
153891;5;1;66;16;2021;3;10;2;2;5;3;1;1;0;0;0;0;0;310623,216695011593401;5688239,880907969549298;6,282558475000030;51,313904363000063;5210329514118080000;0
153896;5;3;70;20;2021;9;10;5;3;0;6;1;0;0;0;1;0;0;305404,619706756435335;5659423,053662696853280;6,223374288000059;51,053322949000062;5210909610221970000;0
153898;5;1;16;0;2021;5;23;1;3;5;3;1;1;0;0;0;2;0;321375,859661639668047;5675367,446846172213554;6,443108879000022;51,201746709000076;5210530506100980000;0
153902;5;1;66;32;2021;1;11;4;3;0;1;1;0;0;0;0;0;0;320003,692999460734427;5679754,001998055726290;6,421286236000071;51,240720717000045;5210113514110380000;2
153903;5;1;66;32;2021;6;7;4;3;0;1;1;0;0;0;1;0;0;313563,901999369263649;5681381,188997540622950;6,328285040000026;51,253268794000064;5210609514111080000;0
153904;5;3;70;40;2021;4;19;4;2;0;1;1;0;0;0;0;0;0;309735,418212733231485;5668767,291167814284563;6,280170782000027;51,138705979000065;5210421610212460000;0
153905;5;1;66;16;2021;9;15;5;3;0;7;1;0;0;0;0;0;0;309504,401840262115002;5687568,977090816944838;6,266881999000020;51,307505042000059;5210902514118180000;0
153906;5;3;58;8;2021;5;7;2;3;2;6;1;1;0;0;0;0;0;320648,042961674742401;5630105,545397359877825;6,455056889000048;50,794906303000062;5210531609108090000;0
153908;5;3;70;40;2021;12;13;7;3;5;3;1;1;0;0;0;0;0;304969,804999224841595;5669448,401996674016118;6,211763000000076;51,143220267000061;5211218610212870000;1
153912;5;3;34;4;2021;1;15;6;3;5;3;1;1;0;0;0;0;0;301079,744999135844409;5640967,522996308282018;6,171836123000048;50,886082314000078;5210122608404900000;0
153915;5;3;34;2;2021;4;10;4;3;1;7;1;1;0;0;0;0;0;300151,670963860116899;5625389,815583776682615;6,167142135000063;50,745846971000049;5210428608200670000;0
153917;5;3;58;24;2021;3;7;6;3;5;2;1;1;0;0;0;0;0;315533,722999386489391;5644270,428997807204723;6,375428623000062;50,920548787000030;5210319609224370000;0
153918;5;1;54;64;2021;10;10;6;3;5;2;1;1;0;0;0;0;0;306276,070594735443592;5723059,972391577437520;6,201174314000070;51,625164341000072;5211029515212040000;0
153922;5;1;66;8;2021;6;13;2;3;5;3;1;1;0;0;0;0;0;315159,030999396927655;5690216,315997654572129;6,346543899000039;51,333148778000066;5210621514213980000;1
153923;5;1;54;8;2021;5;13;6;2;0;7;1;0;0;0;0;0;0;309780,863388016819954;5746608,994399448856711;6,238879696000026;51,837852879000081;5210528515000990000;0
153924;5;1;16;0;2021;9;17;5;3;0;7;1;0;0;0;0;0;0;321194,552999475970864;5674641,053998149931431;6,440878151000049;51,195164654000052;5210923506100960000;0
153925;5;3;58;24;2021;11;13;2;2;0;1;1;0;0;0;0;0;0;314208,072740855626762;5643085,055606078356504;6,357192332000068;50,909475239000074;5211101609224330000;1
153927;5;1;66;12;2021;9;7;2;3;4;2;1;1;0;0;0;0;0;319978,647999465465546;5694087,965998025611043;6,413695974000063;51,369473171000038;5210927514210380000;0
153928;5;3;70;4;2021;6;16;4;2;0;1;1;0;0;0;0;0;0;311908,366999333724380;5661735,186997447162867;6,314861327000074;51,076258423000070;5210630610211180000;1
153929;5;3;34;12;2021;10;16;6;3;3;3;1;1;0;0;0;0;0;308247,666256763041019;5631782,026601295918226;6,278429519000042;50,805996356000037;5211015608312770000;0
153930;5;1;54;32;2021;1;7;2;2;0;7;1;0;0;0;0;2;0;309738,293160372413695;5717890,201119374483824;6,253936492000037;51,579914556000062;5210125515212590000;2
153931;5;1;16;0;2021;11;0;6;3;0;7;1;0;0;0;0;2;0;322133,758329467847943;5671117,025394070893526;6,456050184000048;51,163800183000035;5211112506100990000;1
153932;5;1;70;40;2021;9;15;3;3;0;1;1;0;0;0;0;0;0;318571,143365072086453;5720166,445723265409470;6,380098207000060;51,603272350000054;5210928518302440000;0
153933;5;3;34;32;2021;7;1;4;3;0;1;1;0;0;0;0;2;0;303301,177372537553310;5623140,456909347325563;6,212929961000043;50,726718079000079;5210707608332880000;0
153935;5;1;66;12;2021;10;7;4;3;5;3;1;1;0;0;0;2;0;321351,322999482974410;5694443,300998123362660;6,433216795000021;51,373098550000066;5211006514210160000;1
153937;5;1;54;8;2021;1;11;2;2;2;3;1;1;0;0;0;0;0;309985,690425103530288;5746298,312894280999899;6,242019733000063;51,835132432000080;5210118515111500000;1
153938;5;1;54;32;2021;1;17;7;3;9;1;1;1;0;0;0;2;0;312102,245999363251030;5716928,622997283935547;6,288528552000059;51,572071024000081;5210123515212790000;0
153939;5;1;54;16;2021;1;17;4;3;0;3;1;1;0;0;0;2;0;303623,065847066231072;5729985,847811970859766;6,159006035000061;51,686442359000068;5210106515211570000;0
153940;5;1;54;32;2021;6;20;6;3;5;3;1;1;0;0;0;0;0;309370,102581982500851;5718997,161381624639034;6,248027972000045;51,589732022000078;5210625515212890000;0
153943;5;1;66;16;2021;9;9;5;2;0;7;1;0;0;0;0;0;0;304635,480934634804726;5688758,600726045668125;6,196462660000066;51,316539133000049;5210902514116280000;0
153945;5;1;54;8;2021;1;12;6;3;5;3;1;1;0;0;0;0;0;310303,477916672825813;5747162,309787748381495;6,246152834000043;51,842999833000079;5210115515111050000;1
153946;5;3;58;8;2021;3;15;2;3;0;7;1;0;0;0;0;0;0;318733,629627770744264;5635739,595465410500765;6,425137296000059;50,844925410000030;5210301609108220000;0
153950;5;3;70;20;2021;4;14;5;2;1;5;1;1;0;0;0;0;0;305378,831970384344459;5659675,394837111234665;6,222871125000040;51,055580700000064;5210415610221680000;0
153951;5;1;54;16;2021;3;14;7;3;1;5;1;1;0;0;0;0;0;303243,840323748998344;5729533,289329681545496;6,153782105000062;51,682245496000064;5210313515211680000;1
153953;5;3;58;32;2021;7;17;7;3;0;1;1;0;0;0;0;0;0;314738,832623855210841;5634546,471761645749211;6,369058168000038;50,832942046000028;5210710609132970000;1
153954;5;3;34;8;2021;6;17;1;3;5;3;1;1;0;0;0;0;0;302408,533999161794782;5643726,723996471613646;6,189211173000047;50,911320931000034;5210627608408860000;1
153958;5;1;16;0;2021;9;15;4;3;0;1;1;0;0;0;0;0;0;321978,411051535047591;5672844,631326684728265;6,452975304000063;51,179271546000052;5210929506100290000;1
153959;5;1;54;44;2021;4;14;3;3;0;5;1;1;0;0;0;0;0;320063,241122460924089;5737832,111012702807784;6,392515861000049;51,762426833000063;5210420515111580000;0
153960;5;3;70;20;2021;9;17;5;2;0;7;1;0;0;0;0;0;0;304812,236709802411497;5657452,606153916567564;6,215994269000021;51,035423779000041;5210909610221670000;0
153962;5;1;66;16;2021;5;7;3;3;0;1;1;0;0;0;0;0;0;307944,262054111808538;5685030,124390285462141;6,245891452000023;51,284177724000074;5210511514119180000;1
153963;5;5;54;32;2021;2;14;1;3;8;6;1;1;0;0;0;0;0;323474,635326104238629;5745595,107143865898252;6,437945616000036;51,833241954000073;5210221705000570000;0
153965;5;3;34;4;2021;5;19;4;3;0;1;1;0;0;0;0;0;0;300922,774999133311212;5640070,872996291145682;6,170095571000047;50,877974809000079;5210519608404980000;1
153966;5;1;16;0;2021;11;16;2;3;1;5;1;1;0;0;0;1;0;319618,520803435705602;5676754,209157647565007;6,417283808000036;51,213651934000040;5211115506100720000;0
153968;5;3;34;4;2021;9;11;6;3;1;5;1;1;0;0;0;0;0;300483,330152168869972;5639546,970774348825216;6,164142797000068;50,873117764000028;5210903608404580000;0
153970;5;1;16;0;2021;7;15;4;3;5;2;1;1;0;0;0;0;0;321772,639342182315886;5670388,745625855401158;6,451251484000068;51,157145410000055;5210707506100890000;0
153973;5;1;54;64;2021;11;5;3;3;5;3;1;1;0;0;0;2;0;305646,613660555332899;5722764,056244047358632;6,192256140000040;51,622289787000057;5211123515212070000;1
153974;5;3;34;32;2021;5;9;7;2;0;7;1;0;0;0;0;0;0;305157,653999204747379;5629409,992996860295534;6,235884540000029;50,783659149000073;5210529608312050000;0
153975;5;1;54;8;2021;5;12;3;3;5;3;1;1;0;0;0;0;0;309674,909999343566597;5746022,222996914759278;6,237666362000027;51,832547138000052;5210504515111070000;1
153976;5;1;54;52;2021;11;2;6;2;0;1;1;0;0;0;0;2;0;308416,000757371075451;5696793,877144662663341;6,246320161000028;51,389993994000065;5211112515210090000;0
153977;5;1;54;20;2021;6;13;6;2;4;2;1;1;0;0;0;0;0;321698,640589083544910;5712590,523055499419570;6,429054911000037;51,536220031000028;5210618515210090000;0
153978;5;1;16;0;2021;3;12;1;3;2;6;1;0;0;0;0;0;0;313639,593681273050606;5670719,829767767339945;6,334904926000036;51,157528661000072;5210328506100290000;0
153979;5;1;54;8;2021;9;13;5;3;5;3;1;1;0;0;0;0;0;310000,837656536139548;5745742,965567005798221;6,242544165000027;51,830150125000046;5210916515000320000;0
153980;5;3;34;32;2021;4;17;4;2;0;1;1;0;0;0;0;0;0;309908,531899166293442;5628361,332002997398376;6,303743955000073;50,775816024000051;5210428608332080000;0
153983;5;1;16;0;2021;5;14;6;3;5;2;1;1;0;0;0;0;0;321303,098514408804476;5667983,960844093933702;6,445737364000024;51,135396010000079;5210507506100850000;0
153985;5;1;16;0;2021;10;19;1;3;8;1;1;0;0;0;0;2;0;319620,264232927933335;5673939,157909872010350;6,418723354000065;51,188364736000040;5211031506100060000;1
153987;5;1;66;24;2021;2;20;7;3;7;5;1;0;0;0;0;2;1;309667,722999306395650;5676779,850997174158692;6,274962175000041;51,210652831000061;5210206514114680000;1
153991;5;1;54;16;2021;12;20;6;3;9;1;1;0;0;0;0;2;0;303186,397390156984329;5731564,181063694879413;6,151806882000074;51,700463428000035;5211217515211570000;1
153994;5;1;66;16;2021;5;14;6;3;5;3;1;1;0;0;0;0;0;310895,760999330319464;5687671,981997262686491;6,286765685000034;51,308894167000062;5210521514118350000;0
153996;5;1;54;8;2021;5;13;6;2;1;5;1;1;0;0;0;0;0;310397,337329705245793;5747200,388752246275544;6,247492833000024;51,843373688000042;5210507515111030000;0
153999;5;1;16;0;2021;3;9;2;2;0;1;1;0;0;0;0;0;0;320227,374290545471013;5674978,525264794006944;6,426881528000024;51,197892765000063;5210308506100280000;0
154002;5;3;34;12;2021;1;11;1;2;7;1;1;0;0;0;0;0;0;307902,620925812050700;5632841,684538733214140;6,272983592000060;50,815400552000028;5210117608312280000;1
154007;5;3;58;24;2021;12;13;3;3;0;1;1;0;1;0;0;0;0;314421,725613650865853;5645790,662752103060484;6,358851390000041;50,933848601000079;5211214609224000000;0
154008;5;3;34;2;2021;6;7;6;3;3;3;1;0;0;0;0;0;0;301074,009119816124439;5623402,563589032739401;6,181271846000072;50,728314153000042;5210611608200950000;0
154010;5;1;54;12;2021;1;6;3;2;6;4;1;0;1;0;0;2;0;313999,162157285027206;5710239,565918333828449;6,319404475000056;51,512620167000080;5210119515210010000;1
154011;5;1;66;16;2021;5;14;5;3;9;1;1;1;0;0;0;0;0;309181,879999304190278;5687933,859997082501650;6,262065141000051;51,310674301000063;5210527514118490000;0
154016;5;1;54;8;2021;9;12;4;3;5;3;1;1;0;0;0;0;0;309997,234999348409474;5745753,527996955439448;6,242486148000069;51,830243758000051;5210929515111020000;1
154018;5;1;16;0;2021;2;16;2;3;0;2;1;0;0;1;0;0;0;320587,329933551140130;5671184,966432239860296;6,433922021000058;51,163927648000026;5210222506000010000;0
154020;5;3;34;36;2021;3;10;1;2;5;3;1;1;0;0;0;0;0;300373,088999118655920;5633431,760996248573065;6,165910244000031;50,818154630000038;5210328608436480000;0
154023;5;1;54;16;2021;10;16;4;3;0;1;1;0;0;0;0;0;0;304282,801803174428642;5729635,939003409817815;6,168734056000062;51,683530325000049;5211027515211770000;0
154027;5;3;58;24;2021;4;5;3;3;0;6;1;1;0;0;0;2;0;316140,040961385704577;5646964,478462366387248;6,382686731000035;50,944943517000070;5210420609224830000;0
154030;5;1;66;12;2021;3;16;3;3;0;1;1;0;0;0;0;0;0;320775,338999475352466;5691995,925998087972403;6,426183471000058;51,350932640000053;5210302514210090000;0
154036;5;1;70;52;2021;12;12;1;3;0;7;1;0;0;0;0;0;0;324156,644814197905362;5725630,864798162132502;6,457924531000060;51,654129037000075;5211205518320540000;1
154037;5;3;34;8;2021;9;17;2;2;0;1;1;0;0;0;0;0;0;302223,505999159067869;5643386,968996448442340;6,186766589000058;50,908205963000057;5210927608408880000;1
154039;5;1;54;12;2021;6;6;2;3;5;3;1;1;0;0;0;0;0;314753,076848103664815;5710219,026897434145212;6,330267775000038;51,512683347000063;5210614515210090000;0
154041;5;3;58;24;2021;4;7;5;3;5;2;1;1;0;0;0;0;0;316788,703419257886708;5642074,146462414413691;6,394367115000023;50,901218666000034;5210422609224970000;0
154043;5;3;34;2;2021;6;11;1;2;5;3;1;1;0;0;0;0;0;299451,072204241529107;5630077,042784517630935;6,154669678000062;50,787705043000074;5210606608200770000;1
154044;5;1;16;0;2021;9;22;4;2;0;1;1;0;0;0;0;2;0;321238,558578182943165;5672944,955395720899105;6,442351325000061;51,179941960000065;5210922506100490000;0
154047;5;1;66;12;2021;4;16;7;3;0;2;1;1;0;0;0;0;0;320128,557139809243381;5694981,630631173029542;6,415395037000053;51,377548250000075;5210403514210980000;0
154052;5;3;34;4;2021;6;15;4;3;5;3;1;1;0;0;0;0;0;299434,289061300456524;5639858,850070063024759;6,149080750000053;50,875555909000070;5210609608404370000;0
154053;5;1;54;8;2021;11;9;6;3;0;2;1;0;0;0;0;0;0;309717,564999343827367;5745889,046996921300888;6,238357882000059;51,831365645000062;5211126515111070000;1
154054;5;1;66;12;2021;3;16;5;3;5;3;1;1;0;0;0;0;0;321433,872770962305367;5693735,856599848717451;6,434756935000053;51,366769607000037;5210325514210570000;0
154055;5;1;54;12;2021;5;15;4;3;0;1;1;0;0;0;0;0;0;315872,174458488821983;5711066,176800906658173;6,345934754000041;51,520658259000072;5210519515210090000;1
154057;5;1;14;0;2021;5;16;3;3;3;2;1;1;0;0;0;0;0;331177,930999602191150;5690386,400998679921031;6,576188744000035;51,339658399000029;5210525505200090000;1
154058;5;1;14;0;2021;6;14;5;3;5;3;1;1;0;0;0;0;0;326337,319406752474606;5695475,581057107076049;6,504275863000032;51,383918647000030;5210610505200570000;0
154060;5;5;54;8;2021;11;14;3;3;5;3;1;1;0;0;0;0;0;336337,903652166016400;5746691,925371658056974;6,623941621000029;51,847012168000049;5211109705000770000;0
154062;5;1;14;0;2021;11;5;4;3;5;3;1;1;0;0;0;2;0;328806,587965773418546;5686778,546269489452243;6,543909099000075;51,306537325000079;5211124505100270000;0
154063;5;3;58;8;2021;10;18;5;3;1;5;1;1;0;0;0;1;0;322688,485033874399960;5630610,003063853830099;6,483736579000038;50,800066189000063;5211028609108570000;0
154065;5;1;70;48;2021;3;16;2;3;5;3;1;1;0;0;0;0;0;334942,259539138525724;5727148,766054503619671;6,612979208000070;51,671035568000036;5210329518100080000;0
154066;5;1;70;20;2021;11;8;3;3;0;1;1;0;0;0;0;0;0;329391,337673693895340;5709364,160713180899620;6,541426464000040;51,509613487000081;5211109518300070000;0
154068;5;1;14;0;2021;6;16;6;3;4;3;1;0;0;0;0;0;0;330920,842991818673909;5692816,304217569530010;6,571346764000054;51,361411952000026;5210611505200670000;0
154069;5;5;54;8;2021;5;18;2;3;0;3;1;1;0;0;0;0;0;337048,898044500499964;5747077,087706245481968;6,634072854000067;51,850680239000042;5210510705000180000;0
154070;5;1;62;16;2021;7;19;7;2;1;5;1;1;0;0;0;0;0;333391,781995526514947;5678728,886695861816406;6,613381621000030;51,235577709000040;5210703513110030000;0
154074;5;1;14;0;2021;5;11;5;3;1;5;1;1;0;0;0;0;0;329985,705810088664293;5690391,083841212093830;6,559086119000028;51,339345196000068;5210520505200090000;0
154076;5;3;62;32;2021;10;8;1;3;5;3;1;1;0;0;0;0;0;329844,941515784710646;5637070,183090971782804;6,582198576000053;50,860254826000073;5211024602400560000;0
154080;5;1;62;22;2021;6;9;4;2;5;7;1;1;0;0;0;0;0;333247,067999622784555;5682358,260998778045177;6,609619533000057;51,268142767000029;5210630513130090000;1
154083;5;1;62;8;2021;4;11;6;3;5;7;1;1;0;0;0;0;0;333198,356957006268203;5662552,656124923378229;6,618114267000067;51,090186721000066;5210416513310480000;0
154084;5;1;16;0;2021;12;17;5;3;0;1;1;0;0;0;0;2;0;323457,556515601463616;5676066,880596317350864;6,472531695000043;51,208677065000074;5211209506100590000;1
154093;5;5;54;8;2021;5;14;3;3;0;1;1;0;0;0;0;0;0;335677,604581813327968;5745441,603053091093898;6,614958234000028;51,835586078000063;5210525705000990000;1
154094;5;3;58;8;2021;9;14;5;3;5;7;1;1;0;0;0;0;0;321929,923511293716729;5634226,873179934918880;6,471227585000065;50,832327656000075;5210902609108780000;0
154095;5;1;14;0;2021;9;18;2;3;1;5;1;1;0;0;0;0;0;330766,612761992961168;5689857,210357964038849;6,570540523000034;51,334781922000047;5210906505200470000;0
154097;5;3;58;8;2021;11;12;6;3;1;5;1;1;0;0;0;0;0;324182,050873263739049;5630240,200399801135063;6,505087546000027;50,797198827000045;5211126609108080000;0
154098;5;1;62;8;2021;12;15;6;3;4;6;1;0;0;0;0;0;0;332283,949999609030783;5661341,819998757913709;6,605630952000070;51,079041312000072;5211217513310470000;1
154100;5;3;58;8;2021;5;13;6;3;0;7;1;0;0;0;0;0;0;322535,457909699529409;5631382,049072284251451;6,481194050000056;50,806955494000078;5210521609108580000;0
154101;5;1;14;0;2021;6;7;4;3;2;6;1;0;0;0;0;0;0;331799,359521197155118;5688103,272804453969002;6,586179997000045;51,319330966000052;5210616505100770000;0
154102;5;1;66;36;2021;4;18;2;3;5;3;1;1;0;0;0;0;0;328243,767999566160142;5681473,451998550444841;6,538392808000026;51,258708140000067;5210419514217580000;0
154104;5;3;62;4;2021;3;12;6;3;0;2;1;1;0;0;0;0;0;329458,717757523991168;5652259,202601632103324;6,569610806000071;50,996607365000045;5210319602200350000;0
154107;5;1;16;0;2021;10;18;6;2;3;6;1;0;0;0;0;2;0;324796,765740414150059;5670589,787720443680882;6,494355553000048;51,159885408000036;5211029506100080000;1
154108;5;5;54;8;2021;9;11;4;3;5;3;1;0;0;0;0;0;0;336048,907999661751091;5745899,748998835682869;6,620125365000035;51,839810916000033;5210908705000490000;0
154109;5;1;14;0;2021;6;19;4;3;0;1;1;0;0;0;0;0;0;331582,906758503057063;5690763,523381166160107;6,581819113000051;51,343166562000079;5210623505200090000;0