OID_;ULAND;UREGBEZ;UKREIS;UGEMEINDE;UJAHR;UMONAT;USTUNDE;UWOCHENTAG;UKATEGORIE;UART;UTYP1;IstRad;IstPKW;IstFuss;IstKrad;IstSonstige;ULICHTVERH;IstGkfz;LINREFX;LINREFY;XGCSWGS84;YGCSWGS84;UIDENTSTLAE;IstStrassenzustand
154442;5;1;66;28;2021;6;7;3;3;0;5;1;1;0;0;0;0;0;325658,682235062122345;5686894,474454244598746;6,498735607000071;51,306623310000077;5210601514215190000;0
154445;5;1;14;0;2021;3;16;7;2;0;7;1;0;1;0;0;0;0;330141,701071324758232;5690647,879586253315210;6,561201083000071;51,341698830000041;5210320505200570000;0
154447;5;1;62;8;2021;3;15;1;3;0;1;1;0;0;0;0;0;0;329657,812485657632351;5662892,678273841738701;6,567444115000058;51,092201052000064;5210307513310880000;0
154451;5;1;62;20;2021;9;9;1;3;5;3;1;1;0;0;0;0;0;329179,603438955731690;5674588,070774689316750;6,555073846000028;51,197131412000033;5210919513120770000;0
154452;5;3;58;60;2021;6;10;1;2;3;2;1;0;0;0;0;0;0;333681,583999617956579;5626169,805998845025897;6,641604776000065;50,763429505000033;5210613609160970000;0
154455;5;5;54;8;2021;12;14;6;3;5;3;1;1;0;0;0;0;0;335761,386008386500180;5746835,187071526423097;6,615511462000029;51,848129857000060;5211217705000590000;1
154456;5;1;66;28;2021;6;14;7;3;5;3;1;1;0;0;0;0;0;323869,489244362339377;5688146,954233048483729;6,472474332000047;51,317323851000026;5210605514215090000;1
154458;5;1;66;36;2021;4;17;3;3;8;1;1;1;0;0;0;0;0;325837,511999537236989;5680323,916998427361250;6,504500676000021;51,247651293000047;5210427514219050000;0
154459;5;1;14;0;2021;10;9;7;3;5;3;1;0;0;0;1;0;0;330369,414745426736772;5689944,727423988282681;6,564802321000059;51,335449811000046;5211009505200070000;0
154462;5;1;66;28;2021;9;13;6;2;0;1;1;0;0;0;1;0;0;324735,919162658043206;5688254,433964107185602;6,484842137000044;51,318556922000027;5210903514215790000;0
154465;5;1;62;20;2021;9;10;1;3;0;1;1;1;0;0;0;0;0;328234,084999565035105;5674815,578998558223248;6,541445255000042;51,198891891000073;5210919513110670000;0
154467;5;3;58;8;2021;4;6;7;3;0;7;1;0;0;0;0;1;0;323033,547999488189816;5630254,712998338043690;6,488799591000031;50,796979676000035;5210403609108670000;0
154468;5;1;14;0;2021;5;14;1;2;1;5;1;1;0;0;0;0;0;332910,290999622084200;5694951,945998752489686;6,598892162000027;51,381187253000064;5210530505200790000;0
154471;5;1;62;8;2021;1;12;5;3;0;3;1;1;0;0;0;0;0;330221,602310745045543;5662289,656739436089993;6,575770946000034;51,086950490000049;5210128513310490000;1
154472;5;1;14;0;2021;3;16;5;2;3;2;1;1;0;0;0;0;0;326890,890204608440399;5688802,019363928586245;6,515470106000066;51,324135924000075;5210325505100860000;0
154473;5;1;14;0;2021;10;11;1;3;5;3;1;1;0;0;0;0;0;330202,341272401623428;5687701,345929348841310;6,563474995000036;51,315245729000026;5211003505100770000;1
154474;5;1;70;24;2021;6;12;3;3;1;7;1;1;0;0;0;0;0;334915,425173630937934;5701567,554439723491669;6,624599886000055;51,441209452000066;5210615518200370000;0
154475;5;1;70;20;2021;3;19;5;3;5;3;1;1;0;0;0;2;0;330070,152378334663808;5708262,739424020051956;6,551729586000022;51,499923398000078;5210318518300070000;1
154478;5;5;54;8;2021;6;16;6;3;5;3;1;1;0;0;0;0;0;335391,814201176166534;5743908,813574297353625;6,611542891000056;51,821732268000062;5210604705000380000;0
154479;5;1;66;36;2021;12;7;4;3;5;3;1;0;0;0;1;2;0;328221,437999567016959;5679679,703998554497957;6,538933968000038;51,242586726000070;5211201514219590000;1
154481;5;1;14;0;2021;6;18;5;3;6;6;1;0;1;0;0;0;0;331007,302347307093441;5689934,035177500918508;6,573956007000049;51,335543692000044;5210610505200070000;0
154482;5;5;54;8;2021;12;8;5;3;0;1;1;0;0;0;0;0;0;336778,540999669581652;5746158,997998863458633;6,630584422000027;51,842353602000060;5211209705000740000;2
154485;5;5;54;8;2021;6;8;4;3;5;3;1;1;0;0;0;0;0;335975,908999661915004;5745233,343998832628131;6,619382619000021;51,833802872000035;5210616705000680000;0
154486;5;1;70;20;2021;12;15;5;3;5;3;1;1;0;0;0;0;0;329640,755381616763771;5707424,352661253884435;6,545953848000067;51,492262529000072;5211223518300080000;0
154488;5;1;14;0;2021;1;11;7;2;3;1;1;1;0;0;0;0;0;331955,819324593991041;5686337,059955874457955;6,589255331000061;51,303509457000075;5210109505100480000;1
154489;5;1;62;8;2021;2;16;4;2;5;2;1;1;0;0;0;0;0;329277,448865741491318;5663072,264734879136086;6,561932739000042;51,093701402000079;5210224513310570000;0
154491;5;1;14;0;2021;2;11;6;3;5;3;1;0;0;1;0;0;0;330709,454885459505022;5689186,034592391923070;6,570039712000039;51,328735137000081;5210219505100450000;0
154493;5;5;54;8;2021;4;10;4;3;4;6;1;1;0;0;0;0;0;335343,938016179949045;5746060,737112449482083;6,609825155000067;51,841049734000080;5210421705000370000;0
154494;5;1;14;0;2021;6;20;1;3;3;5;1;1;0;0;0;1;0;329646,657984189689159;5689636,771639185026288;6,554583907000051;51,332467129000065;5210627505200790000;0
154495;5;1;14;0;2021;6;18;4;3;8;1;1;0;0;0;0;0;0;325955,830597340129316;5693912,126357540488243;6,499564826000039;51,369756754000036;5210616505200570000;0
154496;5;1;70;48;2021;9;20;1;3;0;1;1;0;0;0;0;2;0;335356,400999651290476;5726786,182998824864626;6,619133696000063;51,667899743000078;5210919518100870000;0
154500;5;1;70;48;2021;11;14;4;2;5;2;1;1;0;0;0;0;0;335764,253947225399315;5725110,307349419221282;6,625813456000060;51,652963446000058;5211110518100290000;0
154503;5;5;54;8;2021;3;23;7;2;0;1;1;0;0;0;0;2;0;337523,034820841625333;5745596,955617779865861;6,641645979000032;51,837521559000038;5210327705000270000;0
154504;5;1;16;0;2021;5;18;5;2;1;5;1;1;0;0;0;0;0;324174,942003934644163;5677168,364968439564109;6,482251546000043;51,218793507000044;5210520506100890000;0
154506;5;1;62;22;2021;3;17;3;2;5;3;1;0;0;0;0;0;0;333643,198335860855877;5683102,278135452419519;6,614946496000073;51,274942984000063;5210302513130180000;0
154508;5;3;62;4;2021;1;16;2;3;0;7;1;0;1;0;0;1;0;329612,791621490381658;5649448,078412329778075;6,573122361000060;50,971396607000031;5210111602200890000;1
154511;5;5;54;8;2021;10;16;5;2;1;3;1;0;0;0;1;0;0;336216,835999663919210;5745200,397998843342066;6,622891734000063;51,833577595000065;5211014705000790000;0
154512;5;1;14;0;2021;10;12;5;2;1;5;1;1;0;0;0;0;0;329117,485492316074669;5690261,460082283243537;6,546695423000074;51,337920399000041;5211007505200070000;1
154514;5;1;14;0;2021;11;16;2;3;0;1;1;0;0;0;0;0;0;331844,085753798484802;5687906,512152342125773;6,586914046000061;51,317576484000028;5211108505100980000;1
154515;5;5;54;8;2021;12;21;3;3;4;3;1;0;0;0;0;2;0;335608,074993113055825;5745855,716669386252761;6,613753244000065;51,839285769000071;5211214705000290000;1
154516;5;1;14;0;2021;9;16;3;3;0;7;1;0;0;0;0;0;0;328545,951043968088925;5690248,300725018605590;6,538504541000066;51,337630118000050;5210921505200080000;0
154517;5;1;16;0;2021;11;10;1;3;3;6;1;1;0;0;0;0;0;322879,177935368381441;5678226,378937445580959;6,463193385000068;51,227897528000028;5211107506100590000;0
154521;5;1;66;28;2021;3;12;3;3;0;7;1;1;0;0;0;0;0;325482,880671988241374;5688508,034962181001902;6,495426379000037;51,321064728000067;5210309514215580000;1
154522;5;1;70;24;2021;12;11;6;3;5;3;1;1;0;0;0;0;0;333606,500999632291496;5707027,344998769462109;6,603213647000075;51,489876786000082;5211217518200480000;0
154523;5;1;62;8;2021;7;15;5;2;5;3;1;1;0;0;0;0;0;333486,606738273054361;5667709,558860551565886;6,619846261000021;51,136603009000055;5210708513310840000;1
154524;5;1;14;0;2021;3;13;6;3;5;3;1;1;0;0;0;0;0;331336,491238722577691;5690041,401429923251271;6,578626434000057;51,336606005000078;5210312505200010000;0
154525;5;1;66;36;2021;1;17;2;3;0;3;1;1;0;0;0;1;0;326959,750802049413323;5682660,774372600018978;6,519434277000073;51,268986405000078;5210125514217240000;0
154526;5;1;14;0;2021;4;18;4;3;4;2;1;1;0;0;0;0;0;332773,933857263997197;5689898,634633220732212;6,599310202000026;51,335747959000059;5210428505100080000;0
154528;5;5;54;8;2021;1;2;6;3;0;1;1;0;0;0;0;2;0;336771,357310473918915;5747030,885760938748717;6,630068703000063;51,850184104000050;5210101705000970000;1
154530;5;1;14;0;2021;5;13;2;3;1;5;1;0;0;0;0;0;1;329727,002845841459930;5690689,841305930167437;6,555232657000033;51,341951746000063;5210517505200070000;1
154531;5;3;62;8;2021;11;15;2;3;1;5;1;1;0;0;0;0;0;334402,168131571263075;5647405,167936086654663;6,642206003000069;50,954438048000043;5211115602100470000;0
154532;5;3;58;8;2021;6;15;4;3;1;5;1;1;0;0;0;0;0;323198,075538348406553;5631016,514721889048815;6,490765149000026;50,803874051000037;5210609609108160000;0
154534;5;5;54;8;2021;6;10;3;3;4;2;1;1;0;0;0;0;0;336876,995999670587480;5745478,623998869210482;6,632333133000031;51,836270216000059;5210601705000880000;0
154537;5;1;62;16;2021;9;16;3;2;1;5;1;1;0;0;0;0;0;332581,026459478773177;5677087,125320026651025;6,602545595000038;51,220590396000034;5210921513110080000;0
154540;5;1;14;0;2021;4;15;2;3;5;3;1;1;0;0;0;0;0;331305,343873787671328;5687450,681173752993345;6,579405982000026;51,313321832000042;5210412505100660000;0
154541;5;3;58;40;2021;3;10;2;3;0;1;1;0;0;0;0;0;0;325659,549551982432604;5633654,478559086099267;6,524410808000027;50,828320367000060;5210315609140980000;0
154542;5;3;62;4;2021;9;11;7;3;3;2;1;1;0;0;0;0;0;329508,337717198766768;5652296,460639782249928;6,570299770000076;50,996956809000039;5210911602200790000;0
154547;5;5;54;8;2021;10;17;5;3;5;3;1;1;0;0;0;0;0;335863,959999659098685;5745953,005998827517033;6,617417940000053;51,840235022000059;5211014705000870000;0
154548;5;3;58;8;2021;5;13;6;3;5;2;1;0;0;0;0;0;0;322022,792999475263059;5632904,760998275130987;6,473186711000039;50,820478343000048;5210507609108070000;0
154550;5;1;14;0;2021;3;17;4;2;0;1;1;0;0;0;0;0;0;326582,766999551095068;5694176,844998447224498;6,508433503000049;51,372326614000031;5210310505200680000;0
154552;5;5;54;8;2021;11;7;5;3;1;1;1;1;0;0;0;2;0;336511,559875302016735;5743940,773113068193197;6,627760181000042;51,822348080000040;5211118705000580000;0
154554;5;1;70;32;2021;6;22;6;2;3;6;1;0;0;0;0;2;0;330168,851947898045182;5718299,199234953150153;6,548306613000022;51,590114951000032;5210611518310090000;0
154555;5;3;58;8;2021;6;11;6;3;0;7;1;1;0;0;0;0;0;322919,805713045410812;5630235,135436724871397;6,487196653000069;50,796769048000044;5210604609108170000;0
154556;5;1;70;32;2021;11;10;6;3;3;6;1;0;0;0;0;0;0;332914,083504895679653;5713381,969351321458817;6,590236756000024;51,546760981000034;5211105518310070000;0
154557;5;1;14;0;2021;9;13;6;2;5;3;1;1;0;0;0;0;0;334018,560766858980060;5692582,975523682311177;6,615909521000049;51,360229232000052;5210910505200370000;1
154558;5;1;16;0;2021;6;12;4;3;3;6;1;1;0;0;0;0;0;323292,203999503515661;5677623,618998277932405;6,469399888000055;51,222610724000049;5210616506100420000;0
154559;5;1;14;0;2021;6;19;6;3;0;1;1;0;0;0;0;0;0;330862,187843814492226;5689035,463137941434979;6,572301365000044;51,327427857000032;5210618505100270000;0
154560;5;1;70;24;2021;9;9;1;2;3;6;1;1;0;0;0;0;0;335677,667557245120406;5702633,313493940979242;6,635062890000029;51,451006011000061;5210905518200990000;0
154561;5;1;62;12;2021;9;8;3;3;5;3;1;1;0;0;0;0;0;325383,945812240242958;5664896,742525830864906;6,505503413000042;51,108919992000040;5210928513330040000;0
154562;5;1;62;8;2021;1;5;6;3;5;3;1;0;0;0;0;2;0;329319,227929079905152;5660821,441655097529292;6,563591918000043;51,073491925000042;5210108513310970000;1
154563;5;5;54;8;2021;6;15;3;2;0;5;1;1;0;0;0;0;0;336224,511182437650859;5745186,745121473446488;6,623009487000047;51,833457195000051;5210629705000570000;0
154565;5;1;16;0;2021;6;18;6;2;0;1;1;0;0;0;0;0;0;323831,227337163873017;5675630,595705753192306;6,478089983000075;51,204873087000067;5210604506100480000;0
154568;5;1;62;20;2021;4;11;5;3;5;2;1;1;0;0;0;0;0;327464,726999554783106;5673342,832998521625996;6,531151613000077;51,185429172000056;5210401513120580000;0
154570;5;1;62;8;2021;10;9;1;3;6;4;1;0;1;0;0;0;0;329717,484999580308795;5662407,251998642459512;6,568524269000022;51,087857578000069;5211031513310180000;1
154571;5;1;14;0;2021;9;17;4;2;0;1;1;0;0;0;0;0;0;335064,869266406632960;5695886,590252922847867;6,629391113000054;51,390214372000059;5210915505200260000;0
154572;5;1;14;0;2021;7;18;3;2;5;3;1;1;0;0;0;0;0;333281,987154528498650;5688630,372092777863145;6,607190410000044;51,324502903000052;5210706505100370000;0
154573;5;1;66;28;2021;9;15;2;3;5;2;1;1;0;0;0;0;0;325560,398999535478652;5688331,869998397305608;6,496623940000063;51,319505939000067;5210920514215860000;0
154577;5;1;70;24;2021;2;14;6;3;0;5;1;1;0;0;0;0;0;336318,009519641287625;5702664,376798989251256;6,644255970000074;51,451470544000074;5210219518200070000;0
154578;5;1;66;36;2021;6;22;4;3;0;1;1;0;0;0;0;2;0;327524,156120157800615;5678472,300088692456484;6,529535342000031;51,231529314000056;5210602514219380000;0
154579;5;1;14;0;2021;10;6;2;3;5;2;1;1;0;0;0;2;0;332764,349999618716538;5690508,618998752906919;6,598886292000032;51,341225286000054;5211011505200670000;1
154580;5;1;14;0;2021;6;21;6;3;5;3;1;0;0;0;0;1;0;330446,812536420300603;5689586,785064909607172;6,566082734000076;51,332257190000064;5210604505200080000;1
154585;5;5;54;8;2021;5;15;6;3;6;4;1;0;1;0;0;0;0;334668,766999647952616;5743762,772998781874776;6,601131128000077;51,820206893000034;5210521705000050000;0
154586;5;1;14;0;2021;6;13;5;3;5;3;1;1;0;0;0;0;0;334119,147982295602560;5692916,208040291443467;6,617197544000021;51,363252425000042;5210624505200890000;0
154587;5;3;58;8;2021;4;11;5;3;0;7;1;0;0;0;0;0;1;322141,494586776010692;5631540,047468187287450;6,475531654000065;50,808254158000068;5210415609108680000;0
154588;5;1;62;8;2021;9;9;5;2;0;1;1;0;0;0;0;0;0;330383,041614843532443;5663594,938329726457596;6,577460897000037;51,098725306000063;5210916513310770000;0
154589;5;1;14;0;2021;12;17;5;3;1;5;1;1;0;0;0;2;0;326969,861774202436209;5693827,232615608721972;6,514159628000073;51,369303965000029;5211223505200370000;0
154590;5;1;14;0;2021;12;7;6;3;5;3;1;1;0;0;0;2;0;330280,299344038590789;5689070,595065109431744;6,563940659000025;51,327570144000049;5211224505100080000;1
154591;5;1;70;48;2021;4;16;2;3;5;2;1;1;0;0;0;0;0;335609,442856812849641;5726036,650851638987660;6,623142037000036;51,661240234000047;5210426518100350000;0
154593;5;3;62;4;2021;4;17;2;3;0;7;1;0;0;0;0;0;0;328011,895903509110212;5653676,797584341838956;6,548340631000030;51,008912844000065;5210426602200760000;0
154596;5;5;54;8;2021;5;20;7;3;2;6;1;1;0;0;0;0;0;335725,282853780314326;5745331,710584802553058;6,615701777000027;51,834612892000052;5210529705000690000;0
154597;5;3;58;8;2021;1;12;7;3;3;2;1;1;0;0;0;0;0;321715,550243003293872;5629896,721286226063967;6,470289981000064;50,793359545000044;5210116609108580000;0
154598;5;1;14;0;2021;5;13;4;2;0;1;1;0;0;0;0;0;0;330719,255901627242565;5688452,662163130939007;6,570528604000060;51,322149506000073;5210526505100080000;0
154600;5;1;70;24;2021;6;9;2;3;0;1;1;0;0;0;0;0;0;334587,093527356162667;5706272,918330106884241;6,617678678000061;51,483386726000049;5210614518200090000;0
154602;5;3;58;60;2021;10;6;4;3;0;7;1;1;0;0;0;2;0;328921,852826617658138;5620661,116744812577963;6,576732381000056;50,712551032000079;5211013609160610000;0
154603;5;1;70;4;2021;3;7;2;3;5;3;1;0;0;0;1;0;0;327906,416420336812735;5717067,338021103292704;6,516282547000060;51,578362552000044;5210308518320740000;0
154604;5;1;14;0;2021;7;19;5;3;0;1;1;0;0;0;0;0;0;330364,588132452219725;5689509,135207649320364;6,564940530000058;51,331535074000044;5210701505200270000;1
154607;5;1;70;24;2021;6;16;5;3;0;5;1;1;0;0;1;0;0;335676,281424525193870;5701823,235128274187446;6,635419106000029;51,443727749000061;5210610518200770000;0
154610;5;1;14;0;2021;3;12;4;3;0;1;1;0;0;0;0;0;0;332142,324737333692610;5690305,000335505232215;6,590059914000051;51,339212651000082;5210324505200480000;0
154611;5;1;62;22;2021;9;18;3;3;4;5;1;1;0;0;0;0;0;333782,227705189958215;5683397,283765589818358;6,616800703000024;51,277633971000057;5210907513130770000;0
154612;5;3;58;8;2021;6;16;5;3;5;7;1;1;0;0;0;0;0;321589,517796202562749;5628577,198576183989644;6,469144081000024;50,781466116000047;5210610609108020000;0
154613;5;1;14;0;2021;10;20;4;3;6;4;1;0;1;0;0;2;0;330727,525999595411122;5688735,244998661801219;6,570512977000021;51,324690666000038;5211027505100540000;0
154619;5;3;58;12;2021;12;1;6;3;9;1;1;0;0;0;0;2;0;321737,287300063297153;5614934,433754207566381;6,477829991000021;50,658942369000044;5211224609112490000;0
154620;5;1;62;16;2021;1;12;6;3;5;3;1;1;0;0;0;0;0;331641,006316743791103;5675882,266177460551262;6,589662751000049;51,209489278000035;5210108513110890000;1
154623;5;1;14;0;2021;9;12;3;2;0;1;1;0;0;0;0;0;0;330644,829999597743154;5688958,491998657584190;6,569221139000035;51,326671679000071;5210907505100790000;0
154624;5;1;70;24;2021;4;17;6;3;3;7;1;1;0;0;0;0;0;335401,890260083600879;5705304,741212641820312;6,629853909000076;51,474926263000043;5210423518200640000;0
154625;5;5;54;8;2021;12;7;4;3;0;7;1;0;1;0;0;2;0;335381,385601107031107;5746343,829962167888880;6,610233513000026;51,843603902000041;5211222705000680000;0
154626;5;1;66;36;2021;12;14;4;3;0;7;1;1;0;0;0;0;0;328194,989256434142590;5681589,591184161603451;6,537638630000060;51,259736813000075;5211215514217080000;0
154628;5;5;54;8;2021;9;13;7;3;5;2;1;1;0;0;0;0;0;336123,382232978940010;5745284,474676411598921;6,621496816000047;51,834305486000062;5210911705000370000;0
154629;5;5;54;8;2021;7;20;6;2;3;2;1;0;0;0;0;1;0;333235,264195607043803;5743165,224246541038156;6,580639352000048;51,814413077000040;5210709705000870000;0
154632;5;1;14;0;2021;12;12;3;3;4;6;1;1;0;0;0;0;0;330518,910179962404072;5689030,219020849093795;6,567381429000022;51,327278561000071;5211207505100760000;1
154633;5;5;54;8;2021;6;14;1;3;5;3;1;0;0;0;1;0;0;336570,577999667264521;5745090,446998858824372;6,628073025000049;51,832693455000026;5210620705000050000;0
154634;5;1;14;0;2021;2;8;3;3;0;1;1;0;0;0;0;0;0;329844,227739337831736;5690396,727771060541272;6,557054188000052;51,339353575000075;5210223505200080000;0
154638;5;3;58;8;2021;9;13;7;3;0;5;1;1;0;0;0;0;0;322981,486638966947794;5630719,786208078265190;6,487837437000053;50,801142070000026;5210918609108280000;0
154640;5;1;14;0;2021;3;13;3;3;5;2;1;1;0;0;0;0;0;333908,438929963856936;5690884,324734073132277;6,615122134000046;51,344936103000066;5210330505200870000;0
154641;5;1;16;0;2021;5;20;3;3;0;1;1;0;0;0;0;0;0;323209,314116277731955;5675543,769789870828390;6,469239172000073;51,203900971000053;5210518506100090000;1
154644;5;1;14;0;2021;10;15;7;3;1;5;1;1;0;0;0;0;0;330189,386916827410460;5689039,200386954471469;6,562651982000034;51,327260963000072;5211023505100590000;0
154647;5;1;14;0;2021;4;15;4;3;0;5;1;1;0;0;0;0;0;329461,485473773442209;5688326,612181253731251;6,552555341000073;51,320641441000078;5210428505100970000;0
154649;5;1;62;8;2021;3;10;4;2;9;1;1;0;0;0;0;0;0;331612,950752967037261;5661785,946919647976756;6,595853637000062;51,082835035000073;5210324513310670000;0
154650;5;5;54;8;2021;5;18;4;2;5;3;1;0;0;0;0;0;0;335479,072999656200409;5745865,789998812600970;6,611877668000034;51,839338275000046;5210526705000170000;0
154651;5;1;70;20;2021;9;7;3;3;5;2;1;1;0;0;0;0;0;329263,176763536408544;5708730,843496397137642;6,539888008000048;51,503885425000078;5210907518301190000;0
154656;5;1;70;24;2021;4;7;4;3;5;3;1;1;0;0;0;0;0;333633,881346299313009;5706752,718068320304155;6,603737082000066;51,487417628000060;5210428518200070000;0
154659;5;1;62;20;2021;10;13;1;3;6;4;1;0;1;0;0;0;0;328699,732328359037638;5675190,571954688057303;6,547924744000056;51,202400599000043;5211017513120880000;0
154664;5;5;54;8;2021;4;18;1;3;0;1;1;0;0;0;0;0;0;336638,651308109983802;5745180,250354431569576;6,629017702000056;51,833520116000045;5210425705000950000;0
154665;5;1;70;32;2021;11;13;6;3;0;2;1;1;0;0;0;0;0;334043,676999636925757;5712112,867998784407973;6,607111119000024;51,535692918000052;5211105518310900000;0
154666;5;3;62;4;2021;10;17;2;3;3;3;1;1;0;0;0;1;0;328502,330428348854184;5652668,304685853421688;6,555801323000026;50,999998661000063;5211025602200370000;1
154668;5;1;62;16;2021;9;13;3;3;5;3;1;1;0;0;0;0;0;333625,209448595531285;5677207,904534004628658;6,617428431000064;51,221980760000065;5210914513110080000;0
154669;5;1;14;0;2021;6;11;6;3;5;3;1;1;0;0;0;0;0;326416,147223200649023;5694102,454487167298794;6,506078363000029;51,371607428000061;5210625505200580000;0
154670;5;1;70;24;2021;12;8;6;3;5;3;1;1;0;0;0;0;0;333565,547999630682170;5702525,200998771935701;6,604744362000076;51,449417907000054;5211224518200770000;1
154671;5;1;62;16;2021;12;15;2;3;0;7;1;1;0;0;0;0;0;333896,551089057698846;5677311,751894781365991;6,621262471000023;51,222992777000059;5211220513110080000;0
154672;5;1;14;0;2021;5;7;4;3;4;6;1;0;0;0;0;0;0;328945,885999574325979;5687852,485998576506972;6,545390584000074;51,316227221000076;5210512505100070000;0
154673;5;3;58;28;2021;7;13;1;3;1;5;1;1;0;0;0;0;0;322166,154999474994838;5624168,294998299330473;6,479445731000055;50,742032972000061;5210711609128710000;0
154675;5;1;66;36;2021;6;18;3;3;0;1;1;0;0;0;0;0;0;327602,590133336372674;5679670,685050576925278;6,530080916000031;51,242319031000079;5210601514219780000;0
154679;5;1;62;8;2021;4;16;5;3;8;6;1;1;0;0;0;0;0;332393,842893835157156;5661655,365331768989563;6,607052951000071;51,081890477000059;5210401513310780000;0
154682;5;1;62;16;2021;10;11;7;3;0;7;1;0;1;0;0;0;0;333637,830142068676651;5677495,237589489668608;6,617475654000032;51,224565946000041;5211002513110780000;0
154684;5;1;66;36;2021;5;14;3;3;5;7;1;1;0;0;0;0;0;326882,549718244001269;5682332,781478585675359;6,518487492000077;51,266016390000061;5210511514217190000;1
154685;5;1;14;0;2021;3;10;6;3;0;3;1;1;0;0;0;0;0;330467,476240836083889;5690535,733386578038335;6,565927372000033;51,340788570000029;5210305505100070000;0
154687;5;5;54;8;2021;10;11;3;3;5;3;1;0;0;0;0;0;0;337122,667999671772122;5745619,113998880609870;6,635829555000043;51,837604009000074;5211019705000990000;1
154689;5;5;54;8;2021;4;8;5;3;5;3;1;1;0;0;0;0;0;337497,971999675966799;5745597,741998896002769;6,641282156000045;51,837521332000051;5210408705000480000;0
154690;5;3;58;8;2021;4;9;6;3;1;3;1;1;0;0;0;0;0;323368,774931792169809;5631268,188545852899551;6,493064224000022;50,806187194000074;5210416609108580000;0
154691;5;1;14;0;2021;6;15;4;3;0;1;1;0;0;0;0;0;0;332956,331563095562160;5693973,853967167437077;6,600012954000022;51,372413603000041;5210616505200380000;0
154692;5;5;54;8;2021;4;11;2;3;3;6;1;0;0;0;0;0;0;335681,169402280822396;5747808,095156138762832;6,613885485000026;51,856846260000054;5210412705000110000;0
154693;5;3;58;8;2021;9;12;3;3;5;3;1;0;0;0;0;0;0;321848,572999471798539;5630419,229998271912336;6,471922110000037;50,798094690000028;5210914609108580000;0
154694;5;1;14;0;2021;2;14;4;3;0;3;1;1;0;0;0;0;0;331264,158418525941670;5690017,717968227341771;6,577600224000037;51,336371774000042;5210217505200790000;0
154695;5;1;70;4;2021;6;10;1;3;0;7;1;0;0;0;0;0;0;327682,556337876245379;5715568,913070658221841;6,513789835000068;51,564833603000068;5210613518301390000;0
154696;5;1;70;20;2021;6;3;3;3;0;1;1;0;0;0;0;2;0;330836,700649818405509;5708352,267699558287859;6,562719961000028;51,500957590000041;5210629518300490000;1
154697;5;1;62;16;2021;10;14;3;3;0;7;1;0;0;0;0;0;0;334078,135991725139320;5677274,383153179660439;6,623877812000046;51,222709846000043;5211012513110190000;1
154698;5;1;62;20;2021;11;7;6;3;5;3;1;1;0;0;0;0;0;328942,047443505376577;5674709,667471874505281;6,551619132000042;51,198152770000036;5211112513120680000;0
154699;5;3;58;28;2021;9;13;7;3;3;1;1;0;0;0;0;0;0;322521,218135952949524;5625066,389043373987079;6,484040422000021;50,750210266000067;5210925609128080000;0
154701;5;5;54;8;2021;10;14;5;3;0;6;1;1;0;0;0;0;0;335619,882933617569506;5746620,912841647863388;6,613560837000023;51,846163305000061;5211028705000390000;0
154702;5;1;66;36;2021;12;9;2;3;0;1;1;0;0;0;0;0;0;328363,127999567426741;5682434,734998553991318;6,539640483000028;51,267380054000057;5211227514217880000;1
154708;5;1;70;44;2021;11;13;1;3;0;1;1;0;0;0;0;0;0;335260,691802036017179;5722205,737368838861585;6,619907937000050;51,626722208000047;5211121518120080000;0
154710;5;1;14;0;2021;9;20;6;3;0;1;1;0;0;0;0;2;0;331502,935999604873359;5688807,889998696744442;6,581597054000042;51,325573525000038;5210903505100070000;0
154711;5;3;58;40;2021;7;11;1;3;4;6;1;0;0;1;0;0;0;325305,026479287073016;5633496,898764943704009;6,519456778000063;50,826797750000026;5210704609140380000;1
154712;5;1;14;0;2021;6;7;6;2;5;3;1;1;0;0;0;0;0;330590,963999594561756;5689628,014998657628894;6,568130404000044;51,332670556000039;5210604505200990000;0
154713;5;5;54;8;2021;9;15;5;3;5;3;1;1;0;0;0;0;0;336756,671779896132648;5747222,738648198544979;6,629765091000024;51,851903318000041;5210902705000870000;0
154714;5;5;54;8;2021;12;9;2;3;5;2;1;1;0;0;0;0;0;335282,810999654233456;5745604,613998807966709;6,609155821000058;51,836934185000075;5211206705000980000;1
154716;5;1;16;0;2021;9;14;2;2;5;3;1;1;0;0;0;0;0;324539,599002152681351;5670506,473859224468470;6,490722124000058;51,159058145000074;5210927506100290000;0
154722;5;1;62;8;2021;5;17;3;3;2;7;1;1;0;0;0;0;0;329527,718126592226326;5661099,143914127722383;6,566434228000048;51,076048841000045;5210518513310790000;1
154724;5;1;14;0;2021;6;18;4;3;0;1;1;0;0;0;0;0;0;335481,065051595680416;5691551,376628302037716;6,637374131000058;51,351386455000068;5210602505200990000;0
154726;5;3;58;44;2021;5;16;1;3;0;7;1;0;0;0;0;0;0;322542,515253794379532;5618481,336137117817998;6,487509481000075;50,691054897000072;5210530609144080000;0
154728;5;1;14;0;2021;9;16;5;3;5;2;1;1;0;0;0;0;0;333821,239071009680629;5690852,070397907868028;6,613886270000023;51,344620838000026;5210916505200440000;0
154732;5;1;14;0;2021;12;13;7;3;0;1;1;0;0;0;0;0;0;331304,925638731569052;5687451,388067618012428;6,579399652000063;51,313328059000071;5211218505100070000;1