OID_;ULAND;UREGBEZ;UKREIS;UGEMEINDE;UJAHR;UMONAT;USTUNDE;UWOCHENTAG;UKATEGORIE;UART;UTYP1;IstRad;IstPKW;IstFuss;IstKrad;IstSonstige;ULICHTVERH;IstGkfz;LINREFX;LINREFY;XGCSWGS84;YGCSWGS84;UIDENTSTLAE;IstStrassenzustand
154734;5;1;14;0;2021;6;11;6;3;0;1;1;0;0;0;0;0;0;330512,712999594397843;5688804,072998654097319;6,567400118000023;51,325245044000042;5210604505100280000;0
154738;5;3;58;12;2021;9;14;2;3;0;7;1;0;0;0;0;0;0;322348,451999473385513;5611843,768998330458999;6,487950135000062;50,631361358000049;5210906609112150000;0
154740;5;1;70;24;2021;4;12;3;2;5;2;1;1;0;0;0;0;0;334370,554646261967719;5702734,199732620269060;6,616221046000021;51,451531570000043;5210413518200040000;0
154742;5;5;54;8;2021;12;16;5;3;5;3;1;1;0;0;0;2;0;333035,458999632857740;5744825,810998706147075;6,576942852000059;51,829270796000060;5211209705000560000;0
154744;5;1;14;0;2021;6;17;3;3;5;3;1;1;0;0;0;0;0;330275,586497757583857;5690382,145546222105622;6,563248184000031;51,339351507000060;5210622505200290000;1
154746;5;1;14;0;2021;3;10;7;3;5;7;1;0;0;0;0;0;0;329092,305106303654611;5689159,705140784382820;6,546862852000061;51,328014956000061;5210306505100270000;0
154747;5;3;58;8;2021;11;10;3;3;5;7;1;0;0;0;0;0;0;322794,050862269476056;5628706,596141912043095;6,486151094000036;50,782997973000079;5211123609108900000;0
154749;5;5;54;8;2021;11;7;3;3;3;3;1;1;0;0;0;0;0;335424,555988882668316;5745181,492196481674910;6,611412527000027;51,833174899000028;5211109705000780000;0
154750;5;1;14;0;2021;11;8;2;3;0;1;1;0;0;0;0;0;0;328531,257279278710485;5685412,056682445108891;6,540619377000041;51,294178259000034;5211129505100770000;2
154751;5;3;58;8;2021;2;7;6;3;1;5;1;1;0;0;0;0;0;321176,556221327744424;5633191,926375687122345;6,461044923000031;50,822797531000049;5210226609108060000;1
154752;5;1;14;0;2021;3;8;6;3;5;3;1;1;0;0;0;0;0;331014,277999600395560;5691465,340998671948910;6,573329253000054;51,349302866000073;5210319505100940000;0
154753;5;1;62;16;2021;7;14;1;3;2;6;1;0;0;0;0;0;0;334542,301570086739957;5676730,887969488278031;6,630769709000049;51,217961548000062;5210704513110790000;0
154757;5;1;70;48;2021;6;11;2;3;5;3;1;0;0;0;1;0;0;335557,911288065835834;5727758,483843898400664;6,621587274000035;51,676693619000048;5210614518100740000;0
154759;5;1;14;0;2021;5;10;4;2;3;2;1;1;0;0;0;0;0;331444,033477891236544;5689005,449719129130244;6,580659004000040;51,327330945000028;5210512505100570000;0
154761;5;5;54;8;2021;11;15;4;3;1;5;1;1;0;0;0;0;0;334774,972257236018777;5745142,490437373518944;6,602012221000052;51,832632781000029;5211110705000890000;0
154765;5;3;66;24;2021;11;16;2;3;5;2;1;1;0;0;0;0;0;326698,902060762979090;5601595,561043092980981;6,554183762000036;50,540591465000034;5211108603224010000;0
154768;5;3;58;8;2021;9;20;4;3;0;5;1;1;0;0;0;2;0;322006,463881181553006;5630228,403821012005210;6,474252821000050;50,796428806000051;5210908609108650000;0
154769;5;1;62;8;2021;10;14;7;3;5;3;1;1;0;0;0;0;0;330203,088312886655331;5662442,575626743957400;6,575434972000039;51,088318880000031;5211002513310380000;0
154770;5;1;14;0;2021;5;11;5;3;1;5;1;0;0;0;1;0;0;330137,318844947963953;5690203,251726254820824;6,561350319000042;51,337703063000049;5210527505200750000;0
154773;5;1;70;48;2021;7;15;4;3;5;7;1;1;0;0;0;0;0;335937,492042224854231;5725122,386405058205128;6,628309801000057;51,653122541000073;5210707518100980000;0
154774;5;1;14;0;2021;3;5;3;3;4;2;1;1;0;0;0;2;0;335510,899486145004630;5693360,102897660806775;6,636965727000074;51,367645218000064;5210309505200970000;1
154776;5;3;58;8;2021;3;14;5;3;5;3;1;1;0;0;0;0;0;322808,220999485813081;5631534,880998324602842;6,484987703000058;50,808412038000029;5210325609108550000;0
154777;5;1;62;8;2021;9;3;1;3;0;1;1;0;0;0;0;2;0;331511,749541956931353;5666361,782538369297981;6,592274163000070;51,123916464000047;5210905513310980000;0
154778;5;5;54;8;2021;9;17;6;3;0;3;1;1;0;0;0;0;0;335703,584901962429285;5745611,343697648495436;6,615254375000063;51,837118571000076;5210910705000480000;1
154779;5;1;54;44;2021;6;19;4;3;1;1;1;1;0;0;0;0;0;325343,544867193326354;5733893,367449495941401;6,470929317000071;51,728718435000076;5210602515111690000;0
154780;5;1;70;32;2021;4;13;6;3;3;6;1;0;0;1;0;0;0;331674,836044428870082;5717308,708314018324018;6,570500851000077;51,581668759000081;5210416518310180000;0
154783;5;5;54;8;2021;1;7;4;2;0;1;1;0;0;0;0;1;0;334911,088999653235078;5747170,889998786151409;6,603017819000058;51,850894806000042;5210113705000310000;2
154784;5;1;70;24;2021;3;11;3;3;5;3;1;1;0;0;0;0;0;334952,621503180824220;5705921,395070917904377;6,623102502000052;51,480335416000059;5210316518200070000;1
154785;5;1;70;28;2021;12;13;4;3;5;2;1;0;0;0;0;0;0;329320,020999583415687;5701242,003998579457402;6,544322795000028;51,436626636000028;5211208518210940000;0
154786;5;3;58;8;2021;7;18;6;3;0;1;1;0;0;0;0;0;0;322342,445082928985357;5630264,751912560313940;6,478997919000051;50,796858442000030;5210702609108270000;0
154787;5;3;62;32;2021;10;16;3;2;3;6;1;1;0;0;0;0;0;329937,807328006252646;5637451,921577082946897;6,583339497000054;50,863711952000074;5211019602400190000;0
154788;5;1;16;0;2021;10;16;6;2;0;1;1;0;0;0;0;0;0;322676,647498690523207;5672123,836967857554555;6,463310300000046;51,173013321000042;5211008506100240000;0
154789;5;1;14;0;2021;12;16;2;3;3;2;1;1;0;0;0;2;0;330695,387676750309765;5689834,240346178412437;6,569529944000067;51,334554360000027;5211227505200080000;0
154790;5;1;70;48;2021;1;7;5;3;5;3;1;1;0;0;0;2;0;335977,939523867331445;5725556,213209217414260;6,628690475000042;51,657031749000055;5210128518100590000;1
154792;5;3;58;8;2021;6;20;2;2;5;2;1;1;0;0;0;0;0;323763,169999497942626;5630201,462998384609818;6,499168116000021;50,796723582000027;5210614609108080000;0
154793;5;5;54;8;2021;5;10;4;3;0;7;1;1;0;0;0;0;0;336190,009502001106739;5746935,598799400031567;6,621681042000034;51,849157822000052;5210512705000080000;0
154795;5;3;62;32;2021;3;19;7;3;5;3;1;0;0;0;0;2;0;329610,710571036674082;5636699,951473500579596;6,579045808000046;50,856859444000065;5210320602400430000;0
154797;5;1;70;48;2021;11;11;7;3;7;7;1;1;0;0;0;0;0;335586,989461916498840;5726515,621376372873783;6,622592379000025;51,665536608000082;5211106518100170000;0
154798;5;1;14;0;2021;3;7;6;3;5;3;1;1;0;0;0;0;0;329089,903101847507060;5690235,892198488116264;6,546312091000061;51,337682413000039;5210326505200980000;0
154801;5;1;70;48;2021;11;12;3;3;5;3;1;1;0;0;0;0;0;334933,554399829357862;5725359,820758968591690;6,613698305000071;51,654961718000038;5211130518100670000;1
154802;5;1;14;0;2021;7;12;3;3;2;2;1;0;0;1;0;0;0;328599,913765091449022;5691914,004964113235474;6,538476491000040;51,352610515000038;5210706505200470000;0
154804;5;1;14;0;2021;3;5;3;3;0;5;1;1;0;0;0;2;0;330683,612230203114450;5688513,153905283659697;6,569988815000045;51,322682351000026;5210302505100570000;0
154805;5;1;62;16;2021;11;17;2;3;0;3;1;0;0;0;0;2;0;334585,836990584619343;5677267,450744539499283;6,631144985000049;51,222794893000071;5211129513110580000;1
154807;5;3;58;8;2021;12;18;6;3;5;3;1;1;0;0;0;2;0;323485,336978326551616;5631190,717000132426620;6,494754153000031;50,805526697000062;5211217609108680000;0
154808;5;5;54;8;2021;11;12;5;3;5;2;1;1;0;0;0;0;0;334960,689022604376078;5744012,004904987290502;6,605243996000070;51,822532119000073;5211118705000970000;0
154809;5;1;62;16;2021;12;9;6;3;0;1;1;0;0;0;0;0;0;333901,366413314826787;5678183,733575049787760;6,620927258000052;51,230828403000032;5211224513110180000;1
154810;5;1;14;0;2021;6;14;5;3;4;2;1;1;0;0;0;0;0;331286,682293976657093;5689456,272951552644372;6,578189187000021;51,331334467000033;5210603505100070000;0
154816;5;1;70;24;2021;11;7;4;3;3;7;1;1;0;0;0;0;0;333778,382258093915880;5705750,138456463813782;6,606288326000026;51,478453044000048;5211103518200790000;1
154820;5;5;54;8;2021;11;8;4;3;5;3;1;1;0;0;0;0;0;334684,320999650284648;5743713,882998781278729;6,601379930000064;51,819772298000032;5211103705000490000;1
154824;5;1;14;0;2021;11;12;2;2;0;1;1;0;0;0;0;0;0;330113,467930032871664;5689757,853376599028707;6,561220677000051;51,333694555000079;5211129505200670000;1
154828;5;3;62;8;2021;6;17;4;3;5;2;1;1;0;0;0;0;0;333950,286005638539791;5646919,426996115595102;6,635999456000036;50,949943696000048;5210623602100880000;0
154830;5;3;58;8;2021;6;7;4;3;3;5;1;1;0;0;0;0;0;322911,851722127757967;5630987,138458184897900;6,486721297000031;50,803522727000029;5210609609108090000;0
154832;5;5;54;8;2021;12;14;5;3;5;3;1;1;0;0;0;0;0;335754,531999659724534;5744375,901998825371265;6,616579438000031;51,826035052000066;5211216705000270000;0
154835;5;3;62;8;2021;3;15;4;2;0;1;1;0;0;0;0;0;0;333585,997993993572891;5646812,909909466281533;6,630866610000055;50,948881602000029;5210324602100710000;0
154837;5;5;54;8;2021;6;9;3;3;5;3;1;0;0;0;0;0;0;334998,212588862515986;5744990,410737385973334;6,605321657000047;51,831332578000058;5210601705000070000;0
154838;5;5;54;8;2021;1;11;7;3;0;2;1;1;0;0;0;0;0;336038,406999662518501;5745785,911998836323619;6,620027027000049;51,838785185000063;5210116705000580000;0
154839;5;1;70;20;2021;5;15;2;3;0;1;1;0;0;0;0;0;0;329624,932057809084654;5708113,589697889983654;6,545393401000069;51,498449507000032;5210510518300840000;0
154840;5;3;58;8;2021;4;7;2;3;5;2;1;1;0;0;0;0;0;322486,000347656197846;5631516,237268747761846;6,480427923000036;50,808145903000081;5210412609108440000;1
154841;5;1;70;12;2021;9;16;6;3;0;3;1;1;0;0;0;0;0;333526,786734088324010;5733854,483758933842182;6,589327517000072;51,730858535000039;5210917518110790000;0
154843;5;5;54;32;2021;3;11;7;3;5;7;1;1;0;0;0;0;0;325090,834660413675010;5745338,788094704970717;6,461507383000026;51,831447978000028;5210327705000570000;0
154844;5;1;14;0;2021;6;20;4;3;1;1;1;1;0;0;0;0;0;330564,382481575012207;5688716,822084141895175;6,568182478000040;51,324476585000070;5210609505100970000;0
154846;5;3;62;4;2021;9;12;2;3;1;3;1;0;0;0;1;0;0;332319,732972806319594;5652625,303769933059812;6,610175901000048;51,000737393000065;5210913602200600000;0
154847;5;1;14;0;2021;3;10;3;3;0;3;1;1;0;0;0;0;0;325865,622781602665782;5694234,669168144464493;6,498112156000047;51,372626616000048;5210316505200080000;0
154848;5;1;62;22;2021;10;15;2;3;5;3;1;1;0;0;0;0;0;333884,557999630458653;5682960,269998805597425;6,618469652000044;51,273737551000067;5211018513130980000;0
154849;5;3;62;4;2021;10;9;6;3;8;1;1;1;0;0;0;0;0;328897,639240165241063;5652289,147704154253006;6,561608485000022;50,996709861000056;5211001602200010000;0
154852;5;1;70;4;2021;9;15;2;3;7;7;1;0;1;0;0;0;0;328402,971071718260646;5719360,677979536354542;6,522320692000051;51,599115408000046;5210906518301870000;0
154855;5;1;14;0;2021;9;16;4;3;0;6;1;0;1;0;0;0;0;334828,683299676515162;5691663,280116517096758;6,627962060000073;51,352202585000043;5210922505200070000;0
154856;5;3;62;8;2021;6;17;3;3;2;6;1;0;0;0;0;0;0;334025,789306242950261;5646937,213048143312335;6,637065289000020;50,950125247000074;5210629602100980000;0
154858;5;1;70;48;2021;6;13;3;3;0;7;1;1;0;0;0;0;0;336808,748048059642315;5726147,124978294596076;6,640414838000027;51,662582216000033;5210601518100690000;0
154859;5;1;66;28;2021;1;10;4;3;4;2;1;1;0;0;0;0;0;325032,521999528631568;5688898,007998364046216;6,488778311000033;51,324429667000061;5210113514215180000;1
154860;5;1;62;16;2021;1;16;4;3;4;6;1;0;0;0;0;0;0;332251,782999611459672;5674407,515998745337129;6,599088072000029;51,196419416000026;5210120513110530000;0
154863;5;3;58;8;2021;6;16;7;2;0;7;1;0;0;0;0;0;0;321681,354622404091060;5628172,055958112701774;6,470641964000038;50,777854532000049;5210605609108560000;0
154864;5;1;62;8;2021;6;17;5;3;0;7;1;0;0;0;0;0;0;330320,619566290639341;5662156,599324218928814;6,577245925000057;51,085784356000033;5210624513310270000;0
154865;5;1;66;28;2021;2;14;4;2;4;7;1;0;0;0;0;0;0;326559,521871537901461;5688006,622601475566626;6,511105968000038;51,316889531000072;5210224514216580000;0
154866;5;1;14;0;2021;11;16;2;3;1;5;1;1;0;0;0;0;0;330283,173499803990126;5689671,847422523424029;6,563695468000049;51,332972565000034;5211108505200080000;0
154867;5;1;70;48;2021;7;14;3;2;0;7;1;0;0;0;0;0;0;335705,764999656006694;5725997,426998836919665;6,624551867000037;51,660916021000048;5210706518100390000;0
154868;5;1;14;0;2021;10;13;7;2;0;1;1;0;0;0;0;0;0;329994,739639457315207;5690359,717091064900160;6,559230667000065;51,339066104000040;5211030505200390000;1
154870;5;1;70;24;2021;9;6;7;3;0;7;1;0;0;0;0;2;0;336188,984999657608569;5701542,130998877808452;6,642920156000059;51,441350761000081;5210925518200080000;0
154871;5;1;14;0;2021;9;18;4;3;5;3;1;1;0;0;0;0;0;327832,787920816801488;5692590,775684196501970;6,527143075000026;51,358458438000071;5210908505200880000;0
154877;5;1;66;28;2021;10;12;1;3;0;1;1;0;0;0;0;0;0;325146,065008135512471;5688549,481859395280480;6,490577229000053;51,321333641000081;5211031514215280000;1
154879;5;5;54;8;2021;1;11;1;3;3;6;1;1;0;0;0;0;0;335925,352999662049115;5746245,502998834475875;6,618169547000036;51,842880687000047;5210124705000380000;1
154881;5;1;14;0;2021;10;16;4;3;1;5;1;1;0;0;0;0;0;331151,863922010175884;5686542,473073624074459;6,577635704000045;51,305116992000080;5211006505100510000;1
154884;5;1;70;24;2021;11;18;4;3;7;1;1;0;0;0;0;2;0;335003,856916831806302;5703102,219976443797350;6,625155611000025;51,455022773000053;5211110518200270000;0
154886;5;3;58;8;2021;12;15;5;3;5;2;1;1;0;0;0;0;0;322674,939788675867021;5631325,616973303258419;6,483198974000061;50,806491207000079;5211216609108880000;0
154888;5;5;54;8;2021;10;16;6;3;5;3;1;1;0;0;0;0;0;335616,315955161117017;5744998,331138448789716;6,614280049000058;51,831585950000033;5211008705000270000;0
154892;5;1;14;0;2021;10;13;3;3;1;5;1;1;0;0;0;0;0;326143,802643163129687;5686666,232455259189010;6,505799727000067;51,304721279000034;5211026505100040000;0
154893;5;5;54;8;2021;10;20;7;3;4;6;1;0;0;0;0;2;0;334813,973721974529326;5743767,723363354802132;6,603233649000060;51,820294301000047;5211016705000580000;0
154895;5;1;14;0;2021;4;8;5;3;5;2;1;1;0;0;0;0;0;329994,554999588057399;5690531,707998625934124;6,559145907000072;51,340611182000032;5210422505200080000;0
154897;5;1;14;0;2021;12;13;1;3;0;3;1;0;0;1;0;0;0;332030,463190237060189;5691061,255002140998840;6,588098655000067;51,345973803000049;5211219505200270000;1
154898;5;1;62;20;2021;12;16;1;3;2;6;1;0;0;0;0;1;0;327438,622654168866575;5674506,546540729701519;6,530219332000058;51,195875915000045;5211205513120480000;1
154902;5;1;70;48;2021;10;20;7;3;0;7;1;0;0;0;0;2;0;334765,586456887423992;5727586,819593913853168;6,610219392000033;51,674918951000052;5211009518100190000;0
154905;5;1;70;48;2021;9;15;4;3;0;7;1;1;0;0;0;0;0;335229,959992060437799;5725720,587142582982779;6,617809321000038;51,658289691000050;5210901518100800000;0
154907;5;1;14;0;2021;12;11;6;3;3;6;1;0;0;0;0;0;0;330158,309967455454171;5689760,151517082005739;6,561862678000068;51,333728596000071;5211210505200080000;0
154911;5;1;70;48;2021;6;17;6;3;0;4;1;0;1;0;0;0;0;336466,812433341518044;5726637,547915410250425;6,635245831000020;51,666888693000033;5210611518100570000;0
154912;5;1;14;0;2021;2;15;7;3;0;5;1;1;0;0;0;0;0;329677,829999584704638;5690837,899998610839248;6,554456498000036;51,343267142000059;5210227505200770000;0
154914;5;3;58;8;2021;9;12;4;3;1;2;1;1;0;0;0;0;0;323024,101267192512751;5632405,538591735064983;6,487628861000076;50,816300131000048;5210929609108980000;1
154919;5;3;58;8;2021;6;6;6;3;4;1;1;0;0;0;0;0;0;324157,078013566322625;5629799,345667418092489;6,504944551000051;50,793230487000073;5210618609108570000;0
154920;5;1;14;0;2021;6;17;5;3;5;3;1;1;0;0;0;0;0;330308,384597369469702;5689714,113910337910056;6,564036891000057;51,333359804000054;5210617505200210000;0
154921;5;5;54;8;2021;10;12;6;3;1;5;1;1;0;0;0;0;0;336332,895392368547618;5746040,705220425501466;6,624177141000075;51,841160489000060;5211022705000590000;0
154923;5;3;58;12;2021;4;14;7;2;0;7;1;0;0;0;0;0;0;322289,385373365134001;5614582,625716131180525;6,485802239000066;50,655950315000041;5210424609112680000;0
154924;5;1;14;0;2021;4;8;5;3;5;3;1;0;0;1;0;0;0;331658,235085613094270;5686840,822152793407440;6,584752599000069;51,307947348000027;5210401505100240000;0
154926;5;1;70;20;2021;10;7;5;3;5;6;1;1;0;0;0;2;0;329342,398479134775698;5707248,444528793916106;6,541745273000060;51,490592298000081;5211028518300840000;0
154928;5;1;14;0;2021;4;13;7;3;1;5;1;1;0;0;0;0;0;330897,218617097474635;5689577,982098083943129;6,572546204000048;51,332312217000037;5210417505100470000;0
154929;5;1;70;24;2021;9;11;2;3;5;3;1;1;0;0;0;0;0;335421,780999650247395;5702840,429998850449920;6,631287190000023;51,452792458000033;5210927518200340000;0
154930;5;5;54;8;2021;11;15;3;3;5;3;1;0;0;0;0;0;0;335595,698999659158289;5746172,622998815029860;6,613423159000035;51,842129022000051;5211116705000070000;0
154934;5;3;58;8;2021;9;17;5;3;5;2;1;1;0;0;0;0;0;322426,575998063199222;5631659,783200455829501;6,479515906000074;50,809417322000058;5210916609108250000;0
154938;5;1;14;0;2021;9;17;7;3;4;6;1;1;0;0;0;0;0;332118,768947797827423;5686403,310014307498932;6,591559603000064;51,304152732000034;5210925505100070000;0
154939;5;1;70;24;2021;7;15;3;3;6;1;1;0;1;0;0;0;0;333966,086750638671219;5702103,745237750932574;6,610701090000020;51,445749130000081;5210706518200890000;0
154940;5;1;70;20;2021;6;13;3;3;5;3;1;1;0;0;0;0;0;329245,652532331645489;5709375,744345102459192;6,539323526000032;51,509673545000055;5210615518300640000;0
154941;5;1;70;52;2021;6;17;4;3;1;6;1;1;0;0;0;0;0;324351,605833197012544;5726286,340437587350607;6,460410710000076;51,660077888000046;5210602518320970000;0
154942;5;3;62;4;2021;6;7;2;3;5;3;1;1;0;0;0;0;0;329733,756060485728085;5650589,858285207301378;6,574308945000041;50,981690666000077;5210621602200190000;1
154943;5;5;54;8;2021;6;15;5;3;0;3;1;1;0;0;0;0;0;336995,605704616755247;5745650,214437207207084;6,633972286000073;51,837846332000026;5210610705000470000;0
154944;5;1;14;0;2021;10;13;4;3;9;6;1;1;1;0;0;0;0;326104,208813844248652;5694786,766331493854523;6,501266395000073;51,377659416000029;5211013505200990000;0
154946;5;1;62;8;2021;2;17;3;3;5;3;1;1;0;0;0;0;0;333485,438999623991549;5667708,086998799815774;6,619830265000076;51,136589445000027;5210223513310880000;0
154947;5;1;14;0;2021;6;17;4;3;0;6;1;0;0;0;0;0;0;328992,760052223689854;5687924,244306309148669;6,546028145000037;51,316885970000044;5210630505100670000;1
154948;5;3;58;8;2021;6;19;3;3;0;1;1;0;0;0;0;0;0;322381,683804029598832;5631644,131239296868443;6,478886937000027;50,809262942000032;5210622609108670000;1
154952;5;1;70;48;2021;10;13;6;3;5;2;1;1;0;0;0;0;0;336113,623554212041199;5726555,296881023794413;6,630181857000025;51,666046874000074;5211022518100590000;0
154953;5;1;62;8;2021;2;15;1;2;8;1;1;0;0;0;0;0;0;332655,089332446455956;5668257,247346883639693;6,607717130000026;51,141281291000041;5210228513310090000;0
154954;5;1;14;0;2021;11;13;3;3;5;3;1;1;0;0;0;0;0;329805,810037813149393;5690687,319347539916635;6,556364265000070;51,341952689000038;5211130505200290000;1
154955;5;1;66;28;2021;11;10;5;3;5;3;1;1;0;0;0;0;0;325559,138287115842104;5688333,434007206931710;6,496605100000068;51,319519602000071;5211111514215080000;0
154958;5;1;14;0;2021;9;21;2;3;0;3;1;1;0;0;0;2;0;330102,859352274797857;5689754,928119933232665;6,561069930000031;51,333665105000080;5210906505200070000;0
154961;5;1;70;24;2021;10;20;3;3;8;6;1;0;0;0;0;2;0;335065,542999644763768;5705133,355998834595084;6,625095113000043;51,473288584000045;5211005518200070000;1
154964;5;1;14;0;2021;10;11;6;3;5;2;1;1;0;0;0;0;0;335791,446532169356942;5690382,744691617786884;6,642366513000070;51,340976835000049;5211022505100390000;0
154965;5;3;58;8;2021;5;20;7;2;0;1;1;0;0;0;0;0;0;323380,396765988320112;5631437,155865302309394;6,493147716000067;50,807708770000033;5210529609108370000;0
154968;5;1;66;36;2021;11;16;2;3;5;3;1;0;0;0;1;0;0;323410,819362262263894;5682853,768944617360830;6,468517075000022;51,269631662000052;5211115514218880000;0
154969;5;1;14;0;2021;6;10;7;3;2;2;1;1;0;0;0;0;0;331184,450673701241612;5690667,404174188151956;6,576149032000046;51,342184845000077;5210605505200070000;0
154970;5;3;66;12;2021;4;16;5;3;0;1;1;0;0;0;0;0;0;322309,314999467693269;5582935,905998371541500;6,501148589000024;50,371621964000042;5210422603212060000;0
154971;5;1;14;0;2021;6;15;3;2;6;4;1;0;1;0;1;0;0;330418,490282591432333;5689801,607633929699659;6,565574299000048;51,334178682000072;5210615505200790000;0
154972;5;1;62;16;2021;6;13;2;3;1;5;1;1;0;0;0;0;0;334054,581896988674998;5677751,710916681215167;6,623319830000071;51,226991508000026;5210614513110690000;0
154973;5;1;14;0;2021;11;15;2;3;5;3;1;1;0;0;0;0;0;329071,023467605002224;5689291,089530114084482;6,546494660000064;51,329188884000075;5211122505200780000;0
154976;5;1;70;24;2021;5;20;7;3;9;1;1;0;0;0;0;0;0;334300,015926134772599;5706288,722785636782646;6,613540546000024;51,483444686000041;5210529518200740000;0
154978;5;3;58;56;2021;6;17;5;3;1;5;1;1;0;0;0;0;0;321660,284802939742804;5649049,843431683257222;6,460163974000068;50,965411824000057;5210610609256570000;0
154979;5;1;14;0;2021;9;11;5;3;0;1;1;0;0;0;0;0;0;330709,205999596044421;5688469,979998664930463;6,570376285000066;51,322302097000033;5210916505100770000;0
154980;5;5;54;8;2021;9;7;4;2;0;2;1;1;0;0;0;1;0;336849,025396016426384;5745648,771343350410461;6,631847296000046;51,837790569000049;5210915705000500000;1
154983;5;5;54;8;2021;9;10;2;2;5;2;1;1;0;0;0;0;0;334920,670999652706087;5746480,761998791247606;6,603486275000023;51,844697999000061;5210920705000190000;0
154984;5;5;54;8;2021;9;16;2;3;5;6;1;1;0;0;0;0;0;336186,555304458364844;5745759,069328004494309;6,622188174000030;51,838587518000054;5210927705000590000;1
154986;5;1;70;20;2021;12;10;6;2;5;3;1;1;0;0;0;0;0;328125,446019391529262;5708256,297455891966820;6,523742282000057;51,499277607000067;5211210518300580000;0
154987;5;1;14;0;2021;9;8;6;3;0;7;1;0;0;0;0;0;0;332680,404303072951734;5690133,692548738792539;6,597858333000033;51,337832222000031;5210910505200390000;0
154988;5;1;14;0;2021;6;12;6;3;0;1;1;0;0;0;0;0;0;330621,716505699791014;5692192,743162482976913;6,567351188000032;51,355720876000078;5210618505200070000;0
154989;5;5;54;8;2021;3;10;6;3;6;4;1;0;1;0;0;0;0;336733,354717156849802;5745769,386351056396961;6,630112957000051;51,838840314000038;5210312705000790000;0
154990;5;1;62;8;2021;11;13;7;2;7;1;1;0;0;0;0;0;0;332419,917999610304832;5661267,323998767882586;6,607604801000036;51,078411725000080;5211106513310580000;0
154991;5;3;66;24;2021;11;17;4;3;4;6;1;1;0;0;0;2;0;326844,214779527857900;5601362,247738581150770;6,556340975000069;50,538538178000067;5211110603224470000;1
154993;5;1;14;0;2021;11;8;5;3;0;1;1;0;0;0;0;0;0;334044,856162112206221;5688969,651865188032389;6,617971260000047;51,327774145000035;5211118505100680000;1
154994;5;1;54;44;2021;11;9;6;3;5;7;1;1;0;0;0;0;0;325477,852286166511476;5733608,485699510201812;6,473014861000024;51,726201268000068;5211105515111080000;0
154997;5;1;14;0;2021;5;19;2;3;5;2;1;1;0;0;0;0;0;330281,628919572569430;5688354,801697494462132;6,564300578000029;51,321139949000042;5210531505100560000;0
154998;5;1;70;24;2021;9;15;4;3;3;6;1;1;0;0;0;0;0;335207,513667305931449;5702983,338251542299986;6,628139589000057;51,454014041000050;5210908518200090000;0
155003;5;1;14;0;2021;11;17;3;3;1;5;1;1;0;0;0;2;0;330643,592546956613660;5689642,499949395656586;6,568878271000074;51,332816363000063;5211109505100070000;0
155004;5;5;54;8;2021;3;15;3;3;5;3;1;0;0;0;1;0;0;336597,276890957728028;5744425,920728459954262;6,628773851000062;51,826731485000039;5210316705000080000;0
155008;5;5;54;8;2021;6;7;2;3;3;6;1;0;0;0;0;0;0;335999,482960682362318;5746507,887419251725078;6,619120255000041;51,845259575000057;5210628705000880000;0
155010;5;3;66;36;2021;10;15;5;3;5;3;1;1;0;0;0;0;0;323697,329999491572380;5604983,816998414695263;6,510260413000026;50,570136843000057;5211028603236410000;0
155011;5;1;14;0;2021;1;15;4;3;5;3;1;1;0;0;0;0;0;330455,428999594412744;5689267,775998650118709;6,566358112000046;51,329393823000032;5210113505100660000;0
155013;5;5;54;8;2021;10;10;4;3;5;2;1;1;0;0;0;0;0;337131,675999672152102;5746367,012998878955841;6,635608064000053;51,844325417000050;5211020705000470000;0
155021;5;1;66;36;2021;10;14;1;3;0;1;1;0;0;0;0;0;0;325690,816478989087045;5680371,558000305667520;6,502377683000020;51,248034469000061;5211017514219590000;0
155022;5;1;70;48;2021;1;10;4;3;0;1;1;0;0;0;0;0;0;331630,659933716990054;5728375,262995351105928;6,564542623000023;51,681070999000042;5210113518100370000;1
155026;5;1;62;16;2021;11;13;2;2;0;7;1;0;0;0;0;0;0;331222,494214246980846;5676427,882002439349890;6,583420052000065;51,214267667000058;5211101513110470000;1
155027;5;5;54;8;2021;12;6;3;3;5;3;1;1;0;0;0;2;0;335350,891652329824865;5744742,564561868086457;6,610553187000050;51,829210133000061;5211214705000690000;0
155028;5;1;66;36;2021;9;13;1;2;0;1;1;0;0;0;0;0;0;328283,084741819649935;5682468,629220144823194;6,538477948000036;51,267660444000057;5210926514217080000;0
155031;5;1;70;48;2021;12;7;3;3;5;3;1;1;0;0;0;1;0;336127,089999659918249;5726564,750998860225081;6,630371971000045;51,666135734000079;5211207518100570000;0
155032;5;5;54;8;2021;6;12;6;3;0;1;1;0;0;0;0;0;0;335607,515999658033252;5745997,843998819589615;6,613677600000074;51,840562391000049;5210618705000570000;0
155033;5;3;58;8;2021;9;18;3;2;5;5;1;1;0;0;0;0;0;323676,686919747851789;5630423,455325964838266;6,497835591000069;50,798691709000082;5210914609108680000;0
155035;5;5;54;8;2021;4;10;7;3;3;2;1;1;0;0;0;0;0;336154,421378513798118;5744860,432440273463726;6,622147643000062;51,830505222000056;5210403705000270000;0
155037;5;1;14;0;2021;12;17;2;3;1;5;1;1;0;0;0;2;0;331586,475611682049930;5690449,800865331664681;6,582018698000070;51,340349150000065;5211213505200580000;1