OID_;ULAND;UREGBEZ;UKREIS;UGEMEINDE;UJAHR;UMONAT;USTUNDE;UWOCHENTAG;UKATEGORIE;UART;UTYP1;IstRad;IstPKW;IstFuss;IstKrad;IstSonstige;ULICHTVERH;IstGkfz;LINREFX;LINREFY;XGCSWGS84;YGCSWGS84;UIDENTSTLAE;IstStrassenzustand
155039;5;3;58;40;2021;12;7;6;3;0;6;1;1;0;0;0;2;0;326014,876978929154575;5633458,576068334281445;6,529544302000033;50,826667193000048;5211203609140800000;0
155040;5;1;70;24;2021;9;19;6;3;0;1;1;0;0;0;0;0;0;333288,754107587970793;5706451,392980797216296;6,598912977000055;51,484608939000054;5210903518200690000;0
155041;5;1;14;0;2021;10;19;1;3;0;5;1;1;0;0;0;2;0;330523,698228391818702;5689311,397135240957141;6,567316352000034;51,329806058000031;5211024505100060000;0
155042;5;1;70;48;2021;3;15;4;2;8;1;1;0;0;0;0;0;0;335897,884277158416808;5725222,945527484640479;6,627690571000073;51,654014383000060;5210317518100870000;0
155043;5;5;54;8;2021;1;20;4;3;0;1;1;0;0;0;0;2;0;337124,417411933653057;5746353,930885011330247;6,635508947000062;51,844205777000070;5210120705000370000;0
155044;5;1;14;0;2021;10;7;3;3;5;3;1;1;0;0;0;0;0;329657,585988112725317;5690275,559171374887228;6,554435130000059;51,338209133000078;5211005505200090000;0
155045;5;5;54;8;2021;9;18;3;3;5;3;1;1;0;0;0;0;0;337592,660999678075314;5745594,770998898893595;6,642656706000025;51,837522183000033;5210914705000090000;0
155046;5;1;66;28;2021;10;11;6;3;5;3;1;1;0;0;0;0;0;325211,532999531365931;5688662,398998375982046;6,491460461000031;51,322368136000080;5211008514215380000;0
155049;5;1;66;36;2021;10;23;7;3;0;1;1;0;0;0;0;2;0;323898,217999513261020;5680657,626998310908675;6,476577946000020;51,250053718000061;5211023514219780000;1
155051;5;1;14;0;2021;7;9;2;3;0;1;1;0;0;0;0;0;0;326734,873117841780186;5694240,993081346154213;6,510585395000021;51,372949314000039;5210705505200070000;1
155052;5;1;14;0;2021;9;13;2;3;1;5;1;1;0;0;0;0;0;330209,746231234632432;5689785,557045146822929;6,562588236000067;51,333972195000058;5210906505200790000;0
155054;5;1;14;0;2021;6;15;4;3;5;3;1;0;0;0;0;0;0;330026,899999589659274;5691277,967998629435897;6,559253553000076;51,347325107000074;5210616505200180000;0
155056;5;3;58;8;2021;3;15;2;3;9;7;1;0;0;0;0;0;0;322644,591999483294785;5631980,879998316988349;6,482452087000070;50,812368872000036;5210301609108280000;0
155058;5;5;54;8;2021;3;15;2;3;5;3;1;1;0;0;0;0;0;335621,923756654374301;5744994,312284070998430;6,614363268000034;51,831551497000078;5210329705000080000;0
155062;5;1;14;0;2021;10;17;2;3;0;7;1;1;0;0;0;0;0;326439,052882323972881;5694191,011603269726038;6,506363877000069;51,372409973000060;5211004505100590000;0
155063;5;1;62;16;2021;3;14;5;3;0;5;1;0;0;0;1;0;0;332779,028974315151572;5678229,246674714609981;6,604845509000029;51,230909571000041;5210318513110070000;0
155064;5;5;54;8;2021;10;7;3;3;4;6;1;0;0;0;0;1;0;336103,101999663747847;5745953,044998835772276;6,620886050000024;51,840305605000026;5211019705000890000;1
155066;5;1;14;0;2021;12;10;4;3;0;1;1;0;0;0;0;0;0;332125,364214608445764;5691651,873648751527071;6,589181477000068;51,351307955000038;5211208505200970000;1
155067;5;1;70;20;2021;9;8;6;3;5;3;1;1;0;0;0;0;0;328927,009204798378050;5709677,008630542084575;6,534590080000044;51,512283545000059;5210903518300920000;1
155068;5;1;16;0;2021;6;22;1;3;0;1;1;0;0;0;0;2;0;322701,854824458248913;5674557,785753734409809;6,462469483000064;51,194886255000029;5210627506100490000;1
155070;5;5;54;8;2021;4;11;6;3;1;3;1;0;0;0;1;0;0;336688,641859556548297;5747519,377217551693320;6,628638093000063;51,854548266000052;5210416705000770000;0
155071;5;1;70;24;2021;6;14;1;3;3;6;1;0;0;0;1;0;0;333874,166327781975269;5702707,592098606750369;6,609096075000025;51,451147120000030;5210627518200090000;0
155072;5;1;70;20;2021;4;15;2;3;0;5;1;1;0;0;0;0;0;328957,359817086718976;5706547,119892878457904;6,536544193000054;51,484175668000034;5210412518300870000;0
155073;5;1;70;48;2021;9;16;4;3;0;5;1;0;0;0;1;0;0;335155,774087689816952;5725549,072733124718070;6,616818632000047;51,656727106000062;5210908518100270000;0
155074;5;3;58;8;2021;6;19;4;2;0;1;1;0;0;0;0;0;0;321477,624335084110498;5631279,533040329813957;6,466245387000072;50,805709517000082;5210602609108980000;0
155075;5;1;70;48;2021;4;2;6;2;0;1;1;0;0;0;0;2;0;332167,817898796871305;5728732,430819999426603;6,572133366000060;51,684440337000069;5210402518100980000;0
155076;5;1;62;16;2021;7;18;7;3;5;3;1;1;0;0;0;0;0;334560,266999636776745;5676913,184998834505677;6,630942615000038;51,219604595000078;5210710513110680000;0
155078;5;5;54;8;2021;4;11;4;3;5;2;1;1;0;0;0;0;0;334920,670999652706087;5746480,761998791247606;6,603486275000023;51,844697999000061;5210428705000980000;0
155081;5;1;70;28;2021;6;13;5;3;0;7;1;0;0;0;0;0;0;329495,240558274090290;5702397,944754917174578;6,546284554000067;51,447063864000029;5210624518210970000;0
155086;5;5;54;8;2021;5;22;4;3;5;3;1;1;0;0;0;2;0;336672,192999667488039;5744280,243998864665627;6,629928716000052;51,825444698000069;5210512705000790000;1
155088;5;1;66;36;2021;9;16;5;3;5;3;1;1;0;0;0;0;0;328183,078999564982951;5679671,513998551294208;6,538388873000031;51,242501598000047;5210930514219080000;0
155091;5;1;14;0;2021;3;12;6;2;5;2;1;1;0;0;0;0;0;328799,283276303671300;5688868,729681214317679;6,542800877000047;51,325312789000066;5210305505100070000;0
155092;5;1;14;0;2021;11;7;2;3;0;1;1;0;0;0;0;0;0;331443,921999604441226;5686154,552998697385192;6,582004918000052;51,301718470000026;5211129505100280000;2
155094;5;3;58;28;2021;7;1;5;3;0;7;1;0;0;0;0;2;0;325326,546614144928753;5626642,179265310987830;6,523021457000027;50,765218743000048;5210708609128070000;0
155095;5;1;70;24;2021;9;17;6;3;5;3;1;1;0;0;0;1;0;332852,259704797528684;5698135,767136745154858;6,596559762000027;51,409773542000039;5210924518200170000;0
155096;5;1;14;0;2021;6;10;7;3;5;3;1;1;0;0;0;0;0;330450,442456241697073;5689285,556027237325907;6,566278144000023;51,329552070000034;5210619505100970000;0
155097;5;5;54;8;2021;11;12;7;3;0;2;1;1;0;0;0;0;0;336570,577999667264521;5745090,446998858824372;6,628073025000049;51,832693455000026;5211120705000080000;0
155098;5;3;62;8;2021;9;16;7;3;5;3;1;1;0;0;0;0;0;334147,916425693780184;5646967,003633122891188;6,638788835000071;50,950428065000040;5210904602100310000;0
155100;5;1;70;48;2021;11;12;5;3;5;3;1;1;0;0;0;0;0;336846,231999666430056;5725449,760998886078596;6,641281789000061;51,656328082000073;5211125518100090000;0
155101;5;1;16;0;2021;9;11;4;3;5;3;1;1;0;0;0;0;0;324615,232733386568725;5678284,160861762240529;6,488003935000052;51,228952677000052;5210901506100170000;0
155105;5;1;14;0;2021;4;13;5;3;5;3;1;1;0;0;0;0;0;331232,347285049036145;5688900,521888749673963;6,577673207000032;51,326325506000046;5210415505100760000;0
155107;5;1;14;0;2021;9;13;3;2;6;6;1;0;1;0;0;0;0;330260,087928726337850;5689424,190064944326878;6,563482391000036;51,330740758000047;5210907505100310000;0
155108;5;5;54;8;2021;11;16;7;3;0;1;1;0;0;0;0;1;0;336329,358166917227209;5745048,293346356600523;6,624595269000054;51,832244146000050;5211113705000470000;1
155109;5;1;14;0;2021;5;10;4;2;5;2;1;1;0;0;0;0;0;329268,935422089882195;5691041,000771380960941;6,548493812000061;51,344969084000070;5210512505200190000;0
155113;5;1;14;0;2021;5;0;7;3;0;1;1;0;0;0;0;2;0;328605,679167333990335;5688479,748419942334294;6,540211924000062;51,321759994000047;5210529505100170000;0
155114;5;3;58;8;2021;4;14;3;3;5;3;1;1;0;0;0;0;0;321359,731560285203159;5629124,437875067815185;6,465621897000062;50,786311791000060;5210427609108070000;0
155115;5;1;14;0;2021;4;18;3;3;0;5;1;1;0;0;0;0;0;330768,021651932038367;5688222,614319687709212;6,571337014000051;51,320097284000042;5210427505100270000;0
155117;5;3;58;28;2021;6;23;4;3;0;1;1;0;0;0;0;2;0;323975,186811013147235;5623547,243499107658863;6,505356883000047;50,737004381000077;5210602609128780000;0
155118;5;5;54;8;2021;5;16;3;3;5;2;1;1;0;0;0;0;0;334909,452601806260645;5743793,673991929739714;6,604605323000044;51,820555638000030;5210511705000590000;1
155122;5;1;14;0;2021;5;17;3;3;5;3;1;1;0;0;0;0;0;331672,086895446293056;5688636,706719856709242;6,584103373000062;51,324085697000044;5210525505100070000;1
155125;5;1;14;0;2021;9;16;4;3;5;3;1;1;0;0;0;0;0;327905,543834573589265;5689310,500217644497752;6,529772689000026;51,329011800000046;5210915505200270000;0
155127;5;5;54;8;2021;4;16;3;3;5;3;1;1;0;0;0;0;0;336665,610159501433372;5744716,707526190206409;6,629627361000075;51,829363755000031;5210427705000070000;0
155128;5;1;62;8;2021;4;13;2;3;5;3;1;1;0;0;0;0;0;332379,157509277574718;5661643,376101000234485;6,606849042000022;51,081778470000074;5210419513310970000;0
155131;5;1;70;12;2021;6;14;3;3;9;1;1;0;0;0;0;0;0;335621,694576862268150;5738058,859141997992992;6,617647780000027;51,769246956000075;5210615518110590000;0
155132;5;1;14;0;2021;1;16;2;2;4;6;1;1;0;0;0;0;0;329942,493999587371945;5690521,428998624905944;6,558404079000070;51,340503267000031;5210118505200570000;1
155133;5;1;14;0;2021;11;11;2;3;5;3;1;1;0;0;0;0;0;331374,256999604403973;5689527,407998688519001;6,579411411000024;51,331999515000064;5211122505100190000;0
155138;5;1;14;0;2021;2;12;7;3;0;5;1;1;0;0;0;0;0;335673,417806223966181;5691971,208645155653358;6,639940062000051;51,355214014000069;5210227505200090000;0
155139;5;1;14;0;2021;4;15;6;3;1;5;1;1;0;0;0;0;0;329539,415718257427216;5690832,978442642837763;6,552473401000043;51,343181439000034;5210430505200870000;0
155141;5;3;58;8;2021;9;15;1;2;6;1;1;0;1;0;0;0;0;323318,328397460281849;5629401,803982792422175;6,493246719000069;50,789403849000053;5210905609108360000;0
155144;5;1;16;0;2021;9;11;4;3;0;1;1;0;0;0;0;0;0;323420,168058279901743;5677139,523567762225866;6,471468933000040;51,218301497000027;5210915506100290000;1
155146;5;3;66;28;2021;11;13;2;2;1;1;1;0;0;0;0;0;0;331389,407979368232191;5606161,680651988834143;6,618251476000069;50,582990982000069;5211101603228920000;0
155147;5;1;66;36;2021;7;21;2;3;5;3;1;1;0;0;0;0;0;328522,318377834744751;5679930,764029785990715;6,543120183000042;51,244932729000027;5210705514217070000;0
155148;5;1;62;8;2021;6;12;7;2;0;3;1;0;0;0;0;0;0;330274,713999584317207;5657518,596998674795032;6,578767148000054;51,044101312000066;5210619513310040000;0
155150;5;1;62;8;2021;11;11;6;3;5;3;1;1;0;0;0;0;0;331918,733164038509130;5666690,400787392631173;6,597931329000062;51,126988449000066;5211119513310290000;1
155151;5;1;14;0;2021;3;16;4;3;1;5;1;1;0;0;0;0;0;330452,344298006966710;5689469,034778298810124;6,566218104000029;51,331200987000045;5210331505200380000;0
155152;5;1;70;24;2021;11;14;4;3;0;1;1;0;0;0;0;0;0;335273,861792891286314;5705556,057943597435951;6,627894875000038;51,477146846000039;5211103518200090000;1
155153;5;1;14;0;2021;12;7;5;3;3;2;1;0;0;0;1;1;0;329782,908318815752864;5689667,338139593601227;6,556523260000063;51,332782532000067;5211202505200080000;1
155154;5;5;54;8;2021;11;11;5;3;0;3;1;1;0;0;0;0;0;337215,805999673902988;5746752,240998882800341;6,636646943000073;51,847810661000040;5211118705000870000;0
155157;5;1;16;0;2021;10;16;4;3;5;3;1;1;0;0;0;0;0;324643,365318320691586;5678537,820673052221537;6,488282329000072;51,231240073000038;5211006506100670000;1
155159;5;1;62;8;2021;6;16;2;3;3;1;1;0;0;0;0;0;0;332892,851859032176435;5661870,149544430896640;6,614071458000069;51,083965775000081;5210621513310590000;0
155161;5;1;14;0;2021;12;13;4;3;0;1;1;0;0;0;0;0;0;331230,365888036787510;5688902,448910571634769;6,577643882000075;51,326342231000069;5211229505100480000;1
155163;5;1;14;0;2021;6;14;6;3;5;4;1;0;1;0;0;0;0;330342,337410343810916;5689723,755326626822352;6,564519227000062;51,333456552000030;5210604505200670000;0
155165;5;1;14;0;2021;9;16;2;2;0;1;1;0;0;0;0;0;0;329337,785854171030223;5689118,461192104965448;6,550402673000065;51,327718141000048;5210927505100670000;1
155166;5;1;66;28;2021;11;13;3;3;5;3;1;1;0;0;0;0;0;324645,529680972918868;5688195,185423973947763;6,483575470000062;51,317996822000055;5211109514215180000;0
155168;5;5;54;8;2021;10;10;2;3;9;1;1;0;0;0;0;0;0;335426,669032937847078;5745818,743633473291993;6,611140085000045;51,838900200000069;5211018705000990000;0
155169;5;1;66;36;2021;5;16;5;3;0;1;1;0;0;0;0;0;0;328509,105999569408596;5682349,005998563021421;6,541772078000065;51,266653820000045;5210527514217680000;1
155172;5;1;62;8;2021;3;12;4;2;3;6;1;0;0;0;0;0;1;330004,475930512882769;5660441,517167614772916;6,573542789000044;51,070281940000029;5210324513310880000;0
155175;5;1;70;12;2021;5;17;3;3;5;3;1;1;0;0;0;0;0;334665,712999647483230;5739473,643998784944415;6,603132055000060;51,781675098000051;5210511518110850000;1
155176;5;1;62;16;2021;10;12;6;3;5;3;1;1;0;0;0;0;0;333860,674571461975574;5677736,122685335576534;6,620552470000064;51,226795051000067;5211001513110780000;0
155177;5;1;14;0;2021;9;8;5;3;1;5;1;1;0;0;0;0;0;328978,487024663947523;5690639,210564078763127;6,544520414000033;51,341272207000031;5210923505200390000;0
155179;5;5;54;8;2021;12;16;5;3;5;3;1;1;0;0;0;1;0;333797,376999639905989;5745333,837998742237687;6,587745565000034;51,834061705000067;5211209705000280000;0
155181;5;1;14;0;2021;6;8;5;3;2;2;1;1;0;0;0;0;0;330674,756999596022069;5688528,132998660206795;6,569854733000057;51,322814286000039;5210610505100070000;0
155183;5;5;54;8;2021;5;13;2;3;5;3;1;1;0;0;0;0;0;335298,315632591024041;5744872,860731862485409;6,609728906000043;51,830365138000047;5210503705000080000;0
155184;5;1;14;0;2021;1;16;3;3;5;3;1;1;0;0;0;2;0;329726,578612352721393;5689363,220264442265034;6,555860783000071;51,330033534000052;5210105505100080000;1
155185;5;3;58;8;2021;3;11;4;3;0;3;1;1;0;0;0;0;0;323354,632420372217894;5631371,414595512673259;6,492814036000027;50,807110284000032;5210331609108080000;0
155186;5;1;70;48;2021;7;12;3;3;0;7;1;1;0;0;0;0;0;335210,291975256986916;5725795,643404860049486;6,617489854000041;51,658958208000058;5210706518100550000;0
155187;5;1;14;0;2021;9;8;3;3;1;5;1;1;0;0;0;0;0;331216,655990900471807;5690700,500788450241089;6,576595302000044;51,342491745000075;5210914505200070000;0
155191;5;1;70;24;2021;6;7;3;3;4;5;1;1;0;0;0;0;0;335872,757721226662397;5702058,462424922734499;6,638134694000030;51,445898035000027;5210601518200590000;0
155193;5;1;66;28;2021;2;9;4;3;0;6;1;1;0;0;0;0;0;324848,394648291170597;5688689,427550455555320;6,486240848000023;51,322499254000036;5210224514215370000;0
155194;5;5;54;8;2021;2;10;5;3;5;2;1;0;0;0;0;0;0;333978,640999641269445;5743458,953998751938343;6,591272916000037;51,817273016000058;5210225705000080000;0
155200;5;5;54;8;2021;9;16;5;3;1;5;1;1;0;0;0;0;0;336208,303055851720273;5745215,602341329678893;6,622760808000066;51,833711681000068;5210916705000070000;0
155201;5;1;66;28;2021;6;7;6;3;4;6;1;0;0;0;0;0;0;324291,972971394658089;5688255,064641807228327;6,478477513000030;51,318425661000049;5210618514215880000;0
155202;5;3;66;24;2021;9;19;6;2;0;3;1;1;0;0;0;1;0;329020,978671947494149;5603221,165434835478663;6,586178238000059;50,555881321000072;5210910603224360000;0
155203;5;1;70;48;2021;1;7;3;3;5;3;1;1;0;0;0;1;0;334936,471999648027122;5725359,439998809248209;6,613740624000059;51,654959154000039;5210126518100380000;1
155206;5;3;62;16;2021;10;19;4;3;0;1;1;0;0;0;0;2;0;329184,287947800941765;5645071,904459618031979;6,569077987000071;50,931952104000061;5211020602250470000;0
155207;5;1;70;24;2021;3;20;3;3;5;2;1;1;0;0;0;2;0;335454,236999649554491;5702318,706998854875565;6,631996512000057;51,448114670000052;5210316518200070000;1
155210;5;1;11;0;2021;3;20;4;3;0;1;1;0;0;0;0;1;0;343844,314359113574028;5676782,343107748776674;6,763833129000034;51,221043761000033;5210331500300470000;0
155211;5;1;11;0;2021;9;20;4;3;4;2;1;1;0;0;0;1;0;342540,340999714098871;5680591,140999097377062;6,743501109000022;51,254908262000072;5210908500200170000;0
155212;5;1;62;24;2021;6;20;4;3;5;3;1;1;0;0;0;0;0;342933,107515791431069;5670384,358960678800941;6,753593605000049;51,163306143000057;5210623513210280000;0
155215;5;1;62;24;2021;10;11;5;3;0;1;1;0;0;0;0;0;0;339185,116425375454128;5673953,264985155314207;6,698437815000034;51,194331376000036;5211014513210480000;1
155216;5;1;70;48;2021;9;10;7;3;5;3;1;1;0;0;0;0;0;338661,436444773338735;5726200,449843240901828;6,667154217000075;51,663596195000082;5210911518100880000;0
155217;5;1;62;24;2021;6;21;4;3;0;1;1;0;0;0;0;1;0;338989,404175913892686;5674424,058713577687740;6,695428101000061;51,198506309000038;5210616513210440000;0
155218;5;1;11;0;2021;12;16;4;3;6;7;1;0;1;0;0;0;0;344441,946144492365420;5677382,656980428844690;6,772123818000068;51,226600944000040;5211229500100370000;1
155220;5;1;12;0;2021;4;11;5;3;5;3;1;1;0;0;0;0;0;342378,997955495491624;5712727,491776494309306;6,726916674000051;51,543603824000058;5210401501132860000;0
155222;5;1;12;0;2021;6;7;2;3;0;7;1;1;0;0;0;0;0;337535,253987015224993;5696602,631597684696317;6,664538258000050;51,397360197000069;5210628501215980000;0
155230;5;1;62;24;2021;5;18;2;2;0;1;1;0;0;0;0;0;0;340727,010734824463725;5668210,573850871995091;6,723029993000068;51,143164416000047;5210503513210470000;0
155232;5;3;66;44;2021;12;10;4;2;5;3;1;1;0;0;0;0;0;334868,386999630369246;5619096,905998891219497;6,661586558000067;50,700215566000054;5211201603144280000;1
155233;5;1;12;0;2021;9;18;3;3;5;2;1;1;0;0;0;0;0;340461,061999696306884;5697502,501999028027058;6,706156148000048;51,406275526000059;5210907501211580000;0
155235;5;1;11;0;2021;9;17;7;3;3;6;1;1;0;0;0;0;0;344942,172405612654984;5677335,389131311327219;6,779302643000051;51,226312331000031;5210911500100370000;0
155236;5;1;62;24;2021;6;14;4;3;5;2;1;1;0;0;0;0;0;337419,832999664358795;5673541,861998939886689;6,673381767000024;51,190135519000080;5210602513210390000;0
155238;5;1;11;0;2021;3;19;2;3;5;3;1;0;0;0;1;1;0;343962,974673279561102;5676349,208493242040277;6,765719464000028;51,217184353000050;5210329500300970000;0
155239;5;1;62;24;2021;5;17;5;2;6;7;1;0;1;0;0;0;0;342598,313260457478464;5671530,715488204732537;6,748307486000044;51,173514473000068;5210513513210090000;0
155240;5;1;11;0;2021;7;15;4;3;5;3;1;1;0;0;0;0;0;343406,288178378716111;5680720,829801831394434;6,755843695000067;51,256312004000051;5210707500200280000;0
155242;5;1;70;24;2021;1;17;3;3;1;5;1;1;0;0;0;2;0;336882,949060036800802;5704274,792671272531152;6,651636569000061;51,466101916000071;5210126518200890000;0
155243;5;5;54;48;2021;12;23;6;3;1;1;1;1;0;0;0;2;0;341645,198901970870793;5745601,848339162766933;6,701424328000030;51,838749488000076;5211210705000170000;0
155244;5;1;12;0;2021;9;10;2;3;5;2;1;1;0;0;0;0;0;345578,802260346710682;5700052,487776868045330;6,778567528000053;51,430603905000055;5210913501316190000;0
155246;5;1;62;4;2021;7;10;1;3;5;3;1;1;0;0;0;0;0;344175,106450493447483;5665818,481470655649900;6,773318160000031;51,122619208000060;5210704513320380000;0
155248;5;1;14;0;2021;9;10;2;2;0;1;1;0;0;0;0;0;0;336202,416314237751067;5692003,090095827355981;6,647515977000069;51,355653190000055;5210920505200470000;0
155251;5;1;70;8;2021;3;14;4;3;5;3;1;1;0;0;0;0;0;344228,541999732144177;5714918,477999128401279;6,752596751000056;51,563802731000067;5210303518400570000;0
155253;5;1;62;24;2021;9;8;5;3;0;6;1;1;0;0;0;0;0;338808,204307099804282;5673247,679930849000812;6,693364867000071;51,187885567000080;5210930513210470000;0
155254;5;1;11;0;2021;11;12;1;3;5;3;1;0;0;0;1;0;0;344029,242479854263365;5674266,971704633906484;6,767572755000060;51,198492844000043;5211121500300560000;1
155255;5;1;11;0;2021;12;17;3;3;5;2;1;1;0;0;0;2;0;344607,570647693239152;5675797,625198259949684;6,775180888000023;51,212403955000070;5211228500300440000;1
155257;5;3;62;32;2021;10;7;4;3;5;3;1;1;0;0;0;1;0;337659,551807671785355;5638190,728424012660980;6,692643806000035;50,872570073000077;5211027602400770000;0
155259;5;1;11;0;2021;6;14;4;3;0;7;1;0;0;0;0;0;0;343609,773999723605812;5676308,452999126166105;6,760683926000070;51,216721523000047;5210630500300880000;0
155261;5;1;12;0;2021;6;10;3;3;0;1;1;0;0;0;0;0;0;338837,550938986241817;5702122,070935750380158;6,680732526000043;51,447320929000057;5210601501223820000;0
155262;5;1;12;0;2021;9;12;4;3;0;1;1;0;0;0;0;0;0;342628,624381992965937;5702736,548343097791076;6,734969679000073;51,453908017000060;5210908501128070000;0
155263;5;1;11;0;2021;2;11;5;3;1;7;1;1;0;0;0;0;0;343897,362804517149925;5675168,289403190836310;6,765294656000037;51,206555477000052;5210225500300590000;0
155268;5;1;14;0;2021;7;17;3;3;0;7;1;0;0;0;0;0;0;336512,791344936937094;5691801,965263154357672;6,652062023000042;51,353935594000063;5210713505200880000;1
155269;5;1;12;0;2021;12;17;6;3;5;3;1;1;0;0;0;2;0;340693,028999699279666;5702343,353999029844999;6,707311731000061;51,449834043000067;5211203501222290000;1
155271;5;3;62;20;2021;3;10;2;3;5;3;1;1;0;0;0;0;0;343525,240140088833869;5629876,110045054927468;6,779494977000070;50,799472769000033;5210329602600360000;0
155273;5;1;11;0;2021;7;18;2;3;0;7;1;0;0;0;0;0;0;341727,415032478980720;5677009,395538957789540;6,733443921000060;51,222500921000062;5210712500300640000;0
155275;5;1;62;24;2021;12;16;6;2;0;1;1;0;0;0;0;0;0;337768,727134938351810;5672005,668792037293315;6,679063875000054;51,176432223000063;5211231513210070000;1
155278;5;3;62;24;2021;3;11;1;3;0;1;1;0;0;0;0;0;0;343676,396138698793948;5644818,481649186462164;6,775253643000042;50,933784828000057;5210314602500580000;1
155279;5;1;62;24;2021;6;17;6;3;1;5;1;1;0;0;0;0;0;340525,813115890137851;5672432,612051663920283;6,718284427000071;51,181043919000047;5210604513210990000;0
155281;5;1;62;24;2021;5;13;6;3;0;5;1;1;0;0;0;0;0;336646,389639835804701;5676194,119155960157514;6,661116074000063;51,213744702000042;5210514513210790000;0
155285;5;1;70;44;2021;1;10;4;3;0;1;1;0;0;0;0;0;0;339193,390999686904252;5718378,861998973414302;6,678430577000029;51,593478490000052;5210113518120170000;2
155286;5;1;12;0;2021;6;3;6;2;7;6;1;1;0;0;0;2;0;342317,110265814699233;5702650,145295377820730;6,730528378000031;51,453045040000063;5210611501128590000;0
155293;5;1;11;0;2021;5;11;7;3;8;1;1;1;0;0;0;0;0;344940,256239423528314;5681564,619352024048567;6,777443511000058;51,264312945000029;5210529500200570000;0
155294;5;1;12;0;2021;7;11;7;3;5;2;1;1;0;0;0;0;0;338447,868999680504203;5707707,773998957127333;6,672576047000064;51,497393836000072;5210710501224190000;0
155295;5;3;66;4;2021;11;7;2;3;4;1;1;1;0;0;0;1;0;342236,322074805386364;5605980,106256633996964;6,771421455000052;50,584390538000036;5211115603104080000;0
155297;5;3;66;44;2021;10;16;6;2;5;3;1;0;0;0;1;0;0;333695,819999618455768;5614968,782998852431774;6,646853616000044;50,662788620000072;5211029603144910000;0
155298;5;1;12;0;2021;12;8;6;2;0;2;1;0;0;0;0;1;0;344407,564219749532640;5694365,474045637995005;6,764226695000048;51,379185623000069;5211210501323690000;1
155299;5;1;62;24;2021;9;7;4;2;1;5;1;1;0;0;0;0;0;342282,373040245845914;5667638,652535328641534;6,745497392000061;51,138456129000076;5210908513210560000;0
155304;5;3;62;32;2021;11;6;3;3;6;6;1;0;1;0;0;2;0;337758,144015851430595;5638789,071004694327712;6,693778424000072;50,877974104000032;5211130602400670000;1
155309;5;1;70;24;2021;7;20;2;3;0;1;1;0;0;0;0;0;0;337142,958160682581365;5701985,957635194063187;6,656430316000069;51,445613295000044;5210712518200990000;0
155310;5;3;62;32;2021;3;14;4;3;6;4;1;0;1;0;0;0;0;337796,380118918605149;5638932,294538334012032;6,694257927000024;50,879271758000073;5210324602400880000;0
155311;5;1;11;0;2021;9;16;4;3;4;2;1;1;0;0;0;0;0;343832,469999724067748;5679842,215999132022262;6,762329743000066;51,248534328000062;5210908500200980000;0
155312;5;1;11;0;2021;1;17;3;3;5;3;1;1;0;0;0;2;0;343053,336999718099833;5679139,938999107107520;6,751482877000058;51,242010372000038;5210112500100260000;1
155314;5;1;11;0;2021;5;10;6;3;5;2;1;1;0;0;0;0;0;342333,891333322040737;5684100,372726468369365;6,738997361000031;51,286381940000069;5210514500200580000;0
155315;5;1;12;0;2021;9;20;2;3;0;3;1;1;0;0;0;1;0;344868,113056031055748;5706865,790965201333165;6,765363087000026;51,491626996000036;5210920501115090000;0
155316;5;1;70;8;2021;11;11;5;3;5;3;1;1;0;0;0;0;0;343905,189999729394913;5714915,540999120101333;6,747936747000040;51,563686943000050;5211118518400880000;0
155317;5;1;12;0;2021;2;20;7;3;5;2;1;1;0;0;0;2;0;343748,385999725200236;5694753,015999127179384;6,754592022000054;51,382486645000029;5210227501324170000;0
155318;5;1;70;44;2021;11;8;2;3;0;7;1;0;0;0;0;1;0;339954,027675310149789;5719274,415468188002706;6,688993730000050;51,601740961000075;5211122518120480000;0
155320;5;1;70;24;2021;5;18;4;3;3;2;1;1;0;0;0;0;0;336857,108225133270025;5699842,509530737996101;6,653308020000054;51,426273703000049;5210526518200590000;0
155321;5;5;54;48;2021;12;12;3;3;4;6;1;0;0;0;0;0;0;342195,619335168041289;5745205,380303094163537;6,709587793000026;51,835343406000050;5211221705000780000;0
155322;5;1;12;0;2021;3;11;3;3;0;3;1;1;0;0;0;0;0;345545,958182351663709;5699692,679530555382371;6,778252305000024;51,427362051000046;5210302501316390000;0
155323;5;1;11;0;2021;3;9;7;3;5;3;1;1;0;0;0;0;0;345054,889999735169113;5679743,318999160081148;6,779874021000069;51,247979104000080;5210306500200870000;0
155324;5;1;62;22;2021;10;19;7;3;7;1;1;0;0;0;0;2;0;337469,600574259646237;5685841,656022772192955;6,668509619000076;51,300659475000032;5211016513130380000;0
155328;5;1;12;0;2021;9;19;4;3;5;3;1;1;0;0;0;0;0;344051,423402871005237;5708339,846094461157918;6,752957088000073;51,504646453000078;5210908501112090000;0
155329;5;1;12;0;2021;3;7;3;3;5;3;1;1;0;0;0;1;0;339087,394999684765935;5699870,700998980551958;6,685347942000021;51,427164589000029;5210330501213770000;0
155330;5;1;62;24;2021;6;17;3;3;5;3;1;1;0;0;0;0;0;339571,221363550983369;5674720,014712460339069;6,703616292000049;51,201329121000072;5210615513210770000;0
155333;5;5;54;48;2021;3;18;5;3;0;1;1;1;0;0;0;0;0;341264,021999709308147;5746108,627999028190970;6,695663687000035;51,843194150000045;5210325705000460000;0