OID_;ULAND;UREGBEZ;UKREIS;UGEMEINDE;UJAHR;UMONAT;USTUNDE;UWOCHENTAG;UKATEGORIE;UART;UTYP1;IstRad;IstPKW;IstFuss;IstKrad;IstSonstige;ULICHTVERH;IstGkfz;LINREFX;LINREFY;XGCSWGS84;YGCSWGS84;UIDENTSTLAE;IstStrassenzustand
155339;5;1;11;0;2021;1;8;4;3;0;7;1;0;0;0;0;1;0;342594,217248274944723;5688100,634156176820397;6,740962715000023;51,322396448000063;5210113500200060000;2
155341;5;1;62;24;2021;11;7;5;3;5;3;1;1;0;0;0;1;0;337887,375569292344153;5675785,892578149214387;6,679053211000053;51,210430510000037;5211111513210280000;0
155343;5;1;12;0;2021;9;12;6;3;5;3;1;1;0;0;0;0;0;344505,303604356944561;5698039,732354732230306;6,764020343000027;51,412225761000059;5210903501318680000;0
155347;5;3;62;32;2021;12;9;6;3;0;1;1;0;0;0;0;0;0;339340,856294496916234;5641765,756223153322935;6,714948013000026;50,905163316000028;5211231602400080000;1
155350;5;1;62;24;2021;3;15;3;2;5;3;1;0;0;0;0;0;0;337262,555999663658440;5676899,363998934626579;6,669610411000065;51,220257052000079;5210302513210390000;0
155351;5;3;66;4;2021;5;14;6;3;1;3;1;1;0;0;0;0;0;342292,667999703437090;5606057,427999116480350;6,772183959000074;50,585100598000054;5210521603104590000;0
155353;5;1;62;24;2021;9;9;3;3;5;3;1;1;0;0;0;0;0;340996,949999700300395;5670851,050999056547880;6,725719162000075;51,166964597000060;5210928513210090000;0
155354;5;1;70;24;2021;9;7;4;3;5;3;1;1;0;0;0;0;0;336418,188610263168812;5702725,020710453391075;6,645668420000050;51,452044330000035;5210922518200170000;0
155355;5;1;12;0;2021;5;12;2;3;9;1;1;0;0;0;0;0;0;344091,149999730288982;5693773,495999131351709;6,759943478000025;51,373779870000078;5210531501323580000;0
155358;5;1;62;24;2021;11;7;5;2;5;3;1;1;0;0;0;2;0;338090,221999670378864;5677005,654998961836100;6,681404100000066;51,221447371000068;5211118513210590000;1
155359;5;1;62;24;2021;12;16;7;3;0;1;1;0;0;0;0;1;0;339200,559287715703249;5673574,260934662073851;6,698828350000042;51,190930392000041;5211204513210270000;1
155362;5;3;62;20;2021;9;19;4;3;4;6;1;1;0;0;0;2;0;342779,093999709933996;5632652,753999121487141;6,767725608000035;50,824221643000044;5210929602600170000;1
155364;5;1;70;8;2021;6;6;2;3;8;1;1;0;0;0;0;0;0;341957,172999711707234;5716033,961999066174030;6,719352498000035;51,573192888000051;5210621518400570000;1
155366;5;1;12;0;2021;6;10;6;3;0;3;1;1;0;0;0;0;0;337111,380896802991629;5697053,417748238891363;6,658243547000041;51,401288689000069;5210604501215520000;0
155368;5;1;11;0;2021;5;16;7;3;6;1;1;0;1;0;0;0;0;343637,386924952268600;5680010,608882892876863;6,759463195000023;51,249993928000038;5210529500200870000;0
155369;5;1;14;0;2021;9;13;4;2;5;3;1;1;0;0;0;0;0;337986,590999672189355;5688295,619998950511217;6,674804540000025;51,322854746000075;5210901505100380000;0
155372;5;1;12;0;2021;10;15;4;3;5;3;1;1;0;0;0;0;0;343432,237539324909449;5698569,394552042707801;6,748368754000069;51,416689460000043;5211013501318090000;0
155375;5;1;62;24;2021;2;10;1;3;0;1;1;0;0;0;0;0;0;336160,982697157189250;5675696,997328914701939;6,654399343000023;51,209139191000077;5210228513210270000;0
155378;5;1;11;0;2021;4;18;1;3;0;1;1;0;0;0;0;0;0;344938,469586483202875;5678440,231087690219283;6,778771519000031;51,236238750000041;5210425500200160000;0
155379;5;3;62;32;2021;7;13;5;3;4;6;1;0;0;0;0;0;0;336300,817999647930264;5641302,833998925983906;6,671954955000047;50,900149920000047;5210708602400080000;0
155381;5;1;62;24;2021;11;6;6;3;0;1;1;0;0;0;0;2;0;341354,553362527862191;5670102,487491186708212;6,731159948000027;51,160337904000073;5211119513210170000;1
155382;5;1;11;0;2021;5;13;5;2;0;7;1;0;0;0;0;0;0;343744,188222710974514;5675635,695224702358246;6,762900090000073;51,210713385000076;5210513500300680000;0
155383;5;3;62;32;2021;9;16;3;3;0;5;1;1;0;0;0;0;0;341318,840781455859542;5637619,498470745980740;6,744857805000038;50,868453330000079;5210907602400490000;0
155386;5;1;12;0;2021;9;19;2;3;0;1;1;0;0;0;0;0;0;341261,898829566314816;5702983,115087902173400;6,715204631000063;51,455741817000046;5210906501222780000;0
155387;5;1;12;0;2021;9;12;2;3;0;7;1;0;0;0;0;0;0;340274,474999694153666;5697381,883999021723866;6,703530032000060;51,405139300000030;5210913501213670000;0
155388;5;1;12;0;2021;5;10;3;3;5;3;1;1;0;0;0;0;0;345610,439828937873244;5706854,229306429624557;6,776052496000034;51,491726290000031;5210518501115070000;0
155392;5;1;11;0;2021;9;13;5;3;4;1;1;1;0;0;0;0;0;344748,691183126531541;5679090,463821370154619;6,775773305000030;51,242029715000058;5210902500200280000;0
155393;5;1;62;24;2021;11;12;4;3;5;3;1;1;0;0;0;0;0;341182,408999701030552;5671145,648999061435461;6,728239508000058;51,169663131000050;5211103513210670000;0
155394;5;5;54;8;2021;5;15;2;3;5;3;1;0;0;0;1;0;0;337726,413999677635729;5745847,123998900875449;6,644477997000024;51,839828099000044;5210503705000770000;0
155395;5;3;66;28;2021;10;17;7;3;0;1;1;0;0;0;0;0;0;334709,093773022294044;5608567,857695531100035;6,664032190000057;50,605561108000074;5211002603228280000;0
155399;5;1;62;24;2021;9;11;7;3;0;1;1;0;0;0;0;0;0;339171,193061876110733;5673970,749065861105919;6,698230887000022;51,194484551000073;5210904513210770000;0
155404;5;1;62;24;2021;4;18;2;3;1;5;1;1;0;0;0;0;0;338638,334727144800127;5673001,145115723833442;6,691046910000068;51,185622546000047;5210426513210440000;0
155405;5;3;62;8;2021;6;9;2;3;0;7;1;0;0;0;0;0;0;335854,961999647319317;5651418,170998902991414;6,661061116000042;50,990910666000048;5210607602100380000;1
155406;5;1;62;24;2021;9;18;1;3;4;6;1;1;0;0;0;0;0;339550,851253039203584;5672722,302439587190747;6,704217533000076;51,183374006000065;5210912513210890000;0
155408;5;1;11;0;2021;9;18;6;3;0;6;1;0;0;0;0;0;0;345091,916852644644678;5681767,917683079838753;6,779527529000063;51,266180882000072;5210903500200360000;0
155409;5;1;70;44;2021;4;18;4;2;7;1;1;0;0;0;0;0;0;338961,750493502244353;5720741,754965066909790;6,674004333000028;51,614640925000060;5210428518120080000;0
155410;5;1;70;8;2021;5;16;6;3;0;5;1;1;0;0;0;0;0;343231,430417507886887;5717310,479816552251577;6,737155455000050;51,585017630000038;5210514518400880000;0
155412;5;1;62;24;2021;2;14;1;3;5;3;1;1;0;0;0;0;0;342173,237999710254371;5672134,179999087005854;6,741966699000045;51,178819592000082;5210228513210580000;0
155416;5;1;62;24;2021;12;13;6;3;5;3;1;1;0;0;0;0;0;338706,230034750886261;5674991,160007579252124;6,691123668000046;51,203521781000063;5211217513210990000;0
155417;5;1;12;0;2021;6;9;6;3;5;5;1;1;0;0;0;0;0;337105,196711835451424;5696844,797742299735546;6,658250488000022;51,399412595000058;5210618501215870000;0
155422;5;1;11;0;2021;1;14;6;3;0;7;1;0;0;0;0;0;0;342203,673429720103741;5688443,673533514142036;6,735210573000074;51,325370447000068;5210129500200480000;1
155427;5;1;14;0;2021;9;17;4;3;6;7;1;0;1;0;0;0;0;336300,405695403926075;5692078,329442134127021;6,648887420000051;51,356357408000065;5210922505200990000;0
155430;5;1;11;0;2021;3;15;2;3;5;2;1;1;0;0;0;0;0;344893,103926746174693;5675565,695835277438164;6,779365979000033;51,210397596000064;5210315500300480000;1
155435;5;1;11;0;2021;1;10;4;2;0;1;1;0;0;0;0;0;0;342787,374888506717980;5681777,243694461882114;6,746517039000025;51,265633719000050;5210113500200880000;2
155437;5;1;62;24;2021;10;9;7;3;5;3;1;1;0;0;0;0;0;338294,757514604367316;5674770,092596951872110;6,685338301000058;51,201419202000068;5211002513210070000;1
155438;5;1;62;24;2021;6;11;5;3;0;1;1;0;0;0;0;0;0;340385,052464345470071;5675571,030087118968368;6,714877010000066;51,209203465000030;5210603513210690000;1
155439;5;1;62;24;2021;5;17;2;3;0;1;1;0;0;0;0;0;0;339100,014213660731912;5674689,524305347353220;6,696890917000076;51,200922655000056;5210524513210090000;1
155441;5;1;62;24;2021;9;20;3;2;3;6;1;0;0;0;0;2;0;338990,301322146318853;5672887,020338719710708;6,696130041000060;51,184696387000031;5210928513210080000;0
155442;5;1;11;0;2021;3;14;3;3;5;2;1;1;0;0;0;0;0;344328,333908046595752;5674585,712391594424844;6,771711977000052;51,201438419000056;5210330500300680000;0
155444;5;1;70;8;2021;9;19;4;3;5;5;1;1;0;0;0;0;0;342425,068704362027347;5715633,239264920353889;6,726278479000030;51,569723546000034;5210908518400670000;0
155446;5;1;12;0;2021;6;11;4;3;0;3;1;1;0;0;0;0;0;337385,272627243772149;5696610,728800473734736;6,662380464000023;51,397389978000035;5210602501215370000;0
155447;5;1;12;0;2021;6;11;5;3;5;2;1;1;0;0;0;0;0;344518,739086778834462;5703449,706807484850287;6,761837949000039;51,460837884000057;5210610501125060000;0
155448;5;1;12;0;2021;2;7;6;3;0;7;1;1;0;0;0;0;0;343963,539372678846121;5707778,224024936556816;6,751940243000035;51,499576137000076;5210219501112070000;0
155454;5;3;62;20;2021;2;10;3;3;2;6;1;1;0;0;0;0;0;339399,736818020232022;5626365,132904199883342;6,722533361000046;50,766795514000080;5210223602600480000;0
155455;5;3;62;32;2021;9;18;4;3;0;6;1;0;0;0;0;0;0;337693,672635010443628;5638210,955820888280869;6,693119371000023;50,872761407000041;5210915602400750000;1
155457;5;3;62;32;2021;6;9;5;2;0;7;1;0;0;0;0;0;0;338549,182563359849155;5638058,009073529392481;6,705335912000066;50,871626701000082;5210617602400160000;0
155460;5;1;12;0;2021;5;17;1;3;0;7;1;0;0;0;0;0;0;338191,313194587826729;5698982,820510130375624;6,672875021000038;51,418932372000029;5210530501213390000;0
155465;5;5;54;48;2021;5;15;1;3;0;1;1;0;0;0;0;0;0;340755,144992377609015;5744571,139357652515173;6,688990485000033;51,829236637000065;5210523705000880000;0
155467;5;3;62;32;2021;3;7;6;3;0;1;1;0;0;0;0;0;0;334673,327999630942941;5637179,093998873606324;6,650695341000073;50,862634002000050;5210326602400060000;0
155468;5;1;12;0;2021;6;15;4;3;0;3;1;1;0;0;0;0;0;340151,533999693579972;5698521,445999018847942;6,701250329000061;51,415343203000077;5210609501213690000;0
155472;5;1;70;8;2021;7;1;1;2;8;1;1;0;0;0;0;2;0;342273,332950782030821;5716642,385895568877459;6,723637793000023;51,578747813000064;5210711518400060000;1
155476;5;1;11;0;2021;10;15;7;3;5;3;1;0;0;0;0;0;0;343136,297151970677078;5679149,877658721059561;6,752666082000076;51,242122490000042;5211016500100080000;0
155477;5;1;62;24;2021;6;21;4;2;0;1;1;0;0;0;0;0;0;338178,133853952400386;5675917,565346410498023;6,683152912000025;51,211696022000069;5210602513210080000;0
155479;5;1;12;0;2021;11;18;6;3;3;5;1;1;0;0;0;2;0;340016,560623952187598;5696939,620877267792821;6,700024477000056;51,401093043000060;5211126501213070000;0
155482;5;3;66;28;2021;4;17;3;3;0;7;1;0;0;0;1;0;0;336621,037254957482219;5611071,714083638042212;6,689926766000042;50,628598680000039;5210413603228010000;0
155483;5;1;70;24;2021;6;15;5;3;4;6;1;0;0;0;0;0;0;336800,077562584541738;5700315,945237556472421;6,652270324000028;51,430510764000076;5210617518200770000;0
155485;5;1;12;0;2021;6;23;4;2;0;3;1;1;0;0;0;2;0;345523,565532815642655;5699585,449879247695208;6,777977210000074;51,426392482000040;5210623501316420000;0
155486;5;1;62;24;2021;4;18;6;3;5;3;1;1;0;0;0;0;0;337237,900918510742486;5674222,077269639819860;6,670472206000056;51,196195312000043;5210423513210470000;0
155488;5;1;12;0;2021;9;15;1;3;5;6;1;1;0;0;0;0;0;342524,996511806733906;5705670,173492576926947;6,732172513000023;51,480237044000035;5210926501122690000;0
155490;5;1;11;0;2021;11;16;6;3;6;4;1;0;1;0;0;0;0;342540,340999714098871;5680591,140999097377062;6,743501109000022;51,254908262000072;5211105500200080000;0
155491;5;1;11;0;2021;9;15;1;2;5;3;1;0;0;0;1;0;0;343215,906562941148877;5681771,809770321473479;6,752656910000042;51,265702926000074;5210912500200770000;0
155492;5;3;62;8;2021;12;9;5;3;6;4;1;0;1;0;0;0;0;337231,630802956409752;5645594,736388245597482;6,683265699000060;50,938976954000054;5211216602100170000;1
155494;5;3;66;44;2021;11;15;6;3;5;2;1;0;0;0;1;0;0;335043,615255136974156;5619296,610814914107323;6,663976551000076;50,702059738000059;5211112603144080000;0
155495;5;1;62;22;2021;7;15;2;3;5;2;1;1;0;0;0;0;0;339002,899855440482497;5679210,218895399942994;6,693471958000032;51,241513158000032;5210712513130580000;0
155496;5;3;62;36;2021;6;7;3;3;4;6;1;0;0;0;0;0;0;343763,924230971373618;5654892,302524784579873;6,772168662000070;51,024329297000065;5210615602300850000;0
155497;5;3;66;4;2021;6;22;7;3;7;7;1;1;0;0;0;2;0;342630,782597771845758;5606422,046212334185839;6,776802061000069;50,588468411000065;5210605603104580000;0
155499;5;1;14;0;2021;10;17;3;3;5;3;1;1;0;0;0;0;0;336176,583310422487557;5690795,988130159676075;6,647700974000031;51,344800689000067;5211012505100870000;1
155500;5;1;14;0;2021;9;15;5;3;0;7;1;0;0;0;0;0;0;337411,223999666981399;5693500,299998929724097;6,664176974000043;51,369452004000038;5210930505200070000;0
155502;5;1;12;0;2021;5;17;3;2;5;2;1;1;0;0;0;0;0;343481,666299968957901;5694642,470603164285421;6,750811016000057;51,381419917000073;5210511501324060000;1
155504;5;1;12;0;2021;11;4;5;3;5;3;1;0;0;0;1;2;0;342666,028988002799451;5702723,814870003610849;6,735513251000043;51,453804005000052;5211118501128120000;0
155505;5;1;11;0;2021;4;13;1;3;1;5;1;1;0;0;0;0;0;344284,243869592435658;5675627,402694229036570;6,770629329000030;51,210786376000044;5210418500300480000;0
155507;5;1;11;0;2021;4;16;5;3;5;3;1;1;0;0;0;0;0;341069,753999698907137;5680049,200999055057764;6,722685093000052;51,249630957000079;5210401500100170000;0
155509;5;1;12;0;2021;5;17;5;3;0;7;1;0;0;0;1;0;0;337236,906999666243792;5697603,483998917043209;6,659794190000071;51,406266718000040;5210513501215690000;0
155511;5;1;70;8;2021;1;20;7;3;9;1;1;0;0;0;0;2;0;344707,883923106826842;5715489,220886779949069;6,759254607000059;51,569062898000027;5210116518400770000;2
155513;5;1;62;24;2021;5;18;4;3;1;5;1;1;0;0;0;0;0;337831,448389075696468;5675930,928694482892752;6,678187647000073;51,211717751000037;5210526513210490000;0
155514;5;1;70;8;2021;1;15;3;3;5;3;1;1;0;0;0;0;0;342851,397135650739074;5715177,574348552152514;6,732628733000070;51,565748566000082;5210119518400190000;1
155517;5;1;11;0;2021;7;13;2;3;1;5;1;1;0;0;0;0;0;343256,642829151824117;5677498,501543622463942;6,755111361000047;51,227317579000044;5210705500100050000;0
155519;5;1;62;24;2021;6;17;2;2;4;6;1;0;0;0;0;0;0;340365,374674221500754;5674452,534702062606812;6,715093073000048;51,199148255000068;5210614513210570000;0
155522;5;1;62;22;2021;4;16;4;3;5;3;1;1;0;0;0;0;0;337748,605450074188411;5685960,715319516137242;6,672454252000023;51,301808760000029;5210407513130970000;1
155525;5;1;14;0;2021;11;13;3;2;5;3;1;1;0;0;0;0;0;336030,467718369327486;5691613,583872312679887;6,645228168000074;51,352104135000047;5211130505200060000;1
155526;5;1;12;0;2021;10;19;5;3;7;5;1;1;0;0;0;2;0;344436,861975501291454;5699797,911921255290508;6,762265309000043;51,428004214000055;5211014501317070000;0
155529;5;1;62;24;2021;12;17;5;3;5;3;1;1;0;0;0;2;0;338066,130225144326687;5675425,547964399680495;6,681772815000045;51,207243593000044;5211209513210980000;1
155531;5;1;11;0;2021;7;15;5;3;2;1;1;1;0;0;0;0;0;342678,365742239169776;5688235,205768441781402;6,742109982000045;51,323628853000059;5210708500200280000;0
155539;5;3;62;32;2021;12;17;4;3;0;7;1;0;0;0;0;2;0;342304,010651710443199;5636571,966773787513375;6,759298799000021;50,859309972000062;5211222602400390000;2
155540;5;3;66;16;2021;7;18;5;3;6;6;1;0;1;0;0;0;0;343117,098998060449958;5614903,653024625033140;6,780079176000072;50,664817833000029;5210701603116780000;0
155542;5;1;62;24;2021;11;10;3;3;5;3;1;1;0;0;0;0;0;341610,982999703846872;5670721,833999076858163;6,734551444000033;51,165973910000048;5211109513210280000;0
155543;5;1;12;0;2021;12;8;4;3;0;5;1;1;0;0;0;0;0;344895,077377610839903;5706648,570214645937085;6,765846628000077;51,489682687000027;5211201501115290000;1
155545;5;1;12;0;2021;5;17;1;3;5;3;1;1;0;0;0;0;0;344265,642399639822543;5710813,416919203475118;6,754948339000066;51,526930056000026;5210523501134110000;0
155547;5;1;70;48;2021;4;11;3;2;1;5;1;1;0;0;0;0;0;337743,685324543155730;5726829,125827834010124;6,653604205000022;51,668979959000069;5210420518100780000;0
155548;5;1;12;0;2021;6;8;2;3;5;6;1;1;0;0;0;0;0;340530,952300080098212;5696081,271938493475318;6,707798853000043;51,393525886000077;5210614501214580000;0
155549;5;3;62;32;2021;3;14;1;3;0;7;1;0;1;0;0;0;0;337703,748924078419805;5638215,902093434706330;6,693260268000074;50,872808680000048;5210328602400800000;0
155551;5;1;11;0;2021;12;12;6;3;1;5;1;1;0;0;0;0;0;344626,116495675407350;5676125,258071446791291;6,775304271000039;51,215352909000046;5211203500300000000;0
155553;5;1;12;0;2021;9;21;6;3;0;1;1;0;0;0;0;2;0;339540,426105421967804;5698157,477242048829794;6,692634459000033;51,411900486000036;5210924501213460000;0
155554;5;1;12;0;2021;11;9;4;3;5;3;1;1;0;0;0;0;0;336866,672999663278461;5696378,025998909026384;6,655039142000021;51,395150417000082;5211124501215470000;0
155555;5;5;54;48;2021;11;18;3;3;5;3;1;1;0;0;0;2;0;341156,936481074430048;5745400,964128097519279;6,694435437000038;51,836806105000051;5211116705000370000;1
155556;5;1;70;8;2021;12;2;7;3;0;7;1;0;0;0;0;2;0;344892,649866066873074;5714420,776958847418427;6,762389916000075;51,559514035000063;5211204518400080000;1
155560;5;1;70;44;2021;11;9;2;3;5;3;1;1;0;0;0;0;0;340486,106081890873611;5719100,120377078652382;6,696749318000059;51,600325983000062;5211115518120040000;0
155562;5;3;62;36;2021;5;16;6;3;0;5;1;0;0;1;0;0;0;343046,297973031178117;5647683,126623274758458;6,765059009000026;50,959354657000063;5210521602300830000;0
155569;5;1;12;0;2021;6;14;5;3;0;1;1;0;0;0;0;0;0;345345,640698457136750;5692167,208493318408728;6,778651786000069;51,359690176000072;5210617501325180000;0
155573;5;1;12;0;2021;6;15;3;3;0;5;1;1;0;0;0;0;0;343620,290581222623587;5710636,153603633865714;6,745731428000056;51,525159060000078;5210622501134070000;0
155574;5;3;62;36;2021;5;17;2;3;0;1;1;0;0;0;0;0;0;342370,595886428840458;5654196,192331070080400;6,752619507000077;51,017694037000069;5210517602300200000;1
155575;5;1;62;24;2021;4;14;7;2;1;5;1;1;0;0;0;0;0;338010,779999670572579;5671926,611998965963721;6,682559355000024;51,175790529000039;5210417513210270000;0
155579;5;1;62;24;2021;12;12;3;2;0;1;1;0;0;0;0;0;0;337136,199294098652899;5675156,299540325999260;6,668594016000043;51,204560079000032;5211207513210590000;1
155583;5;5;54;8;2021;10;16;7;3;4;6;1;0;0;0;0;0;0;337769,895999678410590;5746387,341998904943466;6,644855230000076;51,844693834000054;5211023705000660000;0
155586;5;1;11;0;2021;9;14;2;3;5;3;1;1;0;0;0;0;0;343242,063999721780419;5687277,310999115929008;6,750614710000036;51,315177725000069;5210920500200070000;0
155588;5;1;62;24;2021;6;17;1;3;0;1;1;0;0;0;0;0;0;339095,872688684612513;5674062,805193595588207;6,697112588000039;51,195290466000074;5210613513210080000;0
155589;5;1;12;0;2021;2;20;1;3;0;7;1;1;0;0;0;2;0;342755,441718494519591;5694973,237353269010782;6,740237345000025;51,384191126000076;5210214501324480000;2
155590;5;1;62;22;2021;11;7;3;3;5;3;1;1;0;0;0;2;0;339080,992791043594480;5679754,427921734750271;6,694345201000033;51,246424820000072;5211130513130940000;1
155591;5;1;11;0;2021;11;15;6;3;5;3;1;1;0;0;0;0;0;344091,843040668405592;5673989,406949603930116;6,768588575000024;51,196015907000060;5211126500300100000;0
155593;5;1;11;0;2021;1;12;1;3;5;3;1;1;0;0;0;0;0;340838,013243271037936;5678228,214971028268337;6,720176651000031;51,233204774000058;5210117500100050000;1
155594;5;5;54;48;2021;9;10;6;3;0;1;1;0;0;0;0;0;0;340857,952111192047596;5745230,540947243571281;6,690177942000048;51,835189932000048;5210910705000790000;0
155598;5;1;12;0;2021;11;11;2;3;2;6;1;1;0;0;0;0;0;338582,860611383803189;5703355,573364006355405;6,676507740000034;51,458330678000038;5211101501223390000;0
155601;5;1;11;0;2021;5;11;7;3;5;3;1;1;0;0;0;0;0;343877,817888163030148;5675169,898723922669888;6,765014387000065;51,206564595000032;5210508500300770000;0
155602;5;1;70;8;2021;9;5;4;3;5;3;1;1;0;0;0;2;0;343902,207129866816103;5714916,729129465296865;6,747893219000048;51,563696792000030;5210915518400590000;1
155604;5;1;62;24;2021;2;13;7;2;5;3;1;1;0;0;0;0;0;338463,429075471125543;5674435,312048032879829;6,687901227000054;51,198458960000039;5210206513210780000;1
155605;5;3;62;32;2021;5;11;1;3;0;5;1;1;0;0;0;0;0;339003,752667576074600;5642053,813971228897572;6,710030436000068;50,907657743000073;5210530602400160000;0
155606;5;1;70;24;2021;5;16;7;3;0;5;1;1;0;0;1;0;0;336858,364225949160755;5702163,659066822379827;6,652256687000033;51,447127906000048;5210529518200070000;0
155610;5;1;62;24;2021;4;17;4;3;5;3;1;1;0;0;0;0;0;337165,059999662451446;5673056,999998932704329;6,669958842000028;51,185706619000030;5210421513210760000;0
155611;5;1;62;4;2021;6;23;7;3;0;1;1;0;0;0;0;2;0;344168,175901948474348;5665765,803865073248744;6,773241972000051;51,122143988000062;5210626513320680000;0
155612;5;1;62;24;2021;11;9;7;3;5;3;1;1;0;0;0;0;0;341600,637965850532055;5670726,123742660507560;6,734401713000068;51,166009590000044;5211106513210370000;0
155613;5;1;11;0;2021;4;13;7;2;0;1;1;0;0;0;0;0;0;343710,379214041866362;5673124,708706075325608;6,763509713000076;51,188142088000063;5210417500300170000;0
155615;5;1;11;0;2021;11;15;2;3;1;5;1;1;0;0;0;0;0;343245,875232099555433;5679020,007769282907248;6,754291526000031;51,240985701000056;5211101500100270000;0
155618;5;1;62;24;2021;9;15;4;2;5;2;1;1;0;0;0;0;0;336891,436804911121726;5674740,795121449977160;6,665282174000026;51,200757057000033;5210915513210680000;0
155622;5;3;66;16;2021;9;15;1;3;0;7;1;0;0;0;0;0;0;342884,651249886490405;5613193,069040277972817;6,777518536000059;50,649383411000031;5210905603116370000;0
155623;5;1;12;0;2021;4;13;3;3;5;1;1;1;0;0;0;0;0;345553,829310228116810;5698949,421544738113880;6,778689383000028;51,420685964000029;5210427501316780000;0
155624;5;1;62;24;2021;10;15;2;3;0;1;1;0;0;0;0;0;0;337312,656999662518501;5674654,457998942583799;6,671345258000031;51,200101437000058;5211004513210970000;1
155626;5;1;11;0;2021;5;20;6;3;6;6;1;0;1;0;0;0;0;343841,891929237172008;5676763,892797166481614;6,763806504000058;51,220877317000031;5210528500300180000;0
155627;5;1;12;0;2021;7;10;5;2;0;2;1;1;0;0;0;0;0;343644,258999725803733;5711571,755999114364386;6,745661319000021;51,533571819000031;5210715501134180000;0
155628;5;1;62;24;2021;6;9;7;2;5;3;1;0;0;0;0;0;0;342884,605876799672842;5671930,040331052616239;6,752225092000060;51,177181255000050;5210626513210580000;0
155630;5;1;62;24;2021;12;8;2;3;5;3;1;1;0;0;0;0;0;339365,520999683998525;5668265,523999011144042;6,703558278000060;51,143277752000074;5211213513210890000;1
155631;5;3;62;20;2021;12;8;7;3;0;1;1;0;0;0;0;0;0;343168,799138383008540;5625082,562311695888638;6,776485343000047;50,756301308000047;5211204602600260000;1
155632;5;1;70;44;2021;11;5;4;3;3;2;1;1;0;0;0;2;0;338270,619720828719437;5722505,305802425369620;6,663216598000076;51,630286648000038;5211110518120990000;0
155633;5;1;62;24;2021;7;15;2;2;5;3;1;1;0;0;0;0;0;338930,767618834041059;5674537,798240251839161;6,694538520000037;51,199511722000068;5210705513210390000;0
155636;5;1;12;0;2021;11;7;2;3;5;3;1;1;0;0;0;0;0;341676,862999708391726;5697346,953999063000083;6,723691424000037;51,405218655000056;5211122501212890000;0
155637;5;3;62;8;2021;3;10;2;3;3;5;1;1;0;0;0;0;0;334831,932475603185594;5647491,380794722586870;6,648280383000042;50,955335990000037;5210301602100780000;0
155639;5;1;70;8;2021;10;13;7;3;0;7;1;0;0;0;0;0;0;343983,502308863215148;5712840,722386751323938;6,749986048000039;51,545066985000062;5211016518400340000;0
155640;5;1;62;24;2021;9;19;5;3;6;4;1;0;1;0;0;0;0;337874,413389504887164;5675947,244263064116240;6,678794874000062;51,211876542000027;5210902513210570000;0
155642;5;1;12;0;2021;2;16;2;3;0;7;1;0;0;0;0;0;0;341230,390166277065873;5697867,702840730547905;6,717044582000028;51,409772639000039;5210222501212770000;0
155643;5;1;11;0;2021;9;15;2;3;1;5;1;1;0;0;0;0;0;342552,347685814835131;5685296,166625265032053;6,741600225000070;51,297186647000046;5210913500200870000;0
155644;5;3;62;20;2021;3;18;3;3;0;7;1;1;0;0;0;0;0;342859,374228532426059;5632838,880347155034542;6,768784775000029;50,825915958000053;5210316602600110000;0
155646;5;1;70;8;2021;3;15;6;3;8;5;1;1;0;0;0;0;0;341871,550295519642532;5714484,064526313915849;6,718815280000058;51,559243841000068;5210305518400040000;0
155650;5;1;11;0;2021;7;13;2;3;5;2;1;1;0;0;0;0;0;343482,141999720595777;5676205,950999122112989;6,758902628000044;51,215765542000042;5210712500300760000;0
155653;5;3;62;20;2021;10;18;6;3;0;6;1;1;0;0;0;2;0;342480,517394172959030;5628168,779643561691046;6,765413465000051;50,783847712000068;5211015602600070000;1
155658;5;5;54;48;2021;1;14;2;3;5;7;1;1;0;0;0;0;0;341723,050999713130295;5744794,754999043419957;6,702922558000068;51,831520647000048;5210111705000420000;1
155660;5;1;11;0;2021;10;20;6;3;2;5;1;1;0;0;0;2;0;344907,667644809000194;5675961,132648704573512;6,779403339000055;51,213954715000057;5211001500300890000;1
155662;5;1;11;0;2021;9;13;3;3;5;3;1;1;0;0;0;0;0;344652,840193233452737;5681394,760459003970027;6,773400934000051;51,262708457000031;5210914500200050000;0
155663;5;1;70;8;2021;6;11;7;3;5;3;1;1;0;0;0;0;0;342930,050684649497271;5714942,305550435557961;6,733867738000072;51,563656684000080;5210619518400340000;0
155664;5;1;12;0;2021;10;17;2;3;0;3;1;1;0;0;0;0;0;344606,087369008921087;5704273,917021324858069;6,762732024000059;51,468267335000064;5211025501125370000;1
155667;5;1;12;0;2021;12;10;2;3;0;7;1;0;0;0;0;0;0;339057,780826156027615;5696467,200260899960995;6,686467025000070;51,396577353000055;5211206501215890000;2
155674;5;1;62;22;2021;5;7;6;3;5;3;1;1;0;0;0;0;0;335733,039593815803528;5683701,278209287673235;6,644605819000049;51,280930962000070;5210528513000480000;0
155676;5;1;12;0;2021;11;22;4;3;3;6;1;1;0;0;0;2;0;344337,784345287829638;5700541,516787335276604;6,760514486000034;51,434658269000067;5211103501311590000;0