OID_;ULAND;UREGBEZ;UKREIS;UGEMEINDE;UJAHR;UMONAT;USTUNDE;UWOCHENTAG;UKATEGORIE;UART;UTYP1;IstRad;IstPKW;IstFuss;IstKrad;IstSonstige;ULICHTVERH;IstGkfz;LINREFX;LINREFY;XGCSWGS84;YGCSWGS84;UIDENTSTLAE;IstStrassenzustand
156448;5;1;11;0;2021;2;15;4;3;0;7;1;1;0;0;0;0;0;350167,432058080099523;5677803,059467999264598;6,853884611000069;51,231910301000028;5210224500200050000;0
156451;5;1;11;0;2021;10;20;6;3;0;7;1;1;0;0;0;2;1;345743,527303163893521;5679464,130587387830019;6,789853549000043;51,245657139000059;5211022500200070000;1
156452;5;1;11;0;2021;6;15;3;3;4;2;1;1;0;0;0;0;0;347481,954665821976960;5675829,893323848024011;6,816288585000052;51,213468806000037;5210608500200050000;0
156453;5;1;58;28;2021;3;16;6;2;5;3;1;0;0;0;0;0;0;350990,856999780982733;5684005,166999289765954;6,863086498000030;51,287857082000073;5210326516300190000;0
156457;5;5;54;68;2021;7;6;5;3;0;3;1;1;0;0;0;0;0;351549,116999791003764;5767134,411999288946390;6,835776604000046;52,034932777000051;5210708705000990000;0
156458;5;3;15;0;2021;1;19;5;3;0;1;1;0;0;0;0;2;0;350573,157853596843779;5644462,135866740718484;6,873478247000037;50,932410686000026;5210114601300490000;0
156459;5;1;11;0;2021;12;9;5;3;5;3;1;1;0;0;0;0;0;349645,979999771341681;5675181,522999262437224;6,847520646000021;51,208216539000034;5211202500300270000;1
156460;5;1;11;0;2021;9;20;2;3;5;3;1;0;0;0;1;2;0;346023,013742639683187;5676901,675952337682247;6,794956141000057;51,222707795000076;5210913500100470000;0
156461;5;5;54;68;2021;3;7;3;3;5;3;1;0;0;0;0;0;0;350746,550999785773456;5767595,283999273553491;6,823884193000026;52,038858029000039;5210323705000920000;0
156462;5;1;12;0;2021;5;15;7;3;1;7;1;1;0;0;0;0;0;346427,041017428040504;5705052,638042725622654;6,788589479000052;51,475761287000068;5210515501127790000;0
156463;5;5;54;68;2021;4;13;4;2;5;3;1;1;0;0;0;0;0;350054,484779331833124;5767134,220031108707190;6,814003936000063;52,034528956000031;5210421705000260000;0
156465;5;1;11;0;2021;12;11;4;3;6;4;1;0;1;0;0;0;0;346642,588141480460763;5677554,618831660598516;6,803542440000058;51,228741615000047;5211229500200000000;0
156467;5;1;11;0;2021;10;5;5;2;5;3;1;1;0;0;0;2;0;348468,467180690728128;5671880,190135272219777;6,832069319000027;51,178240389000052;5211007500300670000;1
156469;5;3;15;0;2021;12;6;4;3;5;3;1;1;0;0;0;2;0;348695,213689625263214;5642968,053367083892226;6,847392895000041;50,918494895000038;5211222601300470000;0
156470;5;1;11;0;2021;11;18;4;3;5;2;1;1;0;0;0;2;0;345743,413999740034342;5676593,754999179393053;6,791087781000044;51,219865498000047;5211110500100770000;0
156471;5;1;11;0;2021;4;14;5;3;0;1;1;0;0;0;0;0;0;346171,058526827953756;5677003,011894898489118;6,797031065000056;51,223658261000026;5210415500100060000;0
156472;5;5;54;68;2021;12;6;6;3;5;3;1;1;0;0;0;2;0;350573,530033648014069;5766903,032616250216961;6,821665956000061;52,032591968000077;5211217705000740000;1
156474;5;3;66;16;2021;6;12;2;3;5;3;1;1;0;0;0;0;0;344480,320661674253643;5614412,158165212720633;6,799560290000045;50,660766771000056;5210614603116780000;0
156475;5;1;12;0;2021;10;14;4;3;0;3;1;1;0;0;0;0;0;346166,869999746792018;5700891,335999181494117;6,786656026000060;51,438301000000081;5211020501314170000;1
156477;5;3;62;20;2021;6;14;4;2;5;3;1;1;0;0;0;0;0;346981,254519493319094;5630629,939258562400937;6,828186458000062;50,807169813000030;5210623602600410000;0
156478;5;5;54;68;2021;9;16;5;2;0;3;1;1;0;0;0;0;0;352174,158176234923303;5767826,414493044838309;6,844582780000053;52,041317057000072;5210923705000290000;0
156479;5;1;11;0;2021;10;8;3;3;0;1;1;0;0;0;0;0;0;345677,721259007230401;5676457,661277487874031;6,790206404000060;51,218624879000060;5211026500100460000;1
156480;5;1;11;0;2021;12;16;5;2;1;5;1;1;0;0;0;2;0;348914,926178462803364;5675550,056086285039783;6,836907595000071;51,211335179000059;5211216500300870000;0
156484;5;3;62;36;2021;9;17;3;3;1;5;1;1;0;0;0;0;0;346216,483768910169601;5652298,761222457513213;6,808212379000054;51,001685298000041;5210907602300080000;0
156485;5;1;11;0;2021;6;18;4;3;0;7;1;1;0;0;0;0;0;345267,685976832173765;5679374,023206494748592;6,783080228000074;51,244718609000074;5210616500200060000;0
156486;5;1;58;28;2021;5;18;3;2;0;1;1;0;0;0;0;0;0;349313,241281642578542;5685585,079611377790570;6,838379510000038;51,301612234000061;5210511516300080000;1
156487;5;3;15;0;2021;9;21;7;3;0;6;1;0;0;0;0;2;0;351164,981502790004015;5652324,186675393953919;6,878677455000059;51,003215163000050;5210911601400770000;0
156488;5;5;54;12;2021;12;15;4;2;5;3;1;1;0;0;0;0;0;351759,198999791406095;5745594,627999296411872;6,848120124000047;51,841460918000053;5211215705000290000;1
156492;5;1;11;0;2021;10;8;3;3;1;5;1;0;0;0;1;0;0;350264,230118257924914;5673547,561952007934451;6,857046562000050;51,193696357000078;5211005500300870000;0
156493;5;3;66;16;2021;10;15;3;3;5;3;1;1;0;0;0;0;0;344886,776947865262628;5612876,875065758824348;6,805949812000051;50,647078453000063;5211019603116080000;0
156497;5;1;11;0;2021;9;17;1;3;3;6;1;0;0;0;0;0;0;351362,086194214411080;5669910,657922435551882;6,874251060000063;51,161301654000056;5210912500300170000;0
156498;5;1;11;0;2021;6;9;3;3;3;5;1;1;0;0;0;0;0;346523,126326359808445;5677407,990329829975963;6,801895596000065;51,227391970000042;5210622500200290000;0
156499;5;5;54;12;2021;12;20;5;3;0;7;1;0;0;0;0;2;0;351564,908287613652647;5746628,696044230833650;6,844858072000022;51,850700234000044;5211202705000170000;2
156501;5;1;62;24;2021;3;19;7;2;0;1;1;0;0;0;0;2;0;344877,987789386883378;5669912,995623202994466;6,781590491000031;51,159601378000048;5210327513210070000;0
156502;5;5;54;68;2021;3;16;4;3;5;2;1;1;0;0;0;0;0;350754,441098470240831;5766555,988372471183538;6,824452610000037;52,029522687000053;5210331705000580000;0
156503;5;3;66;16;2021;6;20;3;3;4;2;1;1;0;0;0;0;0;343617,566013635136187;5615174,659804115071893;6,787040707000074;50,667387809000047;5210601603116070000;0
156504;5;1;11;0;2021;5;10;3;3;1;1;1;1;0;0;0;0;0;347511,670318236574531;5681313,818072624504566;6,814378922000060;51,262753044000078;5210525500200690000;1
156505;5;3;15;0;2021;1;16;3;3;3;6;1;0;0;0;1;0;0;349250,509051900357008;5645580,025085575878620;6,854206943000065;50,942112184000052;5210112601300790000;1
156506;5;1;12;0;2021;9;8;4;3;1;5;1;1;0;0;0;0;0;347574,917682982981205;5707143,827908115461469;6,804202805000045;51,494861352000044;5210915501114090000;1
156508;5;1;11;0;2021;12;12;2;3;0;7;1;1;0;0;0;0;0;345525,904990386217833;5676275,865343825891614;6,788112547000026;51,216950306000058;5211206500300280000;0
156512;5;3;62;36;2021;6;21;3;3;0;1;1;0;0;0;0;1;0;346029,292676711454988;5652240,739254755899310;6,805571152000027;51,001113857000064;5210601602300050000;0
156513;5;3;15;0;2021;12;12;7;3;5;3;1;1;0;0;0;0;0;350366,408133330754936;5644829,756922066211700;6,870387187000063;50,935660670000061;5211218601300790000;0
156515;5;1;11;0;2021;10;17;2;3;0;1;1;0;0;0;0;0;0;348786,655999763868749;5674680,761999247595668;6,835438913000075;51,203489966000063;5211004500300070000;0
156516;5;3;62;28;2021;12;14;2;3;5;3;1;1;0;0;0;0;0;350455,875463705509901;5638465,803008720278740;6,874266895000062;50,878494577000026;5211220602700830000;0
156517;5;1;17;0;2021;9;15;7;3;5;2;1;1;0;0;0;0;0;350609,405999780632555;5701926,100999278947711;6,850089214000036;51,448787811000045;5210911502403650000;0
156518;5;1;12;0;2021;6;15;7;3;5;3;1;1;0;0;0;0;0;346892,463951883837581;5707272,880055334419012;6,794323377000069;51,495836493000070;5210626501114390000;0
156519;5;3;66;16;2021;4;19;1;3;3;7;1;1;0;0;0;0;0;343207,939999712631106;5614331,578999135643244;6,781605901000034;50,659701487000063;5210425603116970000;0
156520;5;5;54;68;2021;12;14;5;3;1;5;1;1;0;0;0;0;0;350717,956254503689706;5767400,969290774315596;6,823552430000063;52,037104529000032;5211230705000550000;1
156521;5;1;12;0;2021;3;20;5;3;1;5;1;1;0;0;0;2;0;346406,571900438517332;5709423,843150455504656;6,786392492000061;51,515031113000077;5210304501114880000;0
156522;5;3;62;24;2021;11;14;7;3;0;1;1;0;0;0;0;0;0;346442,316999743692577;5642975,489999203011394;6,815362617000062;50,917966628000045;5211113602500070000;1
156523;5;1;11;0;2021;6;8;2;2;0;7;1;0;0;0;0;0;0;350306,489115064963698;5677118,492656348273158;6,856160852000073;51,225795382000058;5210628500200190000;0
156524;5;1;11;0;2021;9;12;6;3;1;6;1;1;0;0;0;0;0;346612,531245428137481;5676683,728089625015855;6,803484974000071;51,220908116000032;5210917500100350000;0
156525;5;3;15;0;2021;1;21;6;3;0;1;1;0;0;0;0;2;0;347767,154989339411259;5645265,041947018355131;6,833240322000051;50,938891962000071;5210115601320850000;1
156527;5;1;11;0;2021;4;17;4;3;5;3;1;0;0;0;1;0;0;349503,158666095696390;5671487,251804964616895;6,847025726000027;51,174982776000036;5210428500300480000;0
156528;5;5;54;68;2021;9;6;4;3;5;3;1;0;0;0;0;1;1;348537,920999770984054;5765665,934999223798513;6,792562130000022;52,020925431000080;5210929705000680000;0
156534;5;5;54;12;2021;12;9;6;3;7;5;1;1;0;0;0;0;0;352109,395005117170513;5746139,008267575874925;6,852966969000022;51,846444964000057;5211231705000380000;0
156536;5;5;54;12;2021;10;12;3;3;5;7;1;1;0;0;0;0;0;351361,142607225105166;5745375,202071607112885;6,842440593000049;51,839383605000080;5211005705000070000;0
156542;5;3;15;0;2021;7;15;5;3;0;7;1;0;1;0;0;0;0;348319,191552764736116;5647729,975762087851763;6,840064759000029;50,961187784000060;5210708601300090000;0
156544;5;1;58;28;2021;12;9;2;2;0;1;1;0;0;0;0;0;0;350018,823999775573611;5684032,162999268621206;6,849145916000055;51,287844522000057;5211206516300680000;2
156545;5;1;11;0;2021;6;18;2;3;5;7;1;1;0;0;0;0;0;346114,601688186638057;5677157,144161140546203;6,796157022000045;51,225027999000076;5210621500100490000;0
156547;5;1;11;0;2021;5;16;6;3;3;6;1;0;0;0;1;0;0;345679,126601412892342;5680039,160407742485404;6,788683665000065;51,250806600000033;5210514500200510000;0
156548;5;5;54;68;2021;11;7;3;3;4;2;1;1;0;0;0;2;0;350176,264999782666564;5767409,105999261140823;6,815657510000051;52,037031545000048;5211123705000220000;1
156552;5;3;62;28;2021;9;15;6;2;5;3;1;1;0;0;0;0;0;350088,509284559637308;5639083,291617728769779;6,868795496000075;50,883948429000043;5210924602700250000;0
156556;5;1;11;0;2021;5;15;7;2;0;7;1;0;0;0;0;0;0;346515,136999745853245;5678647,118999194353819;6,801250413000048;51,238524030000065;5210515500200970000;1
156557;5;1;19;0;2021;9;15;5;3;5;7;1;1;0;0;0;0;0;350502,492309986613691;5709268,886797301471233;6,845443609000029;51,514737479000075;5210916508000570000;0
156558;5;3;66;16;2021;9;7;6;3;5;3;1;1;0;0;0;0;0;344078,151999718509614;5614795,921999156475067;6,793712853000045;50,664107869000077;5210910603116270000;0
156560;5;1;11;0;2021;6;11;5;3;5;3;1;1;0;0;0;0;0;347854,668654683977365;5672700,933048756793141;6,822947086000056;51,185452360000056;5210610500300370000;0
156565;5;1;62;4;2021;5;13;6;3;2;6;1;1;0;0;0;0;0;348027,308911259286106;5663202,730067361146212;6,829423752000025;51,100149249000026;5210514513320590000;1
156566;5;3;15;0;2021;4;15;3;3;0;3;1;1;0;0;0;2;0;348791,990190992131829;5656998,295956635847688;6,842931757000031;51,044598368000038;5210413601400070000;0
156569;5;5;54;68;2021;3;7;3;2;5;3;1;1;0;0;0;0;0;350570,766211899928749;5766890,369634460657835;6,821631228000058;52,032477454000059;5210309705000570000;1
156571;5;1;11;0;2021;12;11;3;3;5;3;1;1;0;0;0;0;0;347026,244881483726203;5674914,010711017996073;6,810159494000061;51,205117157000075;5211214500300100000;0
156572;5;3;66;16;2021;6;4;5;3;5;3;1;1;0;0;0;1;0;343292,463999713771045;5613090,904999140650034;6,783325882000042;50,648575170000072;5210617603116180000;0
156573;5;1;19;0;2021;9;4;3;3;0;1;1;0;0;0;1;2;0;350856,967609682120383;5704299,415893804281950;6,852648291000037;51,470178420000082;5210907508000080000;0
156576;5;1;11;0;2021;6;21;7;3;0;7;1;0;0;0;0;1;0;345700,142999740317464;5676576,960999177768826;6,790475873000048;51,219702903000041;5210626500100970000;0
156577;5;3;62;20;2021;9;18;3;3;0;1;1;0;0;0;0;0;0;347302,786530726589262;5630715,919841703027487;6,832710745000043;50,808027301000038;5210907602600330000;0
156578;5;1;11;0;2021;12;19;4;3;5;3;1;1;0;0;0;2;0;349348,190278467722237;5672972,895428737625480;6,844187584000053;51,188291741000057;5211201500300670000;1
156585;5;3;62;20;2021;5;17;5;2;3;2;1;1;0;0;0;0;0;345796,048536119051278;5631353,641934759914875;6,811073686000043;50,813358919000052;5210527602600810000;0
156587;5;1;58;28;2021;11;12;6;3;0;1;1;0;0;0;0;0;0;348726,257533390074968;5684960,585253652185202;6,830230304000054;51,295845110000073;5211119516300770000;0
156589;5;1;11;0;2021;3;15;7;3;4;2;1;0;0;0;0;0;0;345713,445999740622938;5678146,709999177604914;6,789990455000066;51,233811409000054;5210320500200670000;0
156590;5;1;62;4;2021;2;9;4;3;5;5;1;1;0;0;0;0;0;347310,205882738344371;5663757,436376955360174;6,818954884000050;51,104943220000052;5210224513320980000;0
156591;5;1;19;0;2021;11;11;6;2;5;3;1;1;0;0;0;0;0;351485,214561313390732;5704089,838233737275004;6,861775029000057;51,468460495000045;5211119508000580000;1
156593;5;1;11;0;2021;11;19;2;3;4;7;1;0;1;0;0;2;0;345148,647164641879499;5677576,386706367135048;6,782153212000026;51,228533843000037;5211108500100870000;0
156595;5;1;19;0;2021;11;9;2;3;0;3;1;1;0;0;0;0;0;352683,445920464582741;5708557,646799135953188;6,877149294000048;51,508919513000080;5211122508000370000;0
156600;5;1;11;0;2021;9;15;7;3;2;2;1;1;0;0;0;0;0;347534,061359358951449;5673942,687134589999914;6,817835893000051;51,196524940000074;5210911500300770000;0
156603;5;3;66;16;2021;5;15;6;3;4;7;1;1;0;0;0;0;0;344791,437432778999209;5612861,092705832794309;6,804608918000042;50,646911236000051;5210528603116290000;0
156606;5;1;19;0;2021;4;15;3;3;0;1;1;1;0;0;0;0;0;352519,032052502036095;5707440,661420073360205;6,875248852000027;51,498839918000044;5210406508000940000;1
156607;5;1;11;0;2021;3;15;6;3;3;6;1;1;0;0;0;0;0;346479,515886137261987;5677253,693007424473763;6,801337592000039;51,225993800000026;5210319500200050000;0
156609;5;1;11;0;2021;4;14;6;3;0;6;1;0;0;0;0;0;0;345907,499709233641624;5676946,612954914569855;6,793283909000024;51,223080407000054;5210423500100670000;0
156610;5;1;11;0;2021;10;18;3;2;4;2;1;1;0;0;0;1;0;344947,110919313505292;5674043,819618148729205;6,780796094000038;51,196737546000065;5211019500300860000;1
156613;5;5;54;68;2021;12;13;2;3;5;3;1;0;0;0;0;0;1;350055,548999781720340;5767135,980999259278178;6,814018667000028;52,034545065000032;5211220705000120000;0
156614;5;1;11;0;2021;9;13;4;3;0;3;1;0;1;0;0;0;0;347068,400825992226601;5674698,553919576108456;6,810854309000035;51,203192433000027;5210922500300170000;0
156615;5;1;58;28;2021;9;15;7;3;0;5;1;1;0;0;0;0;0;350420,438024013303220;5684906,821680620312691;6,854534640000054;51,295809594000048;5210918516310630000;0
156623;5;3;62;36;2021;2;9;6;3;5;3;1;1;0;0;0;0;0;346320,524409330449998;5652881,297053035348654;6,809447421000073;51,006947715000081;5210212602300280000;0
156626;5;1;58;28;2021;4;15;3;3;0;5;1;0;0;0;1;0;0;348568,763076591305435;5690320,382435197010636;6,825696255000025;51,343963874000053;5210413516300370000;0
156637;5;1;19;0;2021;2;11;3;2;0;1;1;0;0;0;0;0;0;350619,844810026697814;5703445,822735477238894;6,849597511000070;51,462445963000050;5210209508000280000;2
156638;5;1;12;0;2021;9;17;3;3;5;3;1;1;0;0;0;0;0;346619,888999749906361;5698756,896999193355441;6,794092966000051;51,419245547000060;5210921501316430000;0
156639;5;1;11;0;2021;2;19;1;3;0;6;1;1;0;0;0;2;0;348068,809310619719326;5677019,321010308340192;6,824180504000026;51,224313050000035;5210228500200060000;0
156641;5;3;62;20;2021;5;7;2;3;5;3;1;1;0;0;0;0;0;346084,875802099704742;5631344,122029228135943;6,815174398000067;50,813350193000076;5210531602600680000;0
156642;5;1;11;0;2021;6;6;2;3;5;2;1;1;0;0;0;0;0;347169,753999751992524;5676559,604999214410782;6,811511084000074;51,219942236000065;5210614500200550000;0
156644;5;1;11;0;2021;9;14;2;3;3;6;1;0;0;0;1;0;0;346671,698800263926387;5677510,958746906369925;6,803977728000064;51,228357127000038;5210913500200670000;0
156645;5;1;11;0;2021;11;15;2;3;4;6;1;0;0;0;1;0;0;351121,394879964180291;5670133,183930549770594;6,870719255000040;51,163238697000054;5211101500300810000;0
156648;5;1;19;0;2021;12;18;1;3;5;3;1;1;0;0;0;2;0;351770,620378854684532;5708878,062153978273273;6,863870461000033;51,511559883000075;5211226508000070000;0
156650;5;1;11;0;2021;12;15;5;3;5;3;1;1;0;0;0;0;0;345136,341999734751880;5677174,395999165251851;6,782150813000044;51,224918455000079;5211209500100140000;1
156651;5;3;62;28;2021;10;9;7;3;1;5;1;1;0;0;0;0;0;347687,496725707314909;5639797,444724906235933;6,834389883000028;50,889738024000053;5211030602700580000;0
156652;5;1;11;0;2021;9;11;3;3;5;3;1;1;0;0;0;0;0;351462,902965145185590;5670058,114709600806236;6,875630943000033;51,162652894000075;5210921500300770000;0
156653;5;5;54;12;2021;7;16;6;3;0;1;1;0;0;0;0;0;0;351840,204777526669204;5747519,158370487391949;6,848470380000037;51,858774026000049;5210709705000690000;0
156654;5;5;54;68;2021;4;9;6;3;5;2;1;1;0;0;0;0;0;348730,911872078664601;5765217,369140813127160;6,795570760000032;52,016948043000070;5210416705000340000;0
156656;5;1;12;0;2021;10;8;6;3;0;3;1;0;0;0;0;0;0;346202,933677274733782;5699950,568645136430860;6,787583038000037;51,429857885000047;5211029501315670000;0
156660;5;3;62;28;2021;6;5;6;3;0;7;1;0;0;0;0;0;0;350129,120999771170318;5640712,611999277025461;6,868704030000060;50,898600759000033;5210618602700060000;0
156661;5;3;62;28;2021;6;11;1;3;0;6;1;1;0;0;0;0;0;347568,796053145080805;5639961,208627499639988;6,832635138000057;50,891178333000028;5210606602700970000;0
156662;5;1;11;0;2021;6;19;4;3;1;5;1;1;0;0;0;0;0;346361,806999744847417;5675434,151999196037650;6,800432745000023;51,209612591000052;5210623500100750000;0
156663;5;1;19;0;2021;10;8;3;3;5;3;1;1;0;0;0;0;0;350431,836017204448581;5704219,815890200436115;6,846565602000055;51,469350971000040;5211019508000580000;1
156664;5;1;11;0;2021;6;14;6;3;4;6;1;0;0;0;0;0;0;345857,970952645875514;5676278,212246557697654;6,792862545000048;51,217061134000062;5210618500100060000;0
156667;5;1;11;0;2021;5;17;3;3;5;2;1;1;0;0;0;0;0;350904,192255638539791;5670179,170654382556677;6,867596038000045;51,163595367000028;5210511500300170000;0
156668;5;1;12;0;2021;6;20;4;3;6;7;1;0;1;0;0;0;0;346179,472647426649928;5704871,067446572706103;6,785106469000027;51,474062612000068;5210616501126080000;0
156669;5;1;11;0;2021;5;20;7;3;5;3;1;1;0;0;0;0;0;347247,604159996844828;5674158,565279882401228;6,813647325000034;51,198388237000074;5210508500300170000;0
156670;5;1;19;0;2021;9;7;4;3;1;7;1;1;0;0;0;0;0;351273,042684395797551;5710684,454241298139095;6,855942917000050;51,527660284000035;5210915508000550000;1
156672;5;1;62;4;2021;3;18;4;3;0;1;1;0;0;0;0;0;0;349131,845908878371119;5665778,694255972281098;6,844110240000020;51,123588459000075;5210317513320180000;0
156673;5;1;11;0;2021;4;17;4;3;2;3;1;0;0;1;0;0;0;345686,384607168845832;5674393,609468644484878;6,791218181000033;51,200080713000034;5210414500300690000;0
156674;5;1;11;0;2021;2;20;7;3;6;7;1;1;1;0;0;2;0;346208,472673072479665;5676100,438517494127154;6,797953588000041;51,215558257000055;5210227500100170000;0
156675;5;5;54;12;2021;10;19;6;2;8;7;1;0;0;0;0;2;0;351149,041533462703228;5744976,002362266182899;6,839535958000056;51,835740379000072;5211022705000100000;1
156677;5;1;19;0;2021;6;16;3;3;3;6;1;1;0;0;0;0;0;351762,995961932465434;5703071,188382336869836;6,866198485000041;51,459380207000038;5210629508000580000;0
156684;5;1;62;24;2021;3;16;2;3;0;1;1;0;0;0;1;0;0;345527,047272865660489;5670431,954173842445016;6,790642472000059;51,164440115000048;5210301513210560000;0
156685;5;1;19;0;2021;4;17;3;3;1;5;1;1;0;0;0;0;0;348683,461985078640282;5712970,009153094142675;6,817657854000061;51,547508384000082;5210420508000370000;0
156686;5;1;11;0;2021;9;16;7;3;1;5;1;1;0;0;0;0;0;347057,007009301334620;5670838,897828811779618;6,812334560000068;51,168507875000046;5210925500300260000;0
156693;5;3;15;0;2021;3;16;4;3;6;6;1;0;1;0;0;0;0;349185,149999765679240;5658175,946999257430434;6,848045594000041;51,055284176000043;5210317601400890000;1
156694;5;1;12;0;2021;11;16;1;3;0;4;1;0;1;0;0;0;0;346625,603455496951938;5700267,054317720234394;6,793521377000047;51,432816114000047;5211107501315020000;1
156696;5;3;62;24;2021;3;14;1;3;0;3;1;0;0;0;0;0;0;344520,263595157302916;5644997,791420176625252;6,787177187000054;50,935624190000055;5210328602500080000;0
156697;5;1;11;0;2021;12;16;4;3;1;5;1;0;0;0;1;1;0;347532,029641156084836;5681317,706356342881918;6,814668848000053;51,262793428000066;5211229500200270000;1
156698;5;1;11;0;2021;6;18;1;3;0;1;1;0;0;0;0;0;0;350057,475293929688632;5670032,372008955106139;6,855556346000071;51,162054940000075;5210620500300570000;0
156700;5;1;11;0;2021;6;19;7;3;0;7;1;0;1;0;0;0;0;348733,652214206755161;5677768,272143607959151;6,833378335000020;51,231219475000046;5210612500200180000;0
156701;5;3;62;24;2021;11;7;3;2;5;3;1;1;0;0;0;1;0;345405,325691312551498;5642378,006244083866477;6,800874279000027;50,912320770000065;5211116602500780000;1
156705;5;3;62;24;2021;3;8;6;3;3;6;1;1;0;0;0;0;0;346788,211409371346235;5641196,011704392731190;6,821026842000038;50,902067945000056;5210326602500080000;0
156706;5;3;15;0;2021;11;9;3;3;5;3;1;1;0;0;0;0;0;350031,096807134337723;5643912,828053995966911;6,865995770000040;50,927333718000057;5211102601300480000;1
156707;5;1;11;0;2021;2;10;3;3;5;2;1;1;0;0;0;0;0;346338,874999744817615;5678545,746999191120267;6,798770857000022;51,237565709000080;5210209500200670000;2
156714;5;1;11;0;2021;9;17;7;3;4;6;1;0;0;0;0;0;0;347677,544497814960778;5677546,760228957980871;6,818357352000021;51,228948151000054;5210911500200260000;0
156715;5;1;17;0;2021;5;18;7;2;0;3;1;1;0;0;0;0;0;351338,687464893795550;5701826,008514316752553;6,860618620000025;51,448080344000061;5210529502403170000;0
156717;5;1;11;0;2021;9;17;3;3;5;1;1;0;0;0;0;0;0;346314,198800407350063;5678514,568616868928075;6,798431023000035;51,237278910000043;5210921500200400000;0
156721;5;3;62;24;2021;12;19;2;3;5;3;1;0;0;0;0;2;0;346765,478371728211641;5641113,348816189914942;6,820738475000041;50,901319092000051;5211206602500280000;0
156724;5;1;11;0;2021;3;13;2;2;5;3;1;0;0;0;1;0;0;345398,478999736718833;5675770,319999171420932;6,786507342000050;51,212373265000053;5210329500300710000;0
156731;5;1;58;28;2021;12;7;5;3;0;1;1;0;0;0;0;2;0;349313,341763558797538;5685584,204222157597542;6,838381320000053;51,301604394000037;5211216516300670000;1
156733;5;3;15;0;2021;9;10;5;2;0;1;1;0;0;0;0;0;0;350002,298460927791893;5653397,877953696995974;6,861674438000023;51,012561638000079;5210930601400390000;0
156736;5;5;54;12;2021;6;13;6;3;5;3;1;1;0;0;0;0;0;351018,787999785505235;5744840,446999285370111;6,837705237000023;51,834487713000044;5210618705000990000;0
156737;5;1;19;0;2021;6;9;3;3;1;5;1;0;0;0;1;0;0;352596,372257693670690;5704254,298064731061459;6,877692362000062;51,470228788000043;5210608508000070000;0
156742;5;1;11;0;2021;9;17;5;3;4;6;1;0;0;0;0;0;0;347593,637800408527255;5681329,472464852035046;6,815546178000034;51,262915628000030;5210916500200560000;0
156743;5;1;11;0;2021;6;13;4;3;5;2;1;1;0;0;0;0;0;347205,005683520808816;5676515,954589823260903;6,812034086000040;51,219559446000062;5210623500200730000;0
156747;5;1;12;0;2021;6;10;1;3;5;3;1;1;0;0;0;0;0;346137,612145788036287;5707746,035415804013610;6,783251346000043;51,499882863000039;5210613501113670000;0
156749;5;1;11;0;2021;12;12;7;3;0;1;1;0;0;0;0;0;0;351348,590251718647778;5670008,842038685455918;6,874017617000050;51,162180435000039;5211204500300670000;1
156750;5;1;58;28;2021;1;10;6;3;5;3;1;1;0;0;0;0;0;350101,714999775402248;5684771,973999271169305;6,850023171000032;51,294514074000062;5210115516300880000;0
156755;5;3;62;20;2021;3;16;6;3;5;3;1;1;0;0;0;0;0;346057,215999739244580;5630266,485999196767807;6,815234018000069;50,803658934000055;5210305602600770000;0
156757;5;3;62;36;2021;10;7;3;3;5;3;1;1;0;0;0;1;0;345711,298910357989371;5647817,127194480970502;6,802920360000030;50,961278512000035;5211012602300770000;1
156765;5;1;11;0;2021;2;19;6;3;1;5;1;1;0;0;0;2;0;346392,209967253729701;5675681,303169371560216;6,800761836000049;51,211841557000071;5210205500100950000;0
156766;5;1;12;0;2021;2;11;5;2;5;3;1;1;0;0;0;0;0;345773,521886845119298;5693344,417384471744299;6,784282015000031;51,370383964000041;5210218501325470000;0
156767;5;1;17;0;2021;1;15;3;3;5;2;1;0;0;0;1;0;0;350522,748752137646079;5698904,582136217504740;6,850118447000057;51,421615121000059;5210126502409070000;1
156775;5;3;62;24;2021;6;14;7;3;0;1;1;0;0;0;0;0;0;345966,593893583863974;5643242,927761599421501;6,808486939000034;50,920243051000057;5210626602500110000;0
156777;5;3;66;16;2021;9;13;7;3;5;3;1;1;0;0;0;0;0;346625,490717061795294;5603837,192779546603560;6,834258842000054;50,566302131000043;5210925603116090000;0
156778;5;3;15;0;2021;5;20;4;3;0;7;1;0;0;0;0;0;0;349157,197559533640742;5653741,392981700599194;6,849493139000060;51,015427488000057;5210512601400160000;0
156779;5;3;66;16;2021;6;9;3;3;0;1;1;0;0;0;0;0;0;344202,745999721810222;5614005,542999161407351;6,795807117000038;50,657038586000056;5210601603116080000;0
156784;5;1;12;0;2021;11;5;3;3;0;3;1;1;0;0;0;2;0;347549,979408483020961;5704948,503135530278087;6,804791623000028;51,475129322000043;5211102501127070000;0
156785;5;3;62;28;2021;3;14;3;3;5;2;1;1;0;0;0;0;0;350239,964114201255143;5639120,746080776676536;6,870931705000032;50,884324289000062;5210323602700980000;0
156786;5;1;58;28;2021;3;12;1;3;9;7;1;0;0;0;0;0;0;348968,770460776984692;5689202,312755683436990;6,831909494000058;51,334023849000062;5210314516300180000;1
156789;5;5;54;12;2021;6;14;3;3;0;7;1;0;0;0;0;0;0;351586,831275155767798;5745985,584667662158608;6,845452164000051;51,844927817000041;5210615705000490000;0