OID_;ULAND;UREGBEZ;UKREIS;UGEMEINDE;UJAHR;UMONAT;USTUNDE;UWOCHENTAG;UKATEGORIE;UART;UTYP1;IstRad;IstPKW;IstFuss;IstKrad;IstSonstige;ULICHTVERH;IstGkfz;LINREFX;LINREFY;XGCSWGS84;YGCSWGS84;UIDENTSTLAE;IstStrassenzustand
156792;5;1;11;0;2021;1;12;4;3;5;3;1;1;0;0;0;0;0;345083,846999733708799;5674225,130999164655805;6,782673326000065;51,198403799000062;5210113500300150000;0
156794;5;3;15;0;2021;6;17;5;3;8;1;1;0;0;0;0;0;0;350870,960999779403210;5645413,835999289527535;6,877323738000030;50,941040141000030;5210617601300790000;0
156798;5;1;58;28;2021;12;18;5;3;0;1;1;0;0;0;0;2;0;347680,186771607957780;5684070,286389874294400;6,815617621000058;51,287566446000028;5211216516300080000;1
156801;5;3;15;0;2021;5;17;5;2;0;1;1;0;0;0;0;0;0;350375,279732893221080;5643761,822365410625935;6,870951722000029;50,926066094000078;5210513601300570000;0
156804;5;1;19;0;2021;6;13;3;3;0;5;1;0;0;0;1;0;0;352637,466094831936061;5708586,504522765055299;6,876475148000054;51,509166826000069;5210622508000180000;0
156805;5;1;11;0;2021;9;7;6;3;0;7;1;1;0;0;1;0;0;346530,215958142653108;5677700,271095450967550;6,801871882000057;51,230020172000081;5210910500200770000;1
156806;5;5;54;12;2021;12;2;4;3;0;6;1;0;0;0;0;2;0;351679,856878960505128;5747578,188948052003980;6,846118296000043;51,859261813000046;5211201705000750000;1
156807;5;1;11;0;2021;7;14;6;3;3;5;1;1;0;0;1;0;0;345935,908538498915732;5677593,285349447280169;6,793412447000037;51,228898734000040;5210709500100790000;0
156808;5;1;12;0;2021;6;9;1;3;1;5;1;1;0;0;0;0;0;345545,732352935709059;5693223,778514618054032;6,781064495000066;51,369238093000035;5210606501325090000;0
156809;5;1;11;0;2021;11;10;2;3;5;2;1;0;0;0;1;0;0;348037,278418171219528;5675751,779040161520243;6,824266495000074;51,212914942000054;5211115500300260000;0
156818;5;1;11;0;2021;5;17;5;3;0;3;1;1;0;0;0;0;0;346045,549156780354679;5673813,658157691359520;6,796603744000038;51,194966433000047;5210513500300680000;0
156819;5;1;58;28;2021;12;14;3;3;5;2;1;1;0;0;0;0;0;348065,453772706910968;5686804,189265888184309;6,819974488000071;51,312234903000046;5211214516300580000;0
156820;5;5;54;60;2021;2;14;5;3;0;7;1;0;0;0;0;0;0;353292,679850261658430;5756856,703412672504783;6,865572894000024;51,943054446000076;5210218705000120000;1
156824;5;3;62;20;2021;6;13;1;3;0;1;1;0;0;0;0;0;0;347039,571031027473509;5627802,390465836971998;6,830190849000076;50,781775841000069;5210627602600010000;0
156830;5;1;11;0;2021;11;23;5;3;0;7;1;0;0;0;0;2;0;345086,681317411363125;5675619,633790194988251;6,782111867000026;51,210934791000057;5211104500300770000;0
156833;5;1;11;0;2021;10;8;3;3;5;2;1;1;0;0;0;1;0;346087,408271163702011;5679193,251173613592982;6,794893114000047;51,243316057000072;5211019500200970000;1
156835;5;1;11;0;2021;1;17;7;3;0;1;1;0;0;0;0;1;0;345690,509527659043670;5678702,554249525070190;6,789422721000051;51,238799711000070;5210130500200570000;0
156839;5;3;62;28;2021;9;15;4;3;5;2;1;1;0;0;0;0;0;350242,641999772749841;5639137,286999281495810;6,870962969000061;50,884473628000080;5210908602700420000;0
156841;5;1;11;0;2021;9;15;4;3;2;2;1;1;0;0;0;0;0;346494,965668517164886;5675956,418103169649839;6,802114109000058;51,214341244000082;5210929500100200000;0
156842;5;1;58;28;2021;11;9;7;3;0;1;1;0;0;0;0;0;0;349837,008379777893424;5684891,962269576266408;6,846178914000063;51,295522505000065;5211113516300280000;0
156845;5;3;62;24;2021;5;11;4;3;0;1;1;0;0;0;0;0;0;346852,482858865521848;5642229,853676861152053;6,821506440000064;50,911375244000055;5210519602500100000;0
156846;5;1;70;8;2021;1;10;7;3;5;3;1;1;0;0;0;0;0;346469,473350363783538;5714397,285992987453938;6,785129363000067;51,559734358000071;5210123518400060000;1
156847;5;1;11;0;2021;9;12;5;3;3;5;1;1;0;0;0;0;0;347329,158253197558224;5677477,500975707545877;6,813400979000050;51,228232731000048;5210916500200530000;0
156849;5;1;62;4;2021;9;11;2;3;5;3;1;1;0;0;0;0;0;348002,172999759204686;5662375,505999231711030;6,829413241000054;51,092709241000080;5210906513320480000;0
156851;5;3;66;16;2021;6;10;4;3;1;5;1;1;0;0;0;0;0;343890,218677004799247;5614316,016364157199860;6,791258114000073;50,659744923000062;5210616603116090000;0
156855;5;1;11;0;2021;9;16;7;3;0;7;1;1;0;0;0;0;0;350939,824555237777531;5677478,878938637673855;6,865074517000039;51,229199519000076;5210925500200590000;0
156856;5;1;11;0;2021;3;16;4;3;0;5;1;1;0;0;0;0;0;347134,715466010384262;5680133,387712400406599;6,809484616000020;51,252045302000056;5210324500200120000;0
156858;5;1;11;0;2021;6;12;3;2;5;3;1;1;0;0;0;0;0;348137,645800842903554;5676205,032333405688405;6,825510473000065;51,217014433000031;5210601500200060000;0
156860;5;1;58;28;2021;2;13;5;2;8;1;1;0;0;0;0;0;0;347625,177208556793630;5684739,853237226605415;6,814543641000057;51,293568128000061;5210218516300370000;0
156861;5;1;58;28;2021;2;12;7;3;6;4;1;0;1;0;0;0;0;350415,241732495836914;5685213,697460556402802;6,854331562000027;51,298565732000043;5210213516310780000;0
156866;5;5;54;68;2021;11;11;6;2;5;3;1;1;0;0;0;0;0;350577,072999784722924;5766905,803999267518520;6,821716354000046;52,032617822000077;5211119705000480000;0
156874;5;1;58;28;2021;9;21;6;3;0;1;1;0;0;0;0;2;0;347962,240219144150615;5685604,800152031704783;6,819005831000027;51,301430221000032;5210910516300680000;1
156877;5;1;11;0;2021;3;16;3;3;0;7;1;0;0;0;0;0;0;345192,900803502649069;5678937,776529306545854;6,782198214000061;51,240778475000070;5210323500200570000;0
156878;5;1;11;0;2021;6;12;3;3;0;6;1;0;0;0;0;0;0;348678,714624539017677;5671487,449514323845506;6,835240329000044;51,174766981000062;5210622500000080000;0
156883;5;1;12;0;2021;6;10;1;3;1;7;1;1;0;0;0;0;0;345978,120290556922555;5691863,030731953680515;6,787860711000064;51,357128895000073;5210613501326280000;0
156889;5;1;12;0;2021;9;14;4;3;5;1;1;1;0;0;0;0;0;347271,833753651939332;5707477,242447914555669;6,799695812000039;51,497775321000063;5210929501114860000;1
156892;5;5;54;12;2021;11;19;4;3;0;2;1;1;0;0;0;2;0;347422,567531153559685;5752864,333296503871679;6,782006675000048;51,905606992000060;5211110705000890000;0
156893;5;1;12;0;2021;10;20;2;3;0;1;1;0;1;0;0;2;0;348662,827999765984714;5707128,504999238997698;6,819869291000032;51,495015928000043;5211004501114490000;0
156898;5;5;54;68;2021;10;17;2;3;4;6;1;0;0;0;0;0;0;351152,300513074733317;5767798,139445450156927;6,829707122000059;52,040789638000035;5211004705000790000;0
156899;5;3;66;40;2021;9;13;3;3;5;2;1;1;0;0;0;0;0;347744,585999751463532;5624323,059999236837029;6,841623924000032;50,750694483000075;5210928603140090000;0
156904;5;3;62;24;2021;10;16;6;2;5;3;1;1;0;0;0;0;0;345942,832748002372682;5642179,796125996857882;6,808598064000023;50,910683358000028;5211001602500610000;0
156913;5;1;11;0;2021;10;17;4;3;5;3;1;1;0;0;0;0;0;350369,262263093143702;5676847,359011273831129;6,857172370000058;51,223375472000043;5211013500200200000;0
156914;5;1;11;0;2021;10;18;1;2;2;5;1;1;0;0;0;1;0;346782,495999748818576;5677047,296999199315906;6,805761570000072;51,224220625000044;5211017500200070000;0
156915;5;1;11;0;2021;9;15;7;3;0;7;1;0;0;0;0;0;0;350986,522015701048076;5672139,358077703043818;6,867960187000051;51,181231072000060;5210904500300270000;0
156916;5;3;62;36;2021;12;8;2;3;4;2;1;1;0;0;0;0;0;344244,117971383966506;5647804,226649805903435;6,782049806000032;50,960767855000029;5211206602300060000;1
156917;5;3;62;28;2021;6;19;7;3;0;7;1;0;0;0;0;0;0;347787,605780839920044;5639862,304916325956583;6,835785147000024;50,890347261000045;5210619602700080000;0
156919;5;1;11;0;2021;10;11;4;2;0;1;1;0;0;0;0;0;0;349791,378675756976008;5676550,535298159345984;6,849027242000034;51,220556504000058;5211020500200270000;1
156920;5;1;11;0;2021;12;7;2;3;5;3;1;1;0;0;0;2;0;345886,196999741718173;5677045,390999184921384;6,792936614000041;51,223962224000047;5211213500100600000;1
156923;5;5;54;12;2021;4;17;6;3;1;7;1;1;0;0;0;0;0;351979,915963583625853;5745371,490236544981599;6,851417122000043;51,839514601000076;5210416705000380000;0
156928;5;1;11;0;2021;12;12;4;3;0;7;1;0;0;0;0;0;0;347265,931021569296718;5677428,356262532994151;6,812517072000048;51,227774220000072;5211201500200940000;1
156930;5;1;11;0;2021;6;19;3;3;0;1;1;0;0;0;0;0;0;346933,633202225901186;5677353,659777687862515;6,807793482000022;51,227014013000030;5210622500200980000;1
156931;5;1;17;0;2021;5;9;7;3;0;1;1;1;0;0;0;0;0;351997,650530871935189;5697012,659786779433489;6,872105377000025;51,405001982000044;5210508502407370000;0
156933;5;1;11;0;2021;12;17;6;2;0;1;1;0;0;0;0;2;0;348821,473999762907624;5674631,606999246403575;6,835957645000065;51,203057486000034;5211231500300470000;1
156934;5;3;15;0;2021;12;14;2;3;7;1;1;0;0;0;0;0;0;350596,326999775134027;5645039,582999285310507;6,873570993000044;50,937605860000076;5211220601300260000;0
156937;5;3;15;0;2021;10;11;3;3;5;2;1;1;0;0;0;0;0;347030,830926644615829;5645059,375316722318530;6,822854492000033;50,936848966000071;5211026601300360000;0
156940;5;1;58;28;2021;6;19;2;3;1;7;1;1;0;0;0;0;0;350718,065999777987599;5684087,723999280482531;6,859142870000028;51,288527485000031;5210628516300980000;0
156945;5;1;19;0;2021;6;12;5;3;5;3;1;1;0;0;0;0;0;350506,888700598850846;5709754,045687297359109;6,845301146000054;51,519097959000078;5210624508000370000;0
156949;5;5;54;12;2021;11;18;6;3;0;3;1;1;0;0;0;2;0;352947,627999799326062;5746249,560999324545264;6,865080035000062;51,847659679000060;5211126705000480000;1
156950;5;1;11;0;2021;2;11;2;2;0;7;1;0;0;0;0;0;0;346415,493811820633709;5676678,026132714003325;6,800668060000021;51,220803909000040;5210215500100060000;2
156952;5;5;54;12;2021;4;14;7;3;5;2;1;1;0;0;0;0;0;352399,555999796837568;5747661,167999310418963;6,856526293000059;51,860198183000080;5210403705000510000;0
156954;5;3;15;0;2021;2;18;6;2;6;6;1;0;1;0;0;0;0;348468,010999759659171;5647692,560999244451523;6,842197921000036;50,960890726000059;5210226601300880000;0
156957;5;3;62;20;2021;9;16;3;3;3;3;1;1;0;0;0;0;0;346413,451825006864965;5631880,002061907202005;6,819610611000030;50,818252973000028;5210914602600680000;0
156958;5;3;62;24;2021;9;17;6;3;0;1;1;0;0;0;0;0;0;346075,340679304674268;5642708,994910730049014;6,810258225000041;50,915474121000045;5210924602500980000;0
156959;5;3;15;0;2021;3;12;3;3;1;5;1;1;0;0;0;0;0;349633,367948541417718;5645001,682417679578066;6,859891242000060;50,937014988000044;5210316601300090000;1
156961;5;1;11;0;2021;9;14;2;3;1;5;1;1;0;0;0;0;0;345297,228652562946081;5676489,277389641851187;6,784748721000028;51,218805995000082;5210906500300790000;0
156965;5;1;11;0;2021;5;20;1;2;4;6;1;0;0;0;1;0;0;345608,086035827174783;5679333,684556296095252;6,787970786000074;51,244448384000066;5210530500200990000;0
156966;5;1;62;4;2021;10;15;6;3;1;5;1;1;0;0;0;0;0;346931,065122632309794;5658996,347135754302144;6,815560204000064;51,062059803000068;5211029513320570000;0
156968;5;5;54;12;2021;9;22;5;3;0;2;1;1;0;0;0;2;0;352531,741999795660377;5745888,812999311834574;6,859200543000043;51,844308694000063;5210909705000890000;0
156970;5;5;54;12;2021;7;18;7;3;0;7;1;0;0;0;0;0;0;353199,628162077628076;5745518,970519430935383;6,869045975000063;51,841161662000047;5210703705000370000;0
156971;5;1;11;0;2021;2;18;3;3;0;1;1;0;0;0;0;2;0;345012,551483293995261;5675606,445691354572773;6,781057104000070;51,210796178000066;5210216500300460000;0
156972;5;1;62;4;2021;12;11;5;3;0;1;1;0;0;0;0;0;0;348417,589066626504064;5662574,777195503935218;6,835257359000025;51,094609825000077;5211216513320870000;1
156973;5;3;15;0;2021;2;16;4;3;5;3;1;1;0;0;0;0;0;350855,677999778650701;5651302,458999289199710;6,874691914000039;50,993953505000036;5210224601400080000;0
156976;5;1;11;0;2021;1;6;4;3;5;2;1;1;0;0;0;2;0;345981,856501307338476;5676344,196098169311881;6,794606694000038;51,217687462000072;5210106500100060000;1
156977;5;1;11;0;2021;3;13;7;3;1;5;1;1;0;0;0;0;0;345170,652999736368656;5681765,004999166354537;6,780656496000063;51,266176104000067;5210306500200870000;0
156979;5;1;12;0;2021;6;18;5;3;5;3;1;1;0;0;0;0;0;346419,915902642533183;5707938,745528213679790;6,787231437000059;51,501691136000034;5210617501114090000;0
156980;5;1;62;4;2021;7;20;3;3;7;7;1;0;1;0;0;1;0;346986,778140389360487;5661894,250229716300964;6,815128139000024;51,088114757000028;5210706513320570000;0
156984;5;1;11;0;2021;9;15;3;3;0;5;1;0;0;0;1;0;0;348568,060999761335552;5673103,796999242156744;6,832977360000029;51,189261837000060;5210921500300860000;0
156985;5;5;54;12;2021;9;18;6;2;0;7;1;0;0;0;0;0;0;351470,833397946320474;5745309,495782583951950;6,844059797000057;51,838822428000071;5210917705000580000;0
156986;5;1;11;0;2021;6;9;2;3;0;7;1;0;0;0;0;0;0;345770,500638297758996;5678185,179352493956685;6,790790495000067;51,234172497000031;5210621500200410000;1
156987;5;3;66;16;2021;6;17;5;2;0;1;1;0;0;0;0;0;0;344284,427169204689562;5614677,742896279320121;6,796679057000063;50,663101067000071;5210603603116950000;1
156988;5;3;62;24;2021;1;18;4;3;0;1;1;0;0;0;0;2;0;346843,931246239691973;5642226,207350378856063;6,821386420000067;50,911340209000059;5210127602500190000;1
156989;5;1;11;0;2021;2;15;7;2;1;5;1;1;0;0;0;0;0;350783,574384307488799;5672521,796667173504829;6,864899806000039;51,184614720000070;5210220500300190000;0
156991;5;1;12;0;2021;12;10;5;3;0;5;1;1;0;0;0;0;0;346087,450814860872924;5705132,836484525352716;6,783668460000058;51,476389590000053;5211230501127390000;0
156992;5;3;15;0;2021;12;17;5;2;0;1;1;0;0;0;0;2;0;349016,433010459877551;5644350,443210624158382;6,851387036000062;50,931001584000057;5211209601300360000;1
156993;5;1;62;4;2021;5;11;1;3;0;1;1;0;0;0;0;0;0;345111,217528760433197;5666308,837398367002606;6,786473441000055;51,127279195000028;5210509513320770000;0
156994;5;3;62;20;2021;10;8;6;3;0;7;1;0;0;0;0;0;0;346040,100126247853041;5630959,147498169913888;6,814700800000026;50,809878818000072;5211001602600190000;0
157002;5;1;58;28;2021;6;12;4;3;0;5;1;1;0;0;0;0;0;348171,387999759055674;5689181,683999231085181;6,820480534000069;51,333626138000056;5210630516300770000;0
157007;5;1;58;28;2021;10;15;3;2;0;1;1;0;0;0;0;0;0;348622,174858384765685;5684726,502625897526741;6,828837820000047;51,293714079000040;5211019516300390000;1
157009;5;3;66;16;2021;11;16;4;3;5;3;1;1;0;0;0;1;0;343792,739999717101455;5613143,913999153301120;6,790374460000066;50,649185875000057;5211103603000090000;1
157011;5;3;66;40;2021;2;13;2;3;0;1;1;0;0;0;0;0;0;349123,190028963610530;5626002,366590023040771;6,860464147000073;50,766145687000062;5210208603140620000;2
157012;5;1;11;0;2021;12;17;4;3;1;5;1;0;0;0;1;2;0;347090,953497488051653;5676878,457480838522315;6,810247570000058;51,222786212000074;5211201500200000000;1
157017;5;1;11;0;2021;5;10;3;2;1;5;1;1;0;0;0;0;0;348078,369790982455015;5673467,805756440386176;6,825821193000024;51,192402767000033;5210504500300120000;1
157018;5;1;11;0;2021;9;12;5;3;0;6;1;1;0;0;0;0;0;345606,807044425979257;5677132,788035942241549;6,788901019000036;51,224672030000079;5210916500100070000;0
157021;5;3;62;36;2021;2;14;3;3;0;1;1;0;0;0;0;0;0;346106,475999739952385;5651672,452999193221331;6,806911177000075;50,996027937000065;5210223602300470000;0
157022;5;3;15;0;2021;5;15;1;2;0;7;1;0;0;0;0;0;0;350389,156246998347342;5646301,932209283113480;6,870106067000052;50,948896087000037;5210509601300870000;0
157025;5;1;19;0;2021;12;1;1;3;0;1;1;1;0;0;0;2;0;352483,487090981565416;5705367,181871093809605;6,875603588000047;51,480199279000033;5211212508000870000;1
157026;5;3;62;20;2021;10;16;4;3;1;5;1;1;0;0;0;0;0;345092,650477538816631;5630955,237856727093458;6,801264938000031;50,809591106000028;5211013602600110000;0
157030;5;1;11;0;2021;3;11;3;2;5;3;1;1;0;0;0;0;0;347956,131569749675691;5678247,786519471555948;6,822046837000073;51,235321603000045;5210330500200870000;0
157032;5;1;11;0;2021;4;13;3;3;5;1;1;1;0;0;0;0;0;347368,755347182042897;5676805,731974046677351;6,814253721000057;51,222207072000060;5210427500200170000;0
157033;5;1;11;0;2021;9;12;4;3;1;5;1;1;0;0;0;0;0;350050,603829359635711;5671734,449546994641423;6,854748334000021;51,177347891000068;5210901500300510000;0
157034;5;1;58;28;2021;5;10;4;3;5;3;1;1;0;0;0;0;0;348711,372985244728625;5684900,874115847051144;6,830042280000043;51,295304615000077;5210526516300890000;0
157037;5;3;62;36;2021;9;15;3;3;3;6;1;0;0;0;0;0;0;345505,857471070252359;5652585,711177896708250;6,797970097000075;51,004073414000061;5210921602300570000;0
157038;5;3;62;36;2021;10;22;7;3;0;7;1;0;0;0;0;2;0;347135,593561245128512;5650903,274233922362328;6,821889143000021;50,989390376000074;5211009602300070000;0
157041;5;1;11;0;2021;11;9;1;3;0;6;1;0;0;0;1;0;0;345274,118130073882639;5679041,303833097219467;6,783316086000070;51,241730741000026;5211107500200190000;1
157043;5;1;58;28;2021;2;17;1;3;0;1;1;0;1;0;0;1;0;350132,966299539431930;5684988,280529044568539;6,850380257000040;51,296465968000064;5210207516300080000;2
157045;5;1;19;0;2021;11;17;4;3;0;1;1;0;0;0;0;2;0;349388,208054342307150;5712653,623486086726189;6,827949504000060;51,544854132000069;5211124508000080000;0
157046;5;5;54;12;2021;9;7;3;3;5;3;1;1;0;0;0;0;0;353437,589999801479280;5747576,949999328702688;6,871625217000030;51,859715075000054;5210928705000790000;0
157048;5;5;54;68;2021;11;21;1;2;0;1;1;0;0;0;0;2;0;350335,186551649123430;5765743,666006144136190;6,818701192000049;52,022111497000026;5211128705000080000;1
157049;5;5;54;12;2021;10;9;6;3;5;3;1;1;0;0;0;0;0;352872,694999798201025;5746388,564999315887690;6,863933819000067;51,848888880000061;5211029705000490000;0
157053;5;3;15;0;2021;12;16;3;3;5;2;1;1;0;0;0;2;0;350767,744207198731601;5644410,037343779578805;6,876266738000027;50,931992886000046;5211214601300590000;0
157057;5;1;11;0;2021;5;12;4;3;0;3;1;1;0;0;0;0;0;345704,264999739825726;5681419,839999178424478;6,788448156000072;51,263219360000051;5210512500200290000;0
157059;5;1;19;0;2021;7;18;4;3;5;3;1;1;0;0;0;0;0;352267,571503045968711;5708712,352787649258971;6,871096116000047;51,510201053000060;5210707508000570000;0
157060;5;1;11;0;2021;12;12;6;2;0;1;1;1;0;0;0;0;0;345680,824893164448440;5676502,309102633967996;6,790231595000023;51,219026900000074;5211224500100290000;0
157061;5;1;58;28;2021;3;9;5;2;5;2;1;1;0;0;0;0;0;347944,949671890586615;5684878,999124582856894;6,819067187000030;51,294903905000069;5210318516300670000;0
157065;5;1;11;0;2021;12;20;5;3;0;7;1;1;1;0;0;2;0;348649,240572541020811;5671811,684319023042917;6,834682476000069;51,177672690000065;5211216500300570000;0
157066;5;5;54;12;2021;5;7;2;3;0;7;1;0;0;0;0;0;0;351818,413636597804725;5745285,990034310147166;6,849111242000049;51,838703564000070;5210503705000420000;0
157067;5;1;11;0;2021;12;7;6;2;6;4;1;0;1;0;0;2;0;346069,373629238456488;5677005,299251651391387;6,795575019000069;51,223651403000076;5211203500100070000;1
157068;5;1;11;0;2021;11;15;5;3;4;6;1;0;0;0;1;0;0;348293,317229500971735;5675417,809686783701181;6,828070759000070;51,209982066000066;5211104500300570000;1
157070;5;1;58;28;2021;9;18;4;3;3;2;1;1;0;0;0;0;0;347867,365089762024581;5685007,550351735204458;6,817900470000041;51,296038280000062;5210922516300280000;0
157071;5;5;54;12;2021;6;12;3;3;0;1;1;0;0;0;0;0;0;352768,490035007707775;5752934,676928833127022;6,859629795000046;51,907677403000037;5210622705000920000;0
157072;5;1;11;0;2021;11;15;5;3;1;5;1;1;0;0;0;0;0;346704,307410352863371;5676825,759742122143507;6,804737446000047;51,222209000000078;5211111500200000000;0
157076;5;1;11;0;2021;6;20;5;3;4;2;1;1;0;0;0;0;0;346491,344999744556844;5677428,147999191656709;6,801432148000060;51,227564550000068;5210617500200460000;0
157078;5;1;11;0;2021;1;17;4;3;2;1;1;1;0;0;0;2;0;345977,298401677981019;5677765,554225418716669;6,793930738000029;51,230457823000052;5210120500200050000;0
157079;5;1;12;0;2021;2;11;4;3;5;3;1;0;0;0;1;0;0;345696,347850200720131;5698978,433586694300175;6,780724862000056;51,420985452000082;5210224501316880000;0
157083;5;5;54;12;2021;5;7;5;3;3;2;1;1;0;0;0;0;0;352196,268951319158077;5744749,689836189150810;6,854820832000030;51,833985088000077;5210520705000290000;0
157084;5;3;15;0;2021;1;8;3;3;0;7;1;0;0;0;0;1;0;347610,302999752573669;5645604,489999227225780;6,830867539000053;50,941900861000079;5210112601320910000;1
157085;5;1;62;4;2021;10;11;6;3;6;4;1;0;1;0;0;0;0;348956,037060961127281;5662828,728794466704130;6,842834840000023;51,097033900000042;5211008513320190000;0
157086;5;1;11;0;2021;4;19;7;3;1;7;1;1;0;0;0;0;0;345807,213729119859636;5677358,074020620435476;6,791671881000070;51,226750498000058;5210424500100940000;0
157089;5;5;54;68;2021;10;16;5;3;5;3;1;1;0;0;0;0;0;350574,322371747344732;5766903,838018355891109;6,821677146000070;52,032599418000075;5211021705000060000;1
157090;5;1;11;0;2021;2;13;5;3;8;1;1;0;0;0;0;0;0;350713,716473755426705;5671942,555208686739206;6,864141632000042;51,179391437000049;5210204500300700000;0
157094;5;5;54;68;2021;12;6;6;3;4;3;1;1;0;0;0;2;0;351018,684423805214465;5767199,339009342715144;6,828021296000031;52,035373870000058;5211217705000590000;1
157095;5;1;11;0;2021;1;12;2;3;5;3;1;1;0;0;0;0;0;347249,435999751091003;5676501,556999212130904;6,812675948000049;51,219441964000055;5210104500200470000;1
157098;5;1;11;0;2021;6;11;1;2;0;1;1;0;0;0;0;0;0;347428,056999754160643;5673769,990999218076468;6,816393277000032;51,194944856000063;5210606500300170000;0
157099;5;3;15;0;2021;9;10;2;3;0;7;1;0;0;0;0;0;0;349612,729781156405807;5644186,490964472293854;6,859934099000043;50,929684032000068;5210927601300490000;0
157100;5;1;11;0;2021;5;3;1;3;0;7;1;0;0;0;0;2;0;346865,219272807240486;5678782,152099676430225;6,806203836000066;51,239831443000071;5210530500200980000;0
157103;5;5;54;68;2021;12;13;2;3;0;3;1;1;0;0;0;0;0;351478,277984991669655;5767455,832872591912746;6,834605079000028;52,037801609000041;5211213705000690000;1
157104;5;3;15;0;2021;3;17;4;3;0;1;1;0;0;0;0;0;0;350811,335204578004777;5652606,159886615350842;6,873524806000034;51,005657463000034;5210310601400490000;0
157106;5;1;11;0;2021;3;6;2;3;5;2;1;0;0;0;1;2;0;345881,024129794910550;5675628,346425289288163;6,793471633000024;51,211227991000044;5210308500100160000;0
157108;5;1;11;0;2021;1;9;6;3;0;3;1;1;0;0;0;0;0;345520,450879871845245;5674280,253423772752285;6,788893753000025;51,199017311000034;5210122500300390000;1
157110;5;1;17;0;2021;7;20;1;3;0;7;1;0;0;0;0;0;0;351119,918172770179808;5699234,923517327755690;6,858562091000067;51,424740584000062;5210711502408870000;0
157111;5;1;11;0;2021;1;16;5;3;5;3;1;1;0;0;0;1;0;346657,473638768307865;5676042,463075175881386;6,804402277000065;51,215158068000051;5210107500100070000;1
157112;5;1;17;0;2021;10;12;1;2;0;7;1;0;0;0;0;0;0;351738,704065443947911;5698296,240859601646662;6,867848517000027;51,416468143000031;5211031502408690000;1
157113;5;1;11;0;2021;3;14;1;2;5;3;1;1;0;0;0;0;0;348449,066961543634534;5671499,710936388000846;6,831952404000049;51,174816344000078;5210321500300380000;0
157114;5;5;54;12;2021;11;9;2;2;0;7;1;0;0;0;0;0;0;351661,145044005475938;5745124,614988515153527;6,846899383000050;51,837211883000066;5211122705000480000;2
157115;5;1;12;0;2021;9;19;3;3;0;5;1;1;0;0;0;1;0;346496,004860543645918;5699085,656039437279105;6,792170302000045;51,422165971000027;5210914501316770000;0
157116;5;3;62;36;2021;4;7;5;3;6;6;1;0;1;0;0;0;0;345392,883999735116959;5651932,681999178603292;6,796639233000064;50,998175049000054;5210415602300070000;0
157117;5;1;11;0;2021;2;11;5;3;1;5;1;1;0;0;0;0;0;347609,407669133506715;5671457,949579596519470;6,819967459000054;51,174217945000066;5210225500300050000;0
157119;5;1;11;0;2021;10;15;5;3;0;1;1;0;0;0;0;0;0;345417,600589024834335;5675780,017504693940282;6,786776715000030;51,212465578000035;5211028500300870000;0
157120;5;1;19;0;2021;2;13;6;3;5;3;1;1;0;0;0;0;0;351282,314550573937595;5709512,979211835190654;6,856570929000043;51,517136561000029;5210219508000880000;0
157126;5;3;15;0;2021;9;17;4;3;0;5;1;1;0;0;0;0;0;350408,276912316679955;5644822,981262851506472;6,870985413000028;50,935610643000075;5210922601300390000;0
157127;5;1;62;4;2021;10;13;4;3;0;1;1;0;0;0;0;0;0;348303,024844040162861;5664838,043171301484108;6,832671231000063;51,114917017000039;5211020513320090000;1
157130;5;1;11;0;2021;7;13;7;3;4;7;1;0;0;0;0;0;0;345768,889806315302849;5672837,592584775760770;6,793066505000070;51,186121366000066;5210710500300580000;0
157131;5;1;62;4;2021;6;7;4;3;0;3;1;1;0;0;0;0;0;344680,241899143904448;5665452,688687302172184;6,780688120000036;51,119469524000067;5210609513320680000;0
157132;5;1;11;0;2021;6;7;4;3;0;7;1;0;0;0;0;0;0;347951,763600584119558;5680062,257538896054029;6,821213794000073;51,251624583000080;5210630500200780000;0
157133;5;3;62;24;2021;5;14;2;3;5;3;1;1;0;0;0;0;0;344439,070999725721776;5641842,744999157264829;6,787368278000031;50,907251344000031;5210524602500680000;0
157134;5;1;11;0;2021;4;15;5;3;0;2;1;1;0;0;0;0;0;347342,272405889816582;5675072,270251162350178;6,814612610000040;51,206623764000028;5210401500300240000;0
157135;5;1;11;0;2021;9;20;3;3;5;3;1;1;0;0;0;1;0;350345,666062105447054;5677130,266112800687551;6,856716588000040;51,225911450000069;5210907500200910000;0
157137;5;3;15;0;2021;9;13;2;3;0;5;1;1;0;0;0;0;0;348433,013801676221192;5644761,157045444473624;6,842920011000047;50,934539343000040;5210927601320720000;0
157138;5;3;62;36;2021;10;9;3;3;0;1;1;0;0;0;0;0;0;345797,091544287279248;5652040,108372112736106;6,802349577000030;50,999248828000077;5211012602300080000;1
157141;5;1;62;4;2021;6;16;1;3;5;3;1;0;0;0;1;0;0;348851,292496147565544;5667079,539198527112603;6,839558648000036;51,135203773000057;5210613513320380000;0
157145;5;3;62;36;2021;6;12;6;2;0;5;1;1;0;0;0;0;0;344433,384958446025848;5647306,155620781704783;6,784955697000044;50,956343400000037;5210618602300680000;0
157146;5;1;58;28;2021;12;6;2;3;0;1;1;0;0;0;0;2;0;349312,851999768055975;5685588,470999252051115;6,838372498000069;51,301642604000051;5211227516300170000;1