OID_;ULAND;UREGBEZ;UKREIS;UGEMEINDE;UJAHR;UMONAT;USTUNDE;UWOCHENTAG;UKATEGORIE;UART;UTYP1;IstRad;IstPKW;IstFuss;IstKrad;IstSonstige;ULICHTVERH;IstGkfz;LINREFX;LINREFY;XGCSWGS84;YGCSWGS84;UIDENTSTLAE;IstStrassenzustand
157148;5;3;15;0;2021;7;18;3;3;5;2;1;0;0;0;1;0;0;349161,476666322909296;5644846,487644568085670;6,853244274000076;50,935497129000055;5210706601300680000;0
157149;5;1;11;0;2021;4;7;3;3;5;5;1;1;0;0;0;0;0;348144,204668138176203;5674021,555334033444524;6,826528440000061;51,197396105000053;5210427500300240000;0
157150;5;1;62;4;2021;7;14;6;3;5;3;1;1;0;0;0;0;0;346841,277199625968933;5662850,512407196685672;6,812646635000021;51,096668706000060;5210709513320370000;0
157153;5;3;66;40;2021;10;18;7;2;0;1;1;0;0;0;0;1;0;345894,001532346010208;5619194,616823252290487;6,817553367000073;50,704119994000052;5211009603140870000;0
157156;5;1;11;0;2021;6;16;6;3;5;2;1;1;0;0;0;0;0;351268,163459179922938;5670652,204896999523044;6,872602168000071;51,167940817000044;5210604500300590000;0
157157;5;1;11;0;2021;4;14;7;3;0;1;1;0;0;0;0;0;0;345188,768999736756086;5678932,483999164775014;6,782141357000057;51,240729799000064;5210417500200460000;0
157158;5;5;54;68;2021;7;11;3;3;5;3;1;1;0;0;0;0;0;351481,310999790206552;5767458,565999286249280;6,834648078000043;52,037826977000066;5210713705000460000;1
157159;5;5;54;12;2021;6;21;5;3;0;7;1;0;0;0;0;1;0;353537,020597285591066;5745646,479222768917680;6,873885929000039;51,842395920000058;5210603705000690000;0
157160;5;5;54;12;2021;12;11;6;3;5;3;1;1;0;0;0;0;0;351759,198999791406095;5745594,627999296411872;6,848120124000047;51,841460918000053;5211231705000540000;0
157163;5;1;11;0;2021;11;16;7;3;5;3;1;1;0;0;0;1;0;345547,033998898230493;5676759,840109819546342;6,788206368000033;51,221304756000052;5211120500100000000;0
157166;5;1;11;0;2021;5;21;7;3;6;7;1;0;1;0;0;1;0;346623,969623940065503;5677035,439237512648106;6,803498165000065;51,224071505000040;5210529500200270000;0
157169;5;1;19;0;2021;6;19;7;3;5;2;1;0;0;0;1;0;0;350488,363861398771405;5704209,221170380711555;6,847383336000064;51,469270711000036;5210626508000070000;0
157172;5;3;62;36;2021;5;20;7;3;8;1;1;0;0;0;0;0;0;347164,063403083942831;5651652,546525448560715;6,821979214000066;50,996130903000051;5210529602300480000;0
157173;5;1;70;36;2021;3;7;2;3;5;2;1;1;0;0;0;0;0;352533,881309648975730;5728787,714621752500534;6,866490942000041;51,690654938000080;5210301518401770000;0
157174;5;1;12;0;2021;10;15;7;3;6;7;1;0;1;0;0;0;0;346106,895787199959159;5705616,206182835623622;6,783737659000053;51,480737970000064;5211016501126480000;0
157177;5;3;15;0;2021;5;14;2;3;2;6;1;1;0;0;0;0;0;347509,077999752014875;5648108,342999223619699;6,828379002000077;50,964373999000031;5210503601300870000;0
157181;5;1;11;0;2021;9;21;3;3;1;5;1;1;0;0;0;2;0;349045,460851024836302;5674935,226151578128338;6,839033734000054;51,205844973000069;5210921500300770000;0
157182;5;1;11;0;2021;9;18;5;3;5;3;1;1;0;0;0;0;0;347840,918233422562480;5680863,480892419815063;6,819285941000032;51,258794482000042;5210902500200050000;0
157184;5;1;11;0;2021;10;18;6;3;0;1;1;0;0;0;0;1;0;346940,193655166774988;5677537,194443318992853;6,807808980000061;51,228664935000040;5211029500200070000;1
157187;5;1;11;0;2021;5;10;7;2;0;5;1;1;0;0;0;0;0;351656,123908833600581;5669503,236380793154240;6,878621144000022;51,157716847000074;5210515500300170000;0
157191;5;1;11;0;2021;12;18;6;3;5;3;1;1;0;0;0;2;0;345513,360877441242337;5675615,647264618426561;6,788217451000037;51,211014547000048;5211203500300070000;1
157193;5;1;11;0;2021;9;5;4;3;5;3;1;1;0;0;0;1;0;347130,788742919452488;5674325,803188119083643;6,811905427000056;51,199859733000039;5210922500300690000;0
157195;5;1;11;0;2021;9;12;3;3;5;3;1;1;0;0;0;0;0;346878,740221544168890;5675749,282564846798778;6,807693106000045;51,212583047000066;5210921500100060000;0
157197;5;1;11;0;2021;6;7;4;3;4;6;1;0;0;0;0;0;0;349090,236616903916001;5671006,510456861928105;6,841324845000031;51,170554087000028;5210616500300300000;0
157198;5;1;11;0;2021;9;18;5;3;0;6;1;1;1;0;0;0;0;345633,683252038434148;5676252,866539809852839;6,789664474000062;51,216772799000069;5210916500300980000;0
157199;5;1;62;4;2021;3;16;2;3;0;7;1;0;0;0;0;0;0;348648,983794480562210;5662670,001156162470579;6,838519467000026;51,095526620000044;5210301513320560000;0
157201;5;1;11;0;2021;10;15;3;3;4;3;1;0;0;0;1;0;0;350474,081879229284823;5670921,869538232684135;6,861140282000065;51,170156979000069;5211012500300500000;1
157202;5;3;62;24;2021;11;19;5;3;0;1;1;0;0;0;0;2;0;345972,391728600487113;5642076,902606409043074;6,809061627000062;50,909766639000054;5211125602500280000;1
157207;5;1;19;0;2021;11;14;3;3;0;7;1;0;1;0;0;0;0;352176,993960660882294;5705562,713008046150208;6,871111194000036;51,481876221000050;5211109508100320000;0
157208;5;1;11;0;2021;10;8;6;3;0;1;1;1;0;0;0;0;0;345683,958957697264850;5678668,349867377430201;6,789343693000035;51,238490598000055;5211022500200860000;0
157212;5;5;54;12;2021;10;16;2;3;7;1;1;1;0;0;0;0;0;353243,672225176356733;5745517,386948546394706;6,869685513000036;51,841159010000069;5211025705000790000;0
157213;5;1;11;0;2021;2;20;4;3;0;7;1;0;0;0;0;1;0;345203,490549637004733;5678951,341198343783617;6,782343940000032;51,240903232000051;5210224500200580000;0
157214;5;1;11;0;2021;6;17;1;3;0;7;1;1;0;0;0;0;0;348662,687999763526022;5674862,444999245926738;6,833589099000051;51,205089696000073;5210627500300390000;1
157218;5;1;12;0;2021;3;12;4;3;0;5;1;1;0;0;0;0;0;345796,945344360545278;5700799,294120920822024;6,781377936000069;51,437373426000079;5210310501314180000;0
157221;5;1;11;0;2021;9;17;7;3;0;1;1;0;0;0;0;0;0;347580,760566474869847;5681327,013132622465491;6,815362800000059;51,262890086000027;5210904500200690000;0
157223;5;1;11;0;2021;4;13;5;3;5;2;1;1;0;0;0;0;0;350151,485051465220749;5672224,891342770308256;6,855986003000055;51,181781409000052;5210408500300480000;0
157225;5;1;11;0;2021;1;15;5;3;0;5;1;1;0;0;0;0;0;346449,646127759478986;5678638,064748626202345;6,800316845000054;51,238425051000036;5210114500200910000;0
157226;5;1;62;4;2021;9;13;1;3;1;5;1;1;0;0;0;0;0;349329,830200418829918;5665783,750572502613068;6,846935159000054;51,123685999000031;5210919513320270000;0
157227;5;1;11;0;2021;6;7;5;3;5;3;1;1;0;0;0;0;0;345697,421999739482999;5673564,970999177545309;6,791732177000029;51,192637954000077;5210610500300130000;0
157232;5;1;11;0;2021;6;21;4;3;3;6;1;0;0;1;0;0;0;345295,167999735102057;5676956,432999169453979;6,784517654000069;51,223003031000076;5210623500100870000;0
157233;5;1;58;28;2021;1;7;3;3;5;2;1;1;0;0;0;1;0;350207,836999774910510;5684045,332999274134636;6,851848949000043;51,288012606000052;5210112516300070000;1
157235;5;3;62;12;2021;9;17;2;3;6;4;1;0;1;0;0;0;0;350212,635704041458666;5632584,425397908315063;6,873217822000072;50,825578455000027;5210920602800980000;0
157236;5;1;62;4;2021;5;14;2;3;5;3;1;0;0;0;1;0;0;346862,561393747106194;5662279,523038834333420;6,813192499000024;51,091543595000076;5210531513320680000;0
157238;5;1;58;28;2021;10;10;6;3;5;2;1;0;0;0;1;0;0;347986,451506346464157;5686649,311284964904189;6,818907821000039;51,310822149000046;5211008516300480000;0
157239;5;3;15;0;2021;9;8;4;3;1;6;1;1;0;0;0;0;0;349812,513276864774525;5644448,405302051454782;6,862667060000035;50,932089736000080;5210929601300370000;0
157242;5;1;58;28;2021;6;13;3;3;5;2;1;1;0;0;0;0;0;349089,234486951492727;5684834,758419936522841;6,835485803000040;51,294810797000082;5210601516330530000;0
157243;5;1;17;0;2021;6;7;2;3;5;3;1;1;0;0;0;0;0;352364,292748863808811;5697223,447507012635469;6,877285131000065;51,406991611000080;5210614502407070000;0
157245;5;1;11;0;2021;10;14;6;2;5;3;1;1;0;0;0;0;0;345995,317519238218665;5673514,401175811886787;6,796013746000028;51,192263912000044;5211029500300250000;0
157246;5;1;11;0;2021;6;17;3;3;5;2;1;1;0;0;0;0;0;348055,812999758869410;5671866,473999233916402;6,826175908000039;51,178007629000035;5210601500300890000;0
157247;5;3;66;16;2021;6;16;3;2;2;6;1;0;0;0;0;0;0;343683,294999716803432;5614166,950999148190022;6,788395691000062;50,658349870000052;5210601603116290000;0
157248;5;1;11;0;2021;10;15;6;3;5;3;1;1;0;0;0;0;0;347375,732967310585082;5673296,855084009468555;6,815846095000040;51,190679444000068;5211015500300500000;0
157254;5;1;11;0;2021;7;14;2;3;0;7;1;0;0;0;0;0;0;346502,472999745979905;5677738,289999194443226;6,801458551000053;51,230354330000068;5210705500200670000;0
157257;5;1;12;0;2021;10;19;4;3;6;4;1;1;1;0;0;2;0;345726,503568621352315;5699847,018662268295884;6,780780060000041;51,428797978000034;5211027501315980000;0
157260;5;3;62;20;2021;12;11;5;3;5;3;1;1;0;0;0;0;0;346076,048893864266574;5631354,063119301572442;6,815045027000053;50,813437180000051;5211230602600560000;1
157261;5;1;11;0;2021;9;0;7;3;1;7;1;1;0;0;0;2;0;350193,570386244915426;5675697,495817100629210;6,855138616000033;51,212996890000056;5210911500300370000;1
157264;5;1;11;0;2021;9;7;3;3;2;7;1;1;0;0;0;0;0;345686,458008318208158;5674393,552458334714174;6,791219256000034;51,200080220000075;5210914500300100000;0
157265;5;3;66;16;2021;9;13;5;3;1;5;1;1;0;0;0;0;0;344253,103108356706798;5614539,035692792385817;6,796294548000049;50,661846217000061;5210930603116690000;0
157273;5;1;19;0;2021;6;18;4;3;5;3;1;1;0;0;0;0;0;349175,509315669536591;5712953,828776517882943;6,824755763000041;51,547494726000082;5210602508000870000;0
157275;5;1;11;0;2021;2;18;7;3;0;7;1;0;0;0;0;1;0;347373,664882849901915;5677585,155482951551676;6,813992068000061;51,229211974000066;5210227500200170000;0
157278;5;1;58;28;2021;6;19;2;3;0;1;1;0;0;0;0;0;0;349003,809327331371605;5689247,404451644048095;6,832392984000023;51,334438328000033;5210628516340030000;0
157284;5;1;11;0;2021;5;9;7;3;1;5;1;1;0;0;0;0;0;347050,047356138005853;5675686,129996161907911;6,810170795000033;51,212061490000053;5210529500100470000;0
157285;5;3;62;24;2021;10;14;3;3;5;3;1;1;0;0;0;0;0;344281,469976176507771;5645715,043495228514075;6,783474796000064;50,942004891000067;5211005602500760000;0
157286;5;5;54;12;2021;11;14;3;3;5;3;1;1;0;0;0;0;0;352111,822940383106470;5745891,222202675417066;6,853108153000051;51,844219279000072;5211109705000390000;0
157287;5;1;58;28;2021;2;14;7;3;5;2;1;1;0;0;0;0;0;348606,318999763578176;5684730,007999243214726;6,828609093000068;51,293741361000059;5210213516330780000;0
157288;5;1;11;0;2021;5;9;7;3;1;5;1;1;0;0;0;0;0;347281,466093565337360;5677787,507660450413823;6,812586330000045;51,231005563000053;5210529500200070000;0
157289;5;3;15;0;2021;9;15;4;3;5;3;1;1;0;0;0;0;0;350732,366279971785843;5651519,667944628745317;6,872846743000025;50,995873441000072;5210908601400470000;0
157290;5;1;11;0;2021;5;12;7;3;5;3;1;1;0;0;0;0;0;345631,009772256016731;5673746,271214013919234;6,790704549000054;51,194249093000053;5210529500300970000;0
157292;5;1;11;0;2021;9;18;2;3;4;6;1;0;0;0;0;0;0;350513,507378222420812;5671988,368620010092854;6,861260294000033;51,179750803000047;5210906500300060000;0
157293;5;1;11;0;2021;3;17;5;3;1;5;1;1;0;0;0;0;0;346867,940927433781326;5677352,712774530053139;6,806853785000044;51,226987884000039;5210311500200760000;0
157294;5;1;11;0;2021;10;9;7;3;0;7;1;0;0;0;0;0;0;345266,463347131386399;5679369,689604865387082;6,783064598000067;51,244679338000026;5211009500200470000;0
157296;5;1;11;0;2021;9;13;4;2;0;5;1;1;0;0;0;0;0;349793,894687186926603;5676368,918305158615112;6,849139331000060;51,218925189000061;5210908500300000000;0
157297;5;1;12;0;2021;6;15;6;3;5;7;1;1;0;0;0;0;0;346742,354696160182357;5700858,775117846205831;6,794943564000050;51,438164412000049;5210611501314290000;0
157299;5;1;11;0;2021;6;17;2;3;5;2;1;1;0;0;0;0;0;345669,228383568115532;5677919,819417096674442;6,789455320000059;51,231760741000073;5210607500200870000;0
157300;5;1;11;0;2021;1;14;4;3;5;2;1;1;0;0;0;0;0;347469,826646045781672;5676338,481395557522774;6,815898761000028;51,218035549000035;5210127500200280000;1
157304;5;1;11;0;2021;9;11;4;3;5;3;1;1;0;0;0;0;0;348477,541030203923583;5671589,929837562143803;6,832321404000027;51,175634578000029;5210929500300500000;1
157305;5;1;11;0;2021;12;7;4;3;5;2;1;1;0;0;0;1;0;351410,154365742579103;5669151,829003183171153;6,875251373000026;51,154495253000050;5211201500300570000;1
157306;5;3;62;36;2021;10;11;4;3;5;3;1;1;0;0;0;0;0;345787,447999738156796;5652078,959999185055494;6,802195747000042;50,999595360000058;5211013602300680000;0
157307;5;5;54;12;2021;5;14;2;3;5;3;1;1;0;0;0;0;0;351584,314999790862203;5745223,974999289959669;6,845742443000063;51,838084207000065;5210503705000680000;0
157313;5;5;54;12;2021;11;12;3;3;0;7;1;0;0;0;0;0;0;352432,120660841464996;5753002,807292912155390;6,854714364000074;51,908200544000067;5211116705000940000;0
157316;5;1;11;0;2021;11;21;7;2;0;1;1;0;0;0;0;2;0;345984,928462815470994;5682973,625339528545737;6,791798374000052;51,277256641000065;5211120500200570000;0
157318;5;1;58;28;2021;9;17;5;3;0;7;1;0;0;0;0;0;0;349231,921999768353999;5684540,138999257236719;6,837655221000034;51,292201252000041;5210909516300280000;0
157321;5;1;11;0;2021;10;12;6;3;8;7;1;1;0;0;0;0;0;347099,741965485736728;5678485,088215921074152;6,809687773000064;51,237225060000071;5211008500200000000;0
157322;5;1;12;0;2021;9;18;4;3;8;5;1;1;0;0;0;0;0;346129,036273373290896;5705087,643813699483871;6,784286490000056;51,475994844000070;5210908501127770000;0
157323;5;1;19;0;2021;12;11;6;2;0;3;1;1;0;0;0;0;0;352726,815111806616187;5708539,397129889577627;6,877781410000068;51,508766834000028;5211217508000170000;0
157325;5;3;62;20;2021;6;10;5;3;5;3;1;0;0;0;1;0;0;346854,438999745994806;5630614,017999215051532;6,826394574000062;50,806993231000035;5210624602600840000;0
157328;5;1;11;0;2021;3;17;3;3;8;1;1;1;0;0;0;0;0;347438,694999754428864;5675960,195999218150973;6,815614261000064;51,214628102000063;5210309500200550000;1
157334;5;1;62;4;2021;3;9;4;2;5;3;1;1;0;0;0;0;0;347492,815433240495622;5663080,555590724572539;6,821847266000020;51,098909489000050;5210303513320290000;0
157335;5;5;54;12;2021;9;18;5;3;8;7;1;0;0;0;0;0;0;353096,894156289286911;5745363,026598230004311;6,867622027000039;51,839733494000029;5210916705000590000;0
157336;5;1;19;0;2021;1;21;6;3;0;1;1;0;0;0;0;2;0;348098,543500319123268;5711488,605494482442737;6,809867887000053;51,534040698000069;5210108508000480000;2
157338;5;1;17;0;2021;9;10;1;3;2;1;1;0;0;0;1;0;0;352424,774726378731430;5699688,552520556375384;6,877127823000023;51,429157996000072;5210905502401070000;0
157341;5;1;17;0;2021;1;12;6;2;0;7;1;1;0;0;0;0;0;352025,576999789103866;5696445,660999305546284;6,872743071000059;51,399914402000036;5210115502400070000;0
157344;5;5;54;12;2021;5;15;2;3;3;2;1;0;0;0;1;0;0;352664,079999798908830;5747669,033999314531684;6,860361498000032;51,860338760000047;5210517705000020000;1
157345;5;1;11;0;2021;11;10;7;3;3;6;1;1;0;0;0;0;0;346889,800837594084442;5678795,683261364698410;6,806549928000038;51,239959625000040;5211127500200470000;0
157348;5;1;19;0;2021;11;20;6;3;6;7;1;0;1;0;0;2;0;352472,315726126544178;5705055,880529148504138;6,875572842000054;51,477399144000060;5211112508000580000;0
157350;5;1;11;0;2021;3;17;4;3;5;3;1;1;0;0;0;0;0;346278,000747733749449;5682872,495095791295171;6,796040480000045;51,276427090000027;5210331500200060000;0
157351;5;1;11;0;2021;6;11;1;3;3;2;1;1;0;0;0;0;0;348050,940064631402493;5678657,451589753851295;6,823230081000077;51,239027959000055;5210606500200670000;0
157353;5;1;11;0;2021;6;15;4;3;4;6;1;0;0;0;0;0;0;347561,113062617368996;5677861,731097441166639;6,816557061000026;51,231747270000028;5210602500200390000;0
157355;5;1;11;0;2021;9;22;3;3;0;6;1;1;0;0;0;2;0;346550,236014849506319;5676019,591451087966561;6,802877817000024;51,214923747000057;5210914500100970000;0
157360;5;1;12;0;2021;12;13;2;3;5;3;1;0;0;0;0;0;0;346694,825999497435987;5700380,917502185329795;6,794467148000024;51,433857926000030;5211213501314880000;0
157361;5;3;66;16;2021;11;10;3;3;0;3;1;1;0;0;0;0;0;343207,939999712631106;5614331,578999135643244;6,781605901000034;50,659701487000063;5211116603116670000;1
157362;5;1;11;0;2021;6;13;6;3;5;3;1;0;0;1;0;0;0;347842,533659668639302;5676476,780726140365005;6,821172774000047;51,219377704000067;5210618500200050000;0
157363;5;1;19;0;2021;6;7;4;3;0;5;1;1;0;0;0;0;0;351888,932006145827472;5703966,411428526043892;6,867634892000069;51,467457245000048;5210602508000470000;0
157364;5;3;62;20;2021;11;21;7;3;0;7;1;0;0;0;0;2;0;344128,161390972323716;5634378,248697169125080;6,786131077000050;50,840091765000068;5211106602600580000;0
157368;5;1;58;28;2021;9;11;7;3;5;2;1;1;0;0;0;0;0;348723,089925449341536;5684941,866303287446499;6,830192838000073;51,295676067000045;5210925516300170000;0
157369;5;1;11;0;2021;7;9;2;2;5;3;1;1;0;0;0;0;0;347250,602439064532518;5676839,912592314183712;6,812548478000053;51,222482604000049;5210712500200350000;0
157370;5;5;54;12;2021;3;7;3;3;5;3;1;1;0;0;0;0;0;351457,380999790504575;5745164,561999293044209;6,843926908000071;51,837516644000061;5210302705000050000;0
157371;5;1;12;0;2021;3;13;2;3;4;7;1;0;1;0;0;0;0;346626,082999748177826;5702400,080999193713069;6,792604069000049;51,451981788000069;5210329501127320000;0
157372;5;1;11;0;2021;3;13;2;2;5;2;1;1;0;0;0;0;0;346348,821967214345932;5680893,835460569709539;6,797905335000053;51,258667072000037;5210329500200710000;0
157373;5;5;54;68;2021;6;12;5;2;5;1;1;0;0;0;0;0;0;351617,116680166684091;5767007,657994205132127;6,836822175000066;52,033812155000078;5210624705000420000;0
157375;5;3;62;28;2021;5;12;2;3;2;6;1;0;0;0;0;0;0;349502,906639732420444;5639666,916626026853919;6,860236161000046;50,889040876000081;5210531602700960000;0
157376;5;3;62;20;2021;12;15;4;3;0;5;1;0;0;0;1;0;0;345709,103740578517318;5632773,070189787074924;6,809243450000054;50,826091034000058;5211208602600880000;0
157377;5;1;62;24;2021;4;20;2;3;9;1;1;0;0;0;0;1;0;345115,549760936759412;5670645,795583458617330;6,784669628000074;51,166250325000078;5210426513210980000;0
157378;5;1;11;0;2021;11;16;3;3;2;7;1;1;0;0;0;1;0;348888,680439135059714;5674515,243345305323601;6,836967930000071;51,202029650000043;5211102500300260000;1
157379;5;3;62;28;2021;6;19;5;3;0;1;1;1;0;0;0;0;0;350625,435568733140826;5638103,654813906177878;6,876823331000026;50,875283982000042;5210624602700380000;0
157380;5;3;15;0;2021;4;18;2;3;0;2;1;1;0;0;0;0;0;349161,315605445764959;5645592,559749972075224;6,852933111000027;50,942201497000042;5210419601300180000;0
157386;5;3;15;0;2021;5;22;6;2;0;1;1;0;0;0;0;2;0;349432,848017568700016;5644457,803516656160355;6,857264158000021;50,932075206000036;5210521601320980000;1
157388;5;5;54;12;2021;12;8;6;3;0;1;1;0;0;0;0;0;0;353179,721366350539029;5747304,126207618042827;6,867999169000029;51,857195985000033;5211210705000920000;2
157389;5;1;12;0;2021;11;10;1;3;5;3;1;1;0;0;0;0;0;345704,349865220487118;5693454,203112745657563;6,783241386000043;51,371351619000052;5211121501325070000;1
157397;5;1;11;0;2021;6;12;6;3;5;2;1;0;0;0;1;0;0;347471,686101517640054;5681299,086304510012269;6,813812557000062;51,262609974000043;5210611500200550000;0
157398;5;1;19;0;2021;2;16;2;3;1;5;1;1;0;0;0;0;0;351339,319595254026353;5712299,685385182499886;6,856215671000029;51,542191195000044;5210222508000080000;0
157399;5;1;58;28;2021;7;10;2;3;0;7;1;0;0;0;0;0;0;349104,763209447264671;5690241,324541008099914;6,833419927000023;51,343396040000073;5210712516300170000;0
157400;5;3;62;36;2021;5;7;6;2;4;6;1;1;0;0;0;0;0;345703,997034115716815;5652536,149152455851436;6,800813052000024;51,003681230000041;5210528602300350000;0
157402;5;3;62;36;2021;12;15;5;3;5;3;1;0;0;0;0;0;0;344867,784424767829478;5648009,524974141269922;6,790836162000062;50,962780887000065;5211216602300880000;0
157403;5;1;11;0;2021;6;9;3;3;8;7;1;0;0;0;1;0;0;346118,379185849800706;5676529,711592385545373;6,796480403000032;51,219391222000070;5210601500100570000;0
157405;5;1;58;28;2021;12;23;5;2;0;1;1;0;0;0;0;2;0;351207,669186619110405;5685623,588382128626108;6,865518890000033;51,302456576000054;5211202516300180000;2
157407;5;3;62;12;2021;6;14;1;3;0;7;1;0;0;0;1;0;0;350338,753664483316243;5633799,000350980088115;6,874511362000021;50,836525933000075;5210620602800070000;0
157408;5;1;58;28;2021;6;7;2;3;0;1;1;0;0;0;0;0;0;350053,219745910726488;5685247,257768036797643;6,849128482000026;51,298772063000058;5210607516300690000;0
157409;5;1;11;0;2021;3;11;4;3;0;7;1;0;0;0;0;0;0;346273,261636131443083;5689021,020859086886048;6,793323581000038;51,331672548000029;5210310500200050000;1
157412;5;5;54;68;2021;3;10;6;3;5;3;1;1;0;0;0;0;0;350154,025999780744314;5767963,640999259427190;6,815090529000031;52,042007676000026;5210319705000520000;0
157414;5;1;19;0;2021;2;5;5;2;0;4;1;0;1;0;0;2;0;351299,035884126089513;5703561,873969737440348;6,859318646000077;51,463667581000038;5210225508000180000;0
157417;5;1;11;0;2021;6;18;5;3;5;3;1;1;0;0;0;0;0;348500,701188614591956;5674541,565966201946139;6,831407480000053;51,202163423000059;5210603500300790000;0
157418;5;1;58;28;2021;10;17;3;2;0;1;1;0;0;0;0;0;0;349779,463523605838418;5684843,641976417973638;6,845374495000044;51,295073136000042;5211012516310360000;1
157420;5;1;11;0;2021;11;13;4;3;4;2;1;1;0;0;0;0;0;346239,318619112484157;5679046,178584206849337;6,797130963000029;51,242035506000036;5211103500200500000;1
157421;5;5;54;68;2021;12;15;4;3;0;2;1;1;0;0;0;0;0;350485,163367362692952;5766782,411972098052502;6,820431475000021;52,031484450000050;5211215705000190000;1
157422;5;1;11;0;2021;9;9;1;3;1;5;1;1;0;0;0;0;0;350881,405362693592906;5676083,421836795285344;6,864818915000058;51,216644815000052;5210905500300970000;0
157426;5;3;62;24;2021;12;12;4;3;1;5;1;1;0;0;0;0;0;345541,711085502989590;5642605,647367300465703;6,802716487000055;50,914402870000060;5211201602500080000;1
157429;5;3;62;36;2021;9;20;5;3;0;7;1;0;0;0;0;1;0;345786,528981198556721;5652038,295628102496266;6,802199931000075;50,999229709000076;5210902602300180000;0
157432;5;1;11;0;2021;9;12;2;3;5;3;1;1;0;0;0;0;0;347556,563999755308032;5672971,599999221041799;6,818569944000046;51,187805067000056;5210913500300270000;0
157434;5;3;62;24;2021;12;13;7;3;5;3;1;1;0;0;0;0;0;345960,202510950155556;5641881,301281275227666;6,808970934000058;50,908005701000036;5211218602500710000;1
157438;5;3;62;28;2021;6;12;2;3;5;3;1;1;0;0;0;0;0;348980,609841158613563;5639134,848499475046992;6,853035603000023;50,884123215000045;5210614602700380000;0
157439;5;1;11;0;2021;11;6;3;3;0;5;1;0;0;0;1;2;0;348231,526942614465952;5675498,058078762143850;6,827152861000059;51,210686738000049;5211130500300760000;1
157441;5;3;62;36;2021;10;14;7;3;5;3;1;1;0;0;0;0;0;344683,171926072798669;5647515,696398757398129;6,788420049000024;50,958293678000075;5211002602300640000;0
157442;5;1;62;4;2021;10;19;1;3;0;5;1;1;0;0;0;2;0;347328,985607903450727;5667475,105793556198478;6,817648770000062;51,138354411000080;5211031513320180000;1
157444;5;3;66;16;2021;11;17;7;3;5;3;1;1;0;0;0;2;0;344970,291344497352839;5615227,596107883378863;6,806145844000071;50,668225282000037;5211120603116570000;0
157445;5;5;54;60;2021;7;23;7;3;0;1;1;0;0;0;0;2;0;353587,980434637516737;5757276,260757850483060;6,869687316000068;51,946901879000052;5210710705000680000;0
157446;5;1;11;0;2021;9;8;6;3;5;3;1;1;0;0;0;0;0;345276,415416323579848;5679410,378749620169401;6,783189487000072;51,245047645000056;5210917500200560000;0
157447;5;1;58;28;2021;11;19;3;2;0;1;1;0;0;0;0;2;0;348965,154481874778867;5684831,375455325469375;6,833708919000060;51,294747500000028;5211130516300390000;1
157452;5;1;11;0;2021;1;9;6;3;5;3;1;1;0;0;0;0;0;345058,809951911680400;5678927,490084605291486;6,780283194000049;51,240649647000055;5210108500200450000;0
157457;5;3;62;24;2021;4;14;6;3;0;7;1;0;1;0;0;0;0;345694,594229975715280;5642036,019455447793007;6,805130528000063;50,909325070000079;5210416602500780000;0
157459;5;1;12;0;2021;12;18;4;3;3;2;1;0;0;0;1;2;0;346981,910999752581120;5699867,446999205276370;6,798815855000043;51,429321899000058;5211208501315580000;0
157460;5;3;62;28;2021;2;16;5;3;0;1;1;0;0;0;0;0;0;348191,010290041565895;5639095,168327379971743;6,841835245000027;50,883559709000053;5210225602700730000;0
157461;5;3;62;36;2021;6;2;7;3;8;1;1;0;0;0;0;2;0;345838,408148730173707;5653164,245838921517134;6,802460525000072;51,009361258000069;5210619602300080000;0
157464;5;3;62;24;2021;12;13;2;3;0;1;1;0;0;0;0;0;0;346872,956999747082591;5642238,583999210968614;6,821793793000040;50,911459128000047;5211220602500520000;0
157465;5;5;54;12;2021;4;5;2;3;7;7;1;0;0;0;0;2;0;352943,355659872293472;5746309,389136269688606;6,864992610000058;51,848196106000046;5210419705000840000;1
157466;5;1;11;0;2021;4;16;5;3;5;3;1;1;0;0;0;0;0;346281,721225664019585;5676064,437659144401550;6,799016990000041;51,215254494000078;5210401500100560000;0
157467;5;3;66;16;2021;10;15;3;2;3;1;1;1;0;0;0;0;0;343379,645999714732170;5614391,789999140426517;6,784007894000069;50,660288763000040;5211026603116040000;0
157468;5;3;62;36;2021;3;21;7;3;0;7;1;0;0;0;0;2;0;346405,288999743759632;5652148,163999199867249;6,810964919000071;51,000382475000038;5210327602300680000;0
157469;5;1;62;4;2021;4;7;2;3;5;3;1;1;0;0;0;0;0;349554,907602427527308;5663222,839856548234820;6,851217047000034;51,100732824000033;5210412513320270000;0
157471;5;1;11;0;2021;9;10;4;3;0;6;1;0;0;0;0;0;0;351277,912999781779945;5670646,490999292582273;6,872743881000076;51,167892007000034;5210908500300370000;0
157472;5;1;11;0;2021;12;15;4;3;3;1;1;0;0;0;0;0;1;345736,648689858615398;5679190,748964682221413;6,789872862000038;51,243198828000061;5211215500200660000;0
157479;5;1;11;0;2021;9;10;6;3;5;2;1;1;0;0;0;0;0;351524,352405969053507;5669046,728846652433276;6,876926497000056;51,153580456000043;5210910500300500000;0
157483;5;1;17;0;2021;9;7;2;3;0;7;1;0;1;0;0;0;0;350839,376199289225042;5702366,689045500010252;6,853210517000036;51,452807329000052;5210913502403190000;0