OID_;ULAND;UREGBEZ;UKREIS;UGEMEINDE;UJAHR;UMONAT;USTUNDE;UWOCHENTAG;UKATEGORIE;UART;UTYP1;IstRad;IstPKW;IstFuss;IstKrad;IstSonstige;ULICHTVERH;IstGkfz;LINREFX;LINREFY;XGCSWGS84;YGCSWGS84;UIDENTSTLAE;IstStrassenzustand
157485;5;3;15;0;2021;5;9;2;3;1;5;1;1;0;0;0;0;0;347490,658999752253294;5645628,025999223813415;6,829155966000030;50,942080725000039;5210503601300170000;0
157491;5;1;11;0;2021;3;7;4;3;5;7;1;0;0;0;0;0;0;350711,985139259137213;5672081,133401988074183;6,864059310000073;51,180636244000027;5210303500300850000;0
157492;5;1;62;4;2021;6;15;3;3;0;5;1;0;0;0;0;0;0;346560,408919475972652;5663365,152562502771616;6,808419799000035;51,101218055000061;5210601513320590000;0
157493;5;1;11;0;2021;4;16;5;3;0;1;1;0;0;0;0;0;0;345231,896439030766487;5678987,697494253516197;6,782734851000043;51,241237615000045;5210415500200810000;0
157494;5;1;11;0;2021;2;13;6;3;5;2;1;0;0;0;0;0;1;349003,153829485177994;5675948,289573319256306;6,838002139000025;51,214936944000044;5210205500300280000;0
157498;5;3;66;16;2021;11;13;1;3;0;1;1;0;0;0;0;0;0;345845,067523790523410;5617806,522868705913424;6,817440195000074;50,691633006000075;5211128603116530000;1
157502;5;1;12;0;2021;10;13;7;3;5;3;1;1;0;0;0;0;0;345915,854999745264649;5705360,246999174356461;6,781100293000065;51,478386168000043;5211016501127090000;0
157507;5;1;11;0;2021;9;21;1;2;3;6;1;1;0;0;0;2;0;346547,141610042192042;5676994,960488922894001;6,802416106000067;51,223687135000034;5210926500200360000;0
157513;5;1;58;28;2021;12;16;2;3;0;7;1;0;0;0;0;0;0;350492,943091030232608;5685295,512405393645167;6,855411014000026;51,299321309000049;5211213516300480000;0
157515;5;1;62;4;2021;3;8;6;3;5;3;1;1;0;0;0;0;0;348232,803044676780701;5662018,536631340160966;6,832854194000049;51,089562620000038;5210326513320280000;0
157520;5;3;15;0;2021;5;8;6;3;1;5;1;1;0;0;0;0;0;350098,220653664320707;5649364,556940516456962;6,864705556000047;50,976342202000069;5210514601300090000;0
157522;5;3;66;4;2021;11;9;1;2;0;1;1;0;0;0;0;0;0;343180,067334635183215;5607113,387894639745355;6,784264025000027;50,594828880000080;5211114603104270000;1
157524;5;3;62;28;2021;5;18;4;3;0;6;1;1;0;0;0;0;0;347231,713916540145874;5639455,616989336907864;6,828057350000051;50,886545932000047;5210512602700910000;1
157525;5;5;54;12;2021;6;18;1;3;0;7;1;1;0;0;0;0;0;353487,414280570112169;5747215,844519551843405;6,872501324000041;51,856483635000075;5210606705000490000;0
157529;5;1;62;4;2021;4;14;5;3;3;3;1;1;0;0;0;0;0;346560,423646138980985;5667477,669805904850364;6,806670096000062;51,138172010000062;5210408513320180000;0
157530;5;1;11;0;2021;6;15;6;3;0;1;1;0;0;0;0;0;0;345188,768999736756086;5678932,483999164775014;6,782141357000057;51,240729799000064;5210625500200480000;0
157531;5;3;62;28;2021;10;13;2;3;5;3;1;1;0;0;0;0;0;347668,099999753758311;5639778,198999227955937;6,834122331000060;50,889559962000078;5211004602700080000;0
157534;5;1;70;8;2021;6;9;3;3;1;6;1;0;0;0;1;0;0;347206,319998375140131;5714239,227620549499989;6,795819501000040;51,558514283000079;5210629518400680000;0
157535;5;3;15;0;2021;2;10;3;2;0;1;1;0;0;0;0;0;0;347025,507710431702435;5644905,640322819352150;6,822843324000075;50,935466076000068;5210209601300690000;2
157536;5;1;11;0;2021;10;14;2;3;0;7;1;0;0;0;0;0;0;345680,674631536938250;5678632,203881271183491;6,789312255000027;51,238164923000056;5211018500200170000;0
157538;5;5;54;12;2021;11;11;2;2;5;3;1;1;0;0;0;0;0;352564,734777686186135;5746211,913161803036928;6,859541389000071;51,847220434000064;5211122705000490000;1
157540;5;3;15;0;2021;12;14;4;3;5;3;1;1;0;0;0;0;0;347743,039605231955647;5648322,369020784273744;6,831618718000072;50,966359138000030;5211215601300280000;0
157542;5;1;11;0;2021;6;18;5;2;3;6;1;0;0;0;0;0;0;349585,736383915878832;5674036,860397359356284;6,847138597000026;51,197914932000060;5210610500300270000;0
157543;5;3;62;24;2021;11;13;4;2;8;1;1;0;0;0;0;0;0;344850,476018575020134;5641424,690336251631379;6,793392961000052;50,903605429000038;5211110602500400000;0
157544;5;1;11;0;2021;3;9;6;3;1;5;1;0;0;0;0;0;1;345099,297697757370770;5678427,740684460848570;6,781078900000068;51,236170202000039;5210305500200050000;0
157546;5;1;17;0;2021;4;14;3;3;8;1;1;0;0;0;0;0;0;353815,498435023240745;5693330,800608888268471;6,899738218000039;51,372388804000082;5210427502407070000;0
157547;5;3;15;0;2021;10;15;3;3;0;1;1;1;0;0;0;0;0;354092,950086151249707;5643322,100050931796432;6,923989754000047;50,923066682000069;5211012601200990000;1
157549;5;3;62;28;2021;10;14;6;2;0;1;1;0;0;0;0;0;0;351626,585640083067119;5638699,185528518632054;6,890801437000050;50,880893663000052;5211015602700680000;1
157550;5;3;15;0;2021;9;8;5;3;3;5;1;1;0;0;0;0;0;355866,002952738665044;5644519,966372957453132;6,948726302000068;50,934277383000051;5210916601100080000;0
157552;5;3;82;12;2021;6;14;6;2;5;3;1;1;0;0;0;0;0;352389,168999787420034;5629405,681999318301678;6,905378021000047;50,797570830000041;5210611600360780000;0
157553;5;3;15;0;2021;3;7;4;3;5;3;1;1;0;0;0;1;0;351120,170999780297279;5650590,541999293491244;6,878749946000028;50,987624455000059;5210303601300790000;0
157556;5;3;15;0;2021;6;14;3;3;5;3;1;1;0;0;0;0;0;354522,001999802887440;5648416,276999350637197;6,928055279000034;50,968954886000063;5210622601400080000;1
157557;5;3;15;0;2021;1;9;1;3;5;3;1;1;0;0;0;0;0;353730,705728335306048;5646869,391190476715565;6,917415156000061;50,954853236000076;5210110601300820000;1
157558;5;3;15;0;2021;1;9;6;3;0;5;1;0;0;0;1;0;0;355039,599038926884532;5641607,447895297780633;6,938130909000051;50,907896066000035;5210122601200050000;1
157562;5;1;58;26;2021;4;17;5;2;0;1;1;0;0;0;0;0;0;352006,494912585243583;5661193,967930965125561;6,887038305000033;51,083138965000046;5210401516900870000;0
157563;5;3;15;0;2021;9;20;3;3;5;2;1;1;0;0;0;2;0;355788,895420225337148;5643188,760296473279595;6,948156274000041;50,922294774000079;5210921601100270000;0
157564;5;3;15;0;2021;4;12;5;3;6;4;1;0;1;0;0;0;0;353373,393999796360731;5647108,791999330744147;6,912234914000067;50,956913837000059;5210422601300450000;0
157566;5;3;15;0;2021;3;13;2;3;3;2;1;1;0;0;0;0;0;352588,228362092748284;5646902,202678848057985;6,901146882000035;50,954857005000065;5210329601300580000;0
157567;5;1;58;16;2021;12;18;7;3;5;3;1;1;0;0;0;2;0;355123,819999808445573;5671523,549999361857772;6,927361538000071;51,176760641000044;5211204516500170000;1
157568;5;3;15;0;2021;12;14;7;3;0;1;1;0;0;0;0;0;0;353599,342716253362596;5646957,597716363146901;6,915510654000059;50,955612559000031;5211218601300690000;0
157570;5;3;15;0;2021;9;11;6;3;0;3;1;1;0;0;0;0;0;352229,409603826701641;5648422,697945330291986;6,895424205000040;50,968429028000060;5210903601300880000;0
157573;5;1;13;0;2021;7;16;7;3;0;7;1;0;0;0;0;0;0;357477,354741950519383;5705237,440784344449639;6,947522515000060;51,480313748000071;5210710502321060000;0
157574;5;3;15;0;2021;12;11;1;3;0;1;1;0;0;0;0;0;0;353754,564334666356444;5643142,814451467245817;6,919250384000065;50,921369827000035;5211219601200590000;1
157576;5;3;62;12;2021;6;13;5;3;0;3;1;1;0;0;0;0;0;351988,882999784313142;5632279,903999306261539;6,898542860000020;50,823298631000057;5210603602800310000;0
157577;5;3;15;0;2021;12;18;6;3;1;5;1;1;0;0;1;2;0;354118,048924640752375;5643334,754273647442460;6,924341555000069;50,923186749000081;5211231601200580000;0
157578;5;3;15;0;2021;12;15;7;3;0;1;1;0;0;0;0;0;0;354876,104926498606801;5643824,851539172232151;6,934924861000070;50,927782314000069;5211211601100990000;1
157580;5;5;54;64;2021;7;14;6;3;4;2;1;1;0;0;0;0;0;355938,580065087415278;5750177,370842244476080;6,906833203000076;51,883731490000059;5210709705000990000;0
157582;5;3;15;0;2021;6;11;2;3;5;2;1;1;0;0;0;0;0;355574,037248701788485;5641862,196324683725834;6,945626538000056;50,910319411000046;5210621601200590000;0
157586;5;3;82;48;2021;4;7;6;3;4;6;1;1;0;0;0;0;0;351095,408999777399004;5607162,695999294519424;6,895999030000041;50,597344945000032;5210430600330870000;0
157587;5;3;15;0;2021;9;15;5;2;8;1;1;0;0;0;0;0;0;354121,956590550951660;5648885,703052442520857;6,922173407000059;50,973072271000035;5210923601400490000;0
157588;5;1;13;0;2021;12;7;2;3;8;7;1;0;0;0;0;2;0;357027,619073569774628;5701864,382785586640239;6,942414515000053;51,449890041000060;5211206502316180000;2
157591;5;1;58;24;2021;10;1;7;3;0;1;1;1;0;0;0;2;0;356934,893106895498931;5681036,310713499784470;6,949457484000050;51,262702188000048;5211002516400270000;1
157593;5;3;15;0;2021;9;6;4;3;4;6;1;0;0;0;1;0;0;351220,208973240107298;5646126,076366953551769;6,882000303000041;50,947530866000079;5210901601300980000;0
157597;5;5;12;0;2021;11;14;6;3;1;5;1;1;0;0;0;0;0;357080,493796545080841;5712347,939302945509553;6,938928768000039;51,544107804000078;5211105701400040000;1
157602;5;3;15;0;2021;10;13;7;3;3;5;1;1;0;0;0;0;0;353898,851327699609101;5643708,227704184129834;6,921075286000075;50,926487575000067;5211016601200060000;0
157604;5;3;15;0;2021;4;10;1;3;6;4;1;0;1;0;0;0;0;354102,830418801866472;5641919,009838748723269;6,924691381000059;50,910459998000078;5210418601200460000;0
157605;5;3;15;0;2021;5;14;7;3;2;6;1;0;0;0;0;0;0;355038,904799015261233;5642861,745532844215631;6,937622712000064;50,919168019000040;5210508601200460000;0
157607;5;3;62;12;2021;6;7;4;3;5;3;1;1;0;0;0;0;0;351647,396183384582400;5632839,147443551570177;6,893471688000034;50,828236983000068;5210630602800790000;1
157609;5;3;62;28;2021;5;20;7;3;0;1;1;0;0;0;0;0;0;352901,263999792747200;5638722,647999322041869;6,908899202000043;50,881430417000047;5210508602700720000;1
157613;5;5;12;0;2021;6;14;3;3;5;3;1;1;0;0;0;0;0;355616,419330184347928;5712133,096552906557918;6,917918120000024;51,541804633000027;5210608701400160000;0
157616;5;1;17;0;2021;12;21;5;3;8;7;1;0;0;0;0;2;0;353296,252261383458972;5702935,012845210731030;6,888309275000040;51,458556011000042;5211202502404460000;2
157617;5;3;15;0;2021;5;18;1;3;1;5;1;1;0;0;0;0;0;355846,481392836198211;5644268,933435287326574;6,948547957000073;50,932016512000075;5210509601110280000;0
157618;5;3;15;0;2021;1;13;3;3;0;1;1;0;0;0;0;0;0;353968,965478979051113;5647213,737837076187134;6,920666957000037;50,958008177000067;5210126601300190000;1
157622;5;1;58;26;2021;2;14;7;3;0;7;1;0;0;0;0;0;0;351875,994308589026332;5663052,912120791152120;6,884414083000024;51,099810177000052;5210220516900480000;0
157627;5;3;16;0;2021;1;16;5;3;6;4;1;0;1;0;0;1;0;354109,040053080767393;5658477,223247999325395;6,918131896000034;51,059263621000071;5210114601700550000;0
157629;5;3;15;0;2021;10;18;6;3;5;3;1;0;0;0;1;2;0;352476,726722549647093;5648019,324821168556809;6,899107592000064;50,964867506000076;5211029601300020000;0
157633;5;5;54;64;2021;2;12;1;2;0;1;1;0;0;0;0;0;0;355930,248999817296863;5746751,318999372422695;6,908141436000051;51,852945717000068;5210228705000480000;0
157635;5;3;15;0;2021;6;0;1;3;0;1;1;0;0;0;0;2;0;355530,029814052395523;5641343,848681364208460;6,945206164000069;50,905650083000069;5210627601200790000;0
157638;5;3;15;0;2021;11;8;3;3;6;4;1;0;1;0;0;0;0;355211,991726919077337;5645862,266117967665195;6,938891558000023;50,946176505000039;5211116601100880000;0
157644;5;3;15;0;2021;5;14;5;3;5;3;1;0;0;0;1;0;0;355870,350063499063253;5642776,011966675519943;6,949477529000035;50,918605816000081;5210527601100290000;0
157650;5;3;15;0;2021;12;6;4;3;5;3;1;1;0;0;0;2;0;353641,244819214567542;5647636,851738093420863;6,915833675000044;50,961727393000047;5211201601300080000;1
157653;5;3;15;0;2021;12;16;5;3;5;3;1;1;0;0;0;0;0;352567,766360364854336;5642869,556603860110044;6,902487372000053;50,918612147000033;5211230601200960000;1
157655;5;5;12;0;2021;10;1;1;3;0;1;1;0;0;0;0;2;0;356869,819633089005947;5719284,213677275925875;6,933066445000065;51,606382138000072;5211010701400690000;0
157657;5;3;15;0;2021;6;18;4;3;1;5;1;1;0;0;0;0;0;353905,428977862000465;5646756,063515836372972;6,919946597000035;50,953879119000078;5210616601310090000;0
157658;5;3;15;0;2021;6;9;2;3;0;7;1;1;0;0;0;0;0;352675,127279215492308;5652184,778932839632034;6,900242362000029;51,002351071000078;5210607601400890000;0
157659;5;3;15;0;2021;11;19;6;3;5;3;1;1;0;0;0;2;0;354209,278427084907889;5642698,333954235538840;6,925893083000062;50,917490474000033;5211126601200070000;1
157660;5;3;15;0;2021;10;10;3;3;4;2;1;1;0;0;0;0;0;355037,907558366656303;5645972,650787621736526;6,936371187000020;50,947124755000061;5211005601100770000;0
157661;5;1;17;0;2021;9;7;7;3;0;1;1;0;0;0;0;0;0;352979,543859168887138;5700026,395522547885776;6,884962107000035;51,432337953000058;5210925502402770000;0
157662;5;5;12;0;2021;4;12;5;2;5;3;1;1;0;0;0;0;0;354079,932999804615974;5717867,789999343454838;6,893396136000035;51,592938863000029;5210401701400520000;0
157665;5;3;15;0;2021;6;8;4;3;0;3;1;1;0;0;0;0;0;355504,382999810390174;5643362,278999364003539;6,944042244000059;50,923782974000062;5210602601110190000;0
157668;5;1;58;16;2021;4;15;4;2;5;3;1;1;0;0;0;0;0;355305,237486011348665;5669738,185864616185427;6,930673555000055;51,160762641000076;5210428516500440000;0
157670;5;3;15;0;2021;11;17;6;3;3;6;1;1;0;0;0;1;0;355180,160209819674492;5644086,404604664072394;6,939144588000033;50,930209248000040;5211126601000420000;0
157672;5;3;15;0;2021;6;16;5;3;1;5;1;1;0;0;0;0;0;354034,103372500278056;5643519,304520098492503;6,923074114000030;50,924824016000059;5210610601200490000;0
157673;5;5;12;0;2021;9;18;4;3;5;2;1;1;0;0;0;0;0;356695,298007978126407;5710880,312248818576336;6,933975090000047;51,530822298000032;5210915701400870000;0
157675;5;5;62;12;2021;6;17;6;3;0;7;1;0;1;0;0;0;0;358225,903229898773134;5724595,399777248501778;6,950485557000036;51,654450311000062;5210604701610190000;0
157676;5;3;15;0;2021;7;11;3;3;5;3;1;1;0;0;0;0;0;352978,129758989438415;5643125,338032366707921;6,908218329000022;50,921015457000067;5210706601200290000;1
157679;5;3;15;0;2021;12;8;6;3;0;3;1;1;0;0;0;0;0;352736,029999792575836;5644611,920999322086573;6,904175791000057;50,934313034000070;5211217601000280000;0
157680;5;3;15;0;2021;1;14;7;3;0;1;1;0;0;0;0;0;0;354361,463224937207997;5643450,659774918109179;6,927756222000028;50,924289856000030;5210123601200180000;0
157682;5;3;15;0;2021;11;19;3;3;0;5;1;0;0;0;1;2;0;355135,386777162551880;5644557,036034509539604;6,938320825000062;50,934427465000056;5211109601100190000;0
157684;5;1;58;16;2021;2;11;6;3;5;3;1;1;0;0;0;0;0;356161,493182234466076;5671677,112685404717922;6,942135017000055;51,178402597000058;5210226516500280000;0
157685;5;1;13;0;2021;12;7;4;3;5;3;1;1;0;0;0;1;0;356426,203204801306129;5705619,462966272607446;6,932240074000049;51,483480735000057;5211201502319790000;1
157686;5;3;15;0;2021;2;17;6;2;0;1;1;0;0;0;0;1;0;351614,227996056899428;5643064,482500784099102;6,888851933000069;50,920119445000068;5210219601000090000;1
157689;5;3;82;12;2021;9;12;6;3;5;3;1;1;0;0;0;0;0;353507,208999793045223;5625712,674999335780740;6,922703591000072;50,764665770000079;5210910600360480000;0
157690;5;3;15;0;2021;6;7;3;3;0;4;1;1;1;0;0;0;0;354114,471617624163628;5645706,533695351332426;6,923341283000070;50,944500298000037;5210608601100890000;0
157694;5;3;62;12;2021;9;21;1;3;0;1;1;0;0;0;0;2;0;352694,329665774479508;5632993,198521271348000;6,908265076000021;50,829888749000077;5210912602800560000;0
157695;5;1;17;0;2021;4;17;2;3;1;7;1;1;0;0;0;0;0;352877,950655448250473;5699223,553583346307278;6,883835077000072;51,425097488000063;5210419502401670000;0
157698;5;3;15;0;2021;5;19;7;3;9;1;1;0;0;0;0;0;0;353741,300633234903216;5646991,064870156347752;6,917517010000040;50,955949360000034;5210515601300080000;0
157699;5;3;15;0;2021;5;23;6;3;0;7;1;1;0;0;0;2;0;355163,551999808289111;5645899,301999356597662;6,938187749000065;50,946497169000054;5210528601000790000;0
157701;5;3;15;0;2021;9;19;4;3;5;7;1;1;0;0;0;0;0;355475,544422084465623;5645683,784249119460583;6,942711560000021;50,944638660000066;5210901601100770000;0
157706;5;3;15;0;2021;5;9;4;3;5;3;1;0;0;0;1;0;0;353905,896701527759433;5643060,201864236965775;6,921435086000031;50,920665749000079;5210519601200190000;0
157707;5;3;15;0;2021;5;17;7;3;1;3;1;1;0;0;0;0;0;351102,356945130974054;5646100,937683239579201;6,880334090000076;50,947274531000062;5210529601300390000;0
157708;5;3;15;0;2021;3;13;1;3;0;5;1;1;0;0;0;0;0;352656,199558931402862;5645098,511677492409945;6,902843722000057;50,938665425000067;5210314601300590000;0
157709;5;1;58;16;2021;10;11;3;3;0;7;1;0;0;0;0;0;0;355070,460955137386918;5671902,915751190856099;6,926445717000036;51,180156225000076;5211026516500680000;1
157711;5;3;15;0;2021;6;0;3;3;1;3;1;0;0;0;1;2;0;355021,017580877989531;5643950,326693821698427;6,936935601000073;50,928946369000073;5210601601140460000;0
157714;5;1;13;0;2021;1;14;3;3;5;2;1;1;0;0;0;0;0;357040,282570063136518;5704130,055068053305149;6,941680663000056;51,470252534000053;5210119502321770000;1
157715;5;3;15;0;2021;12;11;4;3;3;6;1;1;0;0;0;0;0;354680,328766239807010;5642171,699514912441373;6,932799627000065;50,912876543000039;5211201601200870000;1
157720;5;3;15;0;2021;9;17;7;3;3;2;1;1;0;0;0;0;0;354141,809980421327055;5642680,012620624154806;6,924941235000063;50,917308777000073;5210918601210910000;0
157722;5;3;15;0;2021;2;0;5;3;1;7;1;1;0;0;0;2;0;352002,698999784886837;5647091,043999306857586;6,892739334000055;50,956403958000067;5210225601300540000;0
157725;5;1;11;0;2021;9;7;4;3;8;1;1;0;0;0;0;0;0;352145,339143041521311;5668959,401260385289788;6,885835455000063;51,152956497000048;5210929500300260000;0
157726;5;3;15;0;2021;2;14;1;3;0;3;1;1;0;0;0;0;0;355686,415999810211360;5644203,258999366313219;6,946297629000071;50,931386281000073;5210214601100180000;0
157727;5;1;58;16;2021;9;11;3;2;0;7;1;0;0;0;0;0;0;355320,431999809108675;5668927,258999360725284;6,931216767000024;51,153479179000044;5210914516500580000;0
157728;5;3;15;0;2021;9;9;3;3;0;1;1;0;0;0;0;0;0;353758,859304008074105;5642194,439363244920969;6,919691639000064;50,912848158000031;5210914601200560000;0
157730;5;3;15;0;2021;5;13;7;3;5;2;1;1;0;0;0;0;0;352443,362612431868911;5646674,604311520233750;6,899178015000075;50,952774615000067;5210508601300580000;0
157731;5;3;15;0;2021;9;9;5;3;5;2;1;0;0;0;1;0;0;354179,266400101594627;5646580,821066498756409;6,923912872000074;50,952373624000074;5210916601300570000;0
157733;5;3;62;28;2021;4;12;7;3;5;2;1;1;0;0;0;0;0;351551,705753443762660;5639914,359929110854864;6,889244126000051;50,891794680000032;5210403602700570000;0
157734;5;3;15;0;2021;3;14;5;3;4;6;1;1;0;0;0;0;0;353411,016116287559271;5646773,346269702538848;6,912905312000021;50,953908892000072;5210311601300160000;0
157736;5;3;62;28;2021;6;23;7;3;0;1;1;0;0;0;0;2;0;350888,789587954990566;5638530,700572947040200;6,880389688000037;50,879189649000068;5210626602700600000;0
157739;5;1;58;4;2021;9;16;5;3;0;6;1;0;0;0;0;0;0;355209,748999808914959;5673543,508999360725284;6,927775843000063;51,194934421000028;5210930516600980000;0
157740;5;3;15;0;2021;5;14;7;3;5;3;1;1;0;0;0;0;0;353750,909090707078576;5647442,906497968360782;6,917472152000073;50,960012328000062;5210515601300090000;1
157741;5;3;15;0;2021;4;12;1;3;5;3;1;1;0;0;0;0;0;355156,267248136922717;5644988,466943368315697;6,938446295000062;50,938309881000066;5210411601100380000;1
157742;5;3;15;0;2021;9;17;2;3;0;5;1;1;0;0;1;0;0;352332,041791126132011;5646198,196839507669210;6,897787454000024;50,948464860000058;5210906601300790000;0
157744;5;3;15;0;2021;12;1;7;3;0;1;1;0;0;0;0;2;0;354772,191456104628742;5643769,980151841416955;6,933469085000070;50,927263047000054;5211204601200490000;1
157745;5;1;58;26;2021;10;17;3;3;0;3;1;1;0;0;0;0;0;352055,646881994791329;5661229,492389293387532;6,887725012000033;51,083470874000056;5211005516900070000;1
157747;5;3;15;0;2021;9;20;1;3;0;7;1;0;1;0;0;1;0;352815,915409801527858;5641519,535294843837619;6,906559810000033;50,906543357000032;5210905601210530000;0
157749;5;3;15;0;2021;6;12;3;3;6;4;1;0;1;0;0;0;0;352452,749863101169467;5645020,627963246777654;6,899981624000077;50,937913498000057;5210629601300980000;0
157750;5;3;15;0;2021;5;13;1;3;1;5;1;1;0;0;0;0;0;354476,098848057910800;5648445,329326137900352;6,927390345000049;50,969204375000061;5210530601400780000;0
157751;5;3;15;0;2021;3;16;3;3;0;5;1;1;0;0;0;0;0;353732,770874164998531;5651058,372476110234857;6,915759504000050;50,992498419000071;5210330601400170000;0
157755;5;3;15;0;2021;5;15;3;3;0;4;1;0;1;0;0;0;0;355259,790647556073964;5642831,362716231495142;6,940775164000058;50,918950422000080;5210518601210670000;1
157756;5;3;15;0;2021;12;11;3;3;7;1;1;0;0;0;0;0;0;355466,563567062839866;5644319,409252000972629;6,943125042000077;50,932375051000065;5211207601100680000;1
157760;5;3;15;0;2021;12;17;1;3;5;3;1;1;0;0;0;2;0;352360,992622472345829;5645618,124999230727553;6,898434454000039;50,943259443000045;5211219601300080000;0
157763;5;1;58;26;2021;2;7;4;3;5;2;1;1;0;0;0;2;0;351530,828044747002423;5662064,974286770448089;6,879894042000046;51,090843105000033;5210203516910870000;1
157765;5;3;15;0;2021;12;13;7;3;0;7;1;0;0;0;0;0;0;353510,402628544718027;5646703,625821124762297;6,914347404000068;50,953307612000060;5211204601300790000;0
157766;5;3;15;0;2021;7;19;4;2;8;1;1;1;0;0;0;0;0;354994,247074832208455;5644009,630341665819287;6,936531329000047;50,929472589000056;5210707601100180000;0
157767;5;1;19;0;2021;4;13;5;3;5;3;1;0;0;0;0;0;0;353775,573201172053814;5705388,808441551402211;6,894188490000033;51,480729092000047;5210415508000370000;0
157773;5;3;16;0;2021;9;7;7;3;0;3;1;1;0;0;0;0;0;354285,735999801196158;5658823,829999342560768;6,920511983000040;51,062423264000074;5210904601700980000;0
157776;5;3;15;0;2021;6;8;2;3;6;4;1;0;1;0;0;0;0;354195,448099619708955;5642625,803386759012938;6,925725452000052;50,916835168000034;5210614601200040000;0
157780;5;1;17;0;2021;9;12;5;3;5;3;1;1;0;0;0;0;0;352817,025999793782830;5700696,459999321028590;6,882347340000024;51,438316747000044;5210923502402080000;0
157784;5;1;58;16;2021;9;10;6;3;0;5;1;1;0;0;0;0;0;355969,066897589713335;5671364,374119846150279;6,939509251000061;51,175543759000050;5210910516500390000;0
157786;5;3;15;0;2021;9;8;5;3;6;4;1;0;1;0;0;0;0;354069,012953513301909;5642679,113388212397695;6,923906671000054;50,917282291000049;5210916601210120000;0
157787;5;3;15;0;2021;5;18;7;2;0;1;1;0;0;0;0;1;0;354795,326951769180596;5643781,421490622684360;6,933793508000065;50,927371691000076;5210515601200290000;1
157789;5;3;15;0;2021;12;16;3;3;0;5;1;1;0;0;0;0;0;355914,888206521980464;5645304,363384699448943;6,949111360000074;50,941338841000061;5211228601110670000;1
157792;5;1;58;26;2021;5;16;1;3;5;2;1;1;0;0;0;0;0;351677,187289143912494;5662478,133130243048072;6,881812809000053;51,094593704000033;5210530516910330000;0
157793;5;3;15;0;2021;9;17;3;3;6;6;1;0;1;0;0;0;0;355607,220582546666265;5644616,844025304540992;6,945007531000044;50,935083273000032;5210914601110480000;0
157794;5;3;62;12;2021;2;13;1;3;5;3;1;1;0;0;0;0;0;352395,444944603368640;5633475,666884994134307;6,903829682000037;50,834148431000074;5210214602800660000;0
157796;5;3;15;0;2021;11;8;3;3;0;7;1;1;0;0;0;0;0;353616,778026773594320;5643325,532444406300783;6,917218031000061;50,922976914000060;5211109601200220000;0
157797;5;3;15;0;2021;2;17;5;3;1;5;1;1;0;0;0;1;0;355161,623338690027595;5645644,957542443647981;6,938261461000025;50,944210953000038;5210218601100180000;0
157798;5;3;15;0;2021;2;18;4;3;3;6;1;1;0;0;0;2;0;352303,744286862201989;5645481,492556151002645;6,897675540000023;50,942016929000033;5210203601300190000;1
157799;5;3;15;0;2021;6;11;3;3;0;5;1;1;0;0;0;0;0;355286,932259947992861;5641948,797534067183733;6,941511112000057;50,911025773000063;5210629601200780000;0
157800;5;1;58;16;2021;10;21;6;3;0;1;1;0;0;0;0;2;0;355501,056639069691300;5670665,340417899191380;6,933099576000075;51,169143904000066;5211001516500260000;0
157804;5;3;15;0;2021;4;13;7;3;0;1;1;0;0;0;0;0;0;353819,157830170355737;5642290,445495694875717;6,920510330000070;50,913726212000029;5210417601200180000;0
157806;5;3;15;0;2021;9;12;2;3;6;4;1;0;1;0;0;0;0;354154,860462347976863;5642666,942991971969604;6,925131993000036;50,917194622000068;5210920601200270000;0
157809;5;1;17;0;2021;9;19;6;2;0;1;1;0;0;0;0;0;0;353549,200506228953600;5702993,453349528834224;6,891923422000048;51,459146634000035;5210903502404780000;0
157811;5;3;15;0;2021;6;11;3;3;0;4;1;0;1;0;0;0;0;355461,021967854350805;5644098,338383695110679;6,943133897000052;50,930386942000041;5210601601100890000;0
157812;5;3;15;0;2021;9;15;7;3;0;1;1;0;0;0;0;0;0;355740,628616235218942;5647242,247535668313503;6,945864888000074;50,958710637000081;5210918601400260000;0
157813;5;3;15;0;2021;12;8;6;3;0;1;1;0;0;0;0;0;0;353888,537924780510366;5650620,983690710738301;6,918153467000025;50,988607358000081;5211210601400570000;2
157815;5;3;15;0;2021;6;10;5;2;0;7;1;0;0;0;0;0;0;352397,210247658193111;5643490,553417811170220;6,899811291000049;50,924149181000075;5210603601200690000;1
157817;5;3;15;0;2021;9;2;1;2;3;6;1;0;0;0;1;2;0;354969,977961008436978;5647022,797925334423780;6,934986505000040;50,956545058000074;5210912601300680000;0
157820;5;3;15;0;2021;10;15;4;3;5;3;1;0;1;0;0;0;0;352919,176799690350890;5643191,550983758643270;6,907353460000024;50,921595463000074;5211006601200550000;0
157821;5;1;11;0;2021;11;13;3;2;5;3;1;1;0;0;0;0;0;351947,335431577637792;5668679,635300949215889;6,883121357000050;51,150391296000066;5211116500300470000;0
157826;5;3;15;0;2021;6;17;4;2;5;3;1;1;0;0;0;0;0;352600,907641069032252;5654533,895163631066680;6,898230916000045;51,023442223000075;5210609601400760000;0
157827;5;3;15;0;2021;11;0;6;3;0;1;1;0;0;0;0;2;0;354043,521477792412043;5645275,624391404911876;6,922504688000060;50,940609900000027;5211112601300490000;0
157832;5;1;58;4;2021;5;9;2;3;0;7;1;0;0;0;0;0;0;354225,897322211414576;5676715,053379209712148;6,912416328000063;51,223184436000054;5210531516600180000;0