OID_;ULAND;UREGBEZ;UKREIS;UGEMEINDE;UJAHR;UMONAT;USTUNDE;UWOCHENTAG;UKATEGORIE;UART;UTYP1;IstRad;IstPKW;IstFuss;IstKrad;IstSonstige;ULICHTVERH;IstGkfz;LINREFX;LINREFY;XGCSWGS84;YGCSWGS84;UIDENTSTLAE;IstStrassenzustand
157836;5;3;15;0;2021;4;9;2;3;5;3;1;1;0;0;0;0;0;351922,846075523644686;5645345,345330221578479;6,892313052000077;50,940695746000074;5210412601300770000;1
157838;5;3;62;28;2021;5;12;6;3;5;2;1;1;0;0;0;0;0;351049,673242791555822;5638678,444283491000533;6,882614777000072;50,880558845000053;5210521602700880000;0
157839;5;5;54;28;2021;11;10;4;3;8;7;1;1;0;0;0;0;0;358368,425076605752110;5743448,942069327458739;6,944870316000049;51,823896474000037;5211117705000920000;1
157840;5;3;15;0;2021;5;18;6;3;5;3;1;1;0;0;0;0;0;354443,080536761321127;5646716,417309777811170;6,927612016000069;50,953658870000027;5210521601300080000;0
157841;5;5;54;56;2021;2;12;7;3;5;3;1;0;0;0;0;0;0;356928,648885885253549;5762129,093207025900483;6,916237155000033;51,991374043000064;5210220705000380000;0
157842;5;1;58;16;2021;5;18;2;3;1;6;1;1;0;0;0;0;0;356000,134275889024138;5671073,709560273215175;6,940069827000059;51,172939552000059;5210510516500560000;0
157845;5;3;15;0;2021;10;19;4;3;0;1;1;0;0;0;0;2;0;354854,844515592791140;5643810,014203701168299;6,934628448000069;50,927643625000030;5211006601200070000;1
157849;5;3;15;0;2021;9;7;5;3;9;6;1;1;0;0;0;0;0;354174,889246988110244;5650157,338892662897706;6,922416704000057;50,984513380000067;5210923601400790000;0
157853;5;3;15;0;2021;5;16;1;3;0;1;1;0;0;0;0;0;0;353809,212269553914666;5657767,176434949040413;6,914143194000076;51,052806563000047;5210509601400580000;0
157854;5;3;15;0;2021;5;20;6;3;0;1;1;0;0;0;0;1;0;355092,696188680827618;5644012,333337571471930;6,937930240000071;50,929521620000060;5210528601110670000;0
157855;5;1;58;26;2021;1;8;7;2;0;7;1;0;0;0;0;1;0;352706,141174863092601;5665478,864316912367940;6,895271661000038;51,121824274000062;5210116516900480000;0
157856;5;3;15;0;2021;9;7;4;3;2;7;1;1;0;0;0;0;0;355457,562006922438741;5647231,107866642996669;6,941841454000041;50,958539592000079;5210908601400070000;0
157859;5;3;15;0;2021;6;17;2;3;5;3;1;0;0;0;0;0;0;355774,735999811440706;5641793,057999365031719;6,948506724000026;50,909748255000068;5210628601200390000;0
157860;5;3;15;0;2021;1;7;2;3;0;1;1;0;0;0;0;2;0;353813,891155283898115;5642282,059884706512094;6,920438822000051;50,913649519000046;5210104601200150000;1
157861;5;3;15;0;2021;9;18;2;3;1;5;1;1;0;0;0;0;0;352475,746917704120278;5642773,011542785912752;6,901218199000027;50,917721019000055;5210906601200080000;0
157862;5;3;15;0;2021;10;13;6;3;0;5;1;1;0;0;0;0;0;354125,172309894114733;5642696,674700738862157;6,924698041000056;50,917454309000050;5211029601200780000;0
157863;5;1;13;0;2021;9;14;2;3;0;3;1;1;0;0;0;0;0;356450,647769004106522;5693839,113002631813288;6,937365999000065;51,377628839000067;5210906502249740000;0
157868;5;1;17;0;2021;6;9;3;3;3;2;1;1;0;0;0;0;0;352990,467777592130005;5699783,661343472078443;6,885219888000051;51,430159650000064;5210608502401080000;0
157869;5;3;15;0;2021;6;14;1;3;7;1;1;0;0;0;0;0;0;355751,720877234824002;5644602,367860689759254;6,947068372000047;50,934989338000037;5210613601100590000;0
157873;5;3;15;0;2021;11;18;4;3;0;1;1;0;0;0;0;2;0;354075,139936384744942;5643312,822868159040809;6,923740235000025;50,922978807000050;5211117601200290000;1
157874;5;3;15;0;2021;6;19;2;3;0;1;1;0;0;0;0;0;0;354976,338852003216743;5643911,676696149632335;6,936315635000028;50,928587799000070;5210614601110090000;0
157878;5;3;15;0;2021;7;12;6;3;0;2;1;1;0;0;0;0;0;353028,452569112181664;5646382,115793950855732;6,907620291000057;50,950295641000082;5210702601300360000;0
157880;5;3;15;0;2021;6;16;2;3;0;1;1;0;0;0;0;0;0;355557,226610586978495;5641577,841799072921276;6,945500121000066;50,907759752000061;5210621601200480000;0
157882;5;3;15;0;2021;9;6;1;2;5;3;1;1;0;0;0;2;0;353557,686013098806143;5643062,994856724515557;6,916483268000036;50,920602580000036;5210926601200660000;0
157883;5;3;82;12;2021;12;17;5;3;8;1;1;0;0;0;0;2;0;354542,162898841314018;5622967,033825578168035;6,938453839000033;50,740250932000038;5211216600360990000;0
157884;5;3;15;0;2021;9;16;5;3;3;2;1;1;0;0;0;0;0;352348,629317259415984;5645784,344542527571321;6,898191215000054;50,944750014000078;5210916601300080000;0
157885;5;3;15;0;2021;9;12;4;3;0;1;1;0;0;0;0;0;0;354047,930657429620624;5645756,549350695684552;6,922374706000028;50,944932931000039;5210915601300580000;1
157887;5;3;15;0;2021;6;20;3;3;5;3;1;1;0;0;0;0;0;355005,815492748282850;5649278,795575425028801;6,934597194000048;50,976828064000074;5210622601400090000;1
157888;5;3;62;28;2021;6;16;6;3;0;1;1;0;0;0;0;0;0;351357,100412396714091;5638268,056404391303658;6,887148646000071;50,876950031000035;5210611602700480000;0
157889;5;1;58;20;2021;9;15;6;3;0;1;1;0;0;0;0;0;0;356507,230506707914174;5665437,524172225967050;6,949565323000058;51,122417427000073;5210910516800570000;1
157890;5;5;54;56;2021;12;18;5;3;5;3;1;1;0;0;0;2;0;356219,116094656288624;5762018,373841514810920;6,905957031000071;51,990196017000073;5211202705000770000;1
157891;5;3;15;0;2021;6;7;5;3;0;3;1;1;0;0;0;0;0;354054,316478962078691;5647605,819892000406981;6,921724167000036;50,961553301000038;5210617601300280000;0
157892;5;1;17;0;2021;5;15;2;3;4;3;1;0;0;0;1;0;0;352722,842999795451760;5702700,752999318763614;6,880159091000053;51,456302149000066;5210531502404680000;0
157895;5;3;15;0;2021;4;17;4;3;5;2;1;1;0;0;0;0;0;353549,987817807123065;5647805,658473648130894;6,914467140000056;50,963221202000057;5210421601300690000;0
157896;5;3;15;0;2021;10;17;6;3;4;6;1;0;0;0;0;0;0;355115,872358436696231;5645932,795502062886953;6,937496153000041;50,946786186000054;5211015601300370000;0
157897;5;1;11;0;2021;10;12;6;3;5;3;1;1;0;0;0;0;0;352813,834087171591818;5667719,573365926742554;6,895894169000030;51,141987477000043;5211008500300060000;0
157898;5;3;62;12;2021;9;19;4;3;5;3;1;0;0;0;0;1;0;352251,565999786369503;5632464,886999312788248;6,902195227000050;50,825028115000066;5210908602800090000;0
157899;5;3;15;0;2021;5;19;4;3;5;3;1;1;0;0;0;0;0;355416,180561526678503;5644614,322522241622210;6,942291531000023;50,935012750000055;5210512601110280000;1
157910;5;3;15;0;2021;5;23;6;2;0;1;1;0;0;0;0;2;0;354409,873853645287454;5648556,020936008542776;6,926403493000066;50,970182387000079;5210514601400690000;0
157911;5;3;15;0;2021;6;13;1;3;0;1;1;0;0;0;0;0;0;353601,952887093648314;5647710,961552185937762;6,915244731000030;50,962383406000072;5210620601300050000;0
157912;5;3;15;0;2021;11;11;4;3;1;3;1;1;0;0;0;0;0;355142,699849077500403;5643927,179360700771213;6,938675150000051;50,928768919000049;5211124601100980000;0
157913;5;3;62;28;2021;10;1;1;3;1;5;1;1;0;0;0;2;0;351867,915279150009155;5638704,348606314510107;6,894227482000076;50,881001979000075;5211003602700650000;1
157917;5;3;15;0;2021;11;7;3;3;3;6;1;1;0;0;0;1;0;355914,535807644948363;5647237,192240063101053;6,948341486000061;50,958708717000036;5211130601400760000;1
157920;5;3;15;0;2021;11;11;6;3;0;1;1;0;0;0;0;0;0;353986,449343847110868;5647213,911262180656195;6,920915664000063;50,958014166000055;5211119601300590000;1
157921;5;3;15;0;2021;6;19;4;3;5;3;1;1;0;0;0;0;0;352495,594999787397683;5644619,691999314352870;6,900753288000033;50,934321425000064;5210602601300880000;0
157922;5;1;58;20;2021;7;3;1;3;0;7;1;0;0;0;0;2;0;354744,447724075987935;5664579,153915861621499;6,924739441000042;51,114259527000058;5210711516800090000;1
157924;5;3;15;0;2021;9;19;6;3;2;6;1;1;0;0;0;0;0;351533,494072603061795;5648675,768559588119388;6,885416747000022;50,970524284000078;5210903601300680000;0
157926;5;1;11;0;2021;5;15;1;3;4;2;1;0;0;0;0;0;0;353681,630407784134150;5667507,903498357161880;6,908376897000039;51,140307799000027;5210530500300980000;0
157927;5;1;13;0;2021;3;16;4;3;6;7;1;0;1;0;0;0;0;357130,143130910582840;5703941,372607430443168;6,943049843000040;51,468579733000070;5210331502321270000;0
157928;5;3;62;28;2021;9;10;6;3;4;6;1;1;0;0;0;0;0;351320,860999780707061;5638307,390999298542738;6,886617908000062;50,877294192000079;5210917602700820000;0
157930;5;5;54;28;2021;5;13;4;2;0;7;1;0;0;0;0;0;0;357405,502929804846644;5743274,154158677905798;6,930979715000035;51,822081039000068;5210526705000490000;0
157932;5;1;58;16;2021;12;7;2;2;5;3;1;1;0;0;0;2;0;355999,792262624949217;5672008,197497436776757;6,939690528000028;51,181337156000041;5211206516500770000;1
157935;5;3;15;0;2021;11;17;4;3;0;3;1;1;0;0;0;2;0;355039,291256137192249;5645981,205805443227291;6,936387466000042;50,947201985000049;5211110601300680000;0
157936;5;3;15;0;2021;4;18;3;2;0;1;1;0;0;0;0;0;0;351859,983490800485015;5646471,004023017361760;6,890961066000045;50,950795317000029;5210413601310030000;0
157937;5;3;15;0;2021;11;16;5;3;5;3;1;1;0;0;0;0;0;353280,581999794580042;5642548,012999331578612;6,912750686000038;50,915904223000041;5211111601200090000;0
157938;5;3;15;0;2021;5;13;6;3;5;2;1;1;0;0;0;0;0;353268,386089213192463;5653254,553963731974363;6,908259267000062;51,012116202000072;5210507601420150000;0
157939;5;1;11;0;2021;7;8;2;3;5;3;1;1;0;0;0;0;0;351988,819999787956476;5668637,060999311506748;6,883731582000053;51,150019448000080;5210705500300880000;1
157942;5;5;54;4;2021;4;13;6;3;5;7;1;1;0;0;0;0;0;357192,310984624549747;5771114,846440995112062;6,916323410000075;52,072178617000077;5210416705000580000;0
157943;5;3;15;0;2021;11;15;3;3;0;5;1;1;0;0;0;0;0;355225,591254588216543;5647459,166082458570600;6,938449949000074;50,960530857000037;5211116601400880000;0
157944;5;3;62;28;2021;2;14;3;3;9;1;1;0;0;0;0;0;0;352062,455999786034226;5640505,098999312147498;6,896261882000033;50,897234454000056;5210209602700980000;0
157945;5;5;12;0;2021;7;9;7;3;3;7;1;1;0;0;0;0;0;357275,154999824240804;5710367,913999389857054;6,942536713000038;51,526364818000047;5210703701400510000;0
157946;5;1;13;0;2021;9;13;6;3;0;7;1;0;0;0;0;0;0;356526,821562170982361;5704106,468352939933538;6,934302636000041;51,469910630000072;5210903502321070000;0
157947;5;3;62;28;2021;7;22;6;3;0;7;1;0;0;0;0;2;0;351351,804986805655062;5638255,891372937709093;6,887078376000034;50,876839347000043;5210702602700480000;0
157950;5;1;58;20;2021;5;18;2;3;0;6;1;0;1;0;0;0;0;354640,937581083737314;5665818,209002703428268;6,922762159000058;51,125367927000070;5210510516800770000;0
157954;5;3;15;0;2021;6;7;2;2;0;7;1;0;0;0;0;0;0;353399,547778220847249;5643832,513499464839697;6,913925571000050;50,927477821000082;5210607601200090000;0
157955;5;3;15;0;2021;7;10;3;3;1;5;1;1;0;0;0;0;0;355032,327508139424026;5645214,269832802936435;6,936593642000048;50,940307973000074;5210713601110980000;1
157956;5;3;62;12;2021;2;14;5;3;0;7;1;0;0;0;0;0;0;351774,158813456073403;5631974,549777803942561;6,895619809000038;50,820499574000053;5210218602800130000;1
157957;5;3;15;0;2021;4;12;5;3;5;3;1;1;0;0;0;0;0;352696,229521867819130;5647548,023348988965154;6,902422116000025;50,960688309000034;5210401601300050000;0
157958;5;3;15;0;2021;12;19;7;3;0;7;1;0;0;0;1;2;0;355277,270910982973874;5642472,293917633593082;6,941166138000028;50,915727921000041;5211211601200250000;0
157959;5;3;15;0;2021;6;7;5;3;0;6;1;1;0;0;0;0;0;355664,124886810779572;5648176,864674752578139;6,944405524000047;50,967090664000068;5210617601400090000;0
157961;5;5;12;0;2021;9;13;4;3;2;5;1;1;0;0;0;0;0;355953,723999816924334;5719072,776999372988939;6,919933380000032;51,604248654000060;5210922701400280000;0
157964;5;1;58;4;2021;6;7;3;3;3;2;1;1;0;0;0;0;0;354264,218389729969203;5676476,189292050898075;6,913061827000035;51,221047743000042;5210608516600580000;0
157965;5;3;15;0;2021;2;17;5;3;1;5;1;1;0;0;0;0;0;354293,161442392505705;5645941,468119582161307;6,925789132000034;50,946656769000072;5210211601300690000;0
157968;5;3;15;0;2021;5;15;1;3;1;5;1;1;0;0;1;0;0;356039,769791048951447;5646185,602700510993600;6,950539364000065;50,949289581000073;5210523601100490000;0
157969;5;5;54;64;2021;4;16;6;2;0;3;1;0;0;0;0;0;0;356264,085185677744448;5750589,033847896382213;6,911387791000038;51,887514352000039;5210416705000380000;0
157972;5;3;15;0;2021;6;15;6;3;4;7;1;0;0;0;1;0;0;355691,647567511536181;5645363,457204554229975;6,945912555000064;50,941814077000060;5210604601110090000;0
157973;5;5;12;0;2021;6;12;3;2;6;4;1;0;1;0;0;0;0;356438,940080759115517;5709294,607039274647832;6,930927900000029;51,516508313000031;5210601701400160000;0
157978;5;3;15;0;2021;6;13;2;3;0;1;1;0;0;0;0;0;0;354880,932145858183503;5646087,758448287844658;6,934092223000050;50,948119702000042;5210621601300780000;0
157979;5;1;11;0;2021;11;11;6;3;5;3;1;1;0;0;0;0;0;352489,603531434200704;5668334,676945298910141;6,891010496000035;51,147431460000064;5211119500300700000;1
157980;5;3;15;0;2021;6;13;7;3;1;5;1;1;0;0;0;0;0;355882,435666057281196;5644606,649876398965716;6,948925727000073;50,935060500000077;5210626601100520000;0
157982;5;3;15;0;2021;11;16;6;3;5;3;1;1;0;0;0;0;0;351126,654883149079978;5646106,071991609409451;6,880677637000076;50,947326946000032;5211105601300260000;1
157983;5;3;15;0;2021;7;16;5;3;0;7;1;0;0;0;1;0;0;355523,410700512118638;5642452,615738132968545;6,944673119000072;50,915612749000047;5210708601200060000;0
157985;5;3;82;48;2021;6;13;2;3;0;7;1;0;0;0;0;0;0;353501,807999794371426;5607514,837999336421490;6,929838389000054;50,601118707000069;5210628600330280000;0
157987;5;3;15;0;2021;9;20;2;3;0;1;1;0;0;0;0;2;0;355121,542676676064730;5644036,688967665657401;6,938330769000061;50,929747745000043;5210906601110680000;0
157988;5;3;15;0;2021;11;7;4;3;0;1;1;0;0;0;0;0;0;355606,558052130974829;5648315,823172068223357;6,943531075000067;50,968325023000034;5211103601400190000;1
157991;5;5;54;56;2021;9;2;1;3;1;5;1;1;0;0;0;2;0;357915,655776467174292;5762363,368078589439392;6,930505164000067;51,993732387000080;5210905705000580000;0
157992;5;3;82;64;2021;6;18;2;3;5;3;1;1;0;0;0;0;0;353032,405399663373828;5620239,058864420279860;6,918158586000061;50,715354556000079;5210628600340760000;0
157993;5;3;15;0;2021;5;22;7;3;0;1;1;0;0;0;0;2;0;355308,106796775944531;5645907,576359407976270;6,940240842000037;50,946607829000072;5210529601110790000;0
157995;5;3;15;0;2021;10;0;7;2;0;1;1;1;0;0;0;2;0;353990,259883688762784;5642556,441537115722895;6,922836172000075;50,916159954000079;5211002601200890000;1
157996;5;3;15;0;2021;1;23;6;2;0;1;1;0;0;0;0;2;0;354866,546850089915097;5646750,391923701390624;6,933623436000062;50,954070984000055;5210108601300190000;0
157999;5;3;62;12;2021;6;9;2;3;5;3;1;0;0;1;0;0;0;352593,190339143387973;5631372,054482543841004;6,907481478000022;50,815294154000071;5210628602800930000;0
158006;5;3;62;12;2021;3;12;6;3;0;7;1;0;0;0;1;0;0;351832,112333354540169;5632892,797516798600554;6,896070989000066;50,828766426000072;5210326602800850000;0
158007;5;1;58;16;2021;6;13;1;2;7;5;1;1;0;0;0;0;0;356066,252090200781822;5668582,612597221508622;6,942011731000036;51,150570101000028;5210606516500690000;0
158009;5;3;62;28;2021;12;12;5;3;5;2;1;1;0;0;0;0;0;351465,675130806863308;5638436,880085941404104;6,888622251000072;50,878495095000062;5211216602700590000;0
158010;5;3;15;0;2021;6;17;7;3;0;1;1;0;0;0;0;0;0;355924,687060566619039;5644140,310575677081943;6,949710983000045;50,930880140000056;5210619601100170000;0
158017;5;3;82;48;2021;6;19;4;2;5;3;1;1;0;0;0;0;0;354097,176350746303797;5610142,304028730839491;6,937212846000023;50,624881606000031;5210616600330190000;0
158023;5;3;15;0;2021;4;15;2;2;0;5;1;1;0;0;0;0;0;353925,415880174376070;5646431,048952601850033;6,920361373000048;50,950963395000031;5210419601300580000;0
158025;5;3;15;0;2021;9;18;2;3;0;7;1;0;1;0;0;1;0;352661,546999790705740;5652250,800999321043491;6,900022151000030;51,002940897000030;5210920601400380000;0
158026;5;3;15;0;2021;7;9;3;3;5;3;1;1;0;0;0;0;0;354162,542799762450159;5644167,134639535099268;6,924641229000031;50,930678358000080;5210713601200550000;1
158027;5;3;15;0;2021;5;20;1;3;9;1;1;0;0;0;0;0;0;354962,331260098144412;5647018,406868165358901;6,934879452000075;50,956503673000043;5210509601300050000;0
158029;5;3;82;48;2021;2;11;3;3;0;1;1;0;0;0;0;0;0;355032,032999804243445;5610493,179999353364110;6,950283739000042;50,628268217000027;5210223600330240000;0
158030;5;1;58;4;2021;5;15;4;3;5;2;1;1;0;0;0;0;0;353842,650864312425256;5676388,623199895024300;6,907064986000023;51,220153089000064;5210526516610030000;1
158031;5;3;62;28;2021;11;10;3;3;5;3;1;1;0;0;0;0;0;351045,312045502476394;5638648,804262412711978;6,882564903000059;50,880291360000058;5211102602700790000;1
158032;5;1;13;0;2021;6;13;1;2;0;7;1;0;0;0;0;0;0;357475,711933488026261;5705238,443719547241926;6,947498468000049;51,480322347000026;5210620502321470000;0
158034;5;3;15;0;2021;10;19;5;2;1;5;1;1;0;0;0;2;0;353610,906200044788420;5643324,790460813790560;6,917134842000053;50,922968756000046;5211014601200090000;0
158039;5;3;15;0;2021;9;11;3;3;0;7;1;1;0;0;0;0;0;351765,780559603124857;5644657,913872782140970;6,890358709000054;50,934477790000074;5210921601300560000;0
158041;5;3;15;0;2021;4;4;1;3;3;6;1;1;0;0;0;2;0;352877,548763679340482;5643244,006871363148093;6,906740443000047;50,922056251000072;5210404601200280000;0
158042;5;1;19;0;2021;11;8;5;3;5;2;1;1;0;0;0;0;0;352917,659471574239433;5709203,612250365316868;6,880252371000040;51,514784879000047;5211111508000450000;0
158043;5;3;62;12;2021;9;7;4;3;5;3;1;1;0;0;0;1;0;352398,706539224833250;5633475,234945854172111;6,903876141000069;50,834145381000042;5210915602800270000;1
158044;5;5;54;4;2021;7;15;2;3;4;6;1;1;0;0;0;0;0;358104,144672709517181;5777834,376220416277647;6,926819660000035;52,132787413000074;5210712705000790000;0
158045;5;1;58;4;2021;6;9;3;3;3;2;1;0;0;0;0;0;0;354320,925566866062582;5674291,507372584193945;6,914760541000021;51,201430205000065;5210615516620790000;0
158047;5;1;58;26;2021;11;16;6;3;1;5;1;1;0;0;0;0;0;352598,335535957477987;5662500,647519666701555;6,894948931000044;51,095033534000038;5211119516800390000;1
158048;5;3;15;0;2021;11;19;3;3;1;1;1;1;0;0;0;2;0;355337,690999807789922;5643971,991999357938766;6,941430183000023;50,929220574000055;5211102601110320000;0
158049;5;3;15;0;2021;2;10;4;2;5;2;1;1;0;0;0;0;0;354976,436039914377034;5651191,073232488706708;6,933415788000048;50,994005674000050;5210224601400380000;0
158052;5;3;16;0;2021;9;16;4;3;5;3;1;1;0;0;0;0;0;354239,563714350573719;5658360,770376868546009;6,920040067000059;51,058250269000041;5210908601700180000;0
158053;5;1;58;26;2021;1;8;3;3;5;3;1;1;0;0;0;0;0;353047,333627345040441;5664163,675615500658751;6,900679417000049;51,110093241000072;5210112516900870000;1
158057;5;1;58;26;2021;3;18;2;3;6;4;1;0;1;0;0;1;0;352442,258586953394115;5661594,626529041677713;6,893091738000066;51,086851643000045;5210308516910370000;0
158059;5;3;15;0;2021;10;0;1;3;6;4;1;0;1;0;0;2;0;355539,774079588241875;5644475,199638223275542;6,944104443000072;50,933793451000042;5211024601110450000;0
158061;5;3;15;0;2021;12;16;2;3;0;1;1;0;0;0;0;2;0;355350,943098376505077;5643588,722672462463379;6,941770698000028;50,925779531000046;5211213601100170000;1
158062;5;3;15;0;2021;10;5;1;2;1;5;1;1;0;0;0;2;0;354723,198634475469589;5644432,571842558681965;6,932508353000060;50,933205256000065;5211010601100990000;0
158066;5;3;15;0;2021;11;11;4;3;0;1;1;0;0;0;0;0;0;352519,442664281465113;5644080,401258777827024;6,901310649000038;50,929481152000051;5211110601200680000;1
158067;5;3;15;0;2021;9;13;1;3;0;1;1;0;0;0;0;0;0;354192,083831581287086;5641697,057407233864069;6,926048749000074;50,908487921000074;5210919601200180000;0
158069;5;3;15;0;2021;12;0;4;2;1;1;1;1;0;0;0;2;0;355076,916216455399990;5643998,682638343423605;6,937711269000033;50,929394980000041;5211208601100980000;0
158070;5;1;58;26;2021;6;21;5;3;1;5;1;1;0;0;0;0;0;352566,257692542858422;5662752,283387862145901;6,894388411000023;51,097286557000075;5210603516910740000;0
158071;5;3;15;0;2021;12;1;6;3;9;1;1;0;0;0;0;2;0;353069,590711969882250;5643402,241085397079587;6,909407118000047;50,923527179000075;5211217601200080000;0
158072;5;3;15;0;2021;9;16;2;3;5;3;1;1;0;0;0;0;0;355497,875848726369441;5645867,194713223725557;6,942956456000047;50,946292527000026;5210927601100190000;0
158074;5;3;15;0;2021;7;10;3;3;0;1;1;0;0;0;1;0;0;353754,212159610353410;5642187,040086090564728;6,919628545000023;50,912780485000042;5210706601200690000;1
158076;5;3;15;0;2021;6;12;6;3;5;3;1;1;0;0;0;0;0;352448,263824365101755;5646703,941257573664188;6,899235855000029;50,953039507000028;5210625601300070000;0
158077;5;5;12;0;2021;2;15;2;3;5;3;1;1;0;0;0;0;0;356072,233823517337441;5710063,178441736847162;6,925332568000044;51,523321232000058;5210222701400530000;0
158078;5;3;15;0;2021;4;11;2;3;0;5;1;0;0;0;1;0;0;354879,408261320553720;5642926,626642601564527;6,935329297000067;50,919711002000042;5210419601200040000;1
158079;5;1;58;26;2021;1;12;3;2;2;6;1;0;0;0;1;0;0;352537,974999791011214;5665168,036999316886067;6,892997536000053;51,118987849000064;5210112516920180000;1
158080;5;3;15;0;2021;12;18;4;2;3;6;1;1;0;0;0;2;0;355912,836246813647449;5642469,176968313753605;6,950202759000035;50,915858941000067;5211215601200760000;0
158081;5;3;15;0;2021;12;15;3;3;0;1;1;0;0;0;0;0;0;353221,486939133144915;5654745,434872871264815;6,906987809000043;51,025501987000041;5211228601400070000;0
158085;5;5;12;0;2021;6;11;2;2;5;2;1;0;0;0;0;0;1;355508,554034471511841;5712351,268760733306408;6,916274182000052;51,543737462000081;5210607701400400000;0
158086;5;3;15;0;2021;2;17;6;3;1;5;1;1;0;0;1;0;0;355163,801359602250159;5643930,463197853416204;6,938973913000041;50,928803729000037;5210226601100540000;0
158088;5;3;15;0;2021;3;13;7;3;3;3;1;1;0;0;0;0;0;354125,516800037585199;5646619,911093020811677;6,923132500000065;50,952711312000076;5210320601300090000;0
158093;5;3;15;0;2021;7;8;2;3;0;1;1;0;0;0;0;0;0;352960,386578697711229;5646783,327930958941579;6,906489911000051;50,953883801000075;5210712601300490000;0
158097;5;1;13;0;2021;4;15;4;3;5;2;1;1;0;0;0;0;0;356002,549999814480543;5702923,948999373242259;6,927241249000076;51,459151469000062;5210428502300810000;0
158100;5;3;15;0;2021;6;14;4;2;0;3;1;1;0;0;0;0;0;352060,782687315717340;5644675,497954670339823;6,894546952000042;50,934711557000071;5210630601300380000;0
158101;5;3;15;0;2021;6;16;2;3;0;1;1;0;0;0;0;0;0;355313,851229797117412;5642609,867490094155073;6,941631610000059;50,916973442000028;5210607601200380000;0
158102;5;3;15;0;2021;2;15;4;2;0;7;1;0;0;0;0;0;0;354681,771346943452954;5642174,668913751840591;6,932818951000058;50,912903592000077;5210224601200420000;0
158104;5;3;15;0;2021;5;21;5;3;0;1;1;0;0;0;0;2;0;353348,315159735269845;5646319,933803323656321;6,912195865000058;50,949818305000065;5210520601310210000;0
158111;5;3;15;0;2021;10;11;3;3;5;3;1;0;0;1;0;0;0;353190,646999794058502;5648644,522999329492450;6,909015002000046;50,970668255000078;5211026601300890000;0
158116;5;1;58;4;2021;4;13;1;3;5;2;1;1;0;0;0;0;0;356067,909548041410744;5674148,618858700618148;6,939806603000022;51,200588968000034;5210418516630270000;0
158121;5;1;13;0;2021;6;1;7;2;0;7;1;0;0;0;0;2;0;357654,806192503310740;5704891,336908293887973;6,950215717000049;51,477248342000053;5210619502321970000;0
158124;5;1;11;0;2021;6;20;3;3;5;3;1;1;0;0;0;1;0;351985,109108967706561;5668631,338784949854016;6,883680915000070;51,149967067000034;5210629500300560000;1
158126;5;1;58;16;2021;9;7;2;3;0;5;1;1;0;0;0;0;0;355133,801806439645588;5671331,761072304099798;6,927581539000073;51,175039689000073;5210906516500770000;0
158127;5;3;15;0;2021;3;20;4;3;1;4;1;1;1;0;0;0;0;353472,595164242200553;5641511,416190003976226;6,915896589000056;50,906637441000044;5210331601200580000;0
158129;5;1;58;26;2021;12;14;3;3;4;6;1;1;0;0;0;0;0;352825,929859794676304;5664174,656482156366110;6,897514311000066;51,110135109000055;5211214516900190000;0
158131;5;3;15;0;2021;9;20;3;3;0;1;1;0;0;0;0;2;0;353748,928245865739882;5643467,274467686191201;6,919040128000063;50,924284217000036;5210928601200790000;0
158132;5;3;15;0;2021;4;15;3;3;0;1;1;0;0;0;0;0;0;355290,362341381609440;5642729,776606921106577;6,941250110000055;50,918045154000026;5210427601200080000;0
158134;5;1;17;0;2021;11;12;5;2;0;7;1;0;0;0;0;0;0;355687,098229355178773;5700848,298016343265772;6,923550298000066;51,440419561000056;5211111502405450000;0
158135;5;3;15;0;2021;10;7;2;3;0;1;1;0;0;0;0;0;0;354920,980359793640673;5643863,381456980481744;6,935547651000036;50,928139861000034;5211004601210270000;1
158138;5;3;15;0;2021;11;15;4;3;5;2;1;1;0;0;0;0;0;353003,840714327059686;5647014,268437953665853;6,907014898000057;50,955970248000028;5211110601300190000;0
158144;5;1;58;26;2021;12;9;4;3;0;1;1;0;0;0;0;0;0;352785,555135998874903;5664370,937397308647633;6,896857853000029;51,111888572000055;5211215516900490000;1
158147;5;1;58;16;2021;4;11;4;3;3;6;1;1;0;0;0;0;0;355570,561893543228507;5671189,615558937191963;6,933882467000046;51,173872798000048;5210421516500190000;0
158150;5;1;58;4;2021;6;17;4;3;0;1;1;0;0;0;0;0;0;353715,597020502202213;5675956,239968772977591;6,905423311000050;51,216235089000065;5210602516600080000;0
158153;5;3;62;12;2021;3;11;3;3;5;2;1;1;0;0;0;0;0;352244,241505835205317;5632813,110251540318131;6,901950988000067;50,828155636000076;5210309602800070000;1
158155;5;3;15;0;2021;4;7;2;3;0;6;1;0;0;0;0;0;0;353408,412973302416503;5643289,939773384481668;6,914269760000025;50,922604153000066;5210412601200720000;0
158158;5;3;15;0;2021;7;12;6;3;5;7;1;1;0;0;0;0;0;352568,430178923532367;5642870,158595172688365;6,902496566000025;50,918617726000036;5210702601200280000;0
158159;5;3;15;0;2021;12;15;5;3;4;2;1;1;0;0;0;0;0;355425,343999809585512;5644921,231999358162284;6,942300086000046;50,937773179000033;5211223601100870000;0
158161;5;1;13;0;2021;9;17;5;3;0;1;1;0;0;0;0;0;0;357486,535156712867320;5705280,897966641932726;6,947637097000040;51,480706567000027;5210916502321080000;0
158162;5;5;54;56;2021;11;13;5;3;5;3;1;1;0;0;0;0;0;357216,920998243615031;5762137,252698931843042;6,920429304000038;51,991521536000050;5211104705000500000;0