OID_;ULAND;UREGBEZ;UKREIS;UGEMEINDE;UJAHR;UMONAT;USTUNDE;UWOCHENTAG;UKATEGORIE;UART;UTYP1;IstRad;IstPKW;IstFuss;IstKrad;IstSonstige;ULICHTVERH;IstGkfz;LINREFX;LINREFY;XGCSWGS84;YGCSWGS84;UIDENTSTLAE;IstStrassenzustand
158163;5;3;15;0;2021;6;7;4;2;7;1;1;0;0;0;0;0;0;352503,984552605077624;5645906,409700592979789;6,900351666000063;50,945886725000037;5210616601300980000;0
158168;5;1;11;0;2021;4;19;5;3;5;3;1;1;0;0;0;0;0;353875,027801548130810;5666820,284685086458921;6,911418471000047;51,134178038000073;5210408500300170000;0
158169;5;3;62;28;2021;10;17;3;3;5;3;1;1;0;0;0;0;0;352954,477355309762061;5639210,192275002598763;6,909458976000053;50,885825371000067;5211019602700480000;1
158170;5;3;15;0;2021;2;14;4;3;5;3;1;1;0;0;0;0;0;355639,165715330280364;5647311,598503254354000;6,944393623000053;50,959308468000074;5210217601400170000;0
158171;5;1;19;0;2021;5;19;2;3;4;2;1;1;0;0;0;0;0;353253,045863325707614;5705646,281371152028441;6,886561967000034;51,482907332000082;5210531508000780000;0
158173;5;1;58;4;2021;1;15;2;3;5;3;1;1;0;0;0;0;0;355432,458637192845345;5673909,309329368174076;6,930813710000052;51,198278011000070;5210111516600580000;1
158177;5;3;15;0;2021;12;16;4;3;5;3;1;1;0;0;0;0;0;354007,632353933528066;5643148,955112867057323;6,922845993000067;50,921489098000052;5211215601200880000;0
158180;5;3;15;0;2021;6;15;5;3;7;1;1;0;0;0;0;0;0;356266,947143993340433;5655098,671535041183233;6,950244931000043;51,029445942000052;5210624601400170000;0
158184;5;3;15;0;2021;11;10;1;3;0;1;1;0;0;0;0;0;0;355463,117261444218457;5640775,108383266255260;6,944480286000044;50,900522147000061;5211121601200790000;1
158185;5;3;15;0;2021;7;11;6;3;5;2;1;1;0;0;0;0;0;352787,154243174009025;5647183,082643350586295;6,903863564000062;50,957431992000068;5210702601300980000;0
158186;5;5;62;12;2021;11;15;5;3;3;6;1;1;0;0;0;0;0;357080,780701273120940;5735352,873116482049227;6,929533862000028;51,750822191000054;5211118701620990000;0
158188;5;1;58;20;2021;2;9;6;3;1;2;1;1;0;0;0;0;0;355679,531488697044551;5663832,019549656659365;6,938388529000065;51,107781659000068;5210219516800630000;1
158189;5;3;62;28;2021;11;17;5;3;1;5;1;1;0;0;0;2;0;352088,490054959431291;5640123,742808097973466;6,896786267000039;50,893814028000065;5211104602700790000;1
158190;5;3;15;0;2021;9;11;6;3;0;1;1;0;0;0;0;0;0;355420,159029946662486;5645179,511631114408374;6,942123848000051;50,940092984000046;5210903601100770000;0
158191;5;3;15;0;2021;4;20;1;3;6;4;1;0;1;0;0;2;0;354657,681282304227352;5644237,214071704074740;6,931654501000025;50,931433120000065;5210404601200970000;0
158192;5;3;15;0;2021;4;16;1;2;0;3;1;1;0;0;0;0;0;351965,160266437567770;5655198,315274814143777;6,888901032000035;51,029249589000074;5210404601400580000;0
158195;5;3;15;0;2021;9;13;7;3;0;3;1;1;0;0;0;0;0;352866,969999791122973;5646759,764999324455857;6,905170345000045;50,953648211000029;5210904601300580000;0
158196;5;5;12;0;2021;12;7;6;3;5;2;1;1;0;0;0;2;0;355859,781898899003863;5710548,561157153919339;6,922073715000067;51,527628590000063;5211203701400970000;2
158197;5;1;19;0;2021;10;8;4;3;5;3;1;1;0;0;0;0;0;352821,947536286897957;5703535,499155780300498;6,881237080000062;51,463828647000071;5211006508000070000;1
158198;5;3;15;0;2021;11;17;3;3;4;3;1;1;0;0;0;2;0;354323,741997353732586;5645517,707333654165268;6,926393648000044;50,942856290000066;5211123601300780000;0
158199;5;3;15;0;2021;10;15;2;3;0;7;1;1;0;0;0;0;0;353402,324710410088301;5642421,189369881525636;6,914532347000033;50,914795439000045;5211025601200880000;0
158200;5;5;54;56;2021;6;0;1;3;1;5;1;1;0;0;0;2;0;358301,606923305429518;5761541,745524145662785;6,936462192000022;51,986448600000074;5210606705000020000;0
158201;5;3;15;0;2021;1;18;6;3;5;3;1;1;0;0;0;2;0;352126,929432220757008;5645965,251252686604857;6,894964154000036;50,946318913000027;5210129601300090000;0
158202;5;5;54;56;2021;12;16;3;3;5;3;1;1;0;0;0;0;0;356542,891019200906157;5760949,773242518305779;6,911116046000075;51,980678357000045;5211214705000160000;1
158206;5;3;15;0;2021;5;7;5;2;0;1;1;0;0;0;0;0;0;353804,196246156468987;5640717,980164529755712;6,920927453000047;50,899591121000071;5210520601200760000;1
158207;5;3;15;0;2021;6;11;4;3;5;2;1;1;0;0;0;0;0;355468,713086565956473;5648874,106388324871659;6,941347354000072;50,973307598000076;5210630601400490000;0
158209;5;3;15;0;2021;6;8;5;3;0;1;1;0;0;0;0;0;0;354852,979212200269103;5643809,100640509277582;6,934602288000065;50,927634946000069;5210617601100190000;0
158211;5;3;15;0;2021;4;15;5;3;0;7;1;0;0;0;0;0;0;356038,129022722132504;5647346,613721527159214;6,950056861000064;50,959722957000054;5210422601400580000;0
158212;5;3;62;12;2021;12;10;3;3;1;7;1;1;0;0;0;0;0;352526,894154667854309;5632969,864704841747880;6,905898579000052;50,829636422000078;5211207602800080000;1
158213;5;3;15;0;2021;10;20;3;3;0;5;1;1;0;0;0;2;0;354027,109313956461847;5646680,399364123120904;6,921708168000066;50,953229984000075;5211005601300390000;1
158214;5;1;11;0;2021;5;16;1;3;5;2;1;1;0;0;0;0;0;351765,930937186814845;5668811,728844292461872;6,880475112000056;51,151531348000049;5210523500300570000;0
158216;5;3;15;0;2021;9;8;6;3;0;1;1;0;0;0;0;0;0;354263,090999802574515;5643523,997999344021082;6,926328184000056;50,924924085000043;5210910601200970000;0
158217;5;3;15;0;2021;12;14;5;3;4;6;1;0;0;0;0;0;0;353453,306635346263647;5643229,413279658183455;6,914932385000043;50,922071626000047;5211216601200020000;0
158218;5;3;15;0;2021;9;16;5;3;0;7;1;1;0;0;0;0;0;354998,376198422163725;5642828,137687541544437;6,937059867000073;50,918855810000082;5210930601200780000;0
158220;5;3;15;0;2021;10;7;2;3;0;1;1;0;0;0;0;0;0;352546,595957053825259;5642848,355981558561325;6,902194968000060;50,918416216000026;5211004601200570000;1
158222;5;3;15;0;2021;2;18;2;3;0;1;1;0;0;0;0;0;0;354688,576999804005027;5646218,450999353080988;6,931303618000072;50,949245742000073;5210222601300570000;0
158224;5;5;54;4;2021;4;15;3;3;5;3;1;1;0;0;0;0;0;357481,061361768282950;5770718,207334587350488;6,920699115000048;52,068689225000071;5210427705000680000;0
158227;5;5;12;0;2021;11;16;2;3;5;3;1;1;0;0;0;1;0;356340,099961794912815;5719225,466463409364223;6,925446256000043;51,605719365000027;5211108701400580000;0
158229;5;3;62;12;2021;3;13;7;3;0;5;1;1;0;0;0;0;0;351603,313576277345419;5633000,515126457437873;6,892780876000074;50,829675844000064;5210327602800920000;0
158232;5;1;58;26;2021;12;14;1;3;0;7;1;0;0;0;0;0;0;351974,759701068513095;5663360,752294369041920;6,885697439000069;51,102602002000026;5211205516900580000;1
158234;5;1;58;16;2021;11;17;2;3;5;3;1;1;0;0;0;2;0;355315,503999809734523;5670211,884999362751842;6,930629739000040;51,165022077000060;5211115516500980000;0
158238;5;3;15;0;2021;10;8;5;2;0;1;1;0;0;0;0;0;0;354095,957928766496480;5643323,666815167292953;6,924031893000063;50,923081523000064;5211007601200090000;1
158243;5;5;62;12;2021;9;13;5;3;5;3;1;1;0;0;0;0;0;357923,281999829225242;5726778,120999399572611;6,945226448000028;51,673987165000028;5210909701610260000;0
158249;5;3;15;0;2021;4;12;7;3;0;1;1;0;0;0;0;0;0;355283,933628142811358;5641967,532199598848820;6,941461058000073;50,911193387000026;5210410601200180000;1
158250;5;3;15;0;2021;10;16;6;3;5;3;1;1;0;0;0;0;0;354792,143999804742634;5646143,463999353349209;6,932806905000064;50,948597953000046;5211001601300080000;0
158252;5;1;58;4;2021;11;11;7;2;0;1;1;0;0;0;0;0;0;356771,562999819405377;5674872,746999381110072;6,949582503000045;51,207273131000079;5211106516600980000;1
158259;5;1;13;0;2021;6;16;4;3;5;7;1;1;0;0;0;0;0;354834,028020588681102;5704518,987339366227388;6,909778019000044;51,473185706000038;5210609502317280000;0
158260;5;3;15;0;2021;11;15;2;3;0;1;1;0;0;0;0;1;0;355242,527881985530257;5642079,838595848530531;6,940827929000022;50,912192282000035;5211122601200690000;0
158261;5;1;58;20;2021;10;17;5;3;5;3;1;1;0;0;0;0;0;356104,463999813422561;5666235,762999370694160;6,943495319000021;51,129489785000032;5211007516800290000;0
158262;5;3;15;0;2021;9;17;3;3;1;2;1;1;0;0;0;0;0;355702,432999811135232;5642370,943999364972115;6,947250449000023;50,914923566000027;5210928601200790000;0
158267;5;5;54;56;2021;12;13;3;2;5;3;1;1;0;0;0;0;0;355747,956109267659485;5761519,023107694461942;6,899310000000071;51,985587228000043;5211207705000380000;1
158269;5;3;15;0;2021;7;12;3;3;1;5;1;1;0;0;0;0;0;354931,282781424000859;5643968,924463924020529;6,935652152000046;50,929090943000062;5210706601100370000;0
158274;5;1;17;0;2021;4;14;7;3;4;2;1;1;0;0;0;0;0;355930,320999816060066;5699799,074999369680882;6,927474328000073;51,431053221000070;5210410502405370000;1
158275;5;5;12;0;2021;5;16;2;3;4;6;1;0;0;0;0;0;0;355520,349509485065937;5711402,419108442962170;6,916833624000049;51,535214387000053;5210531701400380000;0
158277;5;1;58;26;2021;2;19;5;3;0;7;1;0;0;0;0;2;0;352829,327999792993069;5664782,443999320268631;6,897314861000041;51,115597721000029;5210204516900670000;1
158278;5;3;15;0;2021;10;15;6;3;1;5;1;1;0;0;0;0;0;354083,000480493530631;5643316,917370753362775;6,923850361000063;50,923017591000075;5211015601200490000;1
158279;5;3;15;0;2021;6;15;1;3;0;1;1;0;0;0;0;0;0;354856,828718459233642;5643814,162280108779669;6,934655012000064;50,927681403000065;5210606601210220000;0
158280;5;3;15;0;2021;11;16;2;3;0;1;1;0;0;0;0;0;0;352506,010999788530171;5644204,179999317973852;6,901069566000047;50,930590064000057;5211101601200590000;1
158283;5;3;62;12;2021;11;11;2;3;0;7;1;0;0;0;1;0;0;351515,580322163179517;5630983,689829180017114;6,892352385000038;50,811528772000031;5211108602800080000;0
158288;5;3;15;0;2021;10;18;4;3;0;1;1;0;0;0;0;2;0;353712,397433945909142;5643125,489369714632630;6,918657814000028;50,921203442000035;5211027601200560000;0
158290;5;3;62;12;2021;10;14;3;2;0;2;1;1;0;0;0;0;0;351992,692694821394980;5632277,201646231114864;6,898598002000028;50,823275320000050;5211026602800310000;0
158292;5;3;15;0;2021;11;10;6;2;5;3;1;0;0;0;0;0;0;354844,307075696997344;5646395,885538494214416;6,933448358000021;50,950879534000080;5211119601300520000;1
158294;5;1;58;20;2021;3;8;2;3;4;6;1;1;0;0;0;0;0;356505,128844326362014;5665448,447653323411942;6,949530964000076;51,122515065000073;5210301516800770000;0
158298;5;3;15;0;2021;3;18;5;3;3;2;1;0;0;0;0;1;0;352803,818594935350120;5647656,426004566252232;6,903909216000045;50,961689968000030;5210318601300090000;0
158299;5;1;58;16;2021;2;15;7;3;0;1;1;0;0;0;0;0;0;355246,962498825974762;5671556,493065901100636;6,929108747000043;51,177087866000079;5210220516500560000;0
158300;5;3;15;0;2021;6;13;2;3;0;1;1;0;0;0;0;0;0;353691,931345772929490;5645640,116261878982186;6,917357407000054;50,943796353000039;5210628601300880000;1
158301;5;3;15;0;2021;9;8;2;3;5;3;1;1;0;0;0;0;0;355219,513604414649308;5648355,807016985490918;6,938006638000047;50,968587198000080;5210906601400180000;0
158302;5;3;15;0;2021;10;15;2;3;5;3;1;0;0;0;1;0;0;352561,317999789491296;5654060,027999320998788;6,897859477000054;51,019173707000050;5211018601400890000;0
158304;5;3;15;0;2021;7;10;3;3;0;1;1;0;0;0;0;0;0;354771,965289197862148;5643769,863400086760521;6,933465916000046;50,927261941000040;5210706601200860000;1
158307;5;3;15;0;2021;9;16;4;3;0;6;1;1;0;0;0;0;0;354082,363356785848737;5651306,975014988332987;6,920637645000056;50,994821244000036;5210922601400370000;0
158310;5;3;15;0;2021;5;11;1;3;0;1;1;0;0;0;0;0;0;353797,056427614763379;5657756,310576967895031;6,913974266000025;51,052705823000053;5210523601400790000;0
158312;5;1;19;0;2021;7;17;4;3;0;3;1;1;0;0;0;0;0;353327,153308694250882;5707908,852539237588644;6,886688220000053;51,503257157000064;5210707508000070000;0
158314;5;3;15;0;2021;5;12;4;3;3;2;1;1;0;0;0;0;0;353227,915285687893629;5645803,292414965108037;6,910691239000073;50,945144813000070;5210526601300090000;1
158315;5;3;15;0;2021;11;7;5;3;3;6;1;0;0;0;0;1;0;355471,173363237641752;5643450,307638518512249;6,943535155000063;50,924565754000071;5211104601100780000;1
158316;5;1;13;0;2021;9;12;4;3;0;7;1;0;0;0;0;0;0;357421,830692317336798;5703431,817727873101830;6,947452005000059;51,464074438000068;5210901502321170000;0
158317;5;1;58;4;2021;4;17;3;2;7;7;1;0;0;0;1;0;0;354582,509319899603724;5673967,887430246919394;6,918633289000070;51,198588719000043;5210420516600080000;0
158320;5;3;15;0;2021;5;17;5;3;1;5;1;1;0;0;0;0;0;353349,793510037474334;5643806,542424021288753;6,913228533000051;50,927231782000035;5210527601200690000;1
158321;5;5;54;28;2021;2;11;4;2;5;3;1;1;0;0;0;0;0;356881,046999823302031;5744113,714999388903379;6,923028281000029;51,829490683000074;5210224705000950000;0
158322;5;3;15;0;2021;10;8;5;3;0;4;1;1;1;0;0;0;0;354895,843408189713955;5645126,521504454314709;6,934687285000052;50,939485071000036;5211028601100960000;1
158323;5;3;15;0;2021;9;16;4;3;3;2;1;1;0;0;0;0;0;351916,401968041434884;5648668,547044759616256;6,890869423000026;50,970557958000029;5210915601300770000;1
158324;5;3;15;0;2021;12;18;3;3;5;3;1;0;0;0;1;2;0;352918,710519425570965;5642929,944329056888819;6,907452327000044;50,919244385000070;5211221601200880000;0
158326;5;3;15;0;2021;9;10;6;3;6;4;1;0;1;0;0;0;0;355653,022740573622286;5644793,823500111699104;6,945588832000055;50,936685220000072;5210917601100380000;0
158327;5;3;15;0;2021;12;18;4;3;6;4;1;0;1;0;0;2;0;354331,544748919084668;5641696,152771789580584;6,928031395000062;50,908515000000079;5211229601200190000;1
158328;5;3;15;0;2021;3;9;7;2;3;6;1;0;0;0;0;0;0;353592,676775385625660;5643261,171902779489756;6,916901193000058;50,922392412000079;5210306601200080000;0
158330;5;1;17;0;2021;5;13;7;3;5;3;1;1;0;0;0;0;0;353725,532999800518155;5696925,461999336257577;6,896965768000030;51,404666693000081;5210529502406670000;0
158331;5;5;12;0;2021;9;13;2;3;5;2;1;1;0;0;0;0;0;355881,941534925252199;5710397,506244488060474;6,922454744000049;51,526276901000074;5210927701400970000;0
158332;5;3;15;0;2021;6;8;2;2;0;1;1;0;0;0;0;0;0;355346,541638603433967;5641918,753641184419394;6,942370358000062;50,910770716000059;5210621601200190000;0
158333;5;3;15;0;2021;9;18;4;3;6;7;1;0;1;0;0;0;0;354669,079537460580468;5638361,350758001208305;6,934155880000048;50,878630844000043;5210922601200290000;0
158335;5;1;58;16;2021;12;15;6;3;5;3;1;1;0;0;0;0;0;356658,589032578282058;5670686,385482361540198;6,949637021000058;51,169624299000077;5211217516500680000;0
158337;5;3;15;0;2021;2;15;5;3;0;4;1;0;1;0;0;0;0;354062,390212018974125;5645486,988845922052860;6,922688395000023;50,942514140000071;5210218601300360000;0
158339;5;1;58;16;2021;3;10;4;3;3;6;1;1;0;0;0;0;0;355109,915062074549496;5671536,181366365402937;6,927157658000056;51,176870627000028;5210317516500160000;0
158344;5;3;15;0;2021;6;14;4;3;0;1;1;0;0;0;0;0;0;354723,300986453890800;5644285,776601919904351;6,932568320000030;50,931886071000065;5210602601110680000;0
158345;5;1;17;0;2021;10;13;5;3;0;7;1;0;0;0;0;0;0;357367,270053225569427;5698998,453554090112448;6,948453691000054;51,424222305000058;5211007502405790000;0
158348;5;3;15;0;2021;6;18;2;3;5;3;1;1;0;0;0;0;0;352496,798523916862905;5646631,943268744274974;6,899955542000043;50,952404918000070;5210607601300060000;0
158349;5;3;62;12;2021;2;14;1;3;5;2;1;1;0;0;0;0;0;351325,188787626102567;5632501,597931662574410;6,889036690000069;50,825120881000032;5210228602800120000;0
158350;5;1;58;20;2021;9;19;3;3;5;3;1;0;0;0;0;0;0;356399,733353375457227;5663695,081967627629638;6,948723995000023;51,106731943000057;5210928516800070000;0
158351;5;3;15;0;2021;3;8;5;3;1;5;1;1;0;0;0;0;0;353105,631540858186781;5651591,101211860775948;6,906613954000022;50,997126066000078;5210304601400390000;1
158353;5;3;15;0;2021;5;17;6;3;0;6;1;1;0;0;0;0;0;351257,300859345123172;5647023,983942601829767;6,882161115000031;50,955609419000041;5210528601300490000;0
158355;5;3;15;0;2021;11;16;3;3;0;1;1;0;0;0;0;0;0;354237,728622225113213;5642739,309555307030678;6,926281176000032;50,917865898000059;5211102601200160000;1
158356;5;3;15;0;2021;9;18;6;2;7;1;1;0;0;0;0;1;0;353790,065845103934407;5657750,065271141007543;6,913877118000073;51,052647920000027;5210917601400580000;0
158357;5;3;15;0;2021;2;14;7;3;0;1;1;0;0;0;0;0;0;355190,745887859724462;5647146,600810803472996;6,938078478000023;50,957713160000026;5210206601300590000;1
158363;5;3;15;0;2021;5;12;1;2;0;7;1;0;0;0;0;0;0;353921,489764915779233;5646746,070475846529007;6,920179115000053;50,953793387000076;5210509601300070000;0
158364;5;3;15;0;2021;6;17;5;3;0;7;1;0;0;0;0;0;0;352504,894278664141893;5644216,932775460183620;6,901048526000068;50,930704382000044;5210617601200090000;0
158365;5;1;17;0;2021;6;14;1;3;4;1;1;1;0;0;0;0;0;354408,772864875383675;5702164,118322480469942;6,904628925000054;51,451916142000073;5210627502400670000;0
158370;5;3;62;28;2021;12;12;4;3;5;3;1;0;0;0;1;0;0;352927,230272628366947;5638741,349835650995374;6,909260542000027;50,881605095000054;5211208602700080000;0
158372;5;3;62;28;2021;11;14;2;3;5;2;1;1;0;0;0;0;0;351235,490103090181947;5638931,315702347084880;6,885151396000026;50,882879156000058;5211122602700480000;0
158374;5;3;15;0;2021;9;11;4;3;5;3;1;1;0;0;0;0;0;353822,401591613888741;5648531,940914871171117;6,918051876000050;50,969817200000080;5210922601310030000;0
158376;5;3;15;0;2021;7;6;2;2;0;1;1;0;0;0;0;0;0;352445,191220921464264;5645066,801352022215724;6,899855421000041;50,938326504000031;5210705601300690000;0
158377;5;5;54;56;2021;11;11;6;3;0;1;1;0;0;0;0;0;0;356733,300375682301819;5762332,838028678670526;6,913308909000023;51,993154338000068;5211119705000480000;0
158380;5;5;12;0;2021;1;15;4;3;4;2;1;1;0;0;0;0;0;353854,213987393304706;5718899,686644604429603;6,889710008000065;51,602152437000029;5210113701400350000;1
158381;5;3;15;0;2021;3;19;3;3;0;2;1;1;0;0;0;2;0;353028,343758328817785;5646381,277491150423884;6,907619082000053;50,950288080000064;5210316601300970000;0
158383;5;3;15;0;2021;1;14;6;2;0;7;1;1;0;0;0;0;0;355705,396312468685210;5648728,366948679089546;6,944774095000071;50,972057221000057;5210129601400990000;0
158384;5;3;82;48;2021;6;15;1;3;0;1;1;0;0;0;0;0;0;353367,972854822874069;5605155,665581105276942;6,928879319000032;50,579882620000035;5210613600330580000;0
158386;5;3;15;0;2021;1;6;4;3;0;1;1;0;0;0;0;2;0;355373,252219681628048;5648992,898956945165992;6,939941333000036;50,974351190000050;5210113601420340000;2
158387;5;1;11;0;2021;6;23;7;3;0;7;1;0;0;0;0;2;0;352920,803162673488259;5667811,550858469679952;6,897384682000052;51,142841498000053;5210605500300070000;0
158388;5;3;15;0;2021;4;14;4;3;0;1;1;0;0;0;0;0;0;353960,045323139056563;5643252,568905923515558;6,922127917000068;50,922408202000042;5210428601200860000;0
158394;5;3;15;0;2021;1;16;6;3;5;2;1;1;0;0;0;0;0;354122,514758121222258;5648890,600893601775169;6,922179387000028;50,973116427000036;5210129601400070000;1
158398;5;3;15;0;2021;9;19;2;3;0;7;1;0;0;0;0;1;0;353590,704248623922467;5646534,544078301638365;6,915557890000059;50,951808544000073;5210920601000580000;0
158399;5;1;17;0;2021;4;14;3;3;0;7;1;0;0;0;0;0;0;356635,081999820657074;5699999,999999379739165;6,937524316000065;51,433037480000053;5210420502405870000;0
158400;5;3;62;28;2021;4;14;4;3;0;1;1;0;0;0;0;0;0;351900,860303928144276;5639061,116047563031316;6,894550919000039;50,884216552000055;5210428602700140000;0
158401;5;3;15;0;2021;3;7;2;3;6;4;1;0;1;0;0;1;0;355270,288157030008733;5641580,480794766917825;6,941420583000024;50,907711600000027;5210315601200680000;1
158402;5;5;54;28;2021;10;11;6;3;5;3;1;1;0;0;0;0;0;357522,753058606758714;5743712,034243848174810;6,932499615000040;51,826045462000081;5211008705000320000;0
158405;5;3;15;0;2021;4;15;7;3;3;5;1;1;0;0;0;0;0;353893,302967511117458;5645856,445345301181078;6,920135058000028;50,945791495000037;5210417601300370000;0
158408;5;3;15;0;2021;12;0;7;2;9;7;1;0;0;0;0;2;0;353396,541909256950021;5644521,395082499831915;6,913605769000071;50,933667788000037;5211218601200080000;1
158409;5;5;54;28;2021;9;16;5;3;5;2;1;1;0;0;0;0;0;357782,429396276362240;5743559,538552276790142;6,936327802000051;51,824741387000074;5210930705125020000;0
158410;5;3;62;28;2021;5;13;6;3;0;1;1;0;0;0;0;0;0;351232,209824436344206;5638933,179273895919323;6,885104039000055;50,882895058000031;5210521602700470000;0
158412;5;3;15;0;2021;12;15;6;3;5;3;1;1;0;0;0;0;0;353114,133999792858958;5644276,199999324977398;6,909688340000059;50,931392460000041;5211210601200920000;0
158418;5;3;15;0;2021;9;10;2;3;0;1;1;0;0;0;0;0;0;353787,074999797157943;5647364,217999335378408;6,918018392000022;50,959314362000043;5210920601300880000;0
158419;5;3;15;0;2021;6;16;4;3;5;3;1;1;0;0;0;0;0;355110,462573227472603;5642007,162432663142681;6,938979459000052;50,911506018000068;5210630601200260000;0
158421;5;3;15;0;2021;10;22;6;3;0;1;1;0;0;0;0;0;0;354082,393637112341821;5642886,853357776999474;6,924013797000043;50,919152575000055;5211008601200890000;0
158422;5;3;15;0;2021;11;15;7;3;0;1;1;0;0;0;0;0;0;354796,289728321135044;5643781,877369925379753;6,933807017000049;50,927376031000051;5211120601200580000;0
158423;5;3;62;12;2021;5;15;3;3;5;3;1;1;0;0;0;0;0;351486,346999782137573;5632009,008999302983284;6,891522709000071;50,820735504000027;5210525602800880000;1
158424;5;3;82;64;2021;12;12;2;3;5;3;1;1;0;0;0;0;0;352647,519435381516814;5619629,745160015299916;6,912953682000023;50,709781221000071;5211227600340820000;0
158426;5;3;15;0;2021;9;8;4;3;5;6;1;1;0;0;0;0;0;354217,529999801889062;5642603,258999347686768;6,926048388000027;50,916638146000082;5210915601200960000;1
158430;5;5;12;0;2021;9;13;4;3;1;5;1;0;0;0;1;0;0;354903,845485730096698;5709211,185767114162445;6,908853476000047;51,515366527000026;5210901701400580000;0
158431;5;3;15;0;2021;9;12;5;3;3;3;1;1;0;0;0;0;0;355602,602687447331846;5648334,159513385966420;6,943467501000043;50,968488816000047;5210909601400680000;0
158433;5;1;13;0;2021;6;15;1;3;0;7;1;0;0;0;0;0;0;357475,724947871640325;5705238,435774262994528;6,947498659000075;51,480322279000063;5210627502321080000;0
158434;5;3;15;0;2021;4;19;7;3;3;6;1;1;0;0;0;0;0;353842,582341496832669;5647244,747760906815529;6,918856205000054;50,958254810000028;5210417601300980000;0
158435;5;3;15;0;2021;7;16;3;2;0;1;1;0;0;0;0;0;0;355178,879239213652909;5644085,274134082719684;6,939126821000059;50,930198767000036;5210713601100380000;1
158438;5;3;15;0;2021;3;9;6;3;5;2;1;1;0;0;0;0;0;355043,610830254852772;5645979,471381817013025;6,936449606000053;50,947187485000029;5210319601300970000;0
158439;5;3;62;28;2021;6;19;4;3;5;3;1;1;0;0;0;0;0;351506,255944118835032;5638492,520804373547435;6,889176079000038;50,879005544000051;5210609602700080000;0
158441;5;5;54;56;2021;6;17;3;3;5;3;1;1;0;0;0;0;0;356379,813260631635785;5762035,646627917885780;6,908288524000056;51,990392786000029;5210601705000120000;0
158444;5;3;15;0;2021;1;12;7;3;4;7;1;1;0;0;0;0;0;354360,060163053683937;5643035,492318987846375;6,927902074000031;50,920558502000063;5210130601200580000;1
158446;5;1;58;16;2021;4;9;5;3;5;3;1;1;0;0;0;0;0;355905,456256921403110;5671755,291284559294581;6,938443148000033;51,179040672000042;5210401516500800000;0
158447;5;5;12;0;2021;2;11;5;3;0;1;1;0;0;0;0;0;0;354182,814736099913716;5710064,122191939502954;6,898116464000054;51,522845069000027;5210204701400820000;1
158448;5;3;15;0;2021;5;6;2;3;5;3;1;1;0;0;0;0;0;355595,242198148742318;5650397,764802664518356;6,942543026000067;50,987032042000067;5210503601400560000;0
158449;5;1;58;20;2021;5;13;7;3;0;7;1;0;0;0;1;0;0;355466,546999811194837;5666058,758999362587929;6,934455748000062;51,127738525000041;5210529516800190000;0
158451;5;1;58;20;2021;3;11;2;3;2;6;1;1;0;0;0;0;0;356454,251386680640280;5663933,603581048548222;6,949407344000065;51,108889089000058;5210329516800480000;0
158454;5;1;17;0;2021;4;9;3;3;1;5;1;1;0;0;0;0;0;352574,051047949120402;5698868,932958750054240;6,879614611000022;51,421832013000028;5210420502401750000;0
158455;5;3;62;12;2021;9;8;7;3;5;3;1;1;0;0;0;0;0;352390,214306878857315;5633463,215625949203968;6,903760468000030;50,834035201000063;5210904602800110000;0
158456;5;3;15;0;2021;6;9;4;3;8;1;1;0;0;1;0;0;0;354226,826397620141506;5642749,218682965263724;6,926122222000060;50,917952195000055;5210616601200060000;0
158457;5;5;54;56;2021;5;18;6;3;5;2;1;1;0;0;0;0;0;356770,571191998198628;5762096,915924044325948;6,913949921000039;51,991044189000036;5210514705000980000;0
158460;5;3;15;0;2021;1;19;5;3;0;1;1;0;0;0;0;2;0;352795,500669604167342;5651820,307501068338752;6,902104538000060;50,999106572000073;5210121601400570000;1
158461;5;3;15;0;2021;11;17;5;2;0;1;1;1;0;0;0;1;0;355282,185466387309134;5641979,044793140143156;6,941431642000055;50,911296410000034;5211118601200190000;0
158462;5;3;15;0;2021;3;11;7;3;0;3;1;1;0;0;0;0;0;354688,897753710858524;5645242,143177673220634;6,931697697000061;50,940472018000037;5210327601300480000;0
158463;5;3;15;0;2021;6;13;6;3;3;6;1;0;0;0;0;0;0;355882,012187385931611;5645856,983531096950173;6,948425073000067;50,946296921000055;5210611601100870000;0
158464;5;3;15;0;2021;3;17;3;3;9;1;1;0;0;0;0;0;0;353799,911908654496074;5642259,802227068692446;6,920249019000039;50,913445955000043;5210330601200880000;0
158465;5;1;58;16;2021;6;15;5;3;0;1;1;0;0;0;0;0;0;356021,908164452761412;5670362,676572017371655;6,940665805000037;51,166555391000031;5210610516500280000;0
158466;5;1;11;0;2021;11;16;5;3;5;3;1;1;0;0;0;0;0;353101,229624778963625;5667488,394766855984926;6,900093976000051;51,139983867000069;5211111500300970000;0
158467;5;3;16;0;2021;4;16;2;2;2;6;1;0;0;0;0;0;0;354566,280015704222023;5658110,116831740364432;6,924799669000038;51,056080613000063;5210419601700160000;0
158468;5;5;54;56;2021;3;14;6;3;8;7;1;0;0;0;0;0;0;356764,790857354179025;5762374,216999482363462;6,913749955000071;51,993534250000039;5210326705000540000;0
158473;5;3;15;0;2021;5;15;5;3;5;3;1;1;0;0;0;0;0;355769,050833236426115;5644352,439294483512640;6,947413752000045;50,932747608000057;5210527601110150000;1