OID_;ULAND;UREGBEZ;UKREIS;UGEMEINDE;UJAHR;UMONAT;USTUNDE;UWOCHENTAG;UKATEGORIE;UART;UTYP1;IstRad;IstPKW;IstFuss;IstKrad;IstSonstige;ULICHTVERH;IstGkfz;LINREFX;LINREFY;XGCSWGS84;YGCSWGS84;UIDENTSTLAE;IstStrassenzustand
158474;5;3;15;0;2021;2;16;4;3;5;3;1;0;0;0;0;0;0;354557,489079279825091;5641918,786843620240688;6,931154231000050;50,910572734000027;5210224601200780000;0
158477;5;3;15;0;2021;9;6;6;3;5;3;1;1;0;0;0;0;0;352440,341853763908148;5645089,925575600937009;6,899777085000039;50,938533070000062;5210903601300040000;0
158478;5;3;15;0;2021;10;14;2;3;1;5;1;1;0;0;1;0;0;354108,881107187829912;5645617,575659662485123;6,923297391000062;50,943699447000029;5211025601300240000;0
158479;5;1;58;16;2021;11;11;3;3;0;1;1;0;0;0;0;0;0;355574,350999810732901;5671004,933999365195632;6,934010829000044;51,172214136000036;5211116516500990000;1
158486;5;1;58;16;2021;11;10;5;3;3;6;1;0;0;0;1;0;0;355299,291301866061985;5670820,921698682010174;6,930152947000067;51,170491004000041;5211111516500180000;0
158487;5;3;15;0;2021;1;21;7;3;0;7;1;0;0;0;0;2;0;353653,526201114989817;5646890,809759633615613;6,916308438000044;50,955026123000039;5210102601300580000;0
158490;5;3;15;0;2021;2;14;4;3;1;7;1;1;0;0;0;0;0;355363,755031809210777;5644602,615821862593293;6,941550575000065;50,934894399000029;5210203601110730000;1
158491;5;3;15;0;2021;12;22;5;3;0;1;1;0;0;0;0;2;0;354772,061386999674141;5643769,913007641211152;6,933467262000022;50,927262411000072;5211209601200520000;0
158494;5;3;16;0;2021;9;17;7;2;1;5;1;1;0;0;0;0;0;354252,424546534195542;5658349,364924609661102;6,920228052000027;51,058151039000052;5210904601700450000;0
158498;5;3;15;0;2021;11;11;7;3;1;7;1;1;0;0;0;0;0;355071,024653336964548;5643826,010542014613748;6,937696135000067;50,927841733000037;5211106601110780000;0
158499;5;3;15;0;2021;12;19;1;3;0;1;1;0;0;0;0;2;0;351198,991786889731884;5644475,513971226289868;6,882372630000020;50,932692705000079;5211219601300070000;1
158500;5;1;58;16;2021;10;15;6;2;0;7;1;0;0;0;0;0;0;356333,526085789315403;5670506,344857731834054;6,945062438000036;51,167924812000081;5211008516500260000;0
158501;5;3;15;0;2021;10;16;5;3;0;3;1;1;0;0;0;0;0;352862,528989858925343;5648433,528667924925685;6,904430361000038;50,968688424000050;5211028601300870000;0
158505;5;3;62;12;2021;5;11;4;3;5;2;1;1;0;0;0;0;0;351804,562620449811220;5632024,107105689123273;6,896031122000068;50,820952713000054;5210505602800560000;1
158509;5;1;58;20;2021;10;12;1;2;0;1;1;1;0;0;0;0;0;356472,289999815635383;5663549,354999374598265;6,949817687000063;51,105440529000077;5211031516800770000;1
158510;5;3;15;0;2021;5;13;6;3;5;3;1;1;0;0;0;0;0;352930,001260973513126;5648266,041233634576201;6,905458352000039;50,967200523000031;5210521601300690000;0
158512;5;1;70;36;2021;10;12;4;3;5;3;1;1;0;0;0;0;0;353419,643267998471856;5728963,433072634041309;6,879222653000056;51,692465770000069;5211006518401590000;1
158514;5;1;58;28;2021;12;14;2;3;0;1;1;0;0;0;0;0;0;354770,706891683861613;5688002,669595515355468;6,915626358000054;51,324755331000063;5211227516300380000;1
158515;5;3;15;0;2021;7;10;2;3;1;5;1;1;0;0;0;0;0;355078,761564661748707;5644867,550267437472939;6,937392018000025;50,937203759000056;5210712601100460000;0
158518;5;3;15;0;2021;11;15;6;3;3;2;1;1;0;0;0;0;0;355269,312131610698998;5642445,742772608995438;6,941063527000040;50,915487315000064;5211105601200890000;0
158521;5;3;15;0;2021;7;12;6;3;7;7;1;0;0;0;1;0;0;354027,890341221354902;5648746,333763973787427;6,920890454000073;50,971795979000035;5210702601400560000;0
158522;5;1;58;4;2021;12;8;2;2;0;7;1;0;0;0;0;0;0;356166,709999815560877;5675974,905999373644590;6,940487622000035;51,217025533000026;5211206516620990000;2
158523;5;3;15;0;2021;3;13;4;3;1;7;1;1;0;0;0;0;0;352527,843676296994090;5647074,688994776457548;6,900217857000030;50,956391608000047;5210331601300780000;0
158525;5;5;54;56;2021;3;8;5;3;8;1;1;0;0;0;0;0;0;357563,581328832544386;5761964,644889228045940;6,925546369000074;51,990059649000045;5210311705000020000;1
158526;5;3;15;0;2021;6;0;7;3;5;3;1;1;0;0;0;2;0;354973,591804957948625;5643911,515396252274513;6,936276636000059;50,928585659000078;5210619601110600000;0
158529;5;3;15;0;2021;9;17;5;3;5;2;1;1;0;0;0;0;0;353023,906999791972339;5645826,274999324232340;6,907779964000042;50,945299374000058;5210902601300660000;0
158530;5;1;11;0;2021;6;7;4;3;5;3;1;1;0;0;0;0;0;351988,819999787956476;5668637,060999311506748;6,883731582000053;51,150019448000080;5210630500300770000;1
158532;5;3;15;0;2021;4;11;3;3;8;4;1;0;1;0;0;0;0;354717,945608011446893;5648083,397818481549621;6,930976978000047;50,966012860000035;5210413601400320000;0
158533;5;3;15;0;2021;10;17;3;3;0;7;1;1;0;0;0;0;0;353715,795889576897025;5642124,648165378719568;6,919107465000025;50,912210053000081;5211005601200390000;1
158535;5;1;19;0;2021;10;13;2;2;5;3;1;1;0;0;0;0;0;354131,456999804824591;5704335,529999338090420;6,899744831000021;51,471356517000061;5211025508105140000;0
158536;5;5;12;0;2021;9;14;4;3;6;7;1;0;1;0;0;0;0;355924,278631920926273;5709869,343915624544024;6,923280613000031;51,521541754000054;5210922701400480000;0
158537;5;3;15;0;2021;9;8;6;3;5;3;1;0;0;0;0;0;0;354783,829471942968667;5643775,926648166030645;6,933632206000027;50,927319416000046;5210910601200570000;1
158538;5;1;58;26;2021;9;16;5;2;1;3;1;1;0;0;0;0;0;352236,917999789118767;5661487,439999310299754;6,890205741000045;51,085835578000058;5210909516900690000;0
158539;5;3;15;0;2021;2;15;2;3;0;7;1;1;0;0;0;0;0;355927,058399420231581;5646120,634446058422327;6,948961575000055;50,948677563000047;5210215601100420000;0
158540;5;3;62;12;2021;1;12;3;3;0;1;1;0;0;0;0;0;0;352528,706639308482409;5631720,215532856062055;6,906426805000024;50,818406584000059;5210126602800060000;1
158541;5;3;15;0;2021;3;13;4;3;5;3;1;1;0;0;0;0;0;351197,543112707324326;5647128,124632799997926;6,881268316000046;50,956529844000045;5210310601300760000;0
158544;5;3;15;0;2021;5;9;4;3;5;2;1;1;0;0;0;0;0;354304,660091687925160;5643428,489238152280450;6,926957413000025;50,924076273000026;5210512601200660000;0
158545;5;5;54;4;2021;5;16;1;2;2;1;1;0;0;0;0;0;0;357114,730782044120133;5770764,765769621357322;6,915338815000041;52,069013170000062;5210530705000720000;0
158546;5;3;15;0;2021;7;19;4;3;2;6;1;1;0;0;0;0;0;355124,965932798571885;5645359,640055995434523;6,937853492000045;50,941637663000051;5210707601110850000;0
158548;5;3;15;0;2021;3;8;6;3;7;5;1;1;0;0;1;0;0;355408,612939232029021;5645357,541886795312166;6,941888959000039;50,941690008000080;5210305601110470000;0
158549;5;3;15;0;2021;4;17;6;3;5;3;1;0;0;1;0;0;0;354654,115878207609057;5644235,552256386727095;6,931604460000074;50,931417287000045;5210416601200160000;0
158550;5;3;15;0;2021;6;15;4;3;3;6;1;1;0;0;0;0;0;351663,300747871398926;5645536,309656342491508;6,888543679000065;50,942345131000081;5210609601300690000;0
158551;5;3;15;0;2021;5;16;2;2;5;3;1;1;0;0;0;0;0;355800,524583713151515;5642601,802893854677677;6,948553674000038;50,917022780000082;5210531601200790000;0
158553;5;3;15;0;2021;10;9;7;3;8;1;1;0;0;0;0;0;0;352491,357489848509431;5644635,723625384271145;6,900686535000034;50,934464411000079;5211016601300280000;1
158554;5;1;58;20;2021;1;6;3;3;5;2;1;1;0;0;0;2;0;354798,467318040318787;5665521,752210047096014;6,925131143000044;51,122743797000055;5210112516800090000;1
158556;5;1;58;26;2021;7;12;5;3;4;6;1;0;0;0;0;0;0;351958,995800461620092;5663309,022470932453871;6,885493658000030;51,102133077000076;5210701516900770000;0
158558;5;3;15;0;2021;6;2;1;2;7;1;1;1;0;0;0;2;0;353164,779502038843930;5645810,929051376879215;6,909790059000045;50,945197364000080;5210606601300090000;0
158559;5;3;15;0;2021;6;13;4;3;0;5;1;1;0;0;0;0;0;355489,108480735681951;5645169,314098322764039;6,943108608000045;50,940018625000050;5210616601000090000;0
158560;5;3;15;0;2021;12;15;7;3;3;6;1;0;0;0;0;0;0;355752,787506293505430;5645030,342573134228587;6,946914119000041;50,938835737000034;5211218601100790000;0
158561;5;3;15;0;2021;9;13;5;3;0;5;1;1;0;0;0;0;0;353702,407985809259117;5643339,000601237639785;6,918430136000040;50,923119667000037;5210902601210010000;0
158562;5;3;15;0;2021;10;14;7;3;1;5;1;1;0;0;0;0;0;355249,191672824323177;5643008,616261394694448;6,940554131000056;50,920540707000043;5211009601200180000;0
158564;5;3;15;0;2021;6;16;5;3;0;7;1;1;0;0;0;0;0;354027,355560331605375;5643831,060670578852296;6,922853354000040;50,927623968000034;5210610601200190000;0
158566;5;3;15;0;2021;4;8;4;3;3;2;1;1;0;0;0;0;0;351916,439999786205590;5648669,678999306634068;6,890869503000033;50,970568140000069;5210428601300360000;0
158567;5;1;17;0;2021;4;17;6;3;0;7;1;0;0;0;0;0;0;357558,974999825470150;5701581,726999396458268;6,950170031000027;51,447483992000059;5210409502405580000;0
158569;5;1;58;26;2021;4;16;7;3;3;2;1;1;0;0;0;0;0;351738,080596030689776;5661107,487657409161329;6,883244328000046;51,082292530000075;5210403516900030000;0
158574;5;3;15;0;2021;5;8;5;3;3;6;1;1;0;0;0;0;0;355674,057259708642960;5642301,180715838447213;6,946874655000045;50,914289518000032;5210520601200090000;0
158575;5;3;15;0;2021;5;13;2;3;0;1;1;0;0;0;0;0;0;353896,827973377890885;5646566,324063738808036;6,919900373000075;50,952171819000057;5210531601300590000;0
158578;5;3;15;0;2021;12;13;5;3;5;2;1;1;0;0;0;0;0;354290,973469840362668;5646501,816794367507100;6,925533779000034;50,951691890000063;5211223601300480000;0
158581;5;3;15;0;2021;7;15;3;3;1;5;1;1;0;0;0;0;0;353025,331998059526086;5647317,702646527439356;6,907198147000031;50,958702559000074;5210706601300980000;0
158582;5;3;62;28;2021;5;19;4;3;5;3;1;1;0;0;0;0;0;351108,239450967870653;5638202,469243928790092;6,883640551000042;50,876296567000054;5210512602700980000;0
158584;5;1;58;16;2021;3;14;5;3;5;2;1;1;0;0;0;0;0;355157,059367797337472;5672126,739912467077374;6,927593617000070;51,182189529000027;5210318516500390000;1
158587;5;3;62;28;2021;9;14;7;3;4;5;1;1;0;0;0;0;0;352121,430659759789705;5640393,572568610310555;6,897145081000076;50,896247315000039;5210918602700070000;0
158588;5;3;15;0;2021;5;18;2;3;6;7;1;0;1;0;0;0;0;354175,389575996436179;5647581,078089984133840;6,923456960000067;50,961361610000040;5210503601300070000;0
158589;5;1;58;20;2021;6;17;7;3;0;7;1;0;0;0;0;0;0;356048,074189654551446;5666704,904265524819493;6,942502560000037;51,133691550000037;5210619516800590000;0
158592;5;3;15;0;2021;4;23;5;3;5;3;1;1;0;0;0;2;0;355883,887934309430420;5644616,420375429093838;6,948942517000035;50,935148668000068;5210415601110540000;0
158594;5;1;58;16;2021;2;11;7;3;0;7;1;0;0;0;0;0;0;354804,176532263867557;5671665,644447106868029;6,922734444000071;51,177956468000048;5210220516500780000;0
158596;5;3;15;0;2021;7;13;6;3;0;1;1;1;0;0;0;0;0;352545,312302026897669;5642847,038828572258353;6,902177251000069;50,918404051000039;5210702601200750000;0
158597;5;3;15;0;2021;6;19;2;3;4;2;1;0;0;0;0;0;1;354608,469493162818253;5653513,693731755018234;6,927245611000046;51,014785309000047;5210614601400070000;0
158603;5;3;62;12;2021;7;23;3;3;0;7;1;0;0;0;0;2;0;351264,913576473481953;5632425,597611125558615;6,888212315000033;50,824422411000057;5210706602800230000;0
158605;5;3;15;0;2021;10;8;2;2;5;1;1;0;0;0;0;0;0;353396,493027117103338;5644522,312860827893019;6,913604705000068;50,933676024000079;5211004601200790000;1
158606;5;3;15;0;2021;6;1;4;2;0;1;1;0;0;0;0;2;0;353947,349815076217055;5647217,829377869144082;6,920357746000036;50,958039468000038;5210602601300990000;0
158610;5;3;15;0;2021;6;10;1;3;0;6;1;0;0;0;0;0;0;355087,975297604687512;5645951,883275628089905;6,937091703000021;50,946950711000056;5210627601300870000;0
158611;5;1;58;26;2021;9;14;4;2;3;7;1;1;0;0;0;0;0;351872,204002138227224;5662081,453703088685870;6,884758493000049;51,091079461000049;5210922516900880000;0
158612;5;1;11;0;2021;2;1;3;3;5;1;1;1;0;0;0;2;0;352524,696527169086039;5668245,737751871347427;6,891548295000064;51,146641279000050;5210209500300240000;2
158615;5;1;11;0;2021;5;13;7;3;2;5;1;1;0;0;0;0;0;352248,163548100739717;5674852,483163867145777;6,884881738000047;51,205938859000071;5210529500300770000;0
158616;5;3;15;0;2021;5;17;7;3;0;1;1;0;0;0;0;0;0;355585,579925030469894;5641913,698227237910032;6,945770232000029;50,910785139000041;5210522601200190000;0
158620;5;3;15;0;2021;10;18;2;2;0;1;1;0;0;0;0;0;0;354043,829930498264730;5643202,098144588992000;6,923339376000058;50,921975836000058;5211004601200170000;0
158621;5;3;15;0;2021;11;15;6;3;0;1;1;0;0;0;0;0;0;354977,258433142676950;5643912,472193464636803;6,936328395000032;50,928595180000059;5211119601100090000;1
158623;5;1;58;4;2021;6;20;5;3;4;2;1;1;0;0;0;0;0;354257,344444856978953;5676597,950631609186530;6,912913961000072;51,222140158000059;5210603516600180000;0
158624;5;3;15;0;2021;1;11;5;3;4;2;1;0;0;0;0;0;1;353015,408859128132463;5646329,663033002987504;6,907455899000070;50,949820944000066;5210121601300690000;1
158629;5;5;12;0;2021;2;16;1;3;5;2;1;1;0;0;0;0;0;357003,784231523983181;5711108,093931989744306;6,938326943000050;51,532947320000062;5210228701400860000;0
158631;5;3;15;0;2021;11;20;6;3;5;3;1;1;0;0;0;2;0;355416,037999808788300;5644387,569999357685447;6,942379462000076;50,932974935000061;5211105601100580000;1
158633;5;1;17;0;2021;11;13;6;3;3;5;1;1;0;0;0;0;0;353201,904886260628700;5702520,342285387217999;6,887124318000076;51,454805458000067;5211112502404680000;0
158634;5;5;62;12;2021;11;22;3;2;0;1;1;0;0;0;0;2;0;358118,212186926044524;5725295,146103844046593;6,948645846000034;51,660710864000066;5211123701610480000;1
158641;5;3;62;12;2021;5;10;2;2;0;1;1;0;0;0;0;0;0;351671,123850466683507;5631053,739058768376708;6,894530328000030;50,812198135000074;5210531602800940000;0
158642;5;1;58;26;2021;6;5;6;2;5;3;1;1;0;0;0;0;0;353132,524909944273531;5663267,763515021651983;6,902260171000023;51,102064140000039;5210618516900970000;0
158643;5;3;15;0;2021;6;13;2;3;0;3;1;1;0;0;0;0;0;355556,026701778173447;5641546,632368806749582;6,945495417000075;50,907478977000039;5210621601200270000;0
158650;5;3;15;0;2021;5;10;6;3;3;6;1;0;0;0;0;0;0;354873,747532944194973;5646438,884833730757236;6,933850065000058;50,951273370000081;5210521601300340000;0
158651;5;3;15;0;2021;12;8;2;3;5;3;1;1;0;0;0;0;0;351890,970630510710180;5655019,575663577765226;6,887916827000026;51,027624262000074;5211227601400180000;1
158652;5;1;58;20;2021;2;13;4;2;0;1;1;0;0;0;0;0;0;356499,954954022541642;5665443,897562202066183;6,949458894000031;51,122472879000043;5210210516800770000;2
158654;5;3;15;0;2021;6;17;6;3;0;7;1;0;1;0;0;0;0;352944,187641589902341;5647141,414288263767958;6,906114772000024;50,957097632000057;5210611601300880000;0
158655;5;1;58;16;2021;10;15;4;3;5;3;1;0;0;0;1;0;0;354808,599460414610803;5672772,021779293194413;6,922350584000071;51,187899831000038;5211027516500380000;0
158658;5;5;54;4;2021;6;0;1;3;0;7;1;0;0;0;0;2;0;357222,490999829024076;5776671,424999395385385;6,914435489000027;52,122111450000034;5210606705000660000;0
158659;5;3;15;0;2021;10;16;4;3;3;6;1;1;0;0;0;0;0;355113,324337312951684;5643790,079166814684868;6,938311912000074;50,927529452000044;5211027601100820000;0
158660;5;3;15;0;2021;6;17;3;3;5;3;1;1;0;0;0;0;0;352185,512532414868474;5648478,784811221063137;6,894776673000024;50,968921788000046;5210629601300090000;0
158662;5;3;15;0;2021;6;22;7;2;0;1;1;0;0;0;0;1;0;355305,504294706508517;5642679,454816076904535;6,941485343000068;50,917596718000027;5210619601200690000;1
158665;5;5;12;0;2021;7;18;1;2;5;3;1;0;0;0;0;0;0;354826,835092040710151;5716266,555965250357985;6,904833309000026;51,578743806000034;5210711701400220000;0
158666;5;3;15;0;2021;1;7;4;3;0;5;1;0;0;0;0;0;1;353820,002347422763705;5642291,790137864649296;6,920521796000060;50,913738510000030;5210113601210590000;1
158668;5;3;62;12;2021;9;8;4;3;3;6;1;1;0;0;0;1;0;352443,506949154660106;5633042,102480441331863;6,904686261000052;50,830264355000054;5210929602800440000;1
158669;5;3;15;0;2021;5;22;7;3;5;7;1;1;0;0;0;2;0;354305,589720948599279;5646033,116720201447606;6,925929265000036;50,947483527000031;5210529601300080000;0
158671;5;1;58;26;2021;9;8;3;3;1;5;1;1;0;0;0;0;0;351864,496658251620829;5660527,846028909087181;6,885285446000069;51,077116383000032;5210921516900190000;0
158673;5;5;54;56;2021;9;15;6;3;1;7;1;1;0;0;0;0;0;356508,417724356986582;5763450,695489427074790;6,909567864000053;52,003140204000033;5210917705000190000;0
158677;5;1;58;16;2021;9;14;1;3;1;3;1;1;0;0;0;0;0;355315,503999809734523;5670211,884999362751842;6,930629739000040;51,165022077000060;5210912516500590000;0
158678;5;3;15;0;2021;9;23;4;3;0;1;1;0;0;0;0;2;0;353709,596867692656815;5644717,831057857722044;6,917979024000033;50,935512582000058;5210908601210270000;0
158679;5;3;15;0;2021;11;7;3;2;5;3;1;0;0;0;0;2;0;355182,102387519553304;5642702,495471397414804;6,939721816000031;50,917772825000043;5211130601200190000;1
158681;5;3;15;0;2021;10;20;6;3;0;1;1;0;0;0;0;2;0;354032,721954545006156;5643290,727637311443686;6,923145968000028;50,922769514000038;5211022601200080000;0
158682;5;3;15;0;2021;10;15;7;3;5;2;1;1;0;0;0;0;0;355039,548364193178713;5645981,102569738402963;6,936391165000032;50,947201122000081;5211002601300880000;1
158683;5;3;62;28;2021;4;19;6;3;5;2;1;1;0;0;0;1;0;351652,142168231308460;5639592,269584711641073;6,890801957000065;50,888925996000069;5210409602700960000;0
158684;5;3;15;0;2021;6;15;1;3;0;1;1;0;0;0;0;0;0;353093,200357533991337;5647194,147266902029514;6,908213723000074;50,957609527000045;5210613601000890000;0
158685;5;3;15;0;2021;10;17;6;3;0;1;1;0;0;0;0;0;0;351272,987999781034887;5644511,548999296501279;6,883410217000062;50,933035618000076;5211008601300790000;0
158690;5;5;12;0;2021;6;18;3;3;5;2;1;1;0;0;0;0;0;356938,250999823212624;5708825,300999388098717;6,938309656000058;51,512417852000056;5210608701400480000;0
158694;5;1;17;0;2021;4;5;5;3;0;2;1;1;0;0;0;1;0;353188,390343088656664;5702704,208829758688807;6,886853627000050;51,456454119000057;5210408502404380000;0
158700;5;3;15;0;2021;2;18;5;3;5;3;1;1;0;0;0;2;0;352895,294078885577619;5648920,665035743266344;6,904699634000053;50,973074457000052;5210211601300980000;0
158701;5;1;58;16;2021;4;14;5;3;0;3;1;1;0;0;0;0;0;355126,512526476755738;5671478,558880040422082;6,927418166000052;51,176357018000033;5210422516500460000;0
158704;5;1;19;0;2021;5;9;5;3;0;7;1;0;1;0;0;0;0;353896,467999802902341;5707358,472999341785908;6,895113068000057;51,498459093000065;5210527508000980000;0
158705;5;3;62;12;2021;11;6;3;2;1;5;1;1;0;0;0;2;0;352375,607236369512975;5633361,903194632381201;6,903593982000075;50,833121008000035;5211102602800470000;1
158706;5;3;15;0;2021;9;15;2;3;5;3;1;1;0;0;0;0;0;355328,190999808721244;5644419,762999359518290;6,941117367000061;50,933242218000032;5210927601100890000;0
158709;5;3;15;0;2021;5;19;6;3;2;6;1;1;0;0;0;0;0;353364,970990855246782;5647114,474708791822195;6,912112778000051;50,956962762000046;5210528601300060000;0
158710;5;3;15;0;2021;9;21;5;3;0;5;1;1;0;0;0;2;0;353968,395538693293929;5646716,703360278159380;6,920858255000041;50,953541362000067;5210909601300880000;0
158711;5;3;82;48;2021;9;16;4;3;0;1;1;0;0;0;0;0;0;354318,080129435285926;5610162,841484529897571;6,940325784000038;50,625121416000070;5210922600330990000;0
158713;5;3;15;0;2021;11;18;2;3;5;3;1;0;0;0;1;2;0;354221,751059177331626;5646772,271107643842697;6,924440648000029;50,954104869000048;5211101601300770000;1
158714;5;3;15;0;2021;5;16;3;3;5;2;1;1;0;0;0;0;0;355035,955999808385968;5645982,544999353587627;6,936339486000065;50,947213181000052;5210518601300890000;0
158717;5;1;17;0;2021;11;14;3;3;0;7;1;1;0;0;0;0;0;354851,395999808795750;5701480,959999352693558;6,911274903000049;51,445891037000081;5211130502405060000;0
158720;5;1;58;20;2021;5;13;4;3;3;2;1;1;0;0;0;0;0;356233,424141917377710;5663069,162331851199269;6,946599288000073;51,101065392000066;5210526516800290000;0
158721;5;1;58;4;2021;5;11;2;3;0;3;1;0;0;0;1;0;0;355432,673768521286547;5673909,430095711722970;6,930816738000033;51,198279150000076;5210510516600280000;0
158722;5;3;15;0;2021;2;8;3;3;0;1;1;0;0;0;0;0;0;353725,947067428380251;5642142,035835541784763;6,919244793000075;50,912368883000056;5210216601200080000;1
158725;5;3;15;0;2021;2;9;5;3;5;3;1;1;0;0;0;0;0;354654,176584990695119;5644235,576765267178416;6,931605314000024;50,931417523000050;5210204601210020000;1
158726;5;3;15;0;2021;5;15;1;3;6;7;1;0;1;0;0;0;0;355794,830213759094477;5644822,208363410085440;6,947594482000056;50,936975787000051;5210509601110280000;0
158728;5;3;15;0;2021;10;15;7;2;0;1;1;0;0;0;0;0;0;353800,637447763234377;5642260,957409409806132;6,920258870000055;50,913456520000068;5211009601200980000;0
158729;5;3;15;0;2021;10;7;2;3;5;3;1;1;0;0;0;1;0;352769,174681218340993;5654342,844083519652486;6,900706091000075;51,021768473000066;5211004601400760000;0
158730;5;3;15;0;2021;2;9;5;3;3;2;1;1;0;0;0;0;0;354104,495838425122201;5642724,156430412083864;6,924393100000032;50,917696052000053;5210225601210900000;0
158732;5;3;15;0;2021;6;7;6;2;5;2;1;1;0;0;0;0;0;351519,240010785870254;5649427,018517456948757;6,884907108000050;50,977271649000045;5210618601310310000;0
158733;5;3;62;28;2021;3;5;5;3;5;3;1;0;0;0;0;2;0;351851,044499332085252;5640482,225471783429384;6,893266965000066;50,896974703000069;5210325602700660000;0
158734;5;3;62;28;2021;10;15;5;3;5;3;1;1;0;0;0;0;0;353083,332784115336835;5638985,976555053144693;6,911379741000076;50,883843194000065;5211028602700790000;0
158739;5;3;15;0;2021;11;11;1;3;0;7;1;0;0;0;0;0;0;354557,396423278376460;5643582,466191042214632;6,930489573000045;50,925523793000082;5211114601200070000;0
158740;5;3;16;0;2021;12;19;4;3;0;1;1;0;0;0;0;2;0;354153,980677865445614;5658949,018375048413873;6,918582561000051;51,063514810000072;5211215601700190000;0
158743;5;5;54;56;2021;10;11;3;3;1;5;1;1;0;0;0;0;0;357405,816364064812660;5762152,956363689154387;6,923171994000029;51,991711161000069;5211005705000020000;0
158744;5;5;12;0;2021;3;8;7;3;5;2;1;1;0;0;0;0;0;356665,892999821342528;5710022,370999380946159;6,933900557000072;51,523105516000044;5210320701400970000;0
158745;5;3;15;0;2021;12;12;2;2;4;2;1;1;0;0;0;0;0;351915,434868230484426;5648670,435751762241125;6,890854889000025;50,970574682000063;5211220601300890000;0
158746;5;3;16;0;2021;10;17;3;2;4;6;1;1;0;0;0;0;0;356349,482491906732321;5657213,079607743769884;6,950582710000049;51,048468093000054;5211019601700560000;1
158747;5;5;54;64;2021;11;15;5;2;0;7;1;0;0;0;0;0;0;355935,869750239886343;5750175,354515019804239;6,906794693000052;51,883712673000048;5211118705000180000;0
158748;5;1;58;28;2021;4;15;2;3;1;5;1;1;0;0;0;0;0;352686,782481457106769;5692144,734034793451428;6,884025027000064;51,361439355000073;5210412516300780000;1
158749;5;3;15;0;2021;3;18;7;2;1;7;1;1;0;0;0;2;0;355594,532097821123898;5645602,875724378973246;6,944436248000045;50,943941367000036;5210306601110100000;0
158750;5;3;15;0;2021;3;14;4;2;0;2;1;1;0;0;0;0;0;352804,059999790042639;5647212,917999323457479;6,904092043000048;50,957704428000056;5210324601300380000;0
158754;5;1;58;20;2021;6;7;4;2;1;5;1;1;0;0;0;0;0;355663,015015691518784;5664088,678847171366215;6,938050085000043;51,110083970000062;5210602516800890000;0
158756;5;1;13;0;2021;6;16;4;3;0;3;1;1;0;0;0;0;0;357072,835326778702438;5704722,639691935852170;6,941909334000059;51,475585701000057;5210616502300170000;0
158759;5;3;15;0;2021;4;11;6;2;5;3;1;1;0;0;0;0;0;355890,118960257619619;5642814,084383875131607;6,949743546000036;50,918952905000026;5210409601110100000;0
158761;5;3;15;0;2021;6;6;2;3;0;3;1;0;0;0;0;0;1;354137,504999799653888;5649252,791999343782663;6,922247453000068;50,976375098000062;5210628601400180000;0
158764;5;3;15;0;2021;5;9;4;3;5;5;1;1;0;0;0;0;0;353585,065026743337512;5648500,577308358624578;6,914686607000021;50,969475069000055;5210505601300170000;1
158768;5;3;15;0;2021;10;16;2;3;0;1;1;0;0;0;0;0;0;355260,621900971978903;5642339,689497008919716;6,940982059000021;50,914532054000063;5211011601200290000;0
158774;5;5;54;56;2021;12;15;7;2;5;3;1;1;0;0;0;0;0;357507,102999828755856;5761620,652999399229884;6,924867320000033;51,986954370000035;5211218705000020000;0
158776;5;3;15;0;2021;2;16;7;3;6;6;1;0;1;0;0;0;0;351973,260368535295129;5647079,334249813109636;6,892325237000023;50,956291168000064;5210220601300490000;0
158777;5;1;13;0;2021;5;15;7;3;0;7;1;0;1;0;0;0;0;357322,765454589389265;5692572,531342117115855;6,950397119000058;51,366466973000058;5210529502249370000;0
158778;5;3;15;0;2021;5;3;7;3;0;7;1;0;0;0;0;2;0;353032,278496650047600;5645936,745035529136658;6,907854470000075;50,946294257000034;5210522601300450000;0
158780;5;3;15;0;2021;6;9;2;3;3;6;1;1;0;0;0;0;0;355631,461600428447127;5646913,930033460259438;6,944441740000059;50,955732781000052;5210628601400780000;0
158781;5;3;15;0;2021;3;19;4;3;1;5;1;1;0;0;0;1;0;354407,475984182208776;5643471,692410327494144;6,928402068000025;50,924490484000046;5210324601200380000;0
158784;5;3;62;28;2021;5;19;4;3;5;2;1;0;0;0;0;0;0;352160,628258697688580;5640188,493670556694269;6,897785084000020;50,894414388000030;5210519602700080000;0
158785;5;5;54;56;2021;12;17;5;2;0;7;1;0;0;0;0;2;0;357473,435904804617167;5762687,085880577564240;6,923934100000054;51,996527703000027;5211223705000260000;1
158786;5;3;15;0;2021;6;15;1;3;1;5;1;1;0;0;0;0;0;354887,993906547315419;5644961,806587954983115;6,934641242000055;50,938002844000039;5210627601110950000;0
158788;5;3;15;0;2021;12;12;5;3;6;4;1;0;1;0;0;0;0;355881,084185118786991;5644896,924485614523292;6,948791701000061;50,937668811000037;5211209601100690000;0
158789;5;3;15;0;2021;5;12;4;3;0;7;1;0;0;0;0;0;0;353907,938028111122549;5642785,274757932871580;6,921574225000029;50,918195578000052;5210512601220210000;0
158791;5;1;58;4;2021;6;8;4;3;0;5;1;1;0;0;0;0;0;353588,167283444665372;5676666,324312219396234;6,903310049000027;51,222583342000064;5210609516600090000;0