OID_;ULAND;UREGBEZ;UKREIS;UGEMEINDE;UJAHR;UMONAT;USTUNDE;UWOCHENTAG;UKATEGORIE;UART;UTYP1;IstRad;IstPKW;IstFuss;IstKrad;IstSonstige;ULICHTVERH;IstGkfz;LINREFX;LINREFY;XGCSWGS84;YGCSWGS84;UIDENTSTLAE;IstStrassenzustand
158796;5;3;15;0;2021;9;17;7;3;0;2;1;1;0;0;0;0;0;354976,794055190868676;5651192,266136229038239;6,933420410000053;50,994016485000031;5210904601400280000;0
158801;5;1;13;0;2021;6;12;4;3;1;5;1;1;0;0;0;0;0;361626,967570355162024;5700493,191716110333800;7,009098394000034;51,438710604000050;5210630502210080000;1
158802;5;5;54;4;2021;9;11;1;3;5;3;1;0;0;0;0;0;0;360991,544999848119915;5772858,644999446347356;6,971008506000032;52,088813619000064;5210912705000300000;0
158804;5;1;13;0;2021;2;13;1;3;3;6;1;0;0;0;0;0;0;360918,168786799535155;5699698,519109237939119;6,999219024000070;51,431395828000063;5210221502210980000;0
158805;5;1;13;0;2021;12;8;7;3;0;1;1;0;0;0;0;0;0;360017,056999838910997;5701462,669999426230788;6,985567006000053;51,447027054000046;5211211502212380000;2
158806;5;3;16;0;2021;2;14;6;3;5;3;1;1;0;0;0;0;0;359150,523135490715504;5656331,241855040192604;6,990860702000020;51,041236796000078;5210226601700890000;0
158809;5;3;15;0;2021;9;13;3;3;0;3;1;1;0;0;0;0;0;357674,743376372382045;5640822,354190817102790;6,975893194000037;50,901496119000058;5210914601200390000;0
158810;5;3;15;0;2021;3;10;4;3;3;5;1;1;0;0;0;0;0;356130,190935761667788;5647605,311084767803550;6,951264596000044;50,962070814000072;5210331601400370000;0
158811;5;5;54;16;2021;12;11;7;3;5;2;1;1;0;0;0;0;0;362632,032999855466187;5757949,834999468177557;7,000920777000033;51,955261111000027;5211211705000870000;1
158812;5;3;15;0;2021;4;19;3;3;6;4;1;0;1;0;0;0;0;356313,503945925273001;5646061,077591225504875;6,954482804000065;50,948238792000041;5210413601100370000;0
158814;5;3;15;0;2021;2;17;1;3;4;3;1;1;0;0;0;0;0;357490,206412105821073;5647765,307736402377486;6,970555771000022;50,963846687000057;5210221601420390000;0
158817;5;5;54;4;2021;9;9;5;3;0;3;1;1;0;0;0;0;0;363265,653944544494152;5771393,907850071787834;7,004767021000021;52,076218873000073;5210930705000090000;0
158819;5;5;62;14;2021;9;17;6;3;5;3;1;1;0;0;0;0;0;361118,091607674024999;5715203,404262760654092;6,995989102000067;51,570775450000042;5210917701300180000;0
158820;5;1;58;24;2021;12;13;5;3;5;3;1;1;0;0;0;0;0;358746,240437491796911;5680226,012801175937057;6,975721872000065;51,255872183000065;5211223516400420000;0
158821;5;3;15;0;2021;11;17;3;3;5;3;1;1;0;0;0;2;0;357167,050360961817205;5640744,500650033354759;6,968708234000076;50,900671084000066;5211116601200960000;1
158826;5;3;15;0;2021;9;22;1;2;0;1;1;0;0;0;0;2;0;358087,507643402554095;5642343,040323436260223;6,981168214000036;50,915264207000064;5210905601600470000;0
158827;5;3;15;0;2021;9;10;6;3;5;3;1;1;0;0;0;0;0;359872,137999837286770;5649177,311999421566725;7,003909975000056;50,977120765000052;5210917601500490000;0
158828;5;3;15;0;2021;11;18;5;3;5;3;1;1;0;0;0;2;0;356437,311408036388457;5644031,708803357556462;6,957043779000060;50,930031965000069;5211104601100090000;1
158831;5;3;15;0;2021;9;15;1;3;4;6;1;1;0;0;0;0;0;360032,247056107968092;5636868,756452295929193;7,010913230000028;50,866540448000080;5210905601220520000;0
158833;5;5;54;4;2021;6;18;6;3;4;1;1;1;0;0;0;0;0;362864,112436538562179;5771203,913900895044208;6,998987930000055;52,074412414000051;5210625705000920000;0
158836;5;5;54;4;2021;12;11;6;3;0;5;1;1;0;0;1;0;0;361563,672654842957854;5772956,257035993039608;6,979314114000033;52,089834076000045;5211231705000350000;0
158839;5;3;15;0;2021;6;8;6;3;5;3;1;1;0;0;0;0;0;356444,156783903017640;5648771,783800272271037;6,955272129000036;50,972632007000072;5210625601400220000;0
158841;5;5;54;4;2021;10;14;3;3;5;3;1;1;0;0;0;0;0;363685,377999862655997;5771692,125999484211206;7,010768500000040;52,079001970000036;5211019705000220000;1
158848;5;1;13;0;2021;6;17;2;3;1;3;1;1;0;0;0;0;0;359416,417584126815200;5704416,420600147917867;6,975754933000076;51,473421192000046;5210607502322060000;0
158852;5;1;13;0;2021;9;12;2;3;0;1;1;0;0;0;0;0;0;361689,678753162734210;5706216,211742453277111;7,007761034000055;51,490154970000049;5210913502325080000;0
158855;5;1;13;0;2021;10;10;1;3;1;5;1;1;0;0;0;0;0;361338,178407584317029;5700196,403507294133306;7,005062249000048;51,435972941000045;5211024502210180000;0
158856;5;3;15;0;2021;3;12;2;3;5;3;1;1;0;0;0;0;0;356551,558999815955758;5643266,366999380290508;6,958969587000070;50,923182337000071;5210301601110170000;0
158858;5;3;15;0;2021;1;16;2;3;4;6;1;0;0;0;0;1;0;357851,327035306021571;5647754,873332453891635;6,975699034000058;50,963842127000078;5210118601400520000;1
158859;5;3;15;0;2021;1;3;5;3;3;2;1;1;0;0;0;2;0;357431,611999821849167;5648938,564999386668205;6,969262007000054;50,974376131000042;5210107601400580000;1
158860;5;3;15;0;2021;1;14;2;3;0;1;1;0;0;0;0;0;0;357191,143582861870527;5642085,328846948221326;6,968526048000058;50,912727051000047;5210118601220490000;1
158865;5;3;15;0;2021;11;20;4;3;6;7;1;0;1;0;0;2;0;358060,108999825082719;5641007,947999395430088;6,981297953000023;50,903258924000056;5211117601000660000;1
158873;5;3;15;0;2021;3;15;2;3;5;3;1;1;0;0;0;0;0;357307,213999820873141;5645112,507999388501048;6,968991312000071;50,939960903000042;5210329601500180000;0
158875;5;1;58;20;2021;4;9;4;3;5;7;1;1;0;0;0;0;0;356728,284727178514004;5664202,633302455767989;6,953212478000069;51,111375312000064;5210428516800350000;0
158877;5;3;15;0;2021;7;13;2;3;0;1;1;0;0;0;0;0;0;356743,305999819189310;5644726,983999380841851;6,961121967000054;50,936356415000034;5210705601100090000;0
158880;5;3;15;0;2021;7;11;2;3;3;2;1;0;0;0;0;0;0;356430,830311249941587;5642983,250944171100855;6,957364442000028;50,920607972000028;5210705601100880000;1
158881;5;3;15;0;2021;11;23;5;3;8;7;1;0;0;0;0;2;0;359423,866251599043608;5645832,481400426477194;6,998820885000043;50,946951297000055;5211111601600990000;0
158882;5;3;15;0;2021;9;19;4;2;5;2;1;1;0;0;0;0;0;357619,968602331355214;5645098,755519099533558;6,973445279000032;50,939914622000060;5210901601500760000;0
158883;5;3;15;0;2021;5;15;3;3;5;7;1;0;0;0;0;0;0;360046,128079593181610;5637038,566168606281281;7,011045403000026;50,868069936000040;5210518601200280000;0
158890;5;1;13;0;2021;3;13;4;3;5;3;1;1;0;0;0;0;0;357853,015473304316401;5707030,606587013229728;6,952206704000048;51,496521662000077;5210317502323070000;0
158892;5;3;15;0;2021;10;21;5;3;0;7;1;0;0;0;0;2;0;356418,336030285805464;5646440,969824813306332;6,955824369000027;50,951678948000051;5211014601400290000;0
158894;5;3;15;0;2021;2;17;3;3;0;1;1;0;0;0;0;0;0;360093,773999838158488;5639659,958999423310161;7,010718847000021;50,891640618000054;5210216601200090000;1
158895;5;3;15;0;2021;12;14;2;3;0;1;1;0;0;0;0;0;0;356994,053368942812085;5642011,184478769078851;6,965753361000054;50,912011918000076;5211227601000520000;1
158899;5;3;15;0;2021;10;12;7;3;0;3;1;0;0;0;0;0;0;356805,805830533616245;5643406,524262106046081;6,962529607000022;50,924505078000038;5211023601100090000;1
158900;5;3;15;0;2021;6;17;5;3;0;7;1;0;0;0;0;0;0;356613,814782376401126;5642875,771378455683589;6,960008348000031;50,919687562000036;5210610601100570000;0
158904;5;3;15;0;2021;4;9;2;3;5;7;1;0;0;0;1;0;0;355952,125593174248934;5642764,317433757707477;6,950644767000028;50,918521138000074;5210419601100070000;1
158906;5;3;15;0;2021;12;6;5;3;5;2;1;1;0;0;0;2;0;356195,706532943062484;5643572,791229885071516;6,953789005000033;50,925847549000082;5211209601100490000;0
158907;5;3;15;0;2021;6;14;6;3;0;2;1;0;0;0;0;0;1;360007,001187256537378;5644394,695827469229698;7,007669264000072;50,934171612000057;5210618601000690000;0
158909;5;3;15;0;2021;5;14;1;3;0;7;1;1;0;0;0;0;0;359592,540513731539249;5636649,274299319833517;7,004752817000053;50,864461282000036;5210509601220280000;0
158910;5;3;15;0;2021;10;19;5;3;0;1;1;0;0;0;0;2;0;356530,909913492389023;5645817,000350154936314;6,957671843000071;50,946099454000034;5211028601100190000;0
158911;5;1;13;0;2021;4;11;5;3;3;7;1;1;0;0;0;0;0;360633,666999843902886;5697939,305999431759119;6,995820861000027;51,415517042000033;5210422502213170000;0
158914;5;5;62;12;2021;4;8;7;3;5;3;1;1;0;0;0;0;0;359489,143979354761541;5724786,595858795568347;6,968657960000030;51,656485535000058;5210424701610280000;0
158919;5;3;16;0;2021;6;13;5;3;0;7;1;0;1;0;0;0;0;357063,235436436720192;5658529,545882809907198;6,960238782000033;51,060476856000037;5210610601700100000;0
158931;5;1;58;24;2021;3;18;2;3;0;7;1;0;0;0;0;0;0;358853,364835292100906;5680114,391272516921163;6,977300056000047;51,254895624000028;5210301516400550000;0
158933;5;3;15;0;2021;9;14;7;3;5;2;1;1;0;0;0;0;0;359730,740460039116442;5647250,024327890947461;7,002640364000058;50,959765656000059;5210925601510450000;0
158935;5;3;15;0;2021;4;15;3;3;0;3;1;1;0;0;0;0;0;359906,718999836593866;5646285,426999418064952;7,005515834000050;50,951139522000062;5210427601510620000;0
158937;5;3;15;0;2021;12;14;6;3;5;2;1;0;0;0;1;0;0;357162,201190746389329;5648931,207298398017883;6,965430007000066;50,974243252000065;5211231601400470000;0
158947;5;3;15;0;2021;1;14;6;3;1;5;1;1;0;0;0;0;0;356615,256489814259112;5642866,140636112540960;6,960032632000036;50,919601370000066;5210122601110450000;0
158949;5;1;58;20;2021;11;16;5;3;3;6;1;0;0;0;1;0;0;356667,266356347128749;5664385,951131757348776;6,952268527000058;51,113007455000059;5211111516800690000;0
158952;5;5;54;4;2021;5;9;4;2;5;7;1;0;0;0;0;0;0;363366,450178206898272;5771631,558170849457383;7,006141708000030;52,078379135000034;5210512705000490000;0
158957;5;5;62;12;2021;1;15;7;2;2;6;1;1;0;0;0;0;0;359078,556687455624342;5725456,837732547894120;6,962456009000050;51,662405406000062;5210123701610390000;0
158960;5;3;15;0;2021;5;11;3;3;0;1;1;0;0;0;0;0;0;359300,669326876290143;5644513,995633767917752;6,997577486000068;50,935071887000049;5210511601600360000;0
158961;5;1;13;0;2021;6;21;7;3;3;7;1;0;0;0;0;0;0;359505,170270667411387;5703661,553477665409446;6,977332108000041;51,466659877000041;5210619502307180000;0
158962;5;3;15;0;2021;4;15;4;3;6;6;1;0;1;0;0;0;0;356777,510706770233810;5641796,822484266012907;6,962759273000074;50,910031766000031;5210428601220920000;0
158963;5;3;15;0;2021;6;15;5;3;5;3;1;0;0;0;0;0;0;356122,135048010386527;5648394,476947356015444;6,950837840000077;50,969160876000046;5210617601400590000;0
158966;5;5;54;4;2021;9;17;2;3;0;7;1;0;0;0;0;0;0;363485,485466971062124;5771250,142794439569116;7,008030229000042;52,074981325000067;5210913705000490000;0
158967;5;1;58;20;2021;10;14;7;3;5;2;1;1;0;0;0;0;0;357310,094232831150293;5663923,377185696735978;6,961629039000059;51,109010889000047;5211002516800090000;0
158969;5;3;15;0;2021;11;15;2;3;6;4;1;0;1;0;0;1;0;359879,533619031310081;5646270,923199826851487;7,005134633000068;50,951002566000057;5211129601500380000;1
158973;5;3;15;0;2021;10;17;1;2;5;3;1;1;0;0;0;0;0;357398,646728166379035;5649486,051197158172727;6,968578017000027;50,979288162000046;5211017601400380000;0
158975;5;3;15;0;2021;3;18;7;3;0;7;1;0;1;0;0;0;0;356074,769052782095969;5641762,295726289972663;6,952783680000039;50,909546685000066;5210327601000280000;0
158979;5;3;15;0;2021;11;13;5;3;4;6;1;0;0;0;1;0;0;357981,813023068010807;5644769,851799517869949;6,978720334000059;50,937048001000051;5211118601500770000;0
158980;5;5;54;4;2021;4;15;6;3;5;2;1;0;0;0;0;0;0;363105,113348037935793;5771344,447275640442967;7,002445790000024;52,075734787000044;5210402705000920000;0
158981;5;3;15;0;2021;4;20;3;3;1;6;1;1;0;0;0;1;0;356353,732862980104983;5644318,506866248324513;6,955742206000025;50,932588577000047;5210420601110880000;0
158983;5;3;15;0;2021;10;17;3;3;5;3;1;1;0;0;0;0;0;357387,403936662711203;5641783,812410626560450;6,971433841000021;50,910065851000070;5211005601200460000;1
158986;5;3;15;0;2021;2;15;1;3;0;6;1;0;1;0;0;0;0;358541,599720042198896;5646512,439900957047939;6,986005435000038;50,952846275000070;5210221601500460000;0
158987;5;3;16;0;2021;9;15;3;3;5;3;1;1;0;0;0;0;0;359149,702602973207831;5656332,151389528065920;6,990848651000022;51,041244769000059;5210928601700090000;0
158988;5;3;15;0;2021;6;8;4;3;5;2;1;0;0;0;0;0;1;356830,280933858826756;5641475,598724124953151;6,963635395000040;50,907158033000030;5210609601200590000;0
158997;5;3;15;0;2021;3;14;3;2;0;1;1;0;0;0;0;0;0;358821,254419476725161;5648350,472573835402727;6,989271223000060;50,969433281000079;5210323601400980000;0
159001;5;1;13;0;2021;5;16;7;3;5;3;1;1;0;0;0;0;0;359222,641934480518103;5700890,276500027626753;6,974370259000068;51,441686498000081;5210529502000470000;0
159002;5;1;13;0;2021;9;10;4;3;0;1;1;0;0;0;0;0;0;358872,371999255381525;5702053,081060867756605;6,968869936000033;51,452048479000041;5210922502208280000;0
159005;5;3;15;0;2021;6;15;1;3;0;1;1;0;0;0;0;0;0;356285,680755529552698;5648995,789238160476089;6,952927892000048;50,974605577000034;5210620601400560000;0
159007;5;3;15;0;2021;9;16;4;3;2;6;1;1;0;0;0;0;0;356718,401230826973915;5642294,659864662215114;6,961723566000046;50,914491132000080;5210908601200180000;0
159008;5;1;58;24;2021;10;18;2;3;1;5;1;1;0;0;0;0;0;359159,364403096027672;5679262,272679911926389;6,982017596000048;51,247313701000053;5211004516400780000;0
159009;5;1;13;0;2021;7;11;3;3;0;1;1;0;0;0;0;0;0;361104,997999845072627;5695333,485999437049031;7,003614717000062;51,392215740000040;5210706502200180000;1
159010;5;3;15;0;2021;5;12;3;3;0;4;1;0;1;0;0;0;0;356372,514343150891364;5641525,437055647373199;6,957109189000050;50,907492217000026;5210525601200390000;0
159011;5;3;15;0;2021;11;10;3;3;5;3;1;1;0;0;0;0;0;358902,406650778837502;5643824,432067811489105;6,992180100000041;50,928777425000078;5211102601600970000;1
159014;5;5;54;4;2021;9;16;7;3;2;6;1;0;0;0;0;0;0;363333,684999859891832;5773062,123999478295445;7,005090604000031;52,091225220000069;5210918705000980000;0
159015;5;3;15;0;2021;3;18;4;3;5;3;1;1;0;0;0;0;0;356680,589650944806635;5648183,464302612468600;6,958869294000067;50,967403760000082;5210324601400980000;0
159016;5;3;15;0;2021;9;9;3;3;0;1;1;0;0;0;0;0;0;359188,724190967157483;5646104,356332013383508;6,995370565000030;50,949337267000033;5210921601500680000;0
159018;5;3;15;0;2021;12;13;2;3;5;3;1;1;0;0;0;0;0;357167,375320034101605;5641294,277075415477157;6,968497761000037;50,905612001000065;5211206601200870000;0
159019;5;3;15;0;2021;9;8;3;3;0;3;1;0;0;1;0;0;0;356775,834269051440060;5645343,777095517143607;6,961342138000020;50,941907551000043;5210928601100860000;0
159020;5;1;13;0;2021;5;19;1;3;0;1;1;0;0;0;0;0;0;361158,255569926463068;5702139,307932760566473;7,001713188000053;51,453388479000068;5210530502104760000;0
159024;5;3;15;0;2021;5;14;4;3;5;3;1;0;0;0;0;0;1;356719,286616702564061;5642297,506113877519965;6,961735035000061;50,914516931000037;5210512601200190000;0
159026;5;1;22;0;2021;6;20;7;3;1;7;1;1;0;0;0;0;0;360424,486394814215600;5668898,065557887777686;7,004162999000073;51,154484499000034;5210619503000780000;0
159028;5;1;13;0;2021;5;16;6;3;1;7;1;1;0;0;0;0;0;360459,115044382400811;5698331,336409498006105;6,993158022000046;51,418997024000078;5210528502227880000;0
159030;5;1;58;12;2021;5;8;4;3;5;3;1;1;0;0;0;0;0;358338,251011306419969;5687960,825675128027797;6,966810391000024;51,325279031000036;5210519516200290000;0
159031;5;1;13;0;2021;7;6;5;3;5;5;1;1;0;0;0;0;0;360969,957891354337335;5699789,771041005849838;6,999927736000075;51,432228560000055;5210701502210170000;1
159032;5;1;58;24;2021;3;13;4;2;4;6;1;1;0;0;0;0;0;359576,462999837473035;5679818,039999419823289;6,987771827000074;51,252410983000061;5210324516400990000;0
159034;5;3;15;0;2021;12;17;3;3;0;5;1;1;0;0;0;2;0;356629,684536209329963;5642775,794812103733420;6,960273276000066;50,918793024000081;5211221601100970000;0
159038;5;5;54;4;2021;2;9;3;3;3;2;1;0;0;0;0;0;0;363376,843999859876931;5771410,995999475941062;7,006381605000058;52,076399862000073;5210223705000820000;0
159042;5;5;54;4;2021;9;17;3;3;0;7;1;0;0;0;0;0;0;362824,877901451662183;5771670,643890520557761;6,998228176000055;52,078596429000072;5210907705000680000;0
159044;5;3;16;0;2021;6;13;7;2;9;1;1;0;0;0;0;0;0;359126,278022115118802;5655951,750871514901519;6,990662665000059;51,037820403000069;5210605601700780000;1
159046;5;3;15;0;2021;12;0;1;3;7;1;1;0;0;0;0;2;0;356610,929898072034121;5642895,937959451228380;6,959959404000074;50,919868081000061;5211219601100190000;0
159048;5;3;15;0;2021;6;15;7;3;0;1;1;0;0;0;0;0;0;356126,537232561036944;5648101,967087261378765;6,951016194000033;50,966533250000055;5210619601400280000;0
159051;5;5;62;14;2021;4;19;3;3;5;3;1;1;0;0;0;0;0;361973,082634681835771;5714541,681816460564733;7,008578144000069;51,565039042000080;5210427701300640000;0
159053;5;3;62;40;2021;9;15;6;3;5;3;1;1;0;0;0;0;0;357962,217820597812533;5631388,035002995282412;6,983640158000071;50,816779416000031;5210910602900470000;0
159054;5;1;13;0;2021;6;7;6;3;0;7;1;0;1;0;0;0;0;360161,525999841280282;5698333,883999429643154;6,988879997000026;51,418946587000050;5210618502226180000;0
159056;5;3;82;12;2021;9;17;4;3;5;3;1;1;0;0;0;0;0;356190,764696828089654;5629226,438898837193847;6,959356458000059;50,796915792000050;5210901600360230000;0
159063;5;3;15;0;2021;5;16;2;2;6;2;1;0;1;0;0;0;0;356758,957531709223986;5642997,737281046807766;6,962024034000024;50,920819710000046;5210503601110870000;0
159065;5;3;15;0;2021;10;7;6;3;5;2;1;1;0;0;0;1;0;359557,735359604470432;5638071,946142451837659;7,003712263000068;50,877238719000047;5211001601200470000;0
159066;5;3;15;0;2021;4;11;3;3;5;3;1;1;0;0;0;0;0;356497,336288472637534;5643640,135688193142414;6,958051514000033;50,926527875000033;5210427601110570000;0
159072;5;5;62;14;2021;11;16;3;3;0;1;1;0;0;0;0;1;0;360566,076329116709530;5716105,276137501001358;6,987671036000052;51,578743486000064;5211102701300580000;1
159074;5;3;15;0;2021;3;16;7;3;0;3;1;0;0;0;1;0;0;358102,122286750935018;5648213,336275627836585;6,979089331000068;50,968024138000033;5210313601400880000;1
159079;5;3;15;0;2021;11;8;6;2;0;7;1;0;0;0;0;0;0;360261,539999838918447;5646792,004999423399568;7,010369643000047;50,955778344000066;5211105601500090000;1
159081;5;3;62;40;2021;1;17;4;3;1;5;1;1;0;0;0;0;0;356629,603986557573080;5631972,159196870401502;6,964506845000074;50,821700633000034;5210127602900190000;1
159082;5;3;82;12;2021;2;18;3;3;5;7;1;1;0;0;0;2;0;358690,200999828055501;5625404,395999401807785;6,996268964000024;50,763180657000078;5210202600360320000;1
159084;5;1;58;8;2021;3;13;4;3;5;3;1;1;0;0;0;0;0;359613,713257296942174;5673116,285771202296019;6,990929793000021;51,192194063000045;5210310516710460000;0
159088;5;1;13;0;2021;5;10;6;3;5;2;1;1;0;0;0;0;0;360729,109999844804406;5694687,065999433398247;6,998469047000071;51,386314613000081;5210514502229280000;0
159091;5;3;16;0;2021;1;10;6;3;5;3;1;1;0;0;0;0;0;358327,165697840973735;5655367,094459159299731;6,979500773000041;51,032369717000051;5210129601700780000;1
159092;5;3;15;0;2021;9;6;4;3;5;3;1;0;0;0;1;1;0;359626,799921636469662;5643215,118974428623915;7,002716096000029;50,923478175000071;5210929601600380000;0
159093;5;3;15;0;2021;11;11;6;3;0;3;1;0;0;0;0;0;1;356391,610999813303351;5645410,469999374821782;6,955850515000066;50,942411340000035;5211119601100380000;1
159098;5;5;62;14;2021;10;15;3;3;3;5;1;1;0;0;0;0;0;360479,997713686898351;5717513,986521078273654;6,985869723000064;51,591380911000044;5211012701300080000;1
159099;5;3;15;0;2021;10;18;3;3;3;6;1;1;0;0;0;2;0;358888,446690999902785;5646780,320657551288605;6,990836527000056;50,955338755000071;5211005601500920000;1
159100;5;3;15;0;2021;1;13;5;3;0;1;1;1;1;0;0;0;0;356771,655829977244139;5641832,385033631697297;6,962662090000038;50,910349912000072;5210114601000790000;0
159103;5;3;15;0;2021;10;8;6;3;5;3;1;1;0;0;0;0;0;357859,221533000469208;5644309,967449255287647;6,977156084000057;50,932884821000073;5211008601500590000;0
159104;5;3;16;0;2021;2;15;5;3;5;3;1;1;0;0;0;0;0;356442,351613196544349;5658250,792538372799754;6,951495179000062;51,057816890000026;5210211601700780000;0
159105;5;3;15;0;2021;6;21;2;3;5;2;1;1;0;0;0;0;0;359596,485840585082769;5645442,671383921056986;7,001426895000066;50,943490101000066;5210628601600070000;0
159108;5;3;15;0;2021;9;22;6;3;4;6;1;1;0;0;0;2;0;358254,938491641543806;5642057,407086875289679;6,983659457000044;50,912738351000030;5210903601600590000;0
159112;5;1;13;0;2021;9;7;3;3;2;6;1;1;0;0;0;0;0;360825,494999846443534;5705715,521999437361956;6,995518769000057;51,485443611000051;5210914502325570000;0
159115;5;3;62;40;2021;2;5;6;3;3;2;1;1;0;0;0;1;0;359147,154190707951784;5630920,457518422976136;7,000629953000043;50,812866560000032;5210226602900570000;1
159118;5;1;58;4;2021;9;16;6;3;0;7;1;0;0;0;0;0;0;357593,352008979767561;5675297,867149766534567;6,961170237000033;51,211298947000046;5210910516600780000;1
159120;5;5;54;4;2021;12;17;2;2;0;7;1;0;0;0;0;2;0;363198,304728461429477;5771558,265935551375151;7,003719004000061;52,077679059000047;5211213705000620000;0
159124;5;5;62;12;2021;3;8;6;3;0;1;1;0;0;0;0;0;0;359692,938579943962395;5724724,196953430771828;6,971627235000028;51,655975734000037;5210319701610670000;1
159128;5;3;16;0;2021;9;16;2;3;5;3;1;1;0;0;0;1;0;359150,415419358760118;5656331,361254986375570;6,990859120000039;51,041237842000044;5210927601700690000;1
159130;5;3;15;0;2021;5;18;4;3;0;2;1;1;0;0;0;0;0;358057,033999825827777;5648381,369999393820763;6,978382034000049;50,969523139000046;5210512601400290000;0
159131;5;3;15;0;2021;5;12;6;2;0;1;1;0;0;0;0;0;0;356222,527566217817366;5647933,712293671444058;6,952448813000046;50,965045142000065;5210507601400380000;1
159133;5;3;15;0;2021;11;18;6;3;8;1;1;0;0;0;0;2;0;356448,342999816872180;5646170,547999376431108;6,956357906000051;50,949256181000067;5211105601110770000;1
159135;5;3;15;0;2021;11;20;5;3;0;2;1;1;0;0;0;2;0;360223,619368111714721;5647934,674749808385968;7,009391136000033;50,966038469000068;5211111601500180000;0
159136;5;3;15;0;2021;12;12;7;3;0;5;1;1;0;0;0;0;0;356883,040905472822487;5639965,845532482489944;6,964977066000074;50,893603001000031;5211211601200080000;1
159139;5;3;62;40;2021;4;16;5;3;0;1;1;0;0;0;0;0;0;356493,187086394988000;5632185,849311694502831;6,962487768000074;50,823587291000081;5210422602900680000;0
159140;5;3;15;0;2021;5;15;7;3;4;2;1;1;0;0;0;0;0;356531,898079184815288;5643413,386185958981514;6,958632192000039;50,924498696000057;5210529601110190000;0
159144;5;3;15;0;2021;5;7;2;2;2;7;1;1;0;0;0;0;0;356364,686720672063529;5655203,061434643343091;6,951596458000040;51,030408495000074;5210531601400060000;0
159146;5;1;58;4;2021;7;11;6;3;5;3;1;1;0;0;0;0;0;357161,998403605073690;5674835,505817281082273;6,955182869000055;51,207036238000057;5210709516600570000;0
159147;5;5;54;4;2021;2;11;6;3;4;2;1;1;0;0;0;0;0;363531,691472044214606;5771371,947181172668934;7,008655295000040;52,076087176000044;5210219705000060000;1
159149;5;5;54;16;2021;3;12;3;2;5;3;1;1;0;0;0;0;0;362871,146580792963505;5757763,035794686526060;7,004472793000048;51,953641623000067;5210330705000620000;0
159152;5;1;58;20;2021;11;16;3;3;1;5;1;1;0;0;0;1;0;358220,318759131245315;5664667,661352414637804;6,974330635000058;51,115925428000025;5211102516800390000;0
159155;5;3;15;0;2021;6;19;7;3;8;1;1;0;0;0;0;0;0;356660,421999816782773;5645175,744999373331666;6,959766585000068;50,940368785000032;5210619601100580000;0
159156;5;3;16;0;2021;10;14;6;2;0;3;1;1;0;0;0;0;0;359503,748570486903191;5655338,339881911873817;6,996280996000053;51,032400132000078;5211001601700160000;0
159160;5;3;15;0;2021;5;11;7;3;0;5;1;1;0;0;0;0;0;359565,751821427606046;5645016,168849591165781;7,001154117000056;50,939649589000055;5210501601600970000;0
159162;5;1;13;0;2021;11;16;5;3;6;7;1;0;1;0;0;0;0;361752,357661899179220;5706783,439028490334749;7,008441100000027;51,495267574000081;5211104502324180000;0
159163;5;3;15;0;2021;7;20;2;3;4;6;1;0;0;0;1;0;0;357330,714999821968377;5644951,059999391436577;6,969388809000066;50,938515795000058;5210712601500780000;0
159168;5;3;15;0;2021;6;17;4;2;6;6;1;0;1;0;0;0;0;356430,550268774852157;5641276,796848352998495;6,958031901000027;50,905272142000058;5210602601200790000;0
159171;5;3;62;40;2021;11;14;2;3;0;1;1;0;0;0;0;0;0;356907,753108469769359;5632376,133510582149029;6,968295579000028;50,825400000000059;5211115602900780000;0
159173;5;3;15;0;2021;9;16;3;3;5;3;1;1;0;0;0;0;0;356133,326614056713879;5643432,144354775547981;6,952957492000053;50,924568021000027;5210907601100180000;0
159175;5;5;62;14;2021;12;22;5;3;1;5;1;1;0;0;0;2;0;358732,875636443495750;5716779,015525650233030;6,960960906000025;51,584341193000057;5211223701300270000;1
159177;5;1;13;0;2021;3;18;5;3;5;3;1;1;0;0;0;1;0;361240,649587913416326;5699721,659091036766768;7,003846022000062;51,431682835000061;5210318502210180000;1
159178;5;3;15;0;2021;5;18;2;3;0;4;1;0;1;0;0;0;0;356454,850419498980045;5643895,884196387603879;6,957346681000047;50,928815690000079;5210503601110360000;0
159185;5;1;13;0;2021;12;18;3;3;0;7;1;0;0;0;0;2;0;360554,169906497932971;5706967,619330924004316;6,991118905000064;51,496628387000044;5211221502350480000;0
159186;5;3;15;0;2021;10;14;6;3;0;7;1;1;0;0;0;0;0;356776,143888157792389;5649055,152781339362264;6,959885938000070;50,975261250000074;5211022601400380000;1
159187;5;3;62;40;2021;1;18;1;3;5;2;1;1;0;0;0;2;0;357551,982313495129347;5631865,935533221811056;6,977634774000023;50,820973632000062;5210124602900570000;1
159188;5;3;15;0;2021;6;12;2;3;2;6;1;1;0;0;0;0;0;356140,412769083864987;5644149,336331406608224;6,952775247000034;50,931015097000056;5210607601100890000;0
159189;5;3;15;0;2021;11;15;6;3;6;4;1;0;1;0;0;0;0;359767,516999836079776;5648563,891999417915940;7,002657223000028;50,971582448000049;5211119601500090000;1
159190;5;3;15;0;2021;2;9;5;3;0;1;1;0;0;0;0;0;0;356340,367611365392804;5642604,765659883618355;6,956227323000064;50,917184048000081;5210225601100790000;0