OID_;ULAND;UREGBEZ;UKREIS;UGEMEINDE;UJAHR;UMONAT;USTUNDE;UWOCHENTAG;UKATEGORIE;UART;UTYP1;IstRad;IstPKW;IstFuss;IstKrad;IstSonstige;ULICHTVERH;IstGkfz;LINREFX;LINREFY;XGCSWGS84;YGCSWGS84;UIDENTSTLAE;IstStrassenzustand
159191;5;3;15;0;2021;4;14;6;3;0;3;1;0;0;0;0;0;0;359730,593381553888321;5639718,128506032750010;7,005535904000055;50,892075316000046;5210409601200560000;0
159196;5;1;13;0;2021;9;18;1;3;8;1;1;0;0;0;0;0;0;358520,557259618304670;5705841,355479737743735;6,962293539000029;51,486002449000068;5210912502323670000;0
159199;5;1;13;0;2021;9;14;1;3;5;3;1;1;0;0;0;0;0;360704,395870423875749;5700854,320355167612433;6,995691103000070;51,441729717000044;5210919502209870000;0
159200;5;5;54;4;2021;6;7;5;3;0;3;1;1;0;0;0;0;0;361250,214882728643715;5770683,289537720382214;6,975666284000056;52,069332478000035;5210610705000290000;0
159201;5;5;62;12;2021;5;8;2;3;5;3;1;1;0;0;0;0;0;359099,390270423144102;5725492,790062891319394;6,962742537000054;51,662733690000039;5210531701610780000;0
159203;5;1;13;0;2021;6;12;7;3;1;5;1;1;0;0;0;0;0;361095,743995592929423;5699185,439944373443723;7,001973074000034;51,426828671000067;5210619502200710000;0
159206;5;3;15;0;2021;9;2;7;2;0;1;1;0;0;0;0;2;0;356694,264704334549606;5642352,913281409069896;6,961357558000032;50,915008659000080;5210911601200480000;0
159208;5;5;54;4;2021;6;8;7;3;0;1;1;0;0;0;0;0;0;361104,311100949533284;5773163,575189992785454;6,972529114000054;52,091581782000048;5210619705000420000;0
159209;5;3;15;0;2021;12;11;3;3;0;1;1;0;0;0;0;0;0;359828,026747038587928;5646568,019272187724710;7,004287426000076;50,953660079000031;5211207601500060000;0
159212;5;3;15;0;2021;6;15;2;3;3;6;1;0;0;0;0;0;0;357602,856105885468423;5645124,768189704045653;6,973191705000033;50,940144171000043;5210607601500790000;0
159214;5;3;62;40;2021;10;18;4;3;5;3;1;1;0;0;0;2;0;356903,607650873251259;5630740,988799879327416;6,968874564000032;50,810703727000032;5211027602900780000;0
159216;5;5;12;0;2021;9;14;3;3;0;5;1;1;0;0;0;0;0;360352,789439908228815;5710371,281040992587805;6,986871517000054;51,527164520000042;5210907701400040000;0
159217;5;5;54;20;2021;7;17;2;3;0;7;1;0;0;0;0;0;0;363860,172598318196833;5786646,537432998418808;7,007326414000033;52,213414975000035;5210712705000670000;0
159219;5;3;15;0;2021;5;15;2;3;5;2;1;1;0;0;0;0;0;358057,033999825827777;5648381,369999393820763;6,978382034000049;50,969523139000046;5210531601400280000;0
159222;5;3;15;0;2021;11;9;3;3;4;2;1;1;0;0;0;0;0;359961,990999838337302;5647235,361999420449138;7,005936757000029;50,959690132000048;5211109601500690000;0
159223;5;1;13;0;2021;10;9;5;3;5;3;1;1;0;0;0;0;0;361689,492568795569241;5702403,678624285385013;7,009250699000063;51,455894232000048;5211028502101180000;0
159226;5;3;15;0;2021;11;12;2;3;0;1;1;0;0;0;0;0;0;358304,771695232950151;5637085,723560187965631;6,986296078000066;50,868069544000036;5211115601200490000;0
159227;5;3;15;0;2021;9;18;1;2;0;1;1;0;0;0;0;0;0;358980,189446345902979;5648648,696627980098128;6,991417716000058;50,972152357000027;5210912601400280000;0
159229;5;5;62;14;2021;6;14;6;3;5;3;1;1;0;0;0;0;0;358559,244050736539066;5714382,348161684349179;6,959421366000072;51,562761419000026;5210618701300740000;0
159232;5;3;15;0;2021;10;18;5;3;0;1;1;1;0;0;0;2;0;358621,520846543833613;5646131,557144895195961;6,987290452000025;50,949442883000074;5211028601500580000;0
159234;5;3;15;0;2021;10;13;3;2;5;2;1;0;0;0;1;0;0;356791,153207563795149;5649204,219606865197420;6,960040872000036;50,976604622000082;5211005601400390000;0
159235;5;3;15;0;2021;9;10;6;3;0;7;1;0;0;0;0;0;0;358093,731999825686216;5646493,872999398037791;6,979640449000044;50,952569316000051;5210910601500270000;0
159240;5;3;16;0;2021;6;19;4;3;0;5;1;1;0;0;0;0;0;359828,616518114693463;5659793,766957610845566;6,999185852000039;51,072520093000037;5210623601700470000;0
159242;5;1;13;0;2021;6;12;2;3;8;1;1;0;0;0;0;0;0;360520,087426121346653;5704236,824661880731583;6,991706889000056;51,472080457000061;5210614502103480000;0
159243;5;3;15;0;2021;4;8;4;3;1;5;1;1;0;0;0;0;0;356874,868487582542002;5643189,251191066578031;6,963596894000034;50,922569596000073;5210421601110970000;0
159244;5;3;15;0;2021;9;8;6;3;5;2;1;0;0;0;1;0;0;356754,345888731069863;5648831,499797798693180;6,959663763000037;50,973245897000027;5210917601400090000;0
159245;5;3;15;0;2021;1;13;2;3;5;3;1;1;0;0;0;0;0;357960,168001192621887;5648625,509735979139805;6,976907991000076;50,971693329000061;5210118601400970000;0
159246;5;1;17;0;2021;5;15;6;3;5;1;1;1;0;0;0;0;0;357576,956001871265471;5700810,918428102508187;6,950738781000041;51,440561984000055;5210528502405270000;0
159248;5;3;15;0;2021;9;20;7;3;0;1;1;0;0;0;0;2;0;356115,933813531883061;5640735,300200864672661;6,953773609000052;50,900327435000065;5210911601200050000;0
159250;5;1;58;8;2021;3;5;2;3;5;3;1;1;0;0;0;2;0;360881,783999843522906;5673335,113999431952834;7,008980589000032;51,194470726000077;5210322516700270000;1
159251;5;5;62;14;2021;1;20;3;3;5;3;1;1;0;0;0;2;0;358915,446964568458498;5713157,908645439893007;6,965048120000063;51,551847870000074;5210112701300620000;1
159252;5;1;58;24;2021;6;7;6;3;5;3;1;1;0;0;0;0;0;359402,133011033758521;5680292,271629208698869;6,985089043000073;51,256629730000043;5210611516400460000;0
159254;5;3;15;0;2021;6;12;6;3;4;7;1;1;0;0;0;0;0;357305,826174107380211;5635358,519563198089600;6,972782446000053;50,852301306000072;5210604601200970000;0
159256;5;5;62;12;2021;6;17;7;2;0;1;1;0;0;0;0;0;0;358807,076253265142441;5724455,874429889023304;6,958937692000063;51,653342837000082;5210619701610080000;0
159258;5;3;15;0;2021;9;8;2;3;0;5;1;1;0;0;0;0;0;357779,779651482589543;5647855,290413560345769;6,974641572000053;50,964726911000071;5210913601400560000;0
159261;5;1;13;0;2021;6;18;2;3;5;3;1;1;0;0;0;0;0;361176,432640085928142;5702958,426937747746706;7,001653109000074;51,460753803000046;5210614502101650000;0
159264;5;3;15;0;2021;10;17;1;2;5;3;1;1;0;0;0;0;0;356790,984386168420315;5645803,900840450078249;6,961376729000051;50,946046395000053;5211010601100680000;0
159265;5;5;62;12;2021;5;13;1;3;1;5;1;1;0;0;0;0;0;360384,267012605443597;5726128,818922512233257;6,981053742000029;51,668769648000080;5210509701610080000;0
159266;5;3;15;0;2021;9;20;7;3;1;5;1;1;0;0;0;2;0;359592,466543765738606;5639726,593032393604517;7,003569925000022;50,892117827000050;5210925601200180000;0
159269;5;3;15;0;2021;9;17;5;3;3;7;1;0;0;0;1;0;0;357605,201753647066653;5645269,214484980329871;6,973168609000027;50,941442883000036;5210923601500070000;0
159272;5;3;15;0;2021;6;21;4;2;1;5;1;1;0;0;0;1;0;359488,365099480375648;5649736,830285418778658;6,998230492000062;50,982055662000050;5210623601500390000;0
159276;5;3;15;0;2021;6;7;2;2;6;4;1;0;1;0;0;0;0;358003,601049802266061;5648007,373372752219439;6,977767526000036;50,966148883000074;5210614601400090000;0
159277;5;5;62;12;2021;5;14;7;3;1;5;1;1;0;0;0;0;0;361935,072871775366366;5726476,846022520214319;7,003327236000075;51,672280236000063;5210529701610240000;0
159278;5;3;15;0;2021;10;13;6;3;0;4;1;0;1;0;0;0;0;356457,469957891851664;5645934,290266217663884;6,956580882000026;50,947135240000080;5211015601130770000;1
159281;5;3;15;0;2021;10;20;1;3;0;1;1;0;0;0;0;0;0;356889,557843125425279;5640981,855741137638688;6,964671512000052;50,902735479000057;5211031601200070000;1
159282;5;3;15;0;2021;10;15;7;2;5;7;1;1;0;0;0;0;0;359178,286043510772288;5639260,288606939837337;6,997864334000042;50,887826236000080;5211009601200870000;0
159283;5;3;62;40;2021;9;13;6;3;3;2;1;1;0;0;0;0;0;358162,171813739463687;5631448,420340169221163;6,986453475000076;50,817371118000040;5210910602900450000;0
159284;5;3;15;0;2021;9;15;3;3;6;7;1;0;1;0;0;0;0;358771,130591245368123;5639437,067769734188914;6,992011057000070;50,889315579000026;5210907601200960000;0
159286;5;1;13;0;2021;5;14;5;3;5;3;1;1;0;0;0;0;0;358288,181374728679657;5704192,718672104179859;6,959610350000048;51,471129532000077;5210527502322080000;1
159287;5;3;15;0;2021;5;19;1;2;0;7;1;0;0;0;0;1;0;359200,745398232713342;5640546,281491907313466;6,997687748000033;50,899389147000079;5210523601000890000;0
159292;5;5;54;4;2021;5;12;6;2;0;7;1;1;0;0;0;0;0;363500,039803285151720;5771454,128868656232953;7,008160859000043;52,076817810000080;5210521705000290000;0
159293;5;3;62;40;2021;4;18;5;3;5;2;1;1;0;0;0;0;0;357876,895165543071926;5632125,271167356520891;6,982144081000058;50,823384170000054;5210401602900460000;0
159294;5;1;13;0;2021;3;22;3;3;0;7;1;0;0;0;0;2;0;360383,065761601552367;5708553,625269399955869;6,988027797000029;51,510838283000055;5210330502340970000;0
159298;5;5;62;14;2021;9;16;5;3;5;3;1;1;0;0;0;0;0;359698,792211861349642;5715383,236833838745952;6,975451055000065;51,572040042000026;5210902701300470000;0
159302;5;1;13;0;2021;6;18;3;3;5;3;1;1;0;0;0;0;0;359382,520396641455591;5701258,217940919101238;6,976523014000065;51,445032607000030;5210622502210080000;1
159303;5;3;15;0;2021;3;19;1;3;0;3;1;1;0;0;0;0;0;356183,521364385262132;5648097,434890862554312;6,951828975000069;50,966506749000075;5210328601400990000;0
159306;5;5;54;4;2021;1;20;6;3;0;7;1;0;0;0;0;2;0;363517,782724391669035;5770647,097233712673187;7,008742354000049;52,069570673000044;5210108705000380000;1
159310;5;3;15;0;2021;3;19;2;3;7;1;1;0;0;0;0;2;0;356660,094833713956177;5646171,327546039596200;6,959370112000045;50,949315883000054;5210308601100870000;0
159311;5;5;62;14;2021;11;9;3;3;5;3;1;1;0;0;0;0;0;361037,717051993124187;5715485,402180047705770;6,994718556000066;51,573289710000040;5211102701300570000;0
159314;5;1;58;8;2021;11;7;3;3;5;3;1;1;0;0;0;0;0;360282,171601777896285;5673411,888083221390843;7,000374826000041;51,195014379000042;5211116516700250000;1
159315;5;3;15;0;2021;7;9;6;3;5;3;1;1;0;0;0;0;0;356180,663999814540148;5645318,166999373584986;6,952886344000035;50,941529247000062;5210709601100050000;0
159316;5;3;16;0;2021;6;16;6;3;0;3;1;1;0;0;0;0;0;360329,908154479227960;5659055,639471916481853;7,006621752000058;51,066008800000077;5210611601700880000;0
159317;5;5;62;12;2021;3;15;2;3;5;3;1;0;0;0;1;0;0;359044,939259260892868;5727891,381437201052904;6,960987807000038;51,684273212000051;5210301701610040000;0
159318;5;1;13;0;2021;6;17;1;3;0;7;1;0;1;0;0;0;0;359747,557730947621167;5701772,607613028958440;6,981568498000058;51,449745543000063;5210613502208980000;0
159322;5;3;15;0;2021;3;10;7;3;3;5;1;1;0;0;0;0;0;357644,851793609559536;5644748,026233144104481;6,973936249000076;50,936768773000040;5210327601520400000;1
159325;5;3;16;0;2021;9;8;2;3;5;3;1;1;0;0;0;0;0;359777,732087184675038;5656678,885380703955889;6,999667044000034;51,044514469000035;5210927601700040000;0
159327;5;3;15;0;2021;6;16;3;3;0;1;1;0;0;0;0;0;0;356706,371049443259835;5645176,094674892723560;6,960420024000030;50,940383348000069;5210615601100690000;0
159329;5;3;15;0;2021;1;9;2;3;0;5;1;1;0;0;1;0;0;356203,674892207607627;5647517,614939240738750;6,952344965000066;50,961301050000031;5210111601400060000;0
159330;5;3;16;0;2021;9;14;1;3;5;3;1;1;0;0;0;0;0;360015,737999836914241;5659037,032999424263835;7,002148016000035;51,065765058000068;5210919601700290000;0
159331;5;3;15;0;2021;9;16;7;3;4;2;1;1;0;0;0;0;0;356394,589700011536479;5644708,988069282844663;6,956169382000041;50,936107957000047;5210918601100480000;0
159335;5;3;82;12;2021;10;14;4;3;5;2;1;1;0;0;0;0;0;358726,337866753339767;5625538,461147218942642;6,996729572000049;50,764394349000042;5211027600360180000;0
159337;5;3;15;0;2021;6;13;5;3;0;1;1;0;0;0;0;0;0;358643,856411769054830;5639018,610295275226235;6,990364543000055;50,885523713000055;5210610601220100000;0
159338;5;3;15;0;2021;3;14;1;3;0;1;1;0;0;0;0;0;0;356788,574708618223667;5643204,852135613560677;6,962363799000059;50,922688388000040;5210314601100890000;1
159339;5;3;15;0;2021;10;0;7;3;0;5;1;1;0;0;0;2;0;356625,890142140910029;5644717,160293875262141;6,959455863000073;50,936238951000064;5211009601100590000;0
159343;5;3;15;0;2021;1;19;6;3;1;5;1;1;0;0;0;2;0;359565,017148544080555;5645013,623273672536016;7,001144649000025;50,939626533000080;5210129601610250000;1
159344;5;5;12;0;2021;10;13;6;3;4;6;1;0;0;0;0;0;0;358066,476244549266994;5710281,814730711281300;6,953970922000053;51,525790573000052;5211008701400040000;0
159346;5;3;15;0;2021;10;17;3;3;5;3;1;1;0;0;0;0;0;357438,164693088270724;5648847,126839226111770;6,969391131000066;50,973556009000049;5211019601400780000;1
159347;5;3;62;40;2021;7;11;1;1;5;3;1;1;0;0;0;0;0;357955,308312160894275;5631217,931587228551507;6,983607992000032;50,815248966000070;5210704602900460000;1
159348;5;5;62;12;2021;10;16;7;2;8;1;1;0;0;0;0;0;0;360800,991591278463602;5723878,837807185947895;6,987971797000057;51,648654867000062;5211016701610570000;0
159350;5;3;15;0;2021;12;14;5;3;5;2;1;1;0;0;0;0;0;356445,166260656900704;5641302,095425119623542;6,958229692000032;50,905503133000082;5211209601200570000;0
159354;5;3;15;0;2021;1;12;1;3;1;5;1;1;0;0;0;0;0;359532,985754784196615;5647002,875608831644058;6,999921670000049;50,957496336000077;5210124601510760000;1
159356;5;3;16;0;2021;11;12;2;3;9;1;1;0;0;0;0;0;0;360233,589890451170504;5655191,114016311243176;7,006739812000035;51,031254966000063;5211122601700380000;1
159364;5;5;12;0;2021;6;16;4;3;1;5;1;1;0;0;0;0;0;359314,843515713699162;5711436,672811819240451;6,971493104000047;51,536480545000074;5210602701400080000;0
159365;5;3;15;0;2021;3;16;2;2;6;6;1;0;1;0;0;0;0;357046,524727558717132;5643713,813402939587831;6,965831940000044;50,927326364000066;5210329601100780000;0
159366;5;3;15;0;2021;2;12;1;2;0;6;1;0;0;0;0;0;0;359528,902151930145919;5647771,423398297280073;6,999566873000049;50,964402337000081;5210228601500670000;0
159371;5;5;54;20;2021;11;14;4;3;0;3;1;0;0;0;0;0;0;363826,625043605454266;5786802,334730640053749;7,006773022000061;52,214806553000074;5211110705000670000;0
159375;5;3;15;0;2021;12;8;7;3;4;3;1;0;0;0;0;0;0;356339,115665987133980;5641361,309493551030755;6,956699062000041;50,906008905000078;5211204601200690000;0
159379;5;1;58;20;2021;6;7;5;3;4;2;1;1;0;0;0;0;0;357643,220244865864515;5665099,430361153557897;6,965920488000052;51,119662505000065;5210610516800090000;0
159380;5;3;15;0;2021;7;18;4;3;0;1;1;0;0;0;0;0;0;359350,738470301963389;5644561,047884866595268;6,998271441000043;50,935506964000069;5210707601000270000;0
159381;5;3;15;0;2021;5;8;3;3;5;3;1;1;0;0;0;0;0;358429,800129638053477;5638328,780109101906419;6,987590531000023;50,879271706000054;5210511601200720000;1
159382;5;3;15;0;2021;11;9;3;3;4;6;1;0;0;0;0;0;0;357622,465999823063612;5645279,091999391093850;6,973410322000063;50,941535916000078;5211116601500060000;0
159385;5;1;58;20;2021;10;19;5;3;1;7;1;1;0;0;0;2;0;356676,136219231411815;5664440,016319159418344;6,952373679000061;51,113495535000027;5211007516800470000;0
159387;5;3;82;48;2021;9;17;2;2;0;1;1;0;0;0;0;0;0;355380,575231227092445;5609586,233650984242558;6,955562075000046;50,620203734000029;5210920600330580000;0
159390;5;3;82;12;2021;9;18;5;3;0;1;1;0;0;0;0;0;0;356498,531999814324081;5624999,946999376639724;6,965370196000038;50,759007904000043;5210902600360530000;0
159393;5;3;15;0;2021;6;0;6;3;0;1;1;0;0;0;0;2;0;358879,529992155730724;5646778,388799205422401;6,990710403000037;50,955319210000027;5210618601500780000;0
159394;5;3;15;0;2021;9;14;3;3;5;2;1;1;0;0;0;0;0;356788,128999817185104;5642609,856999378651381;6,962591086000032;50,917341096000030;5210907601220920000;0
159396;5;1;22;0;2021;6;12;1;3;5;2;1;1;0;0;0;0;0;360008,581631648354232;5669823,626301500946283;6,997859593000044;51,162700697000048;5210620503400070000;0
159397;5;3;62;40;2021;10;7;3;3;0;2;1;1;0;0;0;0;0;357471,466520434245467;5631617,142557006329298;6,976589104000027;50,818717876000051;5211005602900880000;0
159399;5;3;15;0;2021;5;13;4;3;2;7;1;1;0;0;0;0;0;356015,387879997491837;5643277,790759298950434;6,951341466000031;50,923151445000030;5210519601100070000;0
159406;5;3;15;0;2021;10;12;2;3;5;3;1;0;0;0;0;0;1;356530,046520105563104;5644723,240589292719960;6,958090319000064;50,936269758000037;5211011601100990000;0
159408;5;3;15;0;2021;4;11;7;3;3;6;1;1;0;0;0;0;0;357545,995164338499308;5640723,378037178888917;6,974102014000039;50,900574868000035;5210417601220220000;0
159412;5;3;15;0;2021;11;16;5;3;0;5;1;1;0;0;0;0;0;356200,845129302702844;5646242,936824738979340;6,952808271000038;50,949845038000035;5211104601100890000;1
159414;5;1;13;0;2021;3;7;6;3;3;3;1;0;0;0;1;0;0;358241,453999828547239;5699492,537999402731657;6,960821170000031;51,428881536000063;5210326502228460000;0
159417;5;3;15;0;2021;4;15;7;3;5;3;1;1;0;0;0;0;0;356391,610999813303351;5645410,469999374821782;6,955850515000066;50,942411340000035;5210410601100280000;1
159418;5;1;13;0;2021;9;7;4;2;5;3;1;1;0;0;0;0;0;360528,102895875461400;5697897,137629771605134;6,994320369000036;51,415112143000044;5210922502226770000;0
159421;5;1;13;0;2021;2;17;5;3;6;7;1;0;1;0;0;0;0;358659,752171628177166;5700966,954058719798923;6,966245758000071;51,442235357000072;5210204502208580000;0
159422;5;5;62;14;2021;6;16;2;2;1;1;1;1;0;0;0;0;0;361386,308623344637454;5716086,794327110052109;6,999508242000047;51,578779710000049;5210621701300980000;0
159424;5;3;15;0;2021;3;9;4;3;9;1;1;0;0;0;0;0;0;359057,866864923387766;5651199,765150588005781;6,991533976000028;50,995097819000080;5210317601500860000;1
159425;5;3;15;0;2021;12;12;5;3;4;2;1;1;0;0;0;0;0;356967,347538567148149;5647820,344544090330601;6,963093262000029;50,964211725000041;5211223601400680000;0
159427;5;1;58;12;2021;9;22;7;2;5;2;1;1;0;0;0;2;0;359071,394999833777547;5687887,778999416157603;6,977354614000035;51,324804732000075;5210911516100670000;1
159429;5;3;16;0;2021;7;16;6;3;8;1;1;0;0;0;0;0;0;359939,859628275036812;5654930,881937453523278;7,002654100000029;51,028844760000027;5210709601700570000;1
159437;5;5;54;4;2021;12;14;4;3;2;3;1;1;0;0;0;0;0;363261,746984484605491;5771389,195969099178910;7,004711936000035;52,076175571000078;5211208705000690000;0
159440;5;3;15;0;2021;3;14;4;3;6;4;1;0;1;0;0;0;0;357697,677892008796334;5644749,081445164978504;6,974687180000046;50,936791294000045;5210324601500790000;0
159441;5;1;13;0;2021;10;19;3;3;0;5;1;1;0;0;0;2;0;358772,619419501163065;5698474,891352936625481;6,968862346000037;51,419869395000035;5211026502228570000;0
159445;5;1;13;0;2021;4;9;6;3;0;5;1;1;0;0;0;0;0;361622,818585311993957;5702658,718098111450672;7,008191875000023;51,458169815000076;5210423502114980000;0
159448;5;5;54;4;2021;9;12;6;3;5;3;1;1;0;0;0;0;0;363176,082999859936535;5772989,490999478846788;7,002820760000077;52,090533647000029;5210924705000290000;0
159450;5;3;15;0;2021;3;22;7;2;0;1;1;0;0;0;0;2;0;359927,097400967031717;5646472,542296692728996;7,005733778000035;50,952826102000074;5210313601500360000;1
159452;5;3;15;0;2021;10;15;7;3;5;3;1;1;0;0;0;0;0;356878,033213726244867;5641129,320102071389556;6,964449908000063;50,904057880000039;5211023601200120000;0
159455;5;3;15;0;2021;7;10;2;3;5;2;1;1;0;0;0;0;0;356761,055376819334924;5641898,334807410836220;6,962485521000076;50,910939969000026;5210705601200880000;0
159456;5;3;15;0;2021;6;9;6;3;5;3;1;1;0;0;0;0;0;356512,488150009885430;5641870,906506534665823;6,958962936000034;50,910631735000038;5210625601200050000;0
159457;5;3;15;0;2021;2;9;4;3;0;1;1;0;0;0;0;0;0;359201,389131739735603;5640545,856055386364460;6,997697060000064;50,899385480000035;5210217601610550000;2
159461;5;3;15;0;2021;10;8;4;3;0;1;1;1;0;0;0;0;0;359603,820442846976221;5645806,566655483096838;7,001390955000034;50,946762254000078;5211027601600890000;0
159462;5;3;15;0;2021;10;10;7;3;1;5;1;1;0;0;0;0;0;356225,922188827767968;5641900,431973405182362;6,954877821000025;50,910825771000077;5211023601220420000;1
159463;5;1;13;0;2021;10;13;3;3;0;7;1;0;0;0;0;0;0;361609,816098556853831;5700627,372201096266508;7,008799330000045;51,439912212000081;5211026502210770000;0
159467;5;3;15;0;2021;1;14;6;3;6;4;1;0;1;0;0;0;0;356486,433801793493330;5646227,948617585003376;6,956877185000053;50,949781517000076;5210129601100990000;1
159469;5;3;62;40;2021;5;8;6;3;0;1;1;0;0;0;0;0;0;357377,510155338793993;5630538,460484461858869;6,975675396000042;50,809000445000038;5210514602900030000;0
159473;5;3;15;0;2021;2;16;4;3;5;7;1;1;0;0;0;0;0;358498,850372738204896;5643195,422096526250243;6,986685389000058;50,923025623000058;5210203601600070000;1
159475;5;3;15;0;2021;7;8;4;3;1;5;1;1;0;0;0;0;1;356619,762722590006888;5642837,084764610975981;6,960108122000065;50,919341367000072;5210707601110390000;0
159479;5;3;16;0;2021;9;7;5;3;5;3;1;1;0;0;0;0;0;359393,199999833479524;5656887,388999415561557;6,994104159000074;51,046294285000045;5210909601700370000;0
159480;5;3;15;0;2021;10;8;6;3;2;5;1;1;0;0;0;0;0;357248,062580020166934;5649431,846930250525475;6,966455607000057;50,978763723000043;5211001601400080000;0
159483;5;3;16;0;2021;9;16;2;2;5;3;1;1;0;0;0;0;0;359150,577460410073400;5656331,181637577712536;6,990861500000051;51,041236268000034;5210920601700480000;0
159489;5;1;58;12;2021;6;17;3;3;8;1;1;0;0;0;0;0;0;357501,178142407909036;5688029,736850753426552;6,954777003000061;51,325689186000034;5210615516100780000;0
159492;5;3;15;0;2021;10;18;6;3;6;4;1;0;1;0;0;1;0;358481,363991854712367;5639439,473007593303919;6,987892943000077;50,889266278000036;5211015601200280000;1
159493;5;3;15;0;2021;7;19;4;3;1;5;1;1;0;0;0;0;0;359874,458560411818326;5646329,582617316395044;7,005039851000049;50,951528511000049;5210714601510270000;1
159495;5;3;15;0;2021;3;15;5;3;5;1;1;0;0;0;1;0;0;359276,584842518903315;5647268,149392245337367;6,996170644000074;50,959817810000061;5210311601500880000;0
159503;5;3;15;0;2021;6;0;1;2;0;6;1;0;0;0;0;2;0;356918,321583357639611;5643747,374746635556221;6,963995722000050;50,927596193000056;5210627601110590000;0
159506;5;3;15;0;2021;6;14;6;3;5;3;1;1;0;0;0;0;0;359800,788592712953687;5646782,722511991858482;7,003817179000066;50,955583014000069;5210625601500170000;0
159510;5;5;54;4;2021;10;18;3;3;5;3;1;1;0;0;0;1;0;363714,469306585378945;5772230,219895610585809;7,010977759000070;52,083844126000031;5211005705000620000;0
159513;5;5;62;14;2021;4;11;7;2;1;7;1;1;0;0;0;0;0;360533,126746552065015;5717555,635793246328831;6,986619640000072;51,591768327000068;5210417701300110000;0
159515;5;1;58;24;2021;7;15;6;3;5;2;1;1;0;0;0;0;0;359025,036999831907451;5680138,946999413892627;6,979748885000049;51,255158764000043;5210709516400680000;0
159517;5;3;15;0;2021;10;0;7;3;8;1;1;0;0;0;0;2;0;356314,449999813921750;5641727,156999373808503;6,956204456000023;50,909290608000049;5211023601200290000;1
159518;5;1;22;0;2021;5;14;3;3;0;7;1;1;0;0;0;0;0;360558,991276131942868;5669601,085031816735864;7,005812629000047;51,160835190000057;5210511503400490000;1
159519;5;3;15;0;2021;5;13;1;3;1;5;1;1;0;0;0;0;0;358203,969279116019607;5648178,028460523113608;6,980552637000073;50,967731907000029;5210530601400580000;0
159522;5;3;15;0;2021;5;15;6;3;0;1;1;0;0;0;0;0;0;358872,475243996828794;5639742,804623112082481;6,993332925000061;50,892088051000030;5210507601200270000;0
159523;5;3;15;0;2021;3;20;4;3;6;4;1;0;1;0;0;2;0;357742,797622112557292;5649930,572947548702359;6,973303334000036;50,983368161000044;5210331601400980000;0
159525;5;3;16;0;2021;5;15;5;3;5;3;1;1;0;0;0;0;0;359839,799999836832285;5656778,544999420642853;7,000513321000028;51,045425251000040;5210527601700890000;1
159527;5;1;13;0;2021;5;15;6;3;0;7;1;1;0;0;0;0;0;361686,802787799388170;5707514,088863335549831;7,007210922000070;51,501817369000037;5210514502324380000;0
159528;5;3;15;0;2021;9;14;6;3;0;1;1;0;0;0;0;0;0;356633,814136559143662;5642726,294021673500538;6,960351444000025;50,918349190000072;5210910601100980000;1
159529;5;1;58;24;2021;7;11;7;3;5;2;1;1;0;0;0;0;0;358877,486228063702583;5680106,668541558086872;6,977648542000054;51,254832194000073;5210703516400480000;0
159533;5;1;13;0;2021;9;18;2;3;0;1;1;0;0;0;0;0;0;361656,981584935449064;5701567,634878179058433;7,009109998000042;51,448373293000031;5210906502105070000;0
159534;5;3;15;0;2021;9;14;7;3;0;6;1;0;0;0;0;0;0;356877,750743797048926;5641131,144351601600647;6,964445178000062;50,904074205000029;5210911601200580000;0
159538;5;3;62;40;2021;9;8;3;3;5;3;1;1;0;0;0;0;0;356549,512994866818190;5632201,187848176807165;6,963280945000065;50,823739097000043;5210907602900070000;0
159540;5;3;15;0;2021;12;9;4;3;1;5;1;1;0;0;0;0;0;358000,327239563688636;5648361,412270136177540;6,977582720000044;50,969329803000051;5211229601400080000;0
159545;5;5;62;14;2021;9;18;5;3;5;3;1;1;0;0;0;0;0;360189,975558528676629;5715653,950901582837105;6,982426365000038;51,574594704000049;5210909701300440000;0
159548;5;3;82;12;2021;6;18;3;3;5;2;1;1;0;0;0;0;0;356148,287551623769104;5629236,452686633914709;6,958750196000040;50,796995245000062;5210601600360280000;0
159551;5;3;15;0;2021;9;12;1;3;5;3;1;1;0;0;0;0;0;357397,946999821811914;5648303,334999389946461;6,969031898000026;50,968659055000046;5210912601400970000;0
159552;5;3;15;0;2021;11;10;4;3;6;6;1;0;1;0;0;0;0;359532,934480208903551;5646156,785787397995591;7,000247419000061;50,949892439000052;5211117601500670000;0
159553;5;3;15;0;2021;3;14;6;3;0;5;1;1;0;0;0;0;0;356272,142417731694877;5647437,379047788679600;6,953350967000063;50,960597068000027;5210326601400180000;0
159554;5;3;15;0;2021;6;22;3;3;5;3;1;1;0;0;0;2;0;360061,968697954900563;5648009,186701338738203;7,007061831000044;50,966668871000081;5210629601500580000;1
159555;5;3;15;0;2021;10;16;3;3;5;3;1;1;0;0;0;0;0;356899,339518036693335;5650281,605874169617891;6,961156712000047;50,986313804000076;5211005601400780000;1
159556;5;1;13;0;2021;9;16;3;3;2;6;1;1;0;0;0;0;0;359783,224999837577343;5703245,172999424859881;6,981497668000031;51,462987161000058;5210928502307070000;0
159559;5;3;15;0;2021;9;17;2;3;2;2;1;0;0;1;0;0;0;356557,115653341636062;5648939,372597301378846;6,956813846000045;50,974166242000081;5210927601400290000;1