OID_;ULAND;UREGBEZ;UKREIS;UGEMEINDE;UJAHR;UMONAT;USTUNDE;UWOCHENTAG;UKATEGORIE;UART;UTYP1;IstRad;IstPKW;IstFuss;IstKrad;IstSonstige;ULICHTVERH;IstGkfz;LINREFX;LINREFY;XGCSWGS84;YGCSWGS84;UIDENTSTLAE;IstStrassenzustand
159561;5;3;15;0;2021;10;12;5;3;5;2;1;1;0;0;0;0;0;357648,398904478177428;5645138,344493290409446;6,973834200000056;50,940277426000080;5211021601500180000;1
159562;5;3;15;0;2021;9;17;5;3;0;1;1;0;0;0;0;0;0;357145,734640519134700;5642093,754750216379762;6,967877235000060;50,912791537000032;5210916601200980000;0
159563;5;3;16;0;2021;11;14;3;3;0;6;1;1;0;0;0;0;0;359767,184980059973896;5657647,119246173650026;6,999141663000046;51,053213351000068;5211116601700060000;1
159568;5;3;15;0;2021;11;21;2;3;0;1;1;0;0;0;0;2;0;359748,618184705264866;5646229,427752232179046;7,003288012000041;50,950597801000072;5211129601500080000;1
159569;5;3;15;0;2021;1;11;4;3;1;3;1;1;0;0;0;0;0;356631,185484286397696;5654558,885662391781807;6,955649215000051;51,024686000000031;5210120601400580000;0
159571;5;1;13;0;2021;9;8;6;3;0;3;1;1;0;0;0;0;0;361795,805207748897374;5702588,719854824244976;7,010707593000063;51,457583044000046;5210903502101370000;0
159575;5;1;13;0;2021;4;17;7;2;0;7;1;0;0;0;0;0;0;360327,480999840423465;5698368,375999428331852;6,991251548000037;51,419297456000038;5210424502226870000;0
159577;5;3;16;0;2021;5;13;6;3;0;3;1;1;0;0;0;0;0;359627,527770609594882;5659173,081517962738872;6,996558311000058;51,066892913000061;5210521601700090000;0
159579;5;3;15;0;2021;10;16;4;3;5;2;1;1;0;0;0;0;0;356060,118122193031013;5643231,300986355170608;6,951995817000068;50,922744808000061;5211013601100480000;0
159581;5;3;15;0;2021;5;17;7;3;9;1;1;1;0;0;0;0;0;356295,446332792751491;5647414,787784734740853;6,953691504000062;50,960399857000027;5210529601400890000;0
159588;5;5;54;4;2021;9;9;6;3;0;7;1;0;0;0;0;0;0;362795,205375797115266;5771163,251326765865088;6,997999489000051;52,074029978000056;5210924705000320000;0
159591;5;3;15;0;2021;12;8;3;2;0;1;1;1;0;0;0;0;0;356788,708999818190932;5642778,096999380737543;6,962533280000059;50,918853202000037;5211214601100890000;0
159593;5;3;16;0;2021;5;11;3;3;8;1;1;0;0;0;0;0;0;359593,493450646288693;5655307,089032556861639;6,997572183000045;51,032141214000035;5210504601700570000;1
159594;5;3;15;0;2021;6;15;2;3;5;3;1;0;0;0;1;0;0;357736,584200392477214;5640832,747576100751758;6,976768040000024;50,901604765000059;5210614601220080000;0
159596;5;5;62;14;2021;7;10;7;3;5;3;1;1;0;0;0;0;0;361515,663383961655200;5716081,689050080254674;7,001375897000059;51,578765628000042;5210703701300950000;0
159599;5;3;62;40;2021;3;12;2;3;3;6;1;0;0;0;0;0;0;358029,709337858483195;5632156,565662665292621;6,984300179000059;50,823702910000065;5210329602900020000;0
159600;5;3;15;0;2021;11;8;2;3;3;7;1;1;0;0;0;0;0;358631,348604253493249;5640082,630762295797467;6,989775124000062;50,895083144000068;5211122601200870000;0
159601;5;5;62;12;2021;11;11;5;2;0;1;1;0;0;0;0;0;0;359125,401796280406415;5724132,133568268269300;6,963666631000024;51,650513622000062;5211125701610690000;1
159608;5;3;15;0;2021;7;0;2;3;3;6;1;1;0;0;0;2;0;356163,039007697254419;5643489,611793726682663;6,953357305000054;50,925091882000061;5210712601120410000;0
159610;5;3;15;0;2021;1;7;3;3;5;3;1;1;0;0;0;2;0;356717,401230657473207;5642292,938748409971595;6,961710025000059;50,914475416000073;5210112601220890000;1
159617;5;3;15;0;2021;9;9;6;3;5;3;1;1;0;0;0;0;0;357052,474999818019569;5640727,328999381512403;6,967086624000046;50,900488409000047;5210924601200290000;0
159620;5;3;15;0;2021;4;15;5;2;4;7;1;0;0;0;0;0;0;357574,191345057450235;5644069,912945309653878;6,973196257000041;50,930657142000030;5210401601500370000;0
159625;5;3;15;0;2021;9;17;2;3;5;3;1;1;0;0;0;0;0;356132,173999812453985;5636634,141999375075102;6,955618590000029;50,863474584000073;5210906601200490000;0
159627;5;1;13;0;2021;10;17;5;3;0;1;1;0;0;0;0;1;0;361680,314661184325814;5700736,493803333491087;7,009770391000075;51,440910041000052;5211028502210080000;0
159628;5;3;15;0;2021;6;7;6;3;1;5;1;1;0;0;0;0;0;357168,054586723446846;5648697,685340709984303;6,965605053000047;50,972146073000033;5210611601400790000;0
159631;5;3;15;0;2021;6;18;3;3;0;1;1;0;0;0;0;0;0;358809,695683482103050;5648196,788060365244746;6,989166366000063;50,968049284000074;5210615601400370000;0
159635;5;5;12;0;2021;3;16;3;3;3;6;1;1;0;0;0;0;0;359546,119233597069979;5708173,093346877023578;6,976126489000023;51,507211362000078;5210302701400300000;0
159636;5;3;15;0;2021;11;19;7;3;5;3;1;0;0;0;0;2;0;356040,806979209184647;5642689,049830544739962;6,951935271000025;50,917866848000074;5211127601100070000;0
159637;5;3;15;0;2021;5;16;2;3;3;6;1;1;0;0;0;0;0;359344,727828448638320;5636637,005944589152932;7,001238301000058;50,864290788000062;5210517601200890000;0
159639;5;5;54;4;2021;5;14;3;3;9;6;1;0;1;0;0;0;0;363453,409702187404037;5770755,379824370145798;7,007760456000028;52,070527770000069;5210511705000320000;0
159646;5;1;58;12;2021;5;15;5;3;1;5;1;1;0;0;0;0;0;358879,282999833114445;5688160,120999412611127;6,974491367000041;51,327204467000058;5210520516200990000;0
159647;5;3;15;0;2021;10;14;3;3;4;3;1;1;0;0;0;0;0;357395,500912013463676;5649325,973144888877869;6,968596031000061;50,977848781000034;5211005601400170000;0
159650;5;1;13;0;2021;3;16;4;3;0;3;1;1;0;0;0;0;0;360101,206683288328350;5701118,578752908855677;6,986913182000023;51,443955755000047;5210303502214980000;0
159652;5;3;15;0;2021;6;16;6;3;1;5;1;1;0;0;0;0;0;357023,354318641126156;5648125,298066552728415;6,963770452000063;50,966966205000062;5210625601400980000;0
159656;5;1;58;4;2021;5;15;7;3;5;3;1;1;0;0;0;0;0;357160,148238445632160;5674700,375062724575400;6,955210197000042;51,205821430000071;5210508516620400000;0
159658;5;1;58;20;2021;9;14;1;2;0;7;1;0;0;0;0;0;0;357976,992999827489257;5663950,471999395638704;6,971138823000047;51,109420019000027;5210912516800370000;0
159661;5;3;15;0;2021;6;8;5;3;4;6;1;0;0;0;0;0;0;356529,678465016186237;5643416,640537466853857;6,958599351000032;50,924527391000026;5210624601100280000;0
159663;5;3;62;40;2021;12;10;5;3;5;3;1;1;0;0;0;0;0;357292,842983082868159;5631070,978518430143595;6,974267396000073;50,813765422000074;5211230602900580000;1
159665;5;5;62;14;2021;6;17;3;3;1;5;1;1;0;0;0;0;0;361423,475085790269077;5715380,549731690436602;7,000322903000040;51,572442443000057;5210601701300980000;0
159666;5;1;58;16;2021;6;17;3;3;0;1;1;0;0;0;0;0;0;356855,136031543835998;5669059,530302383005619;6,953093907000039;51,155053785000064;5210615516500580000;0
159668;5;3;15;0;2021;7;19;6;2;0;1;1;0;0;0;0;0;0;356876,897387133911252;5652083,183623023331165;6,960127222000040;51,002498656000057;5210702601400290000;0
159669;5;3;62;40;2021;9;20;1;3;0;1;1;0;0;0;0;1;0;357775,866473752073944;5631375,907189575955272;6,981001180000021;50,816624687000058;5210905602900980000;0
159670;5;3;16;0;2021;3;14;4;3;0;5;1;1;0;0;0;0;0;360001,284157689660788;5655207,007741898298264;7,003422826000076;51,031341264000048;5210331601700370000;0
159671;5;3;15;0;2021;9;13;7;3;5;3;1;0;0;0;0;0;0;356425,571720233187079;5641874,355274634435773;6,957726076000029;50,910641116000079;5210911601200970000;0
159674;5;3;15;0;2021;4;16;5;2;3;6;1;0;0;0;0;0;0;357031,272424312308431;5642582,678190097212791;6,966058495000027;50,917157131000067;5210401601220740000;0
159677;5;3;82;48;2021;12;12;2;3;5;3;1;1;0;0;0;0;0;357970,365999824367464;5612708,475999390706420;6,990952668000034;50,648901483000031;5211206600330480000;0
159678;5;3;15;0;2021;10;13;4;3;1;5;1;1;0;0;0;0;0;356709,147443271242082;5646444,293581336736679;6,959960541000044;50,951781189000030;5211020601400140000;0
159679;5;3;62;40;2021;9;22;6;3;5;2;1;0;0;1;0;2;0;357598,164440490305424;5631139,740508196875453;6,978571875000057;50,814458546000026;5210924602900260000;0
159681;5;5;54;4;2021;3;18;3;3;5;3;1;1;0;0;0;1;0;363129,329010382294655;5771968,394842928275466;7,002548587000035;52,081347173000040;5210302705000590000;0
159682;5;1;58;20;2021;9;19;3;2;0;1;1;0;0;0;0;1;0;356773,332038811407983;5660826,621380539610982;6,955194729000027;51,081047650000073;5210907516800780000;0
159683;5;1;13;0;2021;7;11;4;3;5;3;1;1;0;0;0;0;0;361617,803703490644693;5709106,560195421800017;7,005592485000022;51,516110846000061;5210707502340080000;0
159686;5;3;62;40;2021;5;17;6;3;0;3;1;1;0;0;0;0;0;357984,207162614911795;5631016,630730286240578;6,984095864000039;50,813446919000057;5210514602900110000;1
159688;5;1;58;24;2021;2;16;5;3;5;2;1;1;0;0;0;0;0;357811,245090051554143;5679945,311293315142393;6,962443253000060;51,253117287000066;5210218516400430000;0
159690;5;3;15;0;2021;11;16;6;3;4;6;1;0;0;0;1;0;0;356516,743578309193254;5643514,123589444905519;6,958377069000051;50,925400245000048;5211112601100180000;0
159694;5;3;16;0;2021;11;9;3;3;5;3;1;1;0;0;0;0;0;356442,640999815426767;5658252,400999378412962;6,951498668000056;51,057831418000035;5211130601700080000;1
159695;5;3;15;0;2021;12;10;2;3;0;5;1;1;0;0;0;0;0;359577,095420533791184;5645055,473407268524170;7,001300320000041;50,940005586000041;5211220601600280000;0
159698;5;3;15;0;2021;12;15;1;3;5;2;1;1;0;0;0;0;0;356647,562868721783161;5641653,058001164346933;6,960968576000027;50,908707506000042;5211205601200560000;0
159700;5;3;82;64;2021;10;14;6;3;5;3;1;1;0;0;0;0;0;356777,943663335405290;5616491,598846714943647;6,972632532000034;50,682609952000064;5211022600340390000;0
159702;5;3;15;0;2021;2;15;6;3;4;5;1;0;0;0;1;0;0;356469,765669207088649;5643805,863148989155889;6,957594224000047;50,928010392000033;5210205601100520000;0
159708;5;3;15;0;2021;6;10;5;3;5;3;1;1;0;0;0;0;0;359731,792277445085347;5637040,075083700940013;7,006580526000050;50,868007311000042;5210603601200990000;1
159709;5;3;15;0;2021;6;10;2;3;4;7;1;1;0;0;0;0;0;356682,960065247491002;5645433,499166347086430;6,959985759000062;50,942690795000033;5210614601110670000;0
159710;5;3;15;0;2021;9;14;7;3;5;3;1;1;0;0;0;0;0;358063,404393112286925;5648386,198338219895959;6,978470820000041;50,969568101000050;5210918601400280000;0
159711;5;5;62;14;2021;10;16;2;3;1;5;1;1;0;0;0;0;0;361551,684653116390109;5715896,253680000081658;7,001968519000059;51,577108130000056;5211004701300070000;0
159715;5;3;62;40;2021;3;13;4;3;4;6;1;0;0;0;0;0;0;356833,217999816872180;5630964,304999381303787;6,967788998000060;50,812693306000028;5210303602900250000;0
159718;5;3;16;0;2021;12;6;3;3;5;3;1;1;0;0;0;2;0;359179,826370782218874;5658759,027869977056980;6,990333965000048;51,063062213000080;5211207601700570000;1
159719;5;3;15;0;2021;4;17;4;3;5;3;1;1;0;0;0;0;0;356944,148312031291425;5646634,609100876376033;6,963229213000034;50,953549908000070;5210414601100460000;0
159722;5;1;58;20;2021;7;13;1;3;5;3;1;1;0;0;0;0;0;356635,733715946786106;5664006,353296944871545;6,951969190000057;51,109588283000051;5210704516900370000;1
159725;5;5;54;16;2021;3;13;3;2;8;1;1;0;0;0;0;0;0;363171,904943629167974;5757926,138103080913424;7,008781687000067;51,955181267000057;5210309705000070000;1
159726;5;3;15;0;2021;9;15;6;3;5;3;1;1;0;0;0;0;0;358332,661877650767565;5642604,477122405543923;6,984551917000033;50,917673987000057;5210924601600380000;0
159729;5;3;15;0;2021;5;7;4;3;4;5;1;1;0;0;0;0;0;356603,306603420525789;5644190,198859861120582;6,959342007000032;50,931497590000049;5210519601100180000;0
159730;5;1;13;0;2021;9;17;5;3;4;2;1;1;0;0;0;0;0;360669,987999841570854;5700528,039999430999160;6,995324752000045;51,438789198000052;5210909502209080000;0
159731;5;5;13;0;2021;9;7;6;3;3;6;1;1;0;0;0;1;0;361469,220174971967936;5719627,904089119285345;6,999305960000072;51,610620856000025;5210924700000080000;0
159737;5;3;15;0;2021;10;17;3;3;0;1;1;0;0;0;0;0;0;356118,203421787358820;5648393,920936288312078;6,950782102000062;50,969154898000056;5211019601400580000;1
159739;5;3;15;0;2021;12;10;1;2;0;7;1;0;1;0;0;0;0;356330,928271825425327;5647699,868544155731797;6,954083850000075;50,962970675000065;5211212601420350000;1
159741;5;5;54;4;2021;11;8;2;3;0;1;1;0;0;0;0;1;0;363683,453700859099627;5772398,578282561153173;7,010458102000030;52,085349258000065;5211122705000680000;1
159744;5;3;15;0;2021;11;16;4;3;5;3;1;1;0;0;0;1;0;358696,612999828532338;5642991,004999408498406;6,989576558000067;50,921236979000071;5211117601600080000;0
159745;5;5;54;4;2021;10;7;6;3;5;3;1;1;0;0;0;0;0;363270,125714969821274;5771402,103640008717775;7,004828946000032;52,076293620000058;5211001705000520000;0
159747;5;3;15;0;2021;12;12;6;3;1;5;1;1;0;0;0;0;0;359144,201127542182803;5645192,301163353025913;6,995089872000051;50,941129683000042;5211210601600060000;0
159748;5;3;62;40;2021;10;10;3;3;5;3;1;1;0;0;0;0;0;357259,157416252419353;5630491,104617305099964;6,974015083000040;50,808545699000035;5211012602900590000;1
159749;5;5;12;0;2021;11;13;3;3;1;5;1;1;0;0;0;0;0;359141,756102175451815;5711294,093948904424906;6,969056126000055;51,535156167000082;5211130701400170000;1
159750;5;3;15;0;2021;4;10;3;3;0;1;1;0;0;0;0;0;0;356852,994075931608677;5648937,946044577285647;6,961026012000048;50,974227040000073;5210406601400870000;1
159751;5;3;15;0;2021;9;17;6;3;5;2;1;1;0;0;0;0;0;359545,162787514738739;5644530,839083246886730;7,001048341000057;50,935282858000051;5210924601600690000;0
159752;5;3;15;0;2021;3;7;6;3;5;3;1;1;0;0;0;0;0;356284,238381396047771;5648527,755454633384943;6,953092334000075;50,970399091000047;5210319601400980000;0
159754;5;3;15;0;2021;12;15;5;3;5;2;1;1;0;0;0;0;0;356812,658921385183930;5646739,308813609182835;6,961317204000068;50,954458179000028;5211216601400060000;0
159757;5;1;22;0;2021;10;15;3;3;5;2;1;1;0;0;0;0;0;360407,599616843275726;5669787,086803479120135;7,003576762000023;51,162469829000031;5211012503400990000;1
159761;5;1;58;24;2021;6;8;7;2;0;1;1;0;0;0;0;0;0;358058,291835889220238;5679576,645903384312987;6,966127244000063;51,249865845000045;5210612516400560000;0
159762;5;5;62;14;2021;5;20;5;2;4;6;1;1;0;0;0;0;0;361421,858278375118971;5714975,206718752160668;7,000459456000044;51,568799577000050;5210513701300740000;0
159764;5;1;13;0;2021;6;16;3;3;0;7;1;1;0;0;0;0;0;361500,201215529814363;5700443,307278832420707;7,007295188000057;51,438231345000077;5210608502210280000;0
159765;5;1;58;20;2021;12;10;3;2;2;6;1;0;0;0;0;0;1;357244,436382712796330;5665197,007339814677835;6,960187656000073;51,120440170000052;5211207516800370000;0
159766;5;3;15;0;2021;5;12;6;3;4;2;1;1;0;0;0;0;0;358058,132388906553388;5648381,797302877530456;6,978397501000074;50,969527250000056;5210521601400280000;0
159767;5;3;16;0;2021;4;16;3;2;3;2;1;0;0;0;0;0;1;359981,928999835625291;5655209,453999418765306;7,003146029000050;51,031358533000059;5210420601700980000;0
159768;5;3;15;0;2021;11;14;3;3;5;3;1;1;0;0;0;0;0;356402,590680018067360;5645425,081221308559179;6,956000935000077;50,942545383000038;5211130601100990000;1
159769;5;1;13;0;2021;1;12;2;3;0;5;1;1;0;0;0;0;0;361279,335999847389758;5695508,753999441862106;7,006050413000025;51,393833424000036;5210118502229180000;0
159772;5;3;15;0;2021;6;16;2;3;0;4;1;0;1;0;0;0;0;359333,419223038479686;5644548,584476433694363;6,998029925000026;50,935390730000051;5210607601000480000;0
159774;5;1;13;0;2021;9;16;4;3;0;6;1;1;0;0;0;0;0;360367,446058843284845;5700546,456039944663644;6,990967400000045;51,438880197000060;5210901502200370000;0
159775;5;1;13;0;2021;6;9;5;3;2;6;1;1;0;0;0;0;0;358567,957836342975497;5705676,844663145020604;6,963041672000031;51,484536001000038;5210610502323050000;0
159776;5;3;15;0;2021;6;19;5;3;3;5;1;1;0;0;0;0;0;356769,750460657291114;5648991,551166320219636;6,959819985000024;50,974688083000046;5210610601400470000;0
159778;5;1;58;20;2021;6;11;5;3;5;3;1;1;0;0;0;0;0;356552,871332117356360;5663787,996896667405963;6,950873078000029;51,107605274000036;5210617516800020000;0
159779;5;3;15;0;2021;11;16;4;3;6;6;1;1;1;0;0;0;0;359439,807898656465113;5639103,128041256219149;7,001640561000045;50,886477495000065;5211110601200880000;0
159784;5;5;54;16;2021;2;18;5;2;0;1;1;0;0;0;0;1;0;362918,437967231497169;5758036,185390789061785;7,005051569000045;51,956107687000042;5210225705000370000;0
159787;5;1;13;0;2021;1;18;6;3;5;3;1;1;0;0;0;1;0;359284,622999835759401;5701575,640999417752028;6,974989006000044;51,447860716000037;5210129502214980000;1
159790;5;3;15;0;2021;6;1;7;3;0;7;1;0;0;0;0;2;0;356244,710531324148178;5646311,425942610949278;6,953405293000060;50,950471480000033;5210612601100990000;0
159791;5;3;15;0;2021;12;7;5;3;0;1;1;0;0;0;0;0;0;359983,381114633753896;5645864,956189183518291;7,006768238000063;50,947379323000064;5211209601500070000;0
159795;5;3;15;0;2021;2;18;7;3;3;6;1;0;0;0;1;2;0;356494,569350434467196;5643656,101972734555602;6,958005884000045;50,926670675000082;5210220601100070000;0
159796;5;3;15;0;2021;1;18;2;2;0;1;1;0;0;0;0;2;0;359062,726000154390931;5643776,818046916276217;6,994478358000038;50,928388705000032;5210125601610200000;0
159797;5;1;58;12;2021;9;14;5;3;0;1;1;0;0;0;0;0;0;358821,158862509764731;5688303,971312098205090;6,973600673000021;51,328482733000044;5210909516100100000;0
159799;5;5;54;20;2021;6;13;3;3;5;3;1;1;0;0;0;0;0;363278,495118105784059;5786794,866241620853543;6,998758123000073;52,214603713000031;5210615705000290000;0
159801;5;3;15;0;2021;10;9;5;3;0;5;1;1;0;0;0;0;0;357581,428355449810624;5644574,812008202075958;6,973101879000069;50,935196443000052;5211014601510590000;0
159803;5;5;12;0;2021;3;17;4;2;5;2;1;1;0;0;0;0;0;359338,303864724002779;5719894,757534638047218;6,968444357000067;51,612490446000038;5210317701400880000;0
159804;5;3;15;0;2021;7;18;2;3;5;3;1;1;0;0;0;0;0;356860,382342265918851;5649265,559996027499437;6,961002197000028;50,977173090000065;5210712601400380000;0
159805;5;1;58;8;2021;12;13;5;3;5;2;1;1;0;0;0;0;0;360225,090926918201149;5672826,542451096698642;6,999786271000062;51,189740083000061;5211223516700050000;0
159808;5;3;15;0;2021;12;16;3;2;3;2;1;1;0;0;0;1;0;356698,879093647934496;5642323,722240367904305;6,961434623000059;50,914747467000041;5211207601200390000;0
159809;5;1;13;0;2021;10;14;6;3;5;2;1;1;0;0;0;0;0;359873,736270210705698;5705591,188615933060646;6,981869378000056;51,484091314000068;5211029502350170000;0
159811;5;3;15;0;2021;2;11;6;3;3;6;1;0;0;0;0;0;0;356336,568786513060331;5641117,568053828552365;6,956758786000023;50,903817785000058;5210205601220480000;0
159812;5;3;15;0;2021;4;16;5;3;6;4;1;0;1;0;0;0;0;358776,267564685083926;5639455,292512455955148;6,992077002000030;50,889480624000043;5210422601200870000;0
159813;5;5;12;0;2021;1;6;2;3;5;3;1;1;0;0;0;2;0;359463,296791994012892;5710946,036331893876195;6,973828008000055;51,532108639000057;5210125701400280000;0
159814;5;5;62;12;2021;1;8;4;2;0;1;1;0;0;0;0;0;0;359460,572999837808311;5726072,384999420493841;6,967728171000033;51,668032260000075;5210106701610830000;1
159824;5;5;62;14;2021;4;9;7;1;3;3;1;1;0;0;0;0;0;358923,908152736723423;5713525,150913815945387;6,965022773000044;51,555150013000059;5210410701300850000;0
159827;5;3;15;0;2021;6;12;6;2;5;3;1;0;0;0;0;0;0;359048,334640162996948;5650227,572489986196160;6,991775457000074;50,986358404000043;5210604601500150000;0
159828;5;3;15;0;2021;11;19;5;3;0;5;1;0;0;0;1;2;0;356770,878197344020009;5641837,108377926051617;6,962649183000053;50,910392168000044;5211118601200260000;0
159829;5;1;58;24;2021;10;16;1;3;0;1;1;0;0;0;0;0;0;357608,876918104477227;5679815,390953192487359;6,959596995000027;51,251899275000028;5211024516400890000;0
159832;5;3;15;0;2021;5;0;1;3;0;5;1;0;0;0;0;2;0;355941,901254355907440;5640862,959181111305952;6,951249954000048;50,901431302000049;5210530601200980000;0
159836;5;3;15;0;2021;11;13;6;3;6;4;1;0;1;0;0;0;0;357549,887463641352952;5644755,769700521603227;6,972582550000027;50,936814913000035;5211105601500490000;0
159840;5;1;13;0;2021;10;10;2;3;5;6;1;1;0;0;0;0;0;361403,518477822653949;5702234,200890006497502;7,005203665000067;51,454301311000052;5211004502104900000;0
159843;5;3;15;0;2021;3;12;7;3;0;5;1;1;0;0;0;0;0;357750,633199174888432;5647907,104559116065502;6,974206515000049;50,965185365000082;5210320601400770000;0
159844;5;1;13;0;2021;5;13;3;3;1;5;1;1;0;0;0;0;0;358850,813465871848166;5701518,437915654852986;6,968773155000065;51,447238722000066;5210511502208080000;1
159848;5;3;15;0;2021;5;15;4;3;3;5;1;1;0;0;0;0;0;356627,741329262033105;5642787,798571305349469;6,960240930000055;50,918900418000078;5210519601100490000;0
159850;5;3;82;12;2021;7;10;7;3;5;2;1;0;0;0;1;0;0;359240,978999832645059;5624863,021999409422278;7,004280811000058;50,758448983000051;5210703600360480000;0
159851;5;3;15;0;2021;11;17;5;2;0;4;1;1;1;0;0;2;0;356465,001487705856562;5643870,333562014624476;6,957501093000076;50,928588595000065;5211125601100580000;0
159858;5;1;13;0;2021;6;15;6;3;5;3;1;1;0;0;0;0;0;360079,313902075402439;5702083,470077287405729;6,986216823000063;51,452621102000080;5210604502211880000;0
159859;5;3;82;12;2021;6;14;2;3;0;7;1;0;0;0;0;0;0;358357,916768628172576;5624867,085755897685885;6,991767136000021;50,758270647000074;5210621600360870000;0
159863;5;3;15;0;2021;6;17;5;3;5;2;1;1;0;0;0;0;0;359749,937942834571004;5649479,381473612040281;7,002053851000028;50,979805733000035;5210610601500390000;0
159865;5;5;54;20;2021;11;12;3;3;4;1;1;1;0;0;0;0;0;363719,120672015473247;5786081,418850168585777;7,005490692000024;52,208302415000048;5211116705000070000;1
159866;5;3;15;0;2021;7;18;5;3;0;1;1;0;0;0;0;0;0;360022,140999836847186;5636881,667999420315027;7,010764765000033;50,866654041000061;5210708601200770000;1
159872;5;3;15;0;2021;4;13;4;3;0;3;1;1;0;0;0;0;0;357954,152302043512464;5648611,079982833936810;6,976828002000047;50,971562166000069;5210407601400150000;0
159873;5;5;62;14;2021;9;7;4;3;1;3;1;1;0;0;0;0;0;358849,877999832853675;5716322,329999415203929;6,962832143000071;51,580266774000052;5210901701300770000;0
159874;5;1;58;20;2021;6;8;2;3;0;7;1;0;0;0;0;0;0;357199,577213103882968;5662197,793943863362074;6,960733975000039;51,093476169000041;5210621516900080000;0
159876;5;1;58;20;2021;12;16;5;3;5;2;1;0;0;0;0;1;0;356680,662704798392951;5664525,094717446714640;6,952404500000057;51,114261230000068;5211216516800180000;0
159878;5;1;58;4;2021;11;9;5;3;0;1;1;0;0;0;0;0;0;357256,561999822035432;5675176,240999389439821;6,956400113000029;51,210121879000042;5211118516600080000;1
159880;5;3;15;0;2021;12;8;6;3;0;1;1;0;0;0;0;0;0;360223,819910966791213;5647935,023596089333296;7,009393856000031;50,966041653000048;5211224601500770000;1
159884;5;1;13;0;2021;9;19;2;3;0;1;1;0;0;0;0;2;0;360005,262120171450078;5701513,382380859926343;6,985377322000033;51,447479852000072;5210927502209170000;1
159885;5;1;13;0;2021;1;16;4;2;5;3;1;1;0;0;0;0;0;360364,178344506770372;5700560,883327882736921;6,990914725000039;51,439009040000030;5210113502211280000;0
159886;5;3;15;0;2021;2;11;4;3;0;1;1;0;0;0;0;0;0;356597,541453361511230;5642991,054529221728444;6,959731654000052;50,920719559000077;5210224601100680000;0
159887;5;3;16;0;2021;10;7;3;3;5;3;1;1;0;0;0;0;0;359554,329088919796050;5656805,899772731587291;6,996432926000068;51,045601365000039;5211026601700070000;1
159889;5;3;15;0;2021;11;13;6;3;0;1;1;0;0;0;0;0;0;356872,735440677031875;5644563,552445799112320;6,963026996000053;50,934919808000075;5211126601110940000;0
159891;5;3;15;0;2021;12;10;6;3;0;2;1;0;0;0;1;0;0;359555,432999834418297;5644355,826999412849545;7,001261858000021;50,933712504000027;5211203601600390000;0
159895;5;1;13;0;2021;5;15;6;3;5;2;1;1;0;0;0;0;0;359833,009395601227880;5703383,145230039954185;6,982159164000052;51,464239338000027;5210521502307870000;0
159896;5;3;15;0;2021;3;10;6;3;0;7;1;0;0;0;0;0;0;358841,672569948248565;5646511,936824087053537;6,990275062000023;50,952915325000049;5210312601500190000;0
159898;5;5;54;4;2021;2;9;2;3;0;7;1;0;0;0;0;0;0;363310,786158933304250;5772232,640032539144158;7,005089085000066;52,083766345000072;5210201705000880000;2
159899;5;3;15;0;2021;6;11;5;3;5;2;1;1;0;0;0;0;0;356643,942026403732598;5647651,409342559054494;6,958557379000069;50,962613148000059;5210610601400680000;0
159900;5;5;54;16;2021;3;6;3;3;5;2;1;1;0;0;0;2;0;362228,151251249946654;5757903,036331215873361;6,995065841000041;51,954740696000044;5210302705000320000;0
159901;5;3;15;0;2021;3;14;4;3;5;3;1;1;0;0;0;0;0;357808,590999824926257;5648290,720999397337437;6,974881394000022;50,968647207000060;5210324601400370000;0
159905;5;3;15;0;2021;1;13;7;3;1;5;1;1;0;0;0;0;0;359748,520331934094429;5636732,094892702996731;7,006936172000053;50,865243472000031;5210123601200480000;0
159908;5;1;13;0;2021;9;15;5;3;5;3;1;1;0;0;0;0;0;361208,793253097683191;5699566,868278237059712;7,003448698000057;51,430284025000049;5210916502210850000;0
159910;5;5;62;14;2021;9;7;3;3;6;7;1;0;1;0;0;0;0;361029,419327896088362;5715552,759318277239799;6,994572249000043;51,573892943000033;5210928701300150000;0
159912;5;3;15;0;2021;5;12;5;3;1;5;1;1;0;0;1;0;0;360215,470022619701922;5643508,387661401182413;7,010974086000033;50,926256763000026;5210527601600590000;1
159914;5;5;54;16;2021;5;20;1;2;0;1;1;0;0;0;0;1;0;362491,352174603380263;5757949,378983989357948;6,998875018000035;51,955222248000041;5210530705000990000;0
159916;5;5;62;12;2021;5;14;3;3;5;3;1;1;0;0;0;0;0;361139,156477830372751;5726295,450202874839306;6,991896524000026;51,670454059000065;5210511701610050000;1
159918;5;3;15;0;2021;1;16;6;3;1;1;1;1;0;0;0;0;0;356708,001756719313562;5646481,746529990807176;6,959929499000054;50,952117489000045;5210129601400570000;1
159919;5;1;58;24;2021;4;17;7;3;5;3;1;0;0;0;1;0;0;358771,996728693135083;5679657,741545069962740;6,976315011000054;51,250771797000027;5210403516400920000;0
159920;5;5;12;0;2021;9;14;6;3;5;3;1;1;0;0;0;0;0;357928,295188247226179;5710004,405151667073369;6,952092225000058;51,523263042000053;5210924701400370000;0
159923;5;5;54;4;2021;6;16;2;3;6;4;1;0;1;0;0;0;0;363342,118434797972441;5771181,324542166665196;7,005967200000043;52,074327605000065;5210628705000740000;0