OID_;ULAND;UREGBEZ;UKREIS;UGEMEINDE;UJAHR;UMONAT;USTUNDE;UWOCHENTAG;UKATEGORIE;UART;UTYP1;IstRad;IstPKW;IstFuss;IstKrad;IstSonstige;ULICHTVERH;IstGkfz;LINREFX;LINREFY;XGCSWGS84;YGCSWGS84;UIDENTSTLAE;IstStrassenzustand
159927;5;3;15;0;2021;4;17;2;3;0;2;1;1;0;0;0;0;0;358681,808999829925597;5641970,273999404162169;6,989761486000020;50,912059954000028;5210419601610600000;0
159928;5;3;15;0;2021;6;17;5;2;1;5;1;1;0;0;0;0;0;356768,699169945903122;5642278,205782735720277;6,962445063000075;50,914355745000080;5210603601200890000;1
159929;5;3;15;0;2021;6;16;5;2;1;5;1;1;0;0;0;0;0;356973,488909519277513;5646422,168128663673997;6,963730132000023;50,951648007000074;5210624601400880000;0
159935;5;1;13;0;2021;3;13;4;3;0;1;1;0;0;0;0;0;0;358327,589687024243176;5700453,104275507852435;6,961675128000024;51,437534856000070;5210331502215980000;0
159938;5;3;82;44;2021;6;16;6;2;9;1;1;0;0;0;0;0;0;359741,621004925109446;5632366,333325859159231;7,008509963000051;50,826005400000042;5210618607000070000;0
159940;5;3;15;0;2021;2;9;6;2;5;3;1;1;0;0;0;0;0;356778,875296195968986;5643580,176924362778664;6,962078470000051;50,926058996000052;5210219601100170000;0
159943;5;3;82;12;2021;6;12;4;3;5;2;1;1;0;0;0;0;0;356059,790907550603151;5629714,368194408714771;6,957307972000024;50,801268342000071;5210623600360830000;0
159947;5;1;13;0;2021;5;15;6;2;5;3;1;1;0;0;0;0;0;358802,103192567825317;5698492,598322659730911;6,969279043000029;51,420035858000062;5210521502000780000;0
159954;5;1;13;0;2021;6;17;2;3;0;1;1;1;0;0;0;0;0;360968,202009954489768;5695599,385452512651682;7,001545641000064;51,394571722000080;5210628502229070000;0
159955;5;3;15;0;2021;2;12;5;3;1;5;1;1;0;0;0;0;0;356325,192245548591018;5644965,977156620472670;6,955081039000049;50,938400198000068;5210211601100270000;0
159956;5;5;54;4;2021;4;10;5;3;8;1;1;0;0;0;0;0;0;363528,919999862089753;5771368,885999482125044;7,008616104000055;52,076058987000067;5210415705000070000;0
159962;5;3;15;0;2021;1;18;5;3;5;3;1;1;0;0;0;2;0;357762,100527264177799;5648285,129436574876308;6,974221897000064;50,968585478000080;5210128601400450000;1
159964;5;3;62;40;2021;6;10;6;3;5;3;1;1;0;0;0;0;0;356945,437970387749374;5632345,908461589366198;6,968842082000037;50,825137677000043;5210618602900090000;0
159965;5;3;15;0;2021;4;12;5;2;0;1;1;0;0;0;0;0;0;359611,330662008374929;5648085,737460119649768;7,000618663000068;50,967247193000048;5210422601500610000;0
159966;5;3;15;0;2021;12;21;1;3;5;3;1;1;0;0;0;2;0;356177,226856355555356;5645495,239033451303840;6,952767541000071;50,943119708000040;5211219601100490000;1
159969;5;3;15;0;2021;10;16;5;3;0;5;1;1;0;0;0;0;0;356658,602493868209422;5642593,574305804446340;6,960756018000041;50,917162606000034;5211028601100960000;0
159970;5;3;15;0;2021;12;16;7;3;5;2;1;1;0;0;0;2;0;358136,819999827072024;5648158,584999397397041;6,979604521000056;50,967540637000070;5211211601400770000;0
159972;5;5;12;0;2021;6;5;5;3;5;3;1;0;0;0;0;1;0;358194,562877733260393;5711855,971591439098120;6,955182154000056;51,539968041000066;5210610701400780000;0
159973;5;5;62;14;2021;11;11;7;3;5;2;1;1;0;0;0;0;0;360846,213976648636162;5715319,988731000572443;6,992022433000045;51,571756055000037;5211120701300180000;0
159974;5;3;15;0;2021;11;12;6;3;0;1;1;0;0;0;0;0;0;357216,780257467180490;5647306,370399769395590;6,966844692000052;50,959654568000076;5211119601400090000;1
159977;5;3;16;0;2021;7;16;6;3;5;3;1;1;0;0;0;0;0;359176,539170492440462;5656906,679395442828536;6,991007807000074;51,046414573000050;5210702601700050000;0
159982;5;3;15;0;2021;1;11;6;3;0;7;1;0;0;0;1;0;0;356121,297870421782136;5646561,736412024125457;6,951550589000021;50,952690184000062;5210129601400380000;0
159983;5;1;58;8;2021;6;9;2;3;0;7;1;0;0;0;0;0;0;360403,259999840520322;5672028,337999427691102;7,002644443000065;51,182610372000056;5210614516700870000;0
159984;5;3;15;0;2021;9;16;3;3;2;6;1;1;0;0;0;0;0;356309,109759459272027;5646121,665530262514949;6,954396382000027;50,948782191000078;5210907601100070000;0
159986;5;1;13;0;2021;2;10;2;3;0;7;1;1;0;0;0;0;0;361624,931684952229261;5700492,139448881149292;7,009069533000059;51,438700651000033;5210222502211780000;0
159987;5;3;15;0;2021;3;7;5;3;6;7;1;0;1;0;0;0;0;356859,489951315335929;5641249,076346196234226;6,964139397000054;50,905129528000032;5210325601200580000;0
159988;5;1;13;0;2021;4;17;4;3;0;6;1;0;0;0;0;0;0;359685,300707098096609;5695816,685530293732882;6,983031427000071;51,396208635000050;5210428502211470000;0
159991;5;3;15;0;2021;9;9;5;3;4;6;1;1;0;0;0;0;0;356572,977999816648662;5643413,810999376699328;6,959216143000049;50,924512728000082;5210923601100780000;0
159993;5;3;15;0;2021;2;11;1;2;0;1;1;0;0;0;0;0;0;357687,874260353855789;5645135,868639862164855;6,974396665000029;50,940264920000061;5210228601520510000;0
159994;5;3;15;0;2021;7;17;3;3;0;5;1;1;0;0;0;0;0;357215,929545557126403;5641847,304356433451176;6,968971531000022;50,910594061000040;5210713601200920000;0
159996;5;5;62;14;2021;5;16;2;3;5;3;1;1;0;0;0;0;0;361366,814317557960749;5713193,636169992387295;7,000368284000047;51,552776584000071;5210531701300570000;0
160004;5;3;62;40;2021;9;9;5;3;6;4;1;0;1;0;0;0;0;357311,400045805610716;5632370,305892767384648;6,974025222000023;50,825447249000035;5210902602900580000;0
160005;5;1;58;12;2021;1;12;7;3;6;6;1;0;1;0;0;0;0;358280,493945699185133;5688044,434637822210789;6,965948747000027;51,326015980000079;5210130516200380000;0
160017;5;3;15;0;2021;2;14;3;3;0;3;1;1;0;0;0;0;0;356760,406885563395917;5642005,886380320414901;6,962434085000041;50,911906368000075;5210223601000520000;0
160019;5;5;62;14;2021;1;15;2;3;5;2;1;1;0;0;0;0;0;361171,291397353634238;5713205,904321696609259;6,997545091000063;51,552838750000035;5210125701300720000;0
160023;5;1;22;0;2021;5;23;5;3;0;7;1;0;0;0;0;2;0;365522,725090933963656;5670118,352506838738918;7,076563408000027;51,166672279000068;5210527503400090000;1
160025;5;3;15;0;2021;7;11;7;3;5;3;1;0;0;0;1;0;0;360588,059621496126056;5637782,684360967949033;7,018458491000047;50,874888511000051;5210710601200470000;0
160030;5;1;13;0;2021;11;17;2;3;5;3;1;1;0;0;0;2;0;361924,098852329887450;5701086,957079695537686;7,013139131000059;51,444118923000076;5211129502105570000;1
160031;5;3;15;0;2021;10;15;2;3;0;1;1;0;0;0;0;0;0;364982,087908054701984;5638668,844486022368073;7,080547981000052;50,883896252000056;5211018601620690000;0
160034;5;3;15;0;2021;3;8;5;3;5;3;1;1;0;0;0;0;0;364613,025889749638736;5642753,499509725719690;7,073789759000022;50,920521005000069;5210318601620440000;0
160035;5;3;15;0;2021;6;8;4;3;5;2;1;1;0;0;0;0;0;364276,437592764385045;5649082,319266239181161;7,066644876000055;50,977321952000068;5210609601500490000;0
160036;5;3;15;0;2021;11;15;5;3;2;6;1;1;0;0;0;0;0;360526,731588917784393;5637933,677496684715152;7,017529764000074;50,876230735000036;5211118601200890000;0
160037;5;3;82;68;2021;6;14;1;3;1;5;1;1;0;0;0;0;0;365291,139189857058227;5626411,822076970711350;7,089442529000053;50,773805353000057;5210613607400260000;0
160039;5;3;14;0;2021;10;15;6;3;5;3;1;1;0;0;0;0;0;362985,932999853976071;5623603,270999448373914;7,057813538000062;50,748022981000076;5211015600110870000;1
160041;5;1;13;0;2021;10;1;7;3;0;1;1;0;0;0;0;2;0;366527,375522672198713;5701742,778656721115112;7,079090496000049;51,451116172000070;5211030502134270000;0
160043;5;3;15;0;2021;7;11;1;3;1;5;1;1;0;0;0;0;0;361012,595529166981578;5644352,590373018756509;7,021987433000049;50,934036419000051;5210711601600560000;0
160048;5;1;13;0;2021;10;15;7;3;0;7;1;1;0;0;0;0;0;364869,294999865815043;5699326,793999478220940;7,056164636000062;51,429011322000065;5211016502214280000;0
160051;5;3;14;0;2021;1;17;6;3;3;5;1;1;0;0;0;0;0;362262,010946061462164;5624689,644604751840234;7,047151845000030;50,757615628000053;5210115600110870000;0
160052;5;3;15;0;2021;5;20;6;3;0;1;1;0;0;0;0;0;0;361013,667017234489322;5645290,032649103552103;7,021645071000023;50,942461687000048;5210514601600390000;1
160053;5;1;22;0;2021;6;14;3;3;0;5;1;1;0;0;0;0;0;362088,570702796801925;5671819,060333115980029;7,026822838000044;51,181138677000035;5210629503400770000;0
160054;5;3;14;0;2021;9;13;7;2;0;1;1;0;0;0;0;0;0;363624,576973345130682;5617385,984200321137905;7,069159285000069;50,692293527000061;5210925600310890000;0
160056;5;3;15;0;2021;5;16;6;3;0;1;1;0;0;0;0;0;0;360205,418348102830350;5636592,715191517025232;7,013478065000072;50,864101484000059;5210528601200970000;1
160058;5;3;15;0;2021;12;11;2;3;4;6;1;1;0;0;0;0;0;363151,014999853447080;5638732,352999452501535;7,054509090000067;50,884036223000066;5211220601600090000;0
160059;5;3;14;0;2021;9;7;5;3;1;5;1;1;0;0;0;0;0;364097,023719692602754;5620791,302313337102532;7,074590652000040;50,723010669000075;5210909600110470000;0
160063;5;3;14;0;2021;5;20;7;3;5;3;1;1;0;0;0;0;0;365039,372999863699079;5622531,566999468952417;7,087296389000073;50,738871643000039;5210529600110490000;0
160065;5;1;13;0;2021;10;11;4;3;0;7;1;0;0;0;0;0;0;361852,836850716732442;5700237,630969652906060;7,012445795000076;51,436469158000079;5211027502210880000;0
160071;5;3;16;0;2021;10;16;5;3;1;5;1;1;0;0;0;0;0;360982,506747997365892;5658089,420865656808019;7,016300950000073;51,057483799000067;5211014601700960000;0
160072;5;3;14;0;2021;7;11;7;3;1;5;1;1;0;0;0;0;0;363005,829999852925539;5623205,928999446332455;7,058243182000069;50,744456476000039;5210710600110780000;0
160073;5;3;15;0;2021;5;11;5;2;6;4;1;0;1;0;0;0;0;364094,128999859094620;5639878,004999462515116;7,067482385000062;50,894555453000066;5210527601600690000;1
160075;5;3;82;44;2021;6;12;2;3;0;1;1;0;0;0;0;0;0;362558,630999850109220;5629123,181999441236258;7,049697516000037;50,797532964000027;5210607607400270000;0
160076;5;3;82;4;2021;1;15;5;2;0;1;1;0;0;0;0;0;0;360420,114159987308085;5620511,722146948799491;7,022636379000062;50,719626308000045;5210114600370160000;1
160079;5;1;13;0;2021;12;10;6;3;0;7;1;1;0;0;0;0;0;365789,234465542249382;5696029,045303883031011;7,070638098000074;51,399593891000052;5211231502231970000;0
160081;5;3;16;0;2021;11;19;4;3;0;1;1;0;0;0;0;2;0;362695,750999852083623;5654678,319999450817704;7,042025709000029;51,027239865000070;5211110601700570000;0
160083;5;3;15;0;2021;9;10;5;3;5;3;1;0;0;0;0;0;0;365318,954999866895378;5637596,644999470561743;7,085729123000021;50,874338312000077;5210916601600390000;0
160085;5;3;15;0;2021;10;6;6;3;5;3;1;1;0;0;0;2;0;364054,980757926590741;5645196,431839140132070;7,064943881000033;50,942345591000048;5211029601600590000;0
160086;5;1;13;0;2021;4;12;6;3;3;2;1;1;0;0;0;0;0;366393,380066867917776;5701495,066401435062289;7,077256770000076;51,448858446000031;5210416502134670000;0
160089;5;3;82;44;2021;6;7;6;3;0;7;1;1;0;0;0;0;0;363765,487675416283309;5626953,194549744948745;7,067616917000066;50,778314720000026;5210604607400730000;0
160090;5;3;15;0;2021;10;13;6;3;0;2;1;0;0;0;0;0;0;365034,207462876103818;5645592,868951816111803;7,078726987000039;50,946138639000026;5211015601610760000;1
160093;5;3;16;0;2021;5;8;2;3;0;2;1;1;0;0;0;0;0;362009,530128795653582;5659301,934365108609200;7,030484171000069;51,068628489000048;5210503601700050000;0
160096;5;3;14;0;2021;5;16;7;2;1;3;1;1;0;0;0;0;1;361914,010158968158066;5623473,685287803411484;7,042676943000060;50,746604336000075;5210529600110100000;0
160100;5;5;13;0;2021;6;19;4;3;5;3;1;1;0;0;0;0;0;366699,338105141185224;5713159,054600814357400;7,077249660000064;51,553750960000059;5210623700000280000;0
160101;5;3;14;0;2021;11;9;2;3;0;1;1;0;0;0;0;0;0;362252,272880041040480;5622301,443687630817294;7,047906974000057;50,736148966000030;5211129600110860000;1
160102;5;1;13;0;2021;7;7;5;3;0;7;1;0;0;0;0;0;0;362533,010689366608858;5702823,125561771914363;7,021220888000073;51,459869009000045;5210701502102680000;1
160107;5;3;15;0;2021;7;13;5;3;0;7;1;1;0;0;0;0;0;360496,035009562037885;5648941,842214239761233;7,012881871000047;50,975156051000056;5210701601510750000;0
160108;5;3;14;0;2021;5;20;6;3;5;3;1;1;0;0;0;0;0;364736,057171456515789;5621994,344660289585590;7,083197433000066;50,733972588000029;5210528600110060000;0
160109;5;1;13;0;2021;9;16;5;3;3;1;1;0;0;0;0;0;0;364807,254682462662458;5699760,825664918869734;7,055107084000042;51,432897015000037;5210916502200010000;0
160110;5;3;15;0;2021;5;6;4;3;5;2;1;1;0;0;0;0;0;364756,913593281060457;5649819,404461400583386;7,073210748000065;50,984059508000030;5210512601510050000;0
160111;5;3;82;44;2021;7;10;5;3;0;2;1;0;0;0;0;0;0;362239,745999849401414;5627933,857999440282583;7,045621279000045;50,786768099000028;5210701607000030000;0
160115;5;3;15;0;2021;6;8;2;3;3;6;1;1;0;0;0;0;0;362362,153451330959797;5648506,955913610756397;7,039611037000043;50,971696640000062;5210621601500360000;0
160116;5;3;16;0;2021;9;12;6;3;5;3;1;1;0;0;0;0;0;364070,693444844335318;5656524,310805501416326;7,060927929000059;51,044157103000032;5210924601700090000;0
160119;5;5;13;0;2021;10;13;7;3;0;1;1;0;0;0;0;0;0;363641,592495688237250;5710640,336839709430933;7,034147746000031;51,530386089000046;5211002700000370000;1
160120;5;3;15;0;2021;2;15;4;3;5;3;1;1;0;0;0;0;0;362847,460862926207483;5636843,016902578994632;7,050904998000021;50,866983866000055;5210203601620740000;1
160125;5;3;14;0;2021;4;17;3;3;6;6;1;0;1;0;0;0;0;362723,102047592401505;5617743,044591223821044;7,056271090000052;50,695290665000073;5210413600310310000;0
160129;5;3;15;0;2021;2;15;1;3;1;5;1;1;0;0;0;0;0;361110,338528322055936;5644568,310024090111256;7,023295369000039;50,935998691000066;5210228601600790000;0
160133;5;3;16;0;2021;12;11;1;2;0;1;1;0;0;0;0;0;0;362824,096338157542050;5655729,062718879431486;7,043457060000037;51,036713746000032;5211205601700570000;0
160135;5;5;54;20;2021;12;15;5;3;8;7;1;0;0;0;0;0;0;364340,748999866656959;5786092,861999489367008;7,014577882000026;52,208558597000035;5211209705000690000;0
160141;5;3;82;4;2021;9;13;2;3;0;1;1;0;0;0;0;0;0;360813,361999840475619;5617538,432999426499009;7,029324756000051;50,692997813000034;5210920600370080000;0
160146;5;3;15;0;2021;7;11;6;3;5;3;1;1;0;0;0;0;0;364965,179554430767894;5636331,217666486278176;7,081170930000042;50,862882538000065;5210702601620380000;0
160147;5;3;82;44;2021;9;16;5;3;0;7;1;0;0;0;0;0;0;361632,615246933884919;5631240,694907046854496;7,035767338000028;50,816343781000057;5210902607400030000;0
160150;5;3;82;32;2021;6;17;2;3;5;3;1;1;0;0;0;0;0;361815,615999844856560;5610795,313999434933066;7,046023986000023;50,632631099000037;5210621600350890000;0
160151;5;3;15;0;2021;4;12;3;3;5;2;1;1;0;0;0;0;0;360763,810731796547771;5641702,727691499516368;7,019460802000026;50,910161457000072;5210427601620880000;0
160152;5;3;16;0;2021;5;10;6;3;3;6;1;1;0;0;0;0;0;361502,170409917831421;5655082,572607222944498;7,024861426000029;51,030586588000062;5210514601700590000;0
160153;5;3;14;0;2021;6;13;4;3;5;2;1;0;0;0;0;0;0;365047,145999863743782;5621514,761999465525150;7,087778758000070;50,729734510000071;5210623600110930000;0
160154;5;5;54;20;2021;10;7;5;3;0;3;1;0;0;0;0;1;0;365934,097999873571098;5785982,463999509811401;7,037925929000039;52,207956531000036;5211007705000660000;1
160155;5;3;14;0;2021;12;8;5;3;0;2;1;1;0;0;0;0;0;362858,871999852359295;5619067,588999442756176;7,057700425000064;50,707227423000063;5211230600310560000;1
160156;5;3;15;0;2021;12;20;3;3;5;3;1;1;0;0;0;2;0;364410,709092967212200;5649743,020942360162735;7,068309916000032;50,983291585000075;5211228601500370000;1
160157;5;3;15;0;2021;5;11;5;3;0;7;1;0;1;0;0;0;0;362859,087401328608394;5645450,241622479632497;7,047836362000055;50,944343456000070;5210513601600290000;0
160160;5;3;14;0;2021;3;9;5;3;5;3;1;1;0;0;0;0;0;361947,428684308193624;5619960,416482917964458;7,044465898000055;50,715036181000073;5210318600310280000;0
160163;5;5;54;16;2021;5;9;3;3;4;6;1;1;0;0;0;0;0;363501,515339407138526;5757684,120135447010398;7,013671423000062;51,953087581000034;5210518705000190000;0
160165;5;3;14;0;2021;10;15;7;3;3;6;1;1;0;0;0;0;0;362657,165976757183671;5619802,546782832592726;7,054571985000052;50,713785433000055;5211030600310620000;0
160166;5;1;13;0;2021;2;9;4;3;1;3;1;1;0;0;0;0;0;366230,229853521101177;5701637,832129245623946;7,074856311000076;51,450102925000067;5210224502134770000;0
160167;5;1;13;0;2021;6;11;2;3;7;1;1;0;0;0;0;0;0;364183,270894083194435;5700898,967304749414325;7,045699415000058;51,442975798000077;5210607502200770000;0
160170;5;3;14;0;2021;10;7;5;3;0;3;1;0;0;0;1;0;0;365055,735102807171643;5621520,715528707951307;7,087898210000048;50,729790015000049;5211028600110040000;0
160171;5;3;82;32;2021;6;13;6;3;9;7;1;0;0;0;0;0;0;361218,061254076659679;5610222,894775327295065;7,037793866000072;50,627344352000080;5210618600350230000;0
160172;5;3;14;0;2021;12;16;2;3;3;2;1;1;0;0;0;1;0;362871,035042449831963;5618909,318223042413592;7,057931369000073;50,705807789000062;5211213600310690000;0
160176;5;5;54;4;2021;10;16;6;3;0;3;1;1;0;0;0;0;0;364574,943999866023660;5771174,544999489560723;7,023946940000030;52,074569543000052;5211008705000290000;0
160177;5;1;13;0;2021;11;17;4;3;0;1;1;0;0;0;0;2;0;361703,577962614595890;5696733,632980857044458;7,011667073000069;51,404944320000027;5211124502226990000;0
160188;5;3;82;44;2021;12;8;6;3;0;3;1;1;0;0;0;0;0;361994,766523158177733;5628350,928207011893392;7,041991332000066;50,790458283000078;5211210607400540000;0
160199;5;5;54;20;2021;7;12;3;3;0;5;1;1;0;0;0;0;0;367553,689523480832577;5785586,068770319223404;7,061769146000074;52,204786318000060;5210713705000120000;1
160203;5;1;58;32;2021;11;15;4;3;5;3;1;1;0;0;0;0;0;364232,600650824606419;5688915,100659320130944;7,050991250000038;51,335292458000026;5211110516100480000;0
160205;5;3;15;0;2021;6;15;3;3;5;3;1;1;0;0;0;0;0;363999,567999859340489;5637308,627999460324645;7,067094650000058;50,871440771000039;5210615601620390000;0
160210;5;3;15;0;2021;10;16;3;2;0;7;1;0;1;0;0;0;0;364237,864999862387776;5649432,913999464362860;7,065964810000025;50,980463797000027;5211026601500220000;0
160213;5;5;54;4;2021;4;17;2;3;0;1;1;0;0;0;0;0;0;364497,695196923799813;5772550,116965675726533;7,022274068000058;52,086910814000078;5210412705000120000;0
160214;5;3;15;0;2021;6;11;6;3;0;7;1;0;0;0;0;0;0;361506,454397579655051;5636284,052626620978117;7,032071285000029;50,861640527000077;5210604601000490000;0
160215;5;3;14;0;2021;9;18;3;3;1;7;1;1;0;0;0;0;0;363838,407387207262218;5619667,863848023116589;7,071343521000074;50,712852842000075;5210928600310490000;0
160217;5;3;15;0;2021;9;18;3;3;3;6;1;1;0;0;0;1;0;360569,882913259789348;5646242,540210900828242;7,014967536000029;50,950914896000029;5210928601500290000;0
160218;5;3;15;0;2021;5;19;2;3;5;3;1;1;0;0;0;0;0;363520,027999856509268;5648181,578999457880855;7,056214666000074;50,969047895000074;5210524601500380000;0
160220;5;1;13;0;2021;5;17;2;3;0;3;1;1;0;0;0;0;0;366300,496999872848392;5699274,696999493986368;7,076759397000046;51,428882620000081;5210517502210770000;1
160222;5;3;78;16;2021;5;2;1;2;1;5;1;0;0;0;1;2;0;361410,849735749885440;5663538,792412946000695;7,020319342000050;51,106560877000049;5210516606700580000;0
160224;5;5;13;0;2021;11;8;5;3;5;3;1;1;0;0;0;0;0;366819,190393447875977;5709119,941991319879889;7,080505303000052;51,517481302000078;5211118700000270000;0
160225;5;5;54;20;2021;5;7;3;2;0;1;1;0;0;0;0;0;0;366783,436479896306992;5786735,098088281229138;7,050052118000053;52,214925217000030;5210525705000790000;0
160226;5;1;13;0;2021;2;13;2;3;0;3;1;1;0;0;0;0;0;362415,848999854177237;5695139,016999453306198;7,022519279000051;51,390787498000066;5210222502242150000;0
160228;5;3;14;0;2021;9;16;7;3;1;5;1;1;0;0;0;0;0;363751,297793605364859;5615630,767463179305196;7,071599302000038;50,676547529000061;5210925600310890000;0
160230;5;5;13;0;2021;4;16;6;3;4;6;1;1;0;0;0;0;0;362598,889930308796465;5715415,956867314875126;7,017259464000063;51,573048304000054;5210416700200560000;0
160233;5;3;15;0;2021;7;14;6;3;5;3;1;1;0;0;0;0;0;363826,673951301723719;5644153,965658795088530;7,062085728000056;50,932922604000055;5210709601600070000;0
160238;5;1;22;0;2021;9;12;2;3;5;3;1;1;0;0;0;0;0;365095,650999865494668;5670561,474999478086829;7,070292400000028;51,170554113000037;5210906503400880000;0
160247;5;5;62;20;2021;5;10;2;3;5;3;1;1;0;0;0;0;0;367788,285905502736568;5718340,192548220977187;7,090997064000021;51,600568116000034;5210517701200060000;1
160250;5;3;15;0;2021;9;8;4;3;5;3;1;1;0;0;0;0;0;363702,613090479746461;5643648,344201242551208;7,060510335000060;50,928349052000044;5210922601610960000;0
160251;5;5;54;16;2021;12;9;6;2;0;1;1;0;0;0;0;0;0;363490,171938204206526;5757226,446381093934178;7,013688237000054;51,948972312000080;5211210705100240000;2
160252;5;3;15;0;2021;3;15;3;3;3;3;1;1;0;0;0;0;0;365182,726639118976891;5645577,407496202737093;7,080845651000061;50,946034431000044;5210302601600290000;0
160253;5;3;82;44;2021;6;9;3;2;6;6;1;0;1;0;0;0;0;361633,069623111747205;5631178,066114192828536;7,035797403000061;50,815781014000038;5210629607400080000;0
160256;5;3;14;0;2021;10;17;6;3;1;5;1;1;0;0;0;0;0;363423,394194200634956;5619083,228899015113711;7,065684972000042;50,707500883000080;5211001600310890000;0
160259;5;3;16;0;2021;7;16;2;3;0;1;1;1;0;0;0;0;0;362831,889000285416842;5655362,188011679798365;7,043707023000024;51,033418431000030;5210705601700780000;0
160262;5;5;13;0;2021;2;6;5;3;5;3;1;1;0;0;0;1;0;366604,314710563048720;5705369,314092060551047;7,078828449000071;51,483724970000026;5210225700000970000;0
160264;5;3;15;0;2021;11;18;3;3;0;1;1;0;0;0;0;1;0;361178,722681574523449;5647027,420010503381491;7,023330585000053;50,958115739000050;5211102601600980000;1
160265;5;3;15;0;2021;9;12;4;2;0;1;1;0;0;0;0;0;0;361616,463128723204136;5643046,403076343238354;7,031071815000075;50,922442540000077;5210915601600190000;1
160269;5;5;54;4;2021;10;12;2;3;5;3;1;1;0;0;0;0;0;363924,291413647122681;5771926,008677046746016;7,014159387000063;52,081162274000064;5211018705000020000;0
160270;5;1;13;0;2021;9;16;5;3;0;7;1;0;0;0;0;0;0;364818,234045168384910;5699724,395421398803592;7,055278842000064;51,432572249000032;5210916502213110000;0
160271;5;3;14;0;2021;9;6;3;3;0;3;1;0;0;1;0;2;0;363448,664999855682254;5621584,925999455153942;7,065116713000066;50,729991587000029;5210907600110520000;0
160272;5;3;15;0;2021;7;11;2;3;5;3;1;1;0;0;0;0;0;364891,773718900047243;5648494,101523183286190;7,075623496000048;50,972180072000072;5210705601500580000;1
160277;5;3;82;44;2021;11;13;3;3;0;1;1;0;0;0;0;0;0;362153,650884712114930;5628270,802692811936140;7,044274230000042;50,789775954000049;5211130607400190000;1
160280;5;1;22;0;2021;9;15;4;3;8;1;1;1;0;0;0;0;0;365874,683416568674147;5668599,945500452071428;7,082160557000066;51,153108677000034;5210922503400290000;0
160281;5;1;58;32;2021;1;5;3;3;0;3;1;1;0;0;0;2;0;364509,602115453220904;5689833,069481709972024;7,054615979000062;51,343608126000049;5210112516110190000;1
160282;5;1;13;0;2021;3;10;1;2;0;7;1;0;0;0;0;0;0;366014,753700222820044;5695480,656293738633394;7,074085145000026;51,394718939000029;5210307502212470000;0
160285;5;1;13;0;2021;10;14;1;3;5;1;1;1;0;0;0;0;0;362690,729076846502721;5699587,275283513590693;7,024745169000028;51,430828449000046;5211031502213080000;1
160286;5;3;14;0;2021;5;16;4;3;0;1;1;0;0;0;0;0;0;364914,732999863103032;5617811,082999460399151;7,087259326000037;50,696415344000059;5210505600110280000;1
160292;5;3;14;0;2021;9;15;4;3;5;2;1;0;0;0;0;0;0;363651,833471516147256;5617519,017991226166487;7,069495863000043;50,693495606000056;5210901600310880000;0
160293;5;3;16;0;2021;6;12;6;3;0;5;1;1;0;0;0;0;0;362588,936469854786992;5655576,605816911906004;7,040162888000054;51,035287404000030;5210618601700090000;0
160297;5;5;13;0;2021;11;13;6;3;5;3;1;1;0;0;0;0;0;366513,533087603747845;5713726,782109605148435;7,074355696000055;51,558808944000077;5211112700000670000;0
160305;5;1;13;0;2021;9;13;1;3;0;1;1;0;0;0;0;0;0;366631,365999875590205;5701920,925999496132135;7,080519042000049;51,452741642000035;5210905502100060000;0
160308;5;1;13;0;2021;4;17;3;3;4;1;1;0;0;0;0;0;0;361889,676096194423735;5702155,301539801061153;7,012227122000070;51,453711092000049;5210420502101960000;0
160309;5;3;14;0;2021;6;17;4;3;5;3;1;1;0;0;0;0;0;364010,975328569300473;5622377,986475991085172;7,072787057000028;50,737251380000032;5210602600110280000;0
160311;5;5;13;0;2021;12;10;4;3;5;3;1;1;0;0;0;0;0;367374,184473088942468;5709018,051536072045565;7,088537807000023;51,516696219000039;5211201700000060000;1
160313;5;3;15;0;2021;3;12;3;2;5;3;1;1;0;0;0;0;0;364034,026151400059462;5640104,552618172019720;7,066543934000038;50,896577411000067;5210323601620480000;0
160315;5;5;13;0;2021;9;19;1;2;5;3;1;1;0;0;0;2;0;364639,177083972841501;5709369,515350051224232;7,049009010000020;51,519205923000072;5210919700100680000;0
160317;5;3;15;0;2021;3;15;3;3;3;2;1;1;0;0;0;0;0;361838,433896082453430;5648434,413033599033952;7,032183907000046;50,970919288000061;5210302601500020000;0
160328;5;3;82;32;2021;5;15;1;3;3;2;1;1;0;0;0;0;0;360428,922069896012545;5609218,814793853089213;7,027021226000045;50,618131557000027;5210530600350130000;0
160329;5;1;22;0;2021;3;17;3;2;0;5;1;1;0;0;0;0;0;366464,991788368672132;5668558,598230479285121;7,090611603000070;51,152875130000041;5210323503400780000;0
160331;5;5;13;0;2021;3;15;3;3;5;3;1;1;0;0;0;0;0;364310,056999864056706;5718368,985999476164579;7,040795039000045;51,599999655000033;5210316700200610000;1
160332;5;3;15;0;2021;12;12;2;3;0;1;1;0;0;0;0;0;0;363495,542204570025206;5638894,977205557748675;7,059343255000044;50,885579314000040;5211206601600390000;0
160333;5;3;16;0;2021;4;17;6;3;8;1;1;0;0;0;0;0;0;360811,700999842956662;5659915,140999432653189;7,013162663000060;51,073850147000030;5210423601700180000;0
160338;5;5;54;4;2021;10;12;6;3;0;2;1;0;0;0;0;0;0;364220,732324350625277;5771288,407405573874712;7,018736497000020;52,075505914000075;5211008705000580000;0
160339;5;5;54;20;2021;7;7;5;2;0;5;1;1;0;0;0;0;0;365055,582866448909044;5783574,393826151266694;7,026036090000048;52,186104865000061;5210701705000020000;1