OID_;ULAND;UREGBEZ;UKREIS;UGEMEINDE;UJAHR;UMONAT;USTUNDE;UWOCHENTAG;UKATEGORIE;UART;UTYP1;IstRad;IstPKW;IstFuss;IstKrad;IstSonstige;ULICHTVERH;IstGkfz;LINREFX;LINREFY;XGCSWGS84;YGCSWGS84;UIDENTSTLAE;IstStrassenzustand
160345;5;3;15;0;2021;10;12;6;3;5;3;1;1;0;0;0;0;0;363040,834786132909358;5644835,925951717421412;7,050652852000042;50,938865573000044;5211022601610390000;0
160346;5;1;13;0;2021;3;14;6;3;5;1;1;1;0;0;0;0;0;361902,007949923165143;5702798,099220708012581;7,012153508000040;51,459490523000056;5210319502101850000;0
160347;5;3;14;0;2021;5;10;7;2;0;1;1;0;0;0;0;0;0;363863,877736072055995;5621127,918598234653473;7,071165291000057;50,725981540000078;5210515600110390000;0
160348;5;3;15;0;2021;3;8;5;3;5;2;1;1;0;0;0;0;0;361934,968103120103478;5648108,526346659287810;7,033681675000025;50,968013612000050;5210318601500410000;0
160350;5;1;58;36;2021;6;18;4;3;0;4;1;0;1;0;0;0;0;364345,466999861411750;5680757,275999475270510;7,055711168000073;51,262006266000071;5210602516100090000;0
160351;5;3;14;0;2021;5;17;4;3;5;2;1;1;0;0;0;0;0;363385,306380409747362;5620781,202664656564593;7,064517238000064;50,722752995000064;5210512600110790000;0
160352;5;3;14;0;2021;12;23;7;3;0;7;1;0;0;0;0;2;0;364328,643999860621989;5621041,618999460712075;7,077778087000070;50,725314608000076;5211211600110270000;0
160359;5;5;54;20;2021;9;8;6;2;5;2;1;1;0;0;0;0;0;365646,748999872244895;5786693,198999507352710;7,033441143000061;52,214272750000077;5210910705000820000;0
160363;5;1;58;8;2021;9;16;4;2;0;1;1;0;0;0;0;0;0;362697,122999854385853;5674732,264999452978373;7,034410213000058;51,207465853000031;5210922516700080000;0
160364;5;1;58;8;2021;9;16;4;2;4;6;1;1;0;0;0;0;0;361384,187958485446870;5673146,813894620165229;7,016238912000063;51,192900603000055;5210908516710280000;0
160366;5;5;13;0;2021;11;18;5;3;5;2;1;1;0;0;0;2;0;363914,146829551085830;5713159,884113948792219;7,037100401000032;51,553093465000075;5211125700000480000;1
160367;5;1;13;0;2021;2;15;1;3;2;3;1;1;0;0;0;0;0;364964,890999865718186;5696082,491999482735991;7,058774603000074;51,399878571000045;5210221502231060000;0
160369;5;1;22;0;2021;4;16;2;3;8;7;1;0;0;0;0;0;0;365581,919131385162473;5669471,398593904450536;7,077651331000027;51,160871901000064;5210426503400930000;0
160371;5;3;82;12;2021;3;15;2;3;0;1;1;0;0;0;0;0;0;360574,312466274015605;5624468,164998544380069;7,023322654000026;50,755222068000080;5210301600360750000;0
160381;5;3;14;0;2021;9;5;4;3;0;1;1;0;0;0;0;2;0;362080,495468997396529;5617789,489810520783067;7,047160589000043;50,695556078000038;5210929600310490000;0
160386;5;5;54;20;2021;9;7;6;2;0;1;1;0;0;0;0;0;0;366072,680299023166299;5785803,341261595487595;7,040023663000056;52,206380739000053;5210910705000090000;1
160387;5;1;13;0;2021;9;12;7;3;8;1;1;1;0;0;0;0;0;365308,923254424706101;5704233,527830440551043;7,060616681000056;51,473211097000046;5210918502337590000;0
160391;5;3;15;0;2021;2;13;6;3;5;3;1;0;0;0;1;0;0;364647,557488634251058;5645296,387717146426439;7,073336430000040;50,943383363000066;5210219601610120000;0
160392;5;1;13;0;2021;3;16;6;3;0;7;1;0;1;0;0;0;0;364039,002085952088237;5696777,860833231359720;7,045206099000040;51,405906442000060;5210326502231360000;0
160394;5;5;54;20;2021;1;18;5;3;1;5;1;0;0;0;0;2;1;364921,581526788882911;5783770,676781106740236;7,023998974000051;52,187835730000074;5210128705000590000;1
160398;5;5;13;0;2021;9;13;1;3;5;6;1;1;0;0;0;0;0;366855,806860782206059;5713376,281732503324747;7,079422984000075;51,555740039000057;5210905700200590000;0
160400;5;3;16;0;2021;1;12;2;2;0;1;1;0;0;0;0;0;0;363247,555077049881220;5656885,500464385375381;7,049056478000068;51,047207837000030;5210118601700570000;1
160401;5;3;82;32;2021;9;13;3;3;0;1;1;0;0;0;0;0;0;360194,273347114212811;5611923,929055217653513;7,022686376000024;50,642388153000070;5210907600350180000;0
160404;5;3;15;0;2021;6;16;2;3;1;3;1;1;0;0;0;0;0;362072,540084124542773;5649650,145516136661172;7,035054919000061;50,981901482000069;5210628601500680000;0
160407;5;3;14;0;2021;6;15;1;3;0;1;1;0;0;0;0;0;0;363256,665333054959774;5619490,134270716458559;7,063174315000026;50,711118879000026;5210627600310020000;0
160408;5;1;13;0;2021;9;16;1;3;0;7;1;0;0;0;0;0;0;366590,808206876739860;5705221,635315122082829;7,078689836000024;51,482394640000052;5210926502135790000;0
160411;5;3;15;0;2021;1;21;1;3;0;1;1;0;0;0;0;2;0;360815,268999841064215;5637503,898999426513910;7,021791996000047;50,872437738000031;5210124601200090000;2
160412;5;3;82;4;2021;2;10;5;2;5;3;1;1;0;0;0;0;0;360855,727611023932695;5623578,412413235753775;7,027646025000024;50,747292907000030;5210225600370350000;0
160417;5;3;15;0;2021;2;17;4;3;0;7;1;0;0;0;0;2;0;365008,437334600836039;5635867,130443679168820;7,081956439000066;50,858721576000050;5210217601620330000;0
160418;5;3;15;0;2021;5;21;1;3;0;6;1;0;0;0;0;1;0;363104,087061047554016;5639021,383141811937094;7,053734088000056;50,886622759000034;5210530601620090000;0
160419;5;3;78;4;2021;11;12;5;2;4;2;1;1;0;0;0;0;0;365120,165046710520983;5653228,924571406096220;7,077116208000064;51,014787570000067;5211104606100080000;0
160420;5;3;16;0;2021;9;16;5;3;1;5;1;1;0;0;0;0;0;362977,439140005037189;5656676,405667617917061;7,045284459000072;51,045264292000070;5210930601700290000;0
160421;5;1;58;32;2021;5;12;7;3;5;3;1;1;0;0;0;0;0;362063,315999850630760;5689241,931999450549483;7,019743312000060;51,337707432000059;5210515516100890000;0
160423;5;3;14;0;2021;11;12;7;3;5;3;1;1;0;0;0;0;0;365188,351999863982201;5621613,993999468162656;7,089742112000067;50,730659185000036;5211106600110060000;0
160424;5;3;82;44;2021;7;2;7;3;8;1;1;0;0;0;0;2;0;361816,943646140396595;5630519,315788833424449;7,038654031000021;50,809904386000028;5210703607400280000;0
160426;5;5;54;4;2021;11;11;5;3;5;3;1;0;0;0;0;0;0;363829,292136116884649;5770645,884665753692389;7,013284759000044;52,069636449000029;5211125705000060000;1
160428;5;3;16;0;2021;11;7;3;3;5;3;1;1;0;0;0;0;0;362307,413041210733354;5655076,395049721002579;7,036340221000046;51,030724542000030;5211123601700270000;0
160429;5;1;24;0;2021;7;12;4;3;0;7;1;0;0;0;0;0;0;363936,105002146214247;5676500,896284898743033;7,051465038000060;51,223656979000054;5210707503100080000;0
160433;5;3;14;0;2021;2;9;3;2;1;5;1;1;0;0;0;0;0;364365,404118916019797;5624699,509520059451461;7,076952037000069;50,758199703000059;5210223600110270000;0
160434;5;3;14;0;2021;4;13;1;3;5;3;1;1;0;0;0;0;0;362237,167657556012273;5622301,260986067354679;7,047693111000058;50,736143741000035;5210418600110530000;1
160435;5;3;16;0;2021;6;21;3;3;3;2;1;1;0;0;0;1;0;361348,273974290117621;5659001,843698672950268;7,021167224000067;51,065772214000049;5210622601700060000;1
160438;5;1;58;8;2021;4;8;5;3;0;5;1;0;0;0;0;0;1;363089,575397489592433;5674654,629256814718246;7,040054548000057;51,206862356000045;5210408516700460000;0
160439;5;3;14;0;2021;11;7;3;3;5;3;1;1;0;0;0;2;0;363079,456026359461248;5622233,637268269434571;7,059647402000053;50,735735138000052;5211130600110570000;1
160442;5;5;54;20;2021;6;11;3;3;0;1;1;0;0;0;0;0;0;365731,369085480459034;5785688,069021554663777;7,035077585000067;52,205261937000046;5210622705000790000;0
160445;5;5;13;0;2021;4;9;3;2;5;3;1;1;0;0;0;0;0;364565,190140862949193;5716215,616954240947962;7,045307536000053;51,580710136000050;5210427700000080000;0
160446;5;5;54;20;2021;12;12;5;3;0;3;1;1;0;0;0;0;0;364658,921084268949926;5786503,175508078187704;7,019067393000057;52,212323595000043;5211230705000650000;1
160447;5;3;16;0;2021;9;16;5;3;0;1;1;0;0;0;0;0;0;361559,905444664880633;5656429,065945945680141;7,025169765000044;51,042701565000073;5210916601700080000;0
160449;5;3;15;0;2021;7;21;6;3;0;3;1;1;0;0;0;0;0;362360,737999849952757;5650870,267999446019530;7,038695855000071;50,992935993000060;5210702601500890000;0
160452;5;3;15;0;2021;7;16;6;3;4;6;1;0;0;0;1;0;0;365188,441515929065645;5648489,332882337272167;7,079848228000060;50,972206731000028;5210709601500980000;0
160454;5;3;82;12;2021;6;7;3;3;5;3;1;1;0;0;0;0;0;362467,625999851152301;5625932,975999442860484;7,049600579000071;50,768839023000055;5210615600360070000;0
160457;5;3;15;0;2021;5;19;1;3;0;1;1;0;0;0;0;0;0;364538,624981608241796;5644182,134968793019652;7,072201051000036;50,933343432000072;5210523601600390000;0
160459;5;5;54;4;2021;3;0;7;3;0;1;1;0;0;0;0;2;0;364078,790264014154673;5771245,052144080400467;7,016683919000059;52,075081526000076;5210320705000660000;0
160461;5;3;15;0;2021;6;23;7;3;8;1;1;1;0;0;0;2;0;364141,557552512735128;5650029,351966442540288;7,064370702000076;50,985801501000026;5210619601510660000;1
160462;5;3;14;0;2021;4;12;1;3;0;1;1;0;0;0;0;0;0;364416,922999860718846;5620803,906999459490180;7,079115481000031;50,723198692000040;5210411600110100000;1
160463;5;5;13;0;2021;12;6;2;3;5;3;1;1;0;0;0;2;0;364498,114999863319099;5708559,344999477267265;7,047288566000020;51,511891525000067;5211213700000090000;1
160465;5;1;13;0;2021;6;8;3;3;5;3;1;1;0;0;0;0;0;362900,230717603117228;5701172,032527225092053;7,027143367000065;51,445120581000026;5210622502100060000;0
160466;5;3;14;0;2021;9;14;7;3;0;1;1;0;0;0;0;0;0;363612,528785331174731;5617461,345012530684471;7,068960989000061;50,692968034000046;5210904600310270000;0
160471;5;3;14;0;2021;11;7;4;3;3;6;1;0;0;0;0;1;0;364097,051465675234795;5620791,336670288816094;7,074591032000058;50,723010984000041;5211117600110270000;1
160473;5;3;15;0;2021;5;23;7;2;0;1;1;0;0;0;0;2;0;360849,940108238719404;5647831,829227063804865;7,018344430000070;50,965265806000048;5210529601500580000;1
160474;5;1;22;0;2021;5;22;6;2;8;1;1;0;0;0;0;2;0;361845,993420463986695;5669669,607655674219131;7,024180331000025;51,161763233000045;5210514503400090000;0
160475;5;3;14;0;2021;6;11;4;3;0;7;1;1;0;0;0;0;0;365299,087759054265916;5624527,894894581288099;7,090244868000070;50,756874723000067;5210623600110490000;0
160476;5;3;15;0;2021;9;20;4;3;0;1;1;0;0;0;1;2;0;362181,067749221809208;5648249,145686348900199;7,037131134000049;50,969336328000054;5210915601500240000;0
160478;5;3;15;0;2021;6;17;2;2;0;3;1;1;0;0;0;0;0;360078,832471976056695;5637171,354727659374475;7,011459089000027;50,869271261000051;5210614601000090000;0
160482;5;1;58;8;2021;6;8;2;3;0;4;1;0;1;0;0;0;0;361191,893851260654628;5675739,256849445402622;7,012485906000052;51,216151620000062;5210628516700280000;0
160486;5;5;13;0;2021;5;18;1;3;3;6;1;0;0;0;0;0;0;365336,764814434573054;5710829,611766207963228;7,058499141000027;51,532493849000048;5210530700100160000;0
160491;5;5;54;20;2021;5;19;3;3;5;3;1;1;0;0;0;0;0;365589,899454672820866;5786220,826938470825553;7,032797118000076;52,210014467000065;5210518705000590000;1
160494;5;5;13;0;2021;6;13;3;3;4;6;1;0;0;0;0;0;1;364357,873762379400432;5714976,731178335845470;7,042795670000032;51,569527208000068;5210608700000890000;0
160495;5;5;62;14;2021;6;17;4;3;3;6;1;1;0;0;0;0;0;362323,450895469635725;5712818,774489387869835;7,014304489000040;51,549642241000072;5210602701300050000;0
160496;5;3;15;0;2021;6;11;1;3;5;7;1;1;0;0;0;0;0;364761,313269875012338;5647973,875498868525028;7,073959888000047;50,967473942000026;5210620601500890000;0
160497;5;5;54;20;2021;9;9;1;3;4;1;1;1;0;0;0;0;0;367895,184592826291919;5785131,064111227169633;7,066941001000032;52,200779814000043;5210912705000020000;0
160499;5;3;14;0;2021;11;18;4;3;5;2;1;1;0;0;0;2;0;365057,625651276670396;5621984,216448722407222;7,087755322000021;50,733956355000032;5211124600110080000;0
160502;5;3;15;0;2021;6;18;2;3;5;5;1;1;0;0;0;0;0;365127,095572091639042;5648106,560414819046855;7,079116944000020;50,968752206000033;5210621601500870000;0
160503;5;1;22;0;2021;6;6;5;3;5;3;1;1;0;0;0;0;0;363603,670999857597053;5671221,046999463811517;7,048713657000064;51,176127816000076;5210617503400390000;0
160504;5;1;58;32;2021;9;18;3;3;5;2;1;1;0;0;0;0;0;362234,952704568393528;5689708,558406330645084;7,022025255000074;51,341942439000036;5210907516100280000;0
160508;5;1;58;32;2021;6;17;1;2;0;1;1;0;0;0;0;0;0;361648,983886211179197;5687675,120200861245394;7,014407349000066;51,323526470000047;5210627516100390000;1
160511;5;3;15;0;2021;6;19;3;3;0;1;1;0;0;0;0;0;0;364876,593372127041221;5648715,620813291519880;7,075325091000025;50,974167407000039;5210601601500190000;0
160512;5;5;54;20;2021;11;11;2;3;0;3;1;1;0;0;0;0;0;366567,509745812043548;5786727,616913516074419;7,046896443000037;52,214805749000050;5211108705000090000;0
160514;5;3;82;44;2021;10;7;2;2;5;3;1;1;0;0;0;1;0;361248,656776011921465;5633129,390167491510510;7,029605569000068;50,833226475000060;5211025607000070000;0
160516;5;5;54;20;2021;4;16;4;3;5;3;1;1;0;0;0;0;0;366120,628999874927104;5784932,193999510258436;7,041069272000072;52,198564792000070;5210428705000370000;0
160522;5;3;15;0;2021;7;22;7;3;0;7;1;0;0;0;0;2;0;360898,800098129548132;5644792,220735199749470;7,020201155000052;50,937960041000053;5210710601610880000;1
160524;5;3;15;0;2021;12;7;3;3;5;3;1;1;0;0;0;2;0;365859,705632514320314;5648295,609759613871574;7,089474954000025;50,970622369000068;5211221601500980000;0
160525;5;5;54;44;2021;4;18;1;3;0;1;1;0;0;0;0;0;0;364687,404999866150320;5739172,614999486133456;7,038171197000054;51,787035504000073;5210425705000010000;0
160526;5;5;13;0;2021;4;14;5;3;5;3;1;1;0;0;0;0;0;365672,957878882065415;5715992,157414721325040;7,061371219000023;51,578967128000045;5210422700200770000;0
160527;5;3;15;0;2021;6;11;4;3;0;1;1;1;0;0;0;0;0;360477,015340956859291;5648796,504632929340005;7,012666897000031;50,973845276000077;5210623601500790000;0
160534;5;1;13;0;2021;5;14;1;3;0;7;1;0;0;0;0;0;0;364160,684999860823154;5705357,822999473661184;7,043661452000038;51,483040081000070;5210523502338670000;1
160542;5;3;15;0;2021;11;11;6;3;0;1;1;0;0;0;0;0;0;364430,467143933288753;5649480,357959063723683;7,068689210000059;50,980935577000082;5211112601500090000;1
160545;5;3;15;0;2021;5;16;2;3;5;3;1;1;0;0;0;0;0;365481,534378810785711;5645307,011863607913256;7,085196573000076;50,943674038000040;5210531601600080000;0
160547;5;3;15;0;2021;10;16;5;3;1;7;1;1;0;0;0;0;0;363913,736999859102070;5639872,560999462381005;7,064920886000039;50,894464047000042;5211007601600490000;0
160548;5;5;62;20;2021;9;15;4;3;1;5;1;1;0;0;0;0;0;366755,118023352697492;5719664,766871212050319;7,075584837000065;51,612227916000052;5210922701200190000;0
160549;5;5;54;20;2021;11;14;3;3;5;3;1;1;0;0;0;0;0;366557,240833853371441;5786711,502760775387287;7,046752581000021;52,214658470000074;5211130705000520000;1
160551;5;1;13;0;2021;6;12;5;3;0;1;1;0;0;0;0;0;0;363209,216315787285566;5705928,819967493414879;7,029746007000028;51,487941989000035;5210610502338370000;0
160552;5;3;15;0;2021;4;15;6;2;3;2;1;1;0;0;0;0;0;362740,498504545539618;5649597,966288426890969;7,044584566000026;50,981592162000027;5210402601500660000;0
160555;5;5;54;4;2021;3;17;3;3;5;3;1;1;0;0;0;0;0;363900,608042967505753;5771971,638536002486944;7,013795779000077;52,081566456000076;5210330705000520000;0
160562;5;5;54;20;2021;10;6;2;3;5;3;1;1;0;0;0;2;0;366547,566866458393633;5786726,078935245051980;7,046605322000062;52,214787099000034;5211011705000020000;0
160565;5;1;22;0;2021;10;7;7;2;5;3;1;1;0;0;0;1;0;366562,252800625748932;5671872,814801661297679;7,090771653000047;51,182683499000063;5211016503400790000;0
160570;5;5;13;0;2021;1;18;7;3;5;3;1;1;0;0;0;2;0;365261,778637622483075;5716796,630111647769809;7,055131981000045;51,586098316000061;5210102700000820000;0
160571;5;3;15;0;2021;9;10;5;3;5;2;1;1;0;0;0;0;0;364781,813879406079650;5648848,180117620155215;7,073926585000038;50,975336532000028;5210923601500780000;0
160572;5;5;54;20;2021;10;15;2;3;5;3;1;1;0;0;0;0;0;366357,377999874763191;5782845,202999511733651;7,045354051000061;52,179869720000056;5211018705000620000;0
160574;5;5;13;0;2021;2;12;1;3;0;5;1;1;0;0;0;0;0;363104,703659479506314;5710837,242624619975686;7,026335913000025;51,532025640000029;5210228700200340000;0
160575;5;3;14;0;2021;9;13;2;3;5;2;1;0;0;1;0;0;0;365047,145999863743782;5621514,761999465525150;7,087778758000070;50,729734510000071;5210920600110560000;0
160577;5;1;13;0;2021;3;8;4;3;8;1;1;1;0;0;0;0;0;365233,175581264309585;5702535,653429685160518;7,060173982000038;51,457934905000059;5210331502136410000;0
160578;5;3;15;0;2021;5;19;7;3;1;5;1;1;0;0;0;0;0;360127,812654925510287;5636734,592875499278307;7,012321735000057;50,865357810000035;5210515601200290000;1
160579;5;1;22;0;2021;9;7;2;3;0;3;1;1;0;0;0;0;0;365846,717999869026244;5671826,661999484524131;7,080557150000061;51,182101247000048;5210920503400490000;0
160583;5;5;13;0;2021;6;22;7;2;0;7;1;0;0;0;0;1;0;366254,575606450438499;5711237,785798300057650;7,071568496000054;51,536380102000066;5210626700100370000;0
160588;5;3;15;0;2021;9;15;4;3;3;6;1;1;0;0;0;0;0;365084,893943966366351;5648512,067857317626476;7,078365828000074;50,972386815000050;5210929601500980000;1
160589;5;3;15;0;2021;10;7;3;3;5;3;1;1;0;0;0;1;0;362772,215999853797257;5636495,709999445825815;7,049966611000059;50,863844590000042;5211026601600590000;1
160594;5;5;54;20;2021;12;9;3;3;0;3;1;0;0;0;0;0;0;366318,010999875143170;5786092,939999509602785;7,043497378000040;52,209042455000031;5211207705000180000;2
160596;5;3;16;0;2021;1;13;6;3;5;2;1;1;0;0;0;0;0;360812,272866730578244;5654388,328456347808242;7,015295562000063;51,024180720000061;5210129601700140000;0
160600;5;3;82;32;2021;6;13;6;2;5;3;1;1;0;0;0;0;0;361858,843129385262728;5610728,236505836248398;7,046659847000058;50,632038463000072;5210611600350530000;0
160601;5;5;54;20;2021;6;13;2;3;0;6;1;0;0;1;0;0;0;364740,827415564097464;5783862,445652894675732;7,021319894000044;52,188616002000060;5210628705000290000;0
160606;5;3;15;0;2021;2;14;6;3;5;3;1;1;0;0;0;0;0;363735,061213320121169;5643727,086287302896380;7,060942350000062;50,929064409000034;5210226601610640000;0
160609;5;3;82;44;2021;10;15;6;3;0;1;1;0;0;0;1;0;0;361627,782974322326481;5631110,728682460263371;7,035747798000045;50,815174556000045;5211029607400470000;0
160612;5;3;82;44;2021;3;14;1;2;2;1;1;0;0;0;0;0;0;362276,364993254654109;5627841,057353457435966;7,046175240000025;50,785942745000057;5210321607400970000;0
160616;5;1;13;0;2021;2;9;6;3;0;1;1;0;0;0;0;0;0;364009,965945384465158;5699095,865255149081349;7,043899678000059;51,426730492000047;5210226502212270000;0
160620;5;3;15;0;2021;2;13;3;3;1;5;1;1;0;0;0;0;0;365086,311381833627820;5642628,239985566586256;7,080565689000025;50,919506084000034;5210216601620880000;1
160623;5;1;22;0;2021;6;5;2;3;0;1;1;0;0;0;0;0;0;362328,945999851450324;5669939,823999449610710;7,030979510000066;51,164308074000076;5210621503400480000;0
160624;5;3;15;0;2021;11;14;5;3;0;1;1;0;0;0;0;0;0;364442,488999861292541;5640295,191999463364482;7,072278053000048;50,898386820000042;5211125601600690000;0
160627;5;3;16;0;2021;4;12;4;3;0;3;1;1;0;0;0;0;0;363825,611017738468945;5658891,359632924199104;7,056543315000056;51,065372297000067;5210428601700180000;0
160631;5;3;16;0;2021;3;14;6;3;1;5;1;1;0;0;0;0;0;361593,326482637785375;5658502,446471320465207;7,024853449000034;51,061343241000031;5210319601700180000;0
160635;5;1;24;0;2021;3;13;2;3;5;2;1;0;0;0;0;0;0;365976,478004443459213;5678216,274620646610856;7,080025275000025;51,239555943000028;5210329503100760000;0
160637;5;3;82;12;2021;12;15;4;2;0;1;1;0;0;0;0;0;0;362529,334832132793963;5626393,502951228991151;7,050303044000032;50,772992702000067;5211215600360630000;1
160639;5;3;14;0;2021;10;20;6;3;5;3;1;1;0;0;0;2;0;364020,172999858856201;5622373,604999456554651;7,072918943000047;50,737214154000071;5211022600110990000;1
160640;5;3;15;0;2021;3;8;2;3;4;6;1;1;0;0;0;0;0;361960,705895715393126;5647387,767682863399386;7,034321486000067;50,961542137000038;5210301601510020000;0
160643;5;3;78;16;2021;9;18;3;3;4;6;1;1;0;0;0;0;0;364529,039897062815726;5665513,711760800331831;7,064091873000052;51,125055279000037;5210907606700570000;0
160645;5;5;54;20;2021;9;15;4;3;0;7;1;0;0;0;0;0;0;366736,219142890535295;5787314,899865154176950;7,049133083000072;52,220123556000033;5210908705000190000;0
160649;5;3;82;32;2021;6;12;6;3;0;1;1;0;0;0;0;0;0;361564,078999845311046;5610259,679999429732561;7,042669354000054;50,627757234000057;5210625600350330000;0
160654;5;5;54;20;2021;9;13;3;3;0;1;1;0;0;0;0;0;0;366542,764597989618778;5786236,111856600269675;7,046728249000068;52,210383385000057;5210928705000220000;0
160655;5;3;15;0;2021;9;23;2;3;0;6;1;0;1;0;0;2;0;360995,166535248048604;5644240,929650463163853;7,021782137000059;50,933028697000054;5210927601600650000;0
160658;5;5;54;20;2021;1;15;7;3;0;1;1;0;0;0;0;0;0;366072,997624082490802;5785799,798084100708365;7,040029705000052;52,206348979000040;5210123705000920000;0
160660;5;3;82;12;2021;9;12;2;3;5;2;1;1;0;0;0;0;0;359822,365261001512408;5624038,539579488337040;7,012832468000056;50,751179700000080;5210906600360200000;0
160664;5;5;62;24;2021;5;18;7;3;0;1;1;0;0;0;0;0;0;366786,760503231547773;5725357,623913835734129;7,073874789000058;51,663393899000027;5210529701500080000;0
160665;5;3;15;0;2021;6;11;6;2;7;1;1;0;0;0;0;0;0;364174,469937658868730;5649273,891240894794464;7,065121673000021;50,979019644000061;5210611601500690000;0
160666;5;1;13;0;2021;6;18;4;3;5;2;1;1;0;0;0;0;0;362195,771057680249214;5700178,005953058600426;7,017399692000026;51,436016862000031;5210630502210370000;1
160672;5;5;54;20;2021;7;19;3;3;5;3;1;1;0;0;0;0;0;364897,533594013191760;5786718,748552588745952;7,022471568000071;52,214319130000035;5210713705000820000;0
160673;5;3;82;44;2021;5;12;1;3;0;7;1;0;0;0;0;0;0;361410,179098595865071;5631620,699318272992969;7,032468112000061;50,819705875000068;5210509607000070000;0
160675;5;5;54;20;2021;7;12;4;3;0;1;1;0;1;0;0;0;0;366286,230161918327212;5787360,779375748708844;7,042531659000076;52,220426763000034;5210707705000080000;0
160676;5;1;13;0;2021;2;10;6;3;3;6;1;1;0;0;0;0;0;362069,627526707015932;5702154,183850172907114;7,014815862000034;51,453744915000073;5210219502101970000;0
160678;5;3;16;0;2021;10;20;7;3;0;1;1;0;0;0;0;2;0;362326,701718566007912;5654939,845280760899186;7,036666996000065;51,029501967000044;5211009601700060000;0
160680;5;3;15;0;2021;12;15;2;3;5;3;1;1;0;0;0;0;0;363797,552469869144261;5639455,628705546259880;7,063425263000056;50,890689469000051;5211220601600590000;0
160688;5;5;13;0;2021;6;7;4;3;0;3;1;0;0;0;1;0;0;366976,152087917551398;5708880,144864577800035;7,082856684000035;51,515363310000055;5210616700100860000;0
160693;5;3;15;0;2021;9;11;6;3;3;1;1;0;0;0;0;0;0;361045,755999844521284;5640184,186999432742596;7,024046713000075;50,896581825000055;5210903601600580000;0
160695;5;3;15;0;2021;10;14;4;3;5;3;1;1;0;0;0;0;0;362768,834936346858740;5643761,143287396058440;7,047188584000025;50,929141431000062;5211006601600770000;1
160705;5;5;54;20;2021;7;11;5;3;5;3;1;1;0;0;0;0;0;364673,745526419021189;5786501,982385434210300;7,019284709000033;52,212316515000055;5210701705000260000;1
160706;5;3;15;0;2021;9;15;1;3;0;7;1;0;1;0;0;0;0;361105,479517653584480;5639525,510769413784146;7,025145910000049;50,890676460000066;5210919601200490000;0
160707;5;5;62;24;2021;1;12;6;3;8;1;1;0;0;0;0;0;0;367974,907999882474542;5723785,780999511480331;7,091637423000066;51,649548938000066;5210115701500870000;0
160709;5;3;15;0;2021;12;12;2;3;0;6;1;0;0;0;0;0;0;363688,290292860008776;5640848,607263589277864;7,061352761000023;50,903183101000081;5211213601600690000;1
160712;5;3;16;0;2021;9;15;3;2;0;3;1;1;0;0;0;0;0;362306,399338946677744;5654956,562800774350762;7,036371299000052;51,029647347000036;5210914601700490000;0
160713;5;3;14;0;2021;4;14;7;2;1;1;1;1;0;0;0;0;0;362444,424999850802124;5622276,944999441504478;7,050637520000066;50,735974321000072;5210417600110980000;0
160717;5;5;13;0;2021;6;13;4;3;5;3;1;1;0;0;0;0;0;367438,734772057272494;5709399,920731166377664;7,089323939000053;51,520143112000028;5210616700100760000;0
160726;5;5;54;20;2021;3;8;3;3;5;3;1;1;0;0;0;0;0;366273,888987729325891;5787389,874567823484540;7,042339609000067;52,220685198000069;5210302705000960000;0
160727;5;3;82;4;2021;5;18;6;3;3;6;1;1;0;0;0;0;0;359771,822659273631871;5618475,055934632197022;7,014231957000050;50,701165614000047;5210507600370980000;0
160728;5;3;15;0;2021;4;17;2;3;3;5;1;1;0;0;0;0;0;363209,757190584205091;5636619,979700511321425;7,056133867000028;50,865065154000035;5210412601600370000;1
160730;5;1;13;0;2021;6;19;2;3;0;7;1;0;1;0;0;0;0;366354,707178755663335;5701225,254628190770745;7,076802465000071;51,446424592000028;5210614502113080000;0
160731;5;5;13;0;2021;4;19;5;3;5;3;1;1;0;0;0;0;0;364507,074007004499435;5715336,243270810693502;7,044808516000046;51,572793792000027;5210408700200230000;0
160732;5;5;13;0;2021;6;11;2;3;1;5;1;1;0;0;0;0;0;364779,794912200421095;5717476,417777903378010;7,047917270000028;51,592091689000029;5210621700200080000;0
160736;5;5;13;0;2021;9;15;5;2;0;7;1;0;0;0;0;0;0;364096,915066994726658;5712552,876264818012714;7,039969496000026;51,547682716000054;5210923700200570000;0
160739;5;5;54;20;2021;10;16;6;3;0;6;1;1;0;0;0;0;0;366995,865674748085439;5784208,769488766789436;7,054151724000064;52,192276326000069;5211008705000300000;0
160740;5;5;13;0;2021;3;8;6;3;6;4;1;0;1;0;0;0;0;366391,365738990716636;5708809,080715311691165;7,074460773000055;51,514586683000061;5210312700100100000;0
160744;5;3;14;0;2021;5;11;1;3;0;7;1;0;0;0;0;0;0;365060,685078805312514;5620734,318891011178493;7,088256063000074;50,722723101000042;5210523600110780000;0
160745;5;1;13;0;2021;12;21;7;3;0;7;1;0;0;0;0;2;0;363733,254933261312544;5704697,324860466644168;7,037764364000054;51,477001709000035;5211204502338870000;1
160746;5;3;15;0;2021;10;18;6;3;0;7;1;0;1;0;0;0;0;363753,079359897412360;5643773,082589719444513;7,061181401000056;50,929482055000051;5211001601600580000;0
160747;5;1;13;0;2021;11;20;7;3;1;1;1;1;0;0;0;2;0;362050,818261140957475;5707601,359559116885066;7,012418058000037;51,502690571000073;5211127502324080000;0