OID_;ULAND;UREGBEZ;UKREIS;UGEMEINDE;UJAHR;UMONAT;USTUNDE;UWOCHENTAG;UKATEGORIE;UART;UTYP1;IstRad;IstPKW;IstFuss;IstKrad;IstSonstige;ULICHTVERH;IstGkfz;LINREFX;LINREFY;XGCSWGS84;YGCSWGS84;UIDENTSTLAE;IstStrassenzustand
160749;5;5;54;20;2021;11;15;6;3;4;7;1;0;0;0;0;0;0;366882,481999877840281;5785705,217999517917633;7,051905936000026;52,205695236000054;5211112705000780000;0
160750;5;1;13;0;2021;9;8;2;3;5;3;1;1;0;0;0;0;0;361823,981999848969281;5700879,097999444231391;7,011780562000069;51,442226603000051;5210913502111260000;0
160752;5;3;15;0;2021;3;15;2;3;5;3;1;1;0;0;0;0;0;360690,847786223515868;5643954,474061526358128;7,017563544000041;50,930380833000072;5210308601600080000;0
160755;5;3;14;0;2021;9;7;6;3;2;5;1;1;0;0;1;2;0;363634,332999855279922;5622777,687999451532960;7,067304673000024;50,740755496000077;5210924600110180000;0
160757;5;1;13;0;2021;3;17;2;3;2;6;1;1;0;0;0;0;0;367121,771484705619514;5696212,145935738459229;7,089714066000056;51,401553097000033;5210301502233360000;0
160758;5;5;13;0;2021;1;7;2;3;0;7;1;0;1;0;0;2;0;363942,129273856058717;5713520,742742974311113;7,037364157000070;51,556343021000032;5210111700200120000;1
160760;5;3;78;16;2021;6;7;3;3;5;2;1;1;0;0;0;0;0;360868,605675798840821;5663362,219967350363731;7,012646698000026;51,104842676000032;5210622606230080000;1
160766;5;3;15;0;2021;2;15;3;3;5;3;1;1;0;0;0;0;0;360692,939091968350112;5643952,472671760246158;7,017594050000071;50,930363351000040;5210209601610670000;0
160771;5;1;13;0;2021;11;12;5;3;5;2;1;1;0;0;0;0;0;363550,209949996322393;5700974,537491727620363;7,036566748000041;51,443502757000033;5211111502111170000;0
160772;5;3;82;44;2021;12;16;3;3;5;3;1;1;0;0;0;1;0;362535,285999849438667;5628607,421999443322420;7,049559465000073;50,792891982000071;5211207607400580000;0
160774;5;3;82;44;2021;5;16;1;3;0;1;1;0;0;0;0;0;0;361389,661284279078245;5631194,980133239179850;7,032337858000062;50,815874824000048;5210530607400570000;0
160775;5;5;13;0;2021;9;7;4;3;5;3;1;1;0;0;0;0;0;367169,451999876648188;5710821,073999501764774;7,084909053000047;51,532851273000063;5210908700100870000;0
160777;5;3;15;0;2021;12;21;5;3;4;6;1;1;0;0;0;2;0;362418,895129294134676;5642582,098964059725404;7,042656864000037;50,918461571000080;5211223601600980000;1
160780;5;3;14;0;2021;5;9;7;3;0;1;1;0;0;0;0;0;0;362827,075262213125825;5624092,108496498316526;7,055381017000059;50,752378993000036;5210529600110090000;0
160785;5;3;82;4;2021;5;12;7;3;4;1;1;1;0;0;0;0;0;360382,269120426848531;5622836,572932735085487;7,021220211000070;50,740511935000029;5210508600370000000;0
160786;5;1;13;0;2021;10;8;3;3;5;6;1;1;0;0;0;0;0;362875,643896830268204;5700780,094293238595128;7,026941632000046;51,441592484000068;5211026502111080000;1
160788;5;1;13;0;2021;2;16;5;3;0;7;1;0;0;0;0;0;0;363788,013895821757615;5699401,861331164836884;7,040591437000046;51,429427046000058;5210225502213450000;0
160791;5;3;14;0;2021;3;9;7;3;1;5;1;1;0;0;0;0;0;364756,882395025342703;5622574,732913946732879;7,083279391000076;50,739193893000049;5210313600110080000;1
160792;5;3;15;0;2021;2;9;3;3;0;1;1;1;0;0;0;0;0;363286,201444147154689;5648335,427196122705936;7,052828667000028;50,970375133000061;5210216601500890000;1
160793;5;3;14;0;2021;10;17;2;3;5;2;1;1;0;0;0;0;0;364020,121999858878553;5620621,280999459326267;7,073564480000073;50,721464552000043;5211004600110090000;0
160800;5;1;13;0;2021;9;15;3;3;0;1;1;0;0;0;0;0;0;361840,036999849602580;5702379,271999450400472;7,011425665000047;51,455711664000034;5210928502101790000;1
160803;5;1;58;36;2021;2;7;6;3;0;1;1;0;0;0;0;0;0;364039,528999860398471;5683083,471999468281865;7,050444174000063;51,282838605000052;5210219516200370000;1
160805;5;3;14;0;2021;6;15;6;3;5;2;1;1;0;0;0;0;0;363858,822999858297408;5620063,693999456241727;7,071486488000062;50,716415284000050;5210625600310780000;0
160807;5;1;24;0;2021;11;10;7;3;0;7;1;0;0;0;0;0;0;364320,919999861158431;5676398,270999468863010;7,057011313000032;51,222826283000074;5211120503100880000;1
160810;5;1;22;0;2021;6;20;4;3;6;4;1;0;1;0;0;0;0;365612,309804635122418;5670831,455665510147810;7,077577437000059;51,173102114000073;5210602503400390000;0
160811;5;3;82;12;2021;6;18;4;3;5;3;1;0;0;0;0;0;0;362437,916999852284789;5626357,133999440819025;7,049020902000052;50,772644157000059;5210623600360480000;0
160812;5;1;13;0;2021;6;12;2;3;0;7;1;1;0;0;0;0;0;364307,383549041114748;5707074,466341845691204;7,045112952000068;51,498501919000034;5210614502339780000;0
160815;5;3;78;8;2021;6;12;2;3;0;1;1;0;0;0;0;0;0;365809,516999867744744;5659208,777999481186271;7,084722436000050;51,068692248000048;5210614606700890000;1
160817;5;1;13;0;2021;3;17;3;2;3;1;1;0;0;0;0;0;0;363873,973869012668729;5699138,607026716694236;7,041928352000070;51,427081946000044;5210330502212480000;0
160819;5;3;15;0;2021;4;14;6;3;5;3;1;1;0;0;0;0;0;365301,704318615607917;5637344,206702752038836;7,085577060000048;50,872065459000055;5210409601620170000;0
160820;5;5;54;20;2021;6;23;5;3;3;6;1;0;0;0;0;2;0;365766,806013030000031;5782956,674901567399502;7,036677754000038;52,180727963000038;5210610705000410000;0
160821;5;1;13;0;2021;11;13;3;3;5;2;1;1;0;0;0;0;0;364581,921664086170495;5698979,585672680288553;7,052166095000075;51,425822486000072;5211130502214660000;1
160826;5;3;14;0;2021;6;10;2;3;0;1;1;0;0;0;0;0;0;365193,548143275082111;5617736,666770698502660;7,091232028000036;50,695811185000082;5210614600110370000;0
160827;5;3;14;0;2021;9;13;2;3;6;6;1;0;1;0;0;0;0;361875,484346772544086;5617675,805701695382595;7,044302088000052;50,694485665000059;5210920600310890000;0
160829;5;5;13;0;2021;6;11;3;3;1;5;1;1;0;0;0;0;0;365527,368549603968859;5715624,910440476611257;7,059411955000030;51,575632168000027;5210615700000570000;0
160830;5;5;54;20;2021;7;15;1;3;0;1;1;0;0;0;0;0;0;366744,502999877557158;5786733,578999515622854;7,049483187000021;52,214902153000082;5210711705000090000;0
160832;5;1;13;0;2021;3;17;4;3;5;3;1;1;0;0;0;0;0;363323,168999858200550;5702714,222999462857842;7,032629744000076;51,459081697000045;5210317502102270000;0
160840;5;3;14;0;2021;4;18;5;3;3;6;1;0;0;0;0;0;0;364277,955474514514208;5620744,204662259668112;7,077169797000067;50,722629652000080;5210429600110660000;0
160844;5;1;13;0;2021;6;17;3;3;0;3;1;1;0;0;0;0;0;364079,272999861277640;5707940,093999471515417;7,041495143000020;51,506226051000056;5210608502339070000;0
160846;5;3;16;0;2021;9;19;5;3;0;3;1;1;0;0;0;1;0;360673,229410566389561;5654988,931907109916210;7,013083354000059;51,029544690000080;5210930601700070000;0
160848;5;3;15;0;2021;6;16;2;3;3;6;1;1;0;0;0;0;0;363136,405124972574413;5638449,376698568463326;7,054407480000066;50,881489515000055;5210621601620280000;0
160853;5;3;14;0;2021;9;18;7;3;1;5;1;1;0;0;0;0;0;365082,649457133375108;5622648,663871211931109;7,087866479000070;50,739934153000036;5210904600110590000;0
160854;5;5;54;20;2021;4;16;1;3;0;3;1;1;0;0;0;0;0;366389,264999874867499;5787433,416999513283372;7,044010374000038;52,221104439000044;5210404705000180000;0
160855;5;3;15;0;2021;6;16;5;3;0;3;1;0;0;0;1;0;0;363399,203999856486917;5639031,144999451935291;7,057923574000029;50,886780352000073;5210617601620290000;0
160858;5;3;14;0;2021;10;17;5;2;2;2;1;1;0;0;0;0;0;362452,338138436898589;5619506,841201402246952;7,051782644000070;50,711079272000063;5211007600310370000;0
160859;5;1;13;0;2021;5;20;2;3;0;7;1;0;0;0;1;0;0;362821,228999854996800;5706724,728999460116029;7,023851911000065;51,495000351000044;5210524502338270000;0
160860;5;1;13;0;2021;11;16;4;3;3;6;1;1;0;0;0;0;0;361867,056999849155545;5701944,794999448582530;7,011983981000071;51,451813881000078;5211110502101790000;0
160863;5;1;13;0;2021;2;12;5;3;5;3;1;0;0;1;0;0;0;362327,731762480922043;5703452,042221596464515;7,018022988000041;51,465470817000039;5210204502103560000;0
160864;5;1;13;0;2021;6;18;2;3;3;6;1;0;0;0;0;0;0;364870,015105079859495;5699327,769577078521252;7,056174616000021;51,429020261000062;5210614502213070000;0
160865;5;5;13;0;2021;6;16;3;3;5;3;1;1;0;0;0;0;0;365727,926020576618612;5715233,925223479047418;7,062453881000067;51,572166398000036;5210615700200760000;0
160868;5;3;14;0;2021;5;12;1;2;6;6;1;1;1;0;0;0;0;361979,813999848440289;5619281,699999434873462;7,045178172000021;50,708943767000051;5210509600310030000;0
160869;5;3;82;4;2021;9;19;7;3;5;3;1;0;0;0;0;0;0;360240,213999836705625;5616018,142999414354563;7,021789835000050;50,679196596000054;5210911600370280000;0
160870;5;3;16;0;2021;6;7;2;3;0;7;1;1;0;0;0;0;0;361759,524608865380287;5659213,763627797365189;7,026951849000056;51,067775935000043;5210621601700090000;0
160871;5;3;82;44;2021;6;13;4;3;0;1;1;0;0;0;0;0;0;363883,399483517743647;5626704,878968952223659;7,069380314000057;50,776110613000071;5210609607400330000;0
160873;5;5;54;4;2021;6;10;2;3;4;1;1;0;0;0;0;0;0;364014,818999865092337;5771220,175999486818910;7,015760991000036;52,074842298000078;5210628705000040000;0
160879;5;1;58;8;2021;12;15;6;3;5;3;1;1;0;0;0;0;0;361990,373191354796290;5673655,988016180694103;7,024712898000075;51,197623193000027;5211203516700980000;0
160881;5;3;15;0;2021;9;20;7;3;0;7;1;0;0;0;0;0;0;362229,209896579384804;5640377,269545346498489;7,040792230000022;50,898600681000062;5210918601620590000;0
160883;5;1;13;0;2021;11;17;3;3;0;7;1;0;0;0;1;0;0;361967,157999849878252;5701459,893999448046088;7,013612878000060;51,447480780000035;5211109502105980000;0
160884;5;3;14;0;2021;10;16;1;3;0;1;1;0;0;0;0;0;0;364444,196197575889528;5620798,049848379567266;7,079503797000029;50,723152412000047;5211003600110070000;0
160887;5;3;15;0;2021;12;8;5;3;5;2;1;0;0;0;1;0;0;364821,606999863870442;5649169,903999468311667;7,074373436000030;50,978237352000065;5211202601500570000;0
160890;5;3;14;0;2021;10;11;1;3;5;3;1;1;0;0;0;0;0;364873,231709311716259;5618270,244359031319618;7,086504055000034;50,700532622000026;5211031600110740000;1
160894;5;3;15;0;2021;9;20;6;2;0;1;1;0;0;0;0;1;0;363023,173918247222900;5645961,417289119213820;7,049978373000044;50,948976590000029;5210903601600180000;0
160897;5;1;22;0;2021;4;17;6;3;0;1;1;0;0;0;0;0;0;361052,930003070272505;5668459,203964231535792;7,013312948000021;51,150693454000077;5210430503400070000;0
160898;5;1;22;0;2021;7;12;1;3;0;3;1;0;0;0;1;0;0;365960,499886641278863;5670585,231379754841328;7,082647123000072;51,170970969000052;5210711503400870000;0
160901;5;3;14;0;2021;10;19;5;3;6;2;1;0;1;0;0;2;0;364080,124401600100100;5621319,705012354999781;7,074156629000072;50,727755915000046;5211028600110690000;0
160905;5;1;58;32;2021;7;18;6;3;0;1;1;0;0;0;0;0;0;366654,830341150984168;5685113,352390302345157;7,087164577000067;51,301699438000071;5210709516120060000;1
160908;5;3;14;0;2021;10;15;3;3;5;2;1;1;0;0;0;0;0;363642,686999855563045;5623486,565999453887343;7,067160623000063;50,747128694000025;5211026600110180000;0
160909;5;3;15;0;2021;3;16;2;3;5;2;1;1;0;0;0;0;0;364951,246743016876280;5638374,706347499042749;7,080218477000074;50,881245440000043;5210301601620020000;0
160910;5;5;54;44;2021;6;13;5;3;5;3;1;1;0;0;0;0;0;365551,719999870285392;5741060,003999497741461;7,049962934000064;51,804204065000079;5210610705000040000;0
160913;5;3;15;0;2021;6;19;7;3;5;3;1;1;0;0;0;0;0;364443,735642977990210;5640296,383209306746721;7,072295328000052;50,898397819000081;5210612601600590000;0
160914;5;5;54;44;2021;6;9;7;3;1;7;1;1;0;0;0;0;0;365010,404232556000352;5741027,248870693147182;7,042129384000020;51,803779306000081;5210626705000290000;0
160916;5;3;15;0;2021;9;10;6;2;0;7;1;0;1;0;0;0;0;363282,119635858573020;5638710,894530622288585;7,056379798000023;50,883874404000039;5210924601620890000;0
160917;5;3;15;0;2021;4;12;3;3;0;6;1;1;0;0;0;0;0;364108,923097590915859;5648671,590784190222621;7,064413637000030;50,973591064000061;5210427601500480000;0
160921;5;3;15;0;2021;9;7;6;3;0;7;1;0;0;0;0;0;0;361042,170570812188089;5647022,200935617089272;7,021389458000044;50,958035921000032;5210903601500870000;0
160922;5;3;82;32;2021;9;20;6;3;1;5;1;1;0;0;0;2;0;360498,630461675114930;5609058,981091588735580;7,028066093000064;50,616711688000066;5210903600332480000;0
160927;5;5;13;0;2021;6;23;6;2;9;1;1;0;0;0;0;2;0;365238,139613434672356;5716463,978200921788812;7,054918667000038;51,583103317000052;5210604700000480000;1
160929;5;3;15;0;2021;6;18;5;3;0;7;1;0;0;0;0;0;0;362691,324690142646432;5646150,475713217630982;7,045185761000027;50,950596769000072;5210610601600870000;0
160930;5;3;15;0;2021;9;12;7;3;5;3;1;0;0;0;0;0;0;360605,455079182982445;5636916,101966038346291;7,019035857000063;50,867104454000071;5210918601200690000;0
160931;5;5;13;0;2021;4;5;3;3;5;3;1;0;0;0;1;2;0;363148,797130092978477;5717235,004987705498934;7,024480773000050;51,589528485000073;5210413700200470000;0
160932;5;5;13;0;2021;5;17;1;3;5;7;1;1;0;0;0;0;0;367411,044585176743567;5707227,340511491522193;7,089742068000021;51,500612270000033;5210509700100390000;0
160933;5;5;62;12;2021;1;12;5;3;0;7;1;0;0;0;0;0;0;364467,730016767047346;5732392,436789464205503;7,037631890000057;51,726055331000055;5210121701620000000;0
160935;5;1;13;0;2021;11;17;5;3;5;3;1;1;0;0;0;2;0;361802,711552682332695;5701546,223793610930443;7,011214197000072;51,448216467000066;5211125502105570000;1
160940;5;1;13;0;2021;6;18;3;3;5;7;1;1;0;0;0;0;0;362192,646339180879295;5699311,770333090797067;7,017691809000041;51,428231723000067;5210608502214570000;0
160943;5;3;15;0;2021;2;15;6;3;1;5;1;1;0;0;0;0;0;364266,542102037928998;5648461,211763851344585;7,066735869000070;50,971737469000061;5210205601500680000;0
160952;5;3;14;0;2021;12;22;6;3;5;3;1;1;0;0;0;2;0;362843,297030074521899;5623066,209811935201287;7,055992869000022;50,743162348000055;5211210600110170000;1
160953;5;3;14;0;2021;9;18;6;3;3;6;1;1;0;0;0;0;0;363265,261057841591537;5622115,456614585593343;7,062322750000021;50,734716732000038;5210910600110180000;1
160957;5;1;13;0;2021;5;16;1;3;4;1;1;0;0;0;0;0;0;363153,984999857842922;5708829,813999464735389;7,027825662000055;51,513998113000071;5210530502324070000;0
160960;5;1;13;0;2021;6;18;1;2;1;5;1;1;0;0;0;0;0;362166,698595403693616;5708017,796971691772342;7,013923850000026;51,506461080000065;5210620502300080000;0
160963;5;5;54;44;2021;6;19;4;2;8;1;1;0;0;0;0;0;0;365155,477062656544149;5744387,741086281836033;7,042923826000049;51,834011661000034;5210602705000050000;0
160964;5;3;16;0;2021;6;21;6;3;6;4;1;0;1;0;0;0;0;360832,986938513815403;5658618,653314499184489;7,013965205000034;51,062203793000037;5210611601700280000;0
160965;5;3;15;0;2021;9;6;5;3;0;7;1;1;0;0;0;1;0;363543,565999858081341;5648196,930999454110861;7,056543935000036;50,969191446000082;5210930601500080000;0
160979;5;1;58;32;2021;7;7;5;3;1;5;1;1;0;0;0;0;0;362366,205188215710223;5688770,927139384672046;7,024270912000077;51,333548093000047;5210708516100580000;0
160981;5;1;13;0;2021;9;13;1;2;8;1;1;0;0;0;0;0;0;363689,417999858036637;5699040,073999466374516;7,039313233000030;51,426152111000079;5210926502212670000;0
160984;5;1;22;0;2021;9;19;6;3;0;1;1;0;0;0;0;0;0;365809,899523662403226;5670707,546824295073748;7,080448518000026;51,172034923000069;5210903503400000000;0
160987;5;1;13;0;2021;1;8;3;3;0;1;1;0;0;0;0;0;0;361779,355496698059142;5699780,891086043789983;7,011567556000045;51,432346784000060;5210119502210460000;1
160989;5;5;54;4;2021;6;5;5;3;5;3;1;1;0;0;0;0;0;364021,136507116258144;5771319,603792078793049;7,015813491000074;52,075737252000067;5210610705132470000;0
160995;5;3;16;0;2021;6;15;2;3;3;6;1;1;0;0;0;0;0;363000,256073557771742;5658863,048861950635910;7,044782039000040;51,064921482000045;5210628601700270000;0
160997;5;5;13;0;2021;7;12;4;3;1;5;1;1;0;0;0;0;0;362870,995166855864227;5711475,344115303829312;7,022720094000022;51,537703107000027;5210707700000180000;0
161001;5;5;54;20;2021;5;18;2;3;0;3;1;1;0;0;0;0;0;366256,252999876625836;5786239,786999514326453;7,042536080000048;52,210346948000051;5210510705000080000;0
161004;5;1;13;0;2021;4;14;7;2;1;6;1;1;0;0;0;0;0;364815,009673014283180;5696081,549679780378938;7,056621642000039;51,399834404000046;5210417502231080000;0
161005;5;3;15;0;2021;1;7;3;3;5;2;1;1;0;0;0;2;0;363875,153624781407416;5640618,159134177491069;7,064094661000070;50,901156033000063;5210126601620320000;1
161007;5;5;54;20;2021;7;20;4;3;5;7;1;1;0;0;0;0;0;366551,857156680896878;5786746,319771375507116;7,046660100000054;52,214970010000059;5210707705000780000;0
161009;5;3;78;16;2021;2;13;1;2;0;1;1;0;0;0;0;0;0;361817,304539286531508;5661796,866903461515903;7,026788394000050;51,091004306000059;5210221606230380000;0
161010;5;5;13;0;2021;12;21;3;3;5;3;1;1;0;0;0;2;0;367455,213902697898448;5709681,481491241604090;7,089455406000070;51,522677279000050;5211228700000680000;1
161017;5;3;15;0;2021;6;12;4;3;0;7;1;0;0;0;0;0;0;364840,356111842207611;5648328,239210674539208;7,074953231000052;50,970677326000043;5210602601500960000;0
161020;5;5;13;0;2021;12;20;2;3;0;7;1;0;0;0;0;2;0;363235,046426131390035;5717138,037361018359661;7,025762816000054;51,588678052000034;5211227700000890000;1
161024;5;5;13;0;2021;6;10;2;3;2;1;1;0;0;0;1;0;0;363711,121266573667526;5715359,287242654711008;7,033321072000035;51,572809022000058;5210621700200630000;1
161025;5;3;15;0;2021;9;9;6;3;1;5;1;1;0;0;0;0;0;362959,760777262039483;5639754,065003536641598;7,051408630000026;50,893173494000052;5210924601600790000;0
161027;5;5;13;0;2021;1;15;4;3;4;3;1;1;0;0;0;0;0;366275,911478212103248;5708245,390495926141739;7,073011694000058;51,509493698000028;5210113700100150000;1
161028;5;5;54;20;2021;12;15;2;3;0;7;1;0;0;0;0;0;0;365677,413701674900949;5786084,354063769802451;7,034131289000072;52,208809549000080;5211213705000320000;1
161031;5;5;54;20;2021;1;18;3;3;0;3;1;1;0;0;0;2;0;366436,086508061736822;5786237,825962379574776;7,045167223000021;52,210372942000049;5210126705000580000;0
161032;5;1;13;0;2021;9;15;2;2;1;5;1;1;0;0;0;0;0;362518,859406857751310;5706705,408991245552897;7,019506405000072;51,494753286000048;5210906502325290000;0
161035;5;3;15;0;2021;6;15;3;3;5;3;1;0;0;0;0;0;0;362668,938365956768394;5648525,594221593812108;7,043970839000053;50,971937379000053;5210601601500420000;0
161039;5;3;15;0;2021;3;12;2;3;5;2;1;1;0;0;0;0;0;364951,817231557331979;5638373,844116317108274;7,080226900000071;50,881237824000038;5210329601620810000;0
161040;5;3;16;0;2021;6;17;3;3;0;6;1;1;0;0;0;0;0;363388,077453551813960;5656271,646620217710733;7,051291527000046;51,041724432000080;5210608601700570000;0
161041;5;3;16;0;2021;10;9;7;3;0;7;1;0;0;0;0;0;0;360787,253410735167563;5660014,859346251934767;7,012775514000054;51,074740383000062;5211002601700160000;1
161044;5;1;13;0;2021;5;7;6;3;0;7;1;0;0;0;0;0;0;362159,590999851934612;5700710,647999448701739;7,016672131000064;51,440794611000058;5210514502210880000;0
161048;5;1;13;0;2021;9;15;5;3;1;5;1;1;0;0;0;0;0;366400,864573131315410;5701350,546000905334949;7,077418980000061;51,447561444000030;5210909502134070000;0
161049;5;1;58;32;2021;11;12;2;2;5;2;1;0;0;1;0;0;0;363267,212993677705526;5690546,669397864490747;7,036514694000061;51,349723516000040;5211101516100480000;0
161050;5;5;13;0;2021;5;10;2;3;1;5;1;1;0;0;0;0;0;364856,570997419767082;5716487,430802065879107;7,049405711000077;51,583222702000057;5210531700000280000;0
161054;5;3;14;0;2021;5;16;5;2;2;6;1;1;0;0;0;0;0;363743,316999858245254;5620903,868999453261495;7,069540947000064;50,723939561000066;5210527600110990000;0
161056;5;5;54;16;2021;6;13;6;2;5;2;1;0;0;1;0;0;0;363522,924999861977994;5757625,783999474719167;7,014005941000050;51,952568648000067;5210611705000690000;0
161061;5;1;22;0;2021;9;7;5;3;5;3;1;1;0;0;0;0;0;363537,660335958003998;5672760,217903899028897;7,047185288000037;51,189944581000077;5210902503400900000;0
161062;5;3;15;0;2021;9;11;5;3;4;6;1;1;0;0;0;0;0;360982,331482589244843;5644868,580667620524764;7,021360146000063;50,938666449000038;5210923601600790000;0
161067;5;3;15;0;2021;7;9;2;3;5;3;1;1;0;0;0;0;0;360486,158999840728939;5648808,783999428153038;7,012792341000022;50,973957847000065;5210712601510450000;0
161068;5;5;62;20;2021;10;10;2;1;0;1;1;0;0;0;0;0;0;367172,296148883178830;5719454,950782040134072;7,081685877000041;51,610440982000057;5211011701200970000;1
161069;5;3;82;44;2021;2;17;4;3;5;5;1;1;0;0;0;2;0;361632,996477818116546;5631182,931037401780486;7,035794531000022;50,815824720000080;5210210607000880000;0
161070;5;5;54;20;2021;12;13;6;3;5;3;1;0;0;0;1;0;0;366862,963706918992102;5786224,491318156942725;7,051416293000045;52,210356419000050;5211210705000020000;0
161072;5;5;54;20;2021;9;11;6;3;5;2;1;1;0;0;0;0;0;366516,016009076498449;5786526,062601294368505;7,046222671000066;52,212982230000080;5210903705000880000;0
161073;5;5;54;20;2021;10;13;6;3;5;3;1;1;0;0;0;0;0;364668,650735571980476;5786516,779109280556440;7,019204271000035;52,212448216000041;5211008705000780000;0
161074;5;5;13;0;2021;10;7;3;3;5;3;1;1;0;0;0;2;0;363003,544752482324839;5710584,156621703878045;7,024976857000070;51,529726788000062;5211019700200880000;1
161075;5;5;62;24;2021;3;11;6;3;5;2;1;1;0;0;0;0;0;367711,119868774898350;5724472,701680414378643;7,087566912000057;51,655659933000038;5210326701500910000;0
161076;5;3;16;0;2021;5;16;5;3;8;7;1;0;0;0;0;0;0;362602,606999852694571;5658160,506999447941780;7,039377275000049;51,058512607000068;5210520601700390000;0
161081;5;5;13;0;2021;11;16;4;3;5;7;1;1;0;0;0;1;0;363981,090799702331424;5716979,615663979202509;7,036586722000038;51,587435013000061;5211124700000180000;0
161087;5;3;16;0;2021;6;21;4;3;4;6;1;0;0;0;0;0;0;360952,324342024512589;5653663,300815867260098;7,017569307000031;51,017698730000063;5210602601700170000;0
161092;5;3;15;0;2021;9;17;7;2;1;6;1;1;0;0;0;0;0;362999,113348478451371;5650836,970717940479517;7,047799344000055;50,992789057000039;5210904601500880000;0
161094;5;1;13;0;2021;9;13;5;3;0;1;1;1;0;0;0;0;0;362929,699663099832833;5700754,103359106928110;7,027728999000033;51,441372001000047;5210902502111960000;0
161096;5;3;82;44;2021;10;8;2;3;3;6;1;1;0;0;0;0;0;362068,994295408949256;5628243,965140046551824;7,043083967000030;50,789514612000062;5211025607400680000;0
161100;5;1;13;0;2021;9;10;5;3;0;7;1;0;0;0;1;0;0;364597,788953085429966;5696340,035832064226270;7,053402236000068;51,402105531000075;5210930502231070000;0
161101;5;1;13;0;2021;12;23;6;2;0;1;1;0;0;0;0;2;0;362314,134046023711562;5703353,698493560776114;7,017865660000041;51,464583754000046;5211210502103580000;1
161106;5;5;54;20;2021;7;9;5;3;0;2;1;0;0;0;0;0;0;366600,010999876074493;5783709,596999518573284;7,048560471000030;52,187695419000079;5210715705000520000;1
161107;5;5;13;0;2021;4;12;5;2;3;6;1;1;0;0;0;0;0;362912,243999855592847;5713038,917999461293221;7,022705349000034;51,551763872000038;5210401700000970000;0
161109;5;3;14;0;2021;6;15;1;3;3;2;1;1;0;0;0;0;0;364866,885999863035977;5621395,000999463722110;7,085269968000034;50,728616206000027;5210613600110190000;0
161111;5;3;82;12;2021;12;9;2;3;5;7;1;1;0;0;0;0;0;362039,133917039260268;5626639,959899393841624;7,043262568000046;50,775091370000041;5211213600360860000;1
161112;5;5;13;0;2021;9;8;3;2;5;3;1;1;0;0;0;0;0;364339,864626471884549;5714490,397411156445742;7,042723714000033;51,565152499000078;5210921700200690000;0
161115;5;1;22;0;2021;12;11;5;3;0;7;1;1;0;0;0;0;0;364036,888173162005842;5672225,906463677063584;7,054527209000071;51,185261697000044;5211216503400770000;0
161118;5;5;54;20;2021;9;7;5;3;0;7;1;0;0;0;0;0;0;364759,012671929784119;5786720,650703441351652;7,020444554000051;52,214302240000052;5210916705000310000;1
161120;5;3;15;0;2021;11;18;3;3;7;7;1;0;0;0;0;2;0;365800,708108964376152;5645666,460535993799567;7,089604699000063;50,946978995000052;5211116601600690000;0
161122;5;3;15;0;2021;1;7;2;3;8;1;1;0;0;0;0;2;0;363658,932408992201090;5638585,022706242278218;7,061780350000049;50,882832173000054;5210118601620390000;1
161128;5;3;16;0;2021;11;7;3;3;1;6;1;1;0;0;0;0;0;365050,553183793090284;5657589,774120535701513;7,074500300000068;51,053963801000066;5211116601700690000;0
161132;5;3;14;0;2021;10;18;1;3;5;3;1;1;0;0;0;0;0;365046,712999863550067;5624336,429999466985464;7,086739076000072;50,755095232000031;5211010600110980000;0
161137;5;5;54;20;2021;6;23;3;3;3;6;1;1;0;0;0;2;0;366671,855791104957461;5785913,081321112811565;7,048743640000055;52,207512067000039;5210608705000490000;0
161139;5;3;15;0;2021;12;10;3;2;5;2;1;1;0;0;0;0;0;361889,978572297841311;5649453,355140680447221;7,032530525000027;50,980089119000070;5211221601500020000;0
161140;5;3;15;0;2021;5;15;3;3;5;3;1;1;0;0;0;0;0;364528,195999862626195;5645422,529999464750290;7,071591499000021;50,944489030000057;5210525601600590000;1
161142;5;5;62;12;2021;4;15;4;3;1;5;1;1;0;0;0;0;0;362882,977158960886300;5731423,272998381406069;7,015082581000058;51,716961147000063;5210414701620670000;0
161145;5;5;13;0;2021;7;11;3;3;8;7;1;1;0;0;0;0;0;366500,709689069539309;5711351,679483326151967;7,075072075000037;51,537461878000045;5210706700100970000;0
161149;5;1;22;0;2021;9;15;4;2;0;1;1;0;0;0;0;0;0;365018,401442136615515;5672482,746551770716906;7,068466413000067;51,187802566000073;5210929503400190000;1
161151;5;3;15;0;2021;6;20;4;3;1;5;1;0;1;0;0;0;0;360445,825399003922939;5646693,340868923813105;7,013029683000070;50,954936291000081;5210623601500880000;0
161156;5;1;58;8;2021;7;19;3;3;5;3;1;1;0;0;0;0;0;361628,813999849371612;5674138,012999445199966;7,019355508000046;51,201867615000026;5210713516700480000;0
161158;5;3;14;0;2021;9;13;5;3;1;5;1;1;0;0;0;0;0;365347,964955754578114;5622398,788769023492932;7,091715774000022;50,737749879000035;5210909600110580000;0
161162;5;3;82;44;2021;5;17;5;3;5;3;1;1;0;0;0;0;0;361427,691999845206738;5631070,354999432340264;7,032924456000046;50,814763858000049;5210520607400050000;0
161166;5;3;78;4;2021;10;12;7;3;0;7;1;0;0;0;0;0;0;367185,392999874427915;5650826,470999488607049;7,107420410000032;50,993676006000044;5211030606100430000;1