OID_;ULAND;UREGBEZ;UKREIS;UGEMEINDE;UJAHR;UMONAT;USTUNDE;UWOCHENTAG;UKATEGORIE;UART;UTYP1;IstRad;IstPKW;IstFuss;IstKrad;IstSonstige;ULICHTVERH;IstGkfz;LINREFX;LINREFY;XGCSWGS84;YGCSWGS84;UIDENTSTLAE;IstStrassenzustand
161167;5;1;24;0;2021;9;16;3;3;4;6;1;1;0;0;0;0;0;371477,209113204851747;5683826,921305809170008;7,156765612000072;51,291247026000065;5210921503100470000;0
161172;5;9;54;16;2021;11;15;3;3;1;5;1;1;0;0;0;1;0;373943,623289488255978;5695644,332917721942067;7,187934063000057;51,398007056000040;5211116310110070000;1
161177;5;5;58;12;2021;10;8;2;2;0;6;1;0;0;0;0;2;1;373804,747999906539917;5753721,234999565407634;7,164971573000059;51,919908663000058;5211011706000420000;1
161178;5;3;78;20;2021;9;17;7;3;5;5;1;0;0;1;0;0;0;367814,209468618966639;5652973,037241464480758;7,115594025000064;51,013113321000048;5210918606300030000;0
161179;5;3;14;0;2021;5;18;2;3;5;3;1;1;0;0;0;0;0;366192,109999870881438;5620528,271999470889568;7,104350798000041;50,721132802000056;5210503600110370000;0
161180;5;3;14;0;2021;4;15;7;3;5;3;1;1;0;0;0;0;0;371838,557999894954264;5614386,720999507233500;7,186430565000023;50,667202545000066;5210403600380580000;0
161182;5;3;14;0;2021;6;18;5;3;3;1;1;1;0;0;0;0;0;365733,578999867662787;5620551,273999473080039;7,097850254000036;50,721233776000076;5210610600110090000;0
161188;5;9;54;16;2021;5;11;5;3;0;1;1;0;0;0;0;0;0;372726,100989500060678;5696773,380797253921628;7,170036620000076;51,407882288000053;5210513310110680000;0
161189;5;3;14;0;2021;9;22;4;3;0;7;1;0;0;0;0;2;0;366163,508333208039403;5620748,315172955393791;7,103865996000025;50,723103964000074;5210929600110280000;0
161195;5;9;16;0;2021;10;15;3;3;5;2;1;1;0;0;0;0;0;372298,451486319303513;5708471,139163948595524;7,159666526000024;51,512915740000039;5211019300700890000;1
161196;5;9;11;0;2021;4;17;5;3;5;3;1;1;0;0;0;0;0;371117,285121961496770;5706658,261885259300470;7,143316531000039;51,496355212000026;5210401300210910000;0
161197;5;3;14;0;2021;9;8;5;2;0;1;1;0;0;0;0;0;0;370442,006999889388680;5616215,798999505117536;7,166038429000025;50,683333914000059;5210923600380160000;0
161201;5;3;82;68;2021;7;17;6;3;1;5;1;1;0;0;0;0;0;368345,043111345730722;5630778,508767008781433;7,131165805000023;50,813754538000069;5210709607000780000;0
161203;5;3;14;0;2021;7;15;6;2;0;1;1;0;0;0;0;0;0;365522,122936397790909;5622450,561314515769482;7,094163585000047;50,738255561000074;5210702600110060000;0
161205;5;9;16;0;2021;9;19;3;3;5;3;1;1;0;0;0;1;0;372107,017964657396078;5708474,598172729834914;7,156908017000035;51,512903524000080;5210907300600080000;0
161210;5;5;62;20;2021;10;13;1;2;5;3;1;1;0;0;0;0;0;370531,166175932623446;5720712,532665900886059;7,129702278000025;51,622524971000075;5211031701200170000;0
161211;5;3;82;68;2021;10;12;6;3;5;3;1;1;0;0;0;0;0;365566,414121923968196;5626886,297870436683297;7,093170948000022;50,778133745000048;5211015607400730000;1
161212;5;3;82;68;2021;12;7;5;3;8;1;1;0;0;0;0;0;0;370684,232194718904793;5630630,855434335768223;7,164404128000058;50,812954412000067;5211216607400060000;1
161214;5;1;24;0;2021;4;9;3;2;0;3;1;1;0;0;0;0;0;372683,887959287501872;5680782,202056990936399;7,175146793000067;51,264153668000063;5210420503200080000;0
161215;5;5;13;0;2021;2;6;3;2;4;6;1;1;0;0;0;2;0;368394,660010734573007;5706790,687072258442640;7,104067879000070;51,496918028000039;5210223700100070000;0
161217;5;3;82;68;2021;10;16;6;3;0;5;1;1;0;0;0;0;0;368526,080889906734228;5629755,404719801619649;7,134100653000075;50,804599980000035;5211008607100670000;0
161219;5;3;82;68;2021;4;17;3;3;5;3;1;0;0;1;0;0;0;369998,834743246436119;5629923,348448365926743;7,154931107000039;50,806441817000064;5210427607000930000;0
161220;5;3;14;0;2021;9;12;6;3;5;3;1;1;0;0;0;0;0;366712,315999872051179;5619144,591999478638172;7,112216047000061;50,708815767000033;5210924600110070000;0
161221;5;3;82;68;2021;7;15;3;3;0;7;1;0;1;0;0;0;0;370468,942516848444939;5630788,439636934548616;7,161294211000040;50,814322696000033;5210713607000370000;0
161222;5;3;14;0;2021;9;9;2;3;0;1;1;0;0;0;0;0;0;365696,767326858825982;5621806,358454847708344;7,096871943000053;50,732505917000026;5210906600110170000;0
161223;5;3;82;56;2021;3;8;6;3;5;3;1;1;0;0;0;0;0;371142,465172155760229;5624998,399430522695184;7,172880090000035;50,762430633000065;5210319607500070000;0
161224;5;3;14;0;2021;3;16;4;3;5;3;1;0;0;0;0;0;0;365985,291365960612893;5621711,228755580261350;7,100992623000025;50,731717534000040;5210331600110580000;0
161228;5;3;78;4;2021;11;17;3;3;5;2;1;1;0;0;0;1;0;368278,943841011263430;5651234,974178986623883;7,122846119000030;50,997598832000051;5211102606100460000;1
161229;5;3;14;0;2021;6;16;3;3;4;3;1;0;0;0;0;0;0;365618,224933137185872;5620876,776830274611712;7,096098407000056;50,724132718000078;5210608600110980000;0
161231;5;3;14;0;2021;12;16;2;3;3;6;1;1;0;0;0;1;0;366349,322557894513011;5620506,914183903485537;7,106584460000022;50,720977018000042;5211227600110180000;0
161232;5;3;82;68;2021;9;12;7;3;4;6;1;0;0;0;1;0;0;370346,747479224577546;5630802,316234176978469;7,159555692000026;50,814420079000058;5210925607400080000;0
161236;5;3;82;68;2021;9;13;5;3;5;3;1;1;0;0;0;0;0;369916,179977801628411;5630602,993434725329280;7,153517777000047;50,812531995000029;5210916607400430000;0
161237;5;1;24;0;2021;5;17;1;3;5;2;1;1;0;0;0;0;0;368089,459999880753458;5678683,313999501988292;7,110105267000051;51,244245809000063;5210523503100080000;0
161242;5;9;54;16;2021;6;12;7;3;0;7;1;0;0;0;1;0;0;373430,319939269684255;5695037,672498093917966;7,180775636000021;51,392440494000027;5210605310110880000;0
161243;5;3;14;0;2021;5;9;4;3;5;3;1;1;0;0;0;0;0;368220,609007941558957;5617492,792819721624255;7,134155635000070;50,694312948000061;5210519600380580000;0
161244;5;3;14;0;2021;11;9;4;3;5;2;1;0;0;0;0;0;0;367494,969999874942005;5620467,016999483108521;7,122819729000071;50,720880789000034;5211117600380170000;1
161246;5;3;78;4;2021;12;15;4;2;0;7;1;0;0;0;0;0;0;367142,315191306173801;5647610,845723720267415;7,107982239000023;50,964765239000030;5211208606100470000;0
161247;5;5;58;12;2021;12;9;6;3;4;2;1;1;0;0;0;0;0;373498,839999904856086;5756915,985999567434192;7,159351063000031;51,948548623000079;5211217706200270000;1
161249;5;3;14;0;2021;11;15;6;3;5;3;1;0;0;0;0;0;0;370702,588357456028461;5622986,924079649150372;7,167352662000042;50,744253084000036;5211112600140190000;0
161250;5;5;54;36;2021;9;16;6;3;5;6;1;0;0;1;0;0;0;369581,489999889396131;5766308,707999540492892;7,098812926000051;52,032047276000071;5210924705000220000;0
161251;5;3;14;0;2021;3;12;6;3;1;5;1;1;0;0;0;0;0;369509,872975703328848;5622876,454323176294565;7,150495729000056;50,742993325000043;5210326600140860000;0
161252;5;5;62;24;2021;9;12;1;3;5;3;1;1;0;0;0;0;0;373869,391897090710700;5725034,891265803948045;7,176341304000061;51,662127885000075;5210926701500500000;0
161256;5;3;14;0;2021;1;7;5;3;5;2;1;1;0;0;0;1;0;365506,099603999406099;5622404,786690441891551;7,093953340000041;50,737840431000052;5210121600110370000;1
161257;5;5;54;36;2021;10;14;3;3;1;6;1;1;0;0;0;0;0;369977,484272421337664;5766606,839476265013218;7,104468818000043;52,034819258000027;5211005705000070000;0
161259;5;9;11;0;2021;9;18;2;3;1;6;1;1;0;0;0;0;0;370636,999607907608151;5704705,764285467565060;7,137116907000063;51,478698438000038;5210906300210600000;0
161262;5;3;14;0;2021;5;7;3;3;1;5;1;1;0;0;0;1;0;367650,226990141905844;5617892,378235993906856;7,125941116000035;50,697774976000062;5210518600380070000;1
161263;5;3;78;4;2021;5;19;6;3;0;1;1;0;0;0;0;0;0;367966,361999877728522;5652632,762999497354031;7,117885648000026;51,010090015000060;5210528606100170000;0
161269;5;5;62;16;2021;10;8;5;2;5;2;1;1;0;0;0;0;0;374625,288574649952352;5733483,450757732614875;7,184227104000058;51,738223453000046;5211028701700570000;0
161270;5;3;78;4;2021;6;7;2;3;5;3;1;1;0;0;0;0;0;369053,580999881960452;5650885,964999504387379;7,134005024000032;50,994638834000057;5210628606100880000;0
161274;5;3;14;0;2021;11;7;6;3;5;2;1;1;0;0;0;2;0;366606,648624748922884;5620427,552015870809555;7,110256553000056;50,720322836000037;5211119600110890000;1
161280;5;5;62;16;2021;7;10;6;3;5;2;1;1;0;0;0;0;0;374523,780320700258017;5733971,082299379631877;7,182581918000039;51,742582998000046;5210709701700380000;0
161281;5;1;58;32;2021;6;15;3;3;0;1;1;0;0;0;0;0;0;369839,734664350748062;5689973,466887822374701;7,131050576000064;51,346115494000060;5210608516130090000;0
161282;5;1;24;0;2021;7;16;1;2;0;1;1;0;0;0;0;0;0;369032,010631274431944;5679015,245506973937154;7,123480046000054;51,247446168000067;5210711503100060000;0
161283;5;3;14;0;2021;6;19;5;3;0;1;1;0;0;0;0;0;0;367564,841820294037461;5622591,208021691069007;7,123045990000037;50,739989137000066;5210603600140280000;1
161285;5;3;14;0;2021;9;16;4;3;5;3;1;0;0;0;1;0;0;366497,478420443832874;5619354,855463577434421;7,109098971000037;50,710656328000027;5210929600110770000;1
161286;5;3;14;0;2021;2;13;7;3;5;3;1;1;0;0;0;0;0;369856,530850535258651;5616144,236595680937171;7,157780457000058;50,682560029000058;5210227600380180000;0
161287;5;3;78;4;2021;11;8;6;3;0;3;1;1;0;0;0;1;0;369558,888460587710142;5649221,971807748079300;7,141799036000066;50,979797978000079;5211126606100870000;1
161290;5;1;24;0;2021;12;8;4;3;0;7;1;0;0;0;0;1;0;370780,733298438601196;5680011,005978059023619;7,148162191000040;51,256794358000036;5211201503100800000;1
161291;5;5;58;12;2021;12;9;6;2;5;3;1;1;0;0;0;0;0;374833,960999907925725;5755033,648999573662877;7,179452098000070;51,931935011000064;5211210706200730000;2
161293;5;3;82;68;2021;6;16;5;3;4;2;1;1;0;0;0;0;0;368253,409198201261461;5632037,750210480764508;7,129413539000041;50,825051743000074;5210610607400570000;0
161294;5;3;14;0;2021;11;13;4;3;0;1;1;0;0;0;0;0;0;367332,310891902074218;5622512,540023764595389;7,119780631000026;50,739228987000047;5211124600140070000;0
161296;5;3;82;68;2021;4;8;4;3;3;6;1;1;0;0;0;0;0;367256,101113561540842;5630563,558112923055887;7,115794984000047;50,811574027000063;5210428607000270000;0
161300;5;3;14;0;2021;2;17;7;3;5;4;1;0;1;0;0;0;0;365765,784172213636339;5623186,523894611746073;7,097346620000053;50,744926719000034;5210206600110540000;1
161303;5;5;62;24;2021;10;9;4;3;5;3;1;1;0;0;0;0;0;369844,935509370639920;5724952,408642375841737;7,118217729000037;51,660469009000053;5211013701500980000;1
161304;5;5;58;12;2021;4;11;3;2;0;7;1;0;0;0;0;0;0;374041,441399104893208;5756200,123127901926637;7,167504051000037;51,942238694000082;5210427706200850000;0
161306;5;3;14;0;2021;6;17;1;2;0;1;1;0;0;0;0;0;0;369402,370692636817694;5621496,600866802036762;7,149461853000048;50,730566740000029;5210613600140930000;0
161307;5;3;82;56;2021;9;12;1;3;0;7;1;0;0;0;0;0;0;371624,869999893940985;5628494,062999511137605;7,178496083000027;50,793957630000079;5210926607500390000;1
161309;5;3;14;0;2021;9;6;4;2;6;4;1;1;1;0;0;1;0;367760,633557233028114;5624917,782569194212556;7,124983836000069;50,760945169000081;5210922600140580000;0
161310;5;3;14;0;2021;3;14;3;3;0;1;1;0;0;0;0;0;0;367429,604557877406478;5621729,433515669777989;7,121440398000061;50,732212589000028;5210309600140890000;1
161311;5;3;14;0;2021;11;13;2;3;5;2;1;1;0;0;0;0;0;365554,606999866664410;5621750,721999464556575;7,094878955000070;50,731972972000051;5211101600110060000;0
161312;5;3;14;0;2021;9;19;4;3;5;3;1;1;0;0;0;1;0;366230,122999870218337;5620056,712999474257231;7,105059998000058;50,716903176000073;5210929600110770000;0
161313;5;3;14;0;2021;3;12;3;3;4;5;1;1;0;0;0;0;0;369958,644661928527057;5623688,219967490062118;7,156566292000036;50,750390347000064;5210316600140570000;1
161314;5;5;62;20;2021;6;10;3;3;4;6;1;0;0;0;0;0;0;370945,790172708220780;5717401,020917806774378;7,136907430000065;51,592860308000070;5210629701200240000;0
161315;5;3;14;0;2021;12;14;1;2;0;1;1;0;0;0;0;0;0;365722,407654238864779;5621793,291502850130200;7,097239822000063;50,732394400000032;5211219600110370000;1
161330;5;3;14;0;2021;9;6;4;3;5;2;1;0;0;0;1;1;0;369907,974215508438647;5616465,201439216732979;7,158395295000048;50,685456474000034;5210901600380180000;0
161331;5;3;14;0;2021;1;21;6;2;0;1;1;0;0;0;0;2;0;368907,937468163669109;5620625,224632633849978;7,142769537000049;50,722623272000078;5210108600140920000;1
161332;5;3;82;56;2021;10;14;7;3;0;1;1;0;0;0;0;0;0;371095,604673226363957;5628293,044935155659914;7,171060992000037;50,792033362000041;5211023607500480000;0
161334;5;5;66;68;2021;9;23;6;2;0;1;1;0;0;0;0;2;0;375674,222585286013782;5785509,188295826315880;7,180566920000047;52,205986989000053;5210917709300140000;0
161335;5;3;78;4;2021;6;16;5;3;0;7;1;1;0;0;0;0;0;368830,371840723790228;5649281,223531594499946;7,131405446000031;50,980165016000058;5210617606100030000;0
161338;5;1;22;0;2021;9;7;5;3;0;7;1;0;0;0;0;0;0;367579,492998809553683;5668087,857507780194283;7,106711436000069;51,148903397000026;5210902503400440000;0
161341;5;3;14;0;2021;7;13;6;3;2;2;1;1;0;0;0;0;0;370138,555776742286980;5615971,166041137650609;7,161831204000066;50,681067419000044;5210702600380580000;0
161343;5;3;14;0;2021;7;9;5;3;3;6;1;1;0;0;0;0;0;369328,724999884143472;5615878,521999495103955;7,150407266000059;50,680053417000067;5210701600380070000;0
161345;5;3;78;4;2021;11;13;3;3;5;3;1;1;0;0;0;0;0;368368,116789146326482;5649590,689361667260528;7,124712014000067;50,982840911000039;5211109606100590000;0
161346;5;1;58;32;2021;7;15;2;3;0;1;1;0;0;0;0;0;0;369020,278790497221053;5690982,960028406232595;7,118919353000024;51,354999660000033;5210712516100170000;0
161348;5;3;14;0;2021;10;13;2;3;5;6;1;0;0;0;0;0;0;366930,271437788382173;5620146,392914323136210;7,114939984000046;50,717869958000051;5211025600380970000;0
161349;5;3;14;0;2021;5;12;7;3;3;6;1;1;0;0;0;0;0;366192,109999870881438;5620528,271999470889568;7,104350798000041;50,721132802000056;5210508600110170000;0
161350;5;1;20;0;2021;12;6;6;3;0;1;1;0;0;0;0;2;0;373067,489900320768356;5672257,370475923642516;7,183661337000046;51,187621269000033;5211210503300130000;1
161351;5;5;62;24;2021;5;12;4;3;5;3;1;1;0;0;0;0;0;371254,229928523302078;5725194,113717488944530;7,138492627000062;51,662965753000037;5210512701500590000;0
161353;5;3;14;0;2021;1;12;6;3;3;6;1;0;0;0;1;0;0;369027,889446252956986;5616896,379615910351276;7,145790801000032;50,689134572000057;5210115600380080000;0
161354;5;5;62;20;2021;9;13;2;3;1;5;1;1;0;0;0;0;0;372230,369444239884615;5717968,683141812682152;7,155235145000063;51,598254641000040;5210906701200070000;0
161355;5;3;14;0;2021;4;13;4;3;5;2;1;1;0;0;0;0;0;367239,440687223337591;5623154,689913649111986;7,118233806000035;50,744979435000062;5210428600140030000;0
161357;5;3;14;0;2021;12;18;4;3;5;3;1;1;0;0;0;2;0;370052,440365917049348;5616153,000205859541893;7,160549009000022;50,682682584000077;5211201600380090000;1
161358;5;3;82;56;2021;10;14;6;3;0;1;1;0;0;0;0;0;0;370977,945999893359840;5625194,802999509498477;7,170479717000035;50,764159403000065;5211001607500770000;0
161359;5;5;13;0;2021;11;19;7;3;0;5;1;1;0;0;0;2;0;368373,482092069461942;5709556,035167783498764;7,102730658000041;51,521764677000078;5211106700000370000;0
161362;5;3;78;20;2021;12;12;2;3;1;7;1;1;0;0;0;0;0;368237,166047216393054;5653034,755931545048952;7,121597694000059;51,013765086000035;5211220606100870000;0
161363;5;3;14;0;2021;3;18;4;3;2;6;1;1;0;0;0;0;0;369423,733415245078504;5616098,220172971487045;7,151673727000059;50,682049459000041;5210331600380160000;0
161368;5;9;11;0;2021;9;19;5;3;1;5;1;1;0;0;0;1;0;372211,972101155668497;5700545,146216874942183;7,161288166000077;51,441664327000069;5210916300412590000;0
161369;5;3;78;28;2021;12;11;6;3;5;2;1;1;0;0;0;0;0;371354,524356517009437;5639141,273518327623606;7,170923432000052;50,889596603000030;5211231606400480000;1
161371;5;5;62;32;2021;4;12;4;2;0;1;1;0;0;0;0;0;0;374204,011911860667169;5722048,460630621761084;7,182250857000042;51,635363934000054;5210421701110630000;0
161375;5;3;78;4;2021;9;11;5;3;0;7;1;0;0;0;0;0;0;368341,126325485296547;5650855,512584380805492;7,123869346000049;50,994202583000060;5210923606100530000;1
161376;5;3;78;4;2021;4;10;6;3;0;1;1;0;0;0;0;0;0;367308,982460618950427;5646867,979019634425640;7,110625260000063;50,958127014000070;5210430606100970000;0
161379;5;3;14;0;2021;9;18;5;3;5;3;1;1;0;0;0;0;0;370615,817143968306482;5616736,758430760353804;7,168315100000029;50,688055174000056;5210909600380790000;0
161380;5;5;62;20;2021;11;13;6;2;5;3;1;1;0;0;0;0;0;368504,779972339980304;5719053,430277710780501;7,101068935000058;51,607145452000054;5211119701200560000;1
161381;5;9;16;0;2021;10;14;6;3;1;5;1;1;0;0;0;0;0;373488,529091860167682;5709256,954800333827734;7,176525527000024;51,520245719000059;5211001300700680000;0
161383;5;5;13;0;2021;1;0;1;3;5;5;1;1;0;0;0;2;0;369595,782491284422576;5710146,123988449573517;7,120120263000047;51,527351248000059;5210110700100390000;1
161385;5;1;24;0;2021;7;15;6;3;8;1;1;0;0;0;0;0;0;367845,032572355121374;5677704,382068838924170;7,106966640000053;51,235391359000062;5210702503100280000;0
161387;5;5;62;20;2021;11;20;7;3;0;7;1;0;0;0;0;2;0;371172,223141551949084;5716422,296030553057790;7,140533706000042;51,584116478000055;5211106701200480000;0
161388;5;1;24;0;2021;6;15;1;3;0;7;1;0;0;0;0;0;0;371863,523999896831810;5680021,556999530643225;7,163667269000030;51,257133563000082;5210613503100070000;0
161389;5;1;13;0;2021;6;20;4;3;0;7;1;0;0;0;0;0;0;367751,389507163316011;5693929,016948081552982;7,099610749000021;51,381181893000075;5210609502232170000;0
161392;5;1;58;32;2021;12;10;5;2;0;1;1;0;0;0;0;0;0;369485,446875945664942;5689823,851473314687610;7,126021194000032;51,344689630000062;5211209516100090000;2
161395;5;3;14;0;2021;9;15;3;3;5;3;1;0;0;0;0;0;0;365435,976999864913523;5621872,502999467775226;7,093154481000056;50,733040062000043;5210914600110080000;0
161396;5;3;14;0;2021;11;13;6;3;4;1;1;1;0;0;0;0;0;370330,873371425084770;5616675,584669515490532;7,164304835000053;50,687441881000041;5211112600380070000;0
161405;5;3;78;4;2021;10;10;5;3;0;6;1;0;0;0;1;0;0;367342,566501235589385;5649605,590981725603342;7,110104585000045;50,982739450000054;5211028606100570000;0
161409;5;3;14;0;2021;4;20;6;3;0;1;1;0;0;0;0;2;0;365980,434455422684550;5620100,653506128117442;7,101509101000033;50,717240589000028;5210402600110440000;0
161410;5;5;58;12;2021;9;23;6;3;9;1;1;0;0;0;0;2;0;375005,120065447874367;5757934,473975144326687;7,180885655000054;51,958041767000054;5210903706200590000;0
161411;5;1;24;0;2021;2;12;1;3;0;7;1;0;1;0;0;0;0;369709,978944995440543;5674377,591144151985645;7,134874529000058;51,205921102000048;5210228503100070000;0
161412;5;3;78;4;2021;6;8;4;3;5;2;1;1;0;0;0;0;0;368249,805863646790385;5651325,302895244210958;7,122398337000050;50,998404006000044;5210609606110370000;0
161413;5;3;82;68;2021;11;17;5;3;5;3;1;1;0;0;0;1;0;369893,448098343797028;5630596,309820510447025;7,153197657000021;50,812466816000040;5211118607400480000;0
161414;5;3;78;4;2021;6;11;2;3;0;3;1;1;0;0;0;0;0;367138,519810521975160;5647596,989834077656269;7,107933281000044;50,964639832000046;5210614606100930000;0
161415;5;9;16;0;2021;6;13;6;3;0;1;1;0;0;0;0;0;0;372358,326292161829770;5710297,961639871820807;7,159867150000025;51,529347025000050;5210625300700280000;0
161418;5;5;54;24;2021;7;21;4;2;0;7;1;0;0;0;0;0;0;369949,291947524994612;5776219,012722630053759;7,100393940000060;52,121186700000067;5210707705000670000;0
161423;5;3;82;68;2021;9;16;7;2;1;7;1;1;0;0;0;0;0;367523,879999875091016;5628944,856999486684799;7,120177816000023;50,797086517000082;5210904607400090000;0
161424;5;5;13;0;2021;6;16;4;3;4;6;1;0;0;0;1;0;0;367847,671771323308349;5708399,955037113279104;7,095589573000041;51,511252514000034;5210623700000970000;0
161426;5;3;14;0;2021;10;11;7;3;5;3;1;1;0;0;0;0;0;369956,913999886251986;5622984,097999503836036;7,156790372000046;50,744061147000082;5211009600140090000;0
161427;5;5;62;24;2021;11;10;6;3;0;1;1;1;0;0;0;0;0;371259,282401869073510;5726771,473616298288107;7,137984344000074;51,677142194000055;5211105701500470000;0
161429;5;3;14;0;2021;11;16;5;3;5;3;1;1;0;0;0;1;0;369288,571004148572683;5617206,120478952303529;7,149369722000074;50,691977242000064;5211104600380090000;0
161430;5;5;62;24;2021;10;11;5;3;1;5;1;1;0;0;0;0;0;370660,729528950527310;5725855,126055944710970;7,129671576000021;51,668769775000044;5211021701500550000;0
161434;5;5;58;12;2021;12;11;5;2;6;4;1;0;1;0;0;0;0;373788,684710747562349;5756300,605781089514494;7,163792002000037;51,943084396000074;5211202706000070000;1
161437;5;3;82;24;2021;11;10;7;3;0;3;1;1;0;0;0;0;0;371296,143533119931817;5618211,159073822200298;7,177427571000067;50,701458614000046;5211106600120020000;0
161440;5;5;62;24;2021;11;19;3;3;3;6;1;0;0;0;0;2;0;369997,163154199719429;5728552,496196448802948;7,119077126000036;51,692856823000056;5211116701500680000;1
161441;5;1;22;0;2021;6;7;6;3;2;2;1;0;0;0;0;0;0;366847,980999873019755;5670405,175999490544200;7,095401134000042;51,169560081000043;5210625503400090000;0
161445;5;9;16;0;2021;5;13;7;3;6;4;1;0;1;0;0;0;0;372562,595866775140166;5709711,515687415376306;7,163022520000027;51,524122739000063;5210515300420700000;0
161446;5;5;62;24;2021;9;15;3;3;0;1;1;0;0;0;0;0;0;368651,917325338348746;5725685,377455774694681;7,100703749000047;51,666778308000062;5210928701500100000;0
161448;5;3;78;4;2021;9;13;2;3;4;6;1;1;0;0;0;0;0;368661,271130573004484;5649256,412796212360263;7,129006837000077;50,979903475000071;5210906606100530000;0
161450;5;5;62;24;2021;4;12;4;3;5;3;1;1;0;0;0;0;0;368045,320516504347324;5726237,941166277974844;7,091728870000054;51,671601784000075;5210414701500550000;0
161454;5;3;14;0;2021;6;8;5;3;0;1;1;0;0;0;0;0;0;366198,634007735177875;5621391,934932135045528;7,104129828000055;50,728896906000045;5210610600110770000;0
161455;5;5;62;24;2021;10;16;5;3;5;3;1;1;0;0;0;0;0;374553,178999907337129;5725544,506999561563134;7,186039541000071;51,666860836000069;5211007701500270000;0
161456;5;3;14;0;2021;1;7;5;3;7;7;1;0;0;0;0;2;0;368414,075901716016233;5617985,222465179860592;7,136717943000065;50,698782811000058;5210121600380990000;1
161458;5;1;24;0;2021;6;10;3;3;6;6;1;0;1;0;0;0;0;370672,855073234066367;5680360,623372144997120;7,146490663000066;51,259912047000057;5210622503100090000;0
161468;5;5;13;0;2021;10;16;3;3;6;1;1;0;1;0;0;0;0;367907,709514825604856;5708177,081288032233715;7,096537745000035;51,509263644000043;5211019700100980000;1
161473;5;5;58;12;2021;4;19;5;3;0;7;1;0;0;0;0;1;0;374083,350984708406031;5756511,769376384094357;7,167999305000023;51,945048772000064;5210401706200470000;0
161476;5;3;82;24;2021;3;16;3;2;5;3;1;1;0;0;0;0;0;371284,345267731696367;5618233,674366094172001;7,177252739000039;50,701658379000037;5210302600120870000;0
161477;5;5;62;32;2021;4;19;6;3;5;7;1;1;0;0;0;0;0;374531,776547964662313;5718822,283291151747108;7,188139915000022;51,606443356000057;5210423701110880000;0
161480;5;3;14;0;2021;10;10;2;3;0;3;1;1;0;0;0;0;0;367455,181545064784586;5622269,881033342331648;7,121608281000022;50,737076009000077;5211025600140490000;0
161481;5;3;14;0;2021;12;12;4;3;0;1;1;0;0;0;0;0;0;365599,502550817094743;5622210,140427824109793;7,095347248000053;50,736112587000036;5211201600110470000;1
161482;5;1;13;0;2021;5;12;1;2;8;7;1;0;0;0;0;0;0;368208,694108376279473;5696040,019983448088169;7,105394617000059;51,400259789000074;5210530502233770000;0
161483;5;3;14;0;2021;12;9;5;2;0;1;1;0;0;0;0;0;0;369863,916086099110544;5616385,365980509668589;7,157800052000027;50,684729033000053;5211223600380480000;0
161485;5;3;14;0;2021;4;17;3;3;1;5;1;1;0;0;0;0;0;365784,902759693562984;5622406,795028766617179;7,097901480000075;50,737922983000033;5210406600110370000;1
161486;5;3;14;0;2021;9;19;2;3;1;5;1;1;0;0;0;1;0;369135,718780034221709;5616832,635929854586720;7,147339092000038;50,688585893000038;5210906600380470000;0
161487;5;5;62;24;2021;3;12;4;3;0;1;1;0;0;0;0;0;0;372419,715440818108618;5726367,301837811246514;7,154906266000069;51,673774766000065;5210331701500290000;0
161488;5;3;14;0;2021;9;12;4;2;0;1;1;0;0;0;0;0;0;367053,614489142782986;5617346,156226582825184;7,117694571000072;50,692729390000068;5210915600380010000;1
161489;5;1;22;0;2021;3;15;4;3;0;7;1;1;0;0;0;0;0;366823,587695408612490;5674649,770013675093651;7,093478544000050;51,207701543000042;5210324503400980000;0
161494;5;3;82;56;2021;2;10;6;3;5;3;1;1;0;0;0;0;0;372093,302129980176687;5626922,086870370432734;7,185686189000023;50,779931779000037;5210219607100580000;0
161497;5;3;14;0;2021;11;14;6;3;5;3;1;1;0;0;0;0;0;368916,770935769192874;5616287,797934088855982;7,144434382000043;50,683639451000033;5211119600380070000;1
161499;5;3;82;68;2021;9;9;1;3;2;6;1;1;0;0;0;0;0;366969,937999874353409;5632378,206999480724335;7,111077351000063;50,827818239000067;5210926607400150000;0
161502;5;3;14;0;2021;6;16;7;3;0;1;1;0;0;0;0;0;0;365707,552925482392311;5621801,319881815463305;7,097026525000047;50,732463124000049;5210626600110860000;0
161503;5;3;14;0;2021;9;13;5;3;0;1;1;0;0;0;0;0;0;370811,451013241894543;5615430,461177637800574;7,171539659000075;50,676357118000055;5210930600380870000;0
161504;5;5;62;24;2021;5;9;6;3;5;3;1;1;0;0;0;0;0;368715,815747513435781;5724652,699191354215145;7,102015081000047;51,657513037000058;5210528701500480000;0
161505;5;3;82;72;2021;4;13;1;3;3;6;1;1;0;0;0;0;0;371501,525456850416958;5612004,863167598843575;7,182490573000052;50,645718922000071;5210418600320620000;1
161506;5;1;24;0;2021;6;7;7;3;1;5;1;1;0;0;0;0;0;369609,422029389999807;5681949,509241199120879;7,130678839000041;51,273949604000052;5210612503100390000;0
161508;5;5;13;0;2021;4;17;3;3;5;3;1;1;0;0;0;0;0;369119,052472971379757;5711576,158004842698574;7,112720269000022;51,540092378000054;5210420700100720000;0
161514;5;3;14;0;2021;6;11;1;3;0;1;1;0;0;0;0;0;0;369360,265999883413315;5624926,478999497368932;7,147649140000055;50,761385678000067;5210620600140280000;1