OID_;ULAND;UREGBEZ;UKREIS;UGEMEINDE;UJAHR;UMONAT;USTUNDE;UWOCHENTAG;UKATEGORIE;UART;UTYP1;IstRad;IstPKW;IstFuss;IstKrad;IstSonstige;ULICHTVERH;IstGkfz;LINREFX;LINREFY;XGCSWGS84;YGCSWGS84;UIDENTSTLAE;IstStrassenzustand
161515;5;3;82;68;2021;7;15;2;3;7;1;1;0;0;0;0;0;0;369992,566999888047576;5630741,389999503269792;7,154552423000041;50,813793071000077;5210712607400580000;0
161517;5;5;13;0;2021;4;15;6;3;1;5;1;1;0;0;0;0;0;369501,636294758878648;5716241,587060512974858;7,116501997000057;51,582108124000058;5210430700000420000;0
161520;5;3;14;0;2021;1;19;5;3;5;2;1;1;0;0;0;2;0;368763,187999880872667;5617042,785999491810799;7,141993451000076;50,690390855000032;5210121600380570000;1
161522;5;1;24;0;2021;7;8;2;3;8;1;1;1;0;0;0;0;0;372511,416268820874393;5680734,520151359960437;7,172693060000029;51,263686577000044;5210705503200070000;1
161524;5;9;54;16;2021;1;18;3;3;1;5;1;1;0;0;0;2;0;373595,714530108496547;5695868,800681907683611;7,182855598000060;51,399947014000077;5210105310110270000;1
161526;5;3;82;68;2021;6;13;2;3;5;3;1;1;0;0;0;0;0;367805,230999876745045;5631063,341999489814043;7,123404962000052;50,816191651000054;5210628607400070000;0
161528;5;1;24;0;2021;3;20;3;2;5;3;1;1;0;0;0;2;0;371077,512313880957663;5680238,772505149245262;7,152330864000021;51,258908577000057;5210309503100470000;1
161529;5;5;13;0;2021;7;23;7;3;0;7;1;0;0;0;0;2;0;368716,024976528249681;5705523,497075375169516;7,109166131000052;51,485604719000037;5210710700000070000;1
161530;5;9;16;0;2021;9;8;5;3;5;6;1;0;0;0;0;0;0;372319,704250282607973;5709543,712182961404324;7,159584054000049;51,522559819000037;5210930300700940000;0
161533;5;5;54;36;2021;10;22;7;3;1;5;1;1;0;0;0;2;0;369679,458785554394126;5766490,623113814741373;7,100170919000050;52,033704987000078;5211030705000490000;0
161534;5;3;14;0;2021;4;7;6;2;5;3;1;1;0;0;0;0;0;369368,327247153036296;5621726,218924930319190;7,148898370000040;50,732622943000081;5210430600140580000;0
161535;5;5;62;16;2021;6;7;3;2;0;1;1;0;0;0;0;0;0;374369,484415617771447;5734328,876670867204666;7,180219061000059;51,745763859000078;5210615701700270000;0
161536;5;3;82;68;2021;9;13;4;3;0;7;1;0;0;0;0;0;0;368189,059119656682014;5631337,672506965696812;7,128751991000058;50,818744815000059;5210915607400480000;1
161537;5;3;14;0;2021;9;19;1;2;0;1;1;0;0;0;0;2;0;367606,569278829731047;5619043,342987921088934;7,124910615000033;50,708110072000068;5210926600380570000;0
161538;5;3;82;68;2021;11;4;6;3;0;1;1;0;0;0;0;2;0;367636,953929380513728;5630277,461400197818875;7,121300992000045;50,809089759000074;5211126607400090000;1
161539;5;3;14;0;2021;10;14;7;3;8;1;1;0;0;0;0;0;0;365527,605999867431819;5621829,702999468892813;7,094467760000043;50,732676599000058;5211023600110190000;1
161542;5;5;62;20;2021;5;21;1;3;4;6;1;0;0;0;0;1;0;370939,819140395149589;5717505,910698615014553;7,136782699000037;51,593801566000081;5210530701200640000;0
161546;5;1;13;0;2021;2;16;3;3;0;2;1;1;0;0;0;0;0;369121,891319843009114;5701415,042590316385031;7,116529542000023;51,448776475000045;5210223502145010000;0
161547;5;3;14;0;2021;10;8;5;3;1;5;1;1;0;0;0;0;0;365369,440546110272408;5622551,085736250504851;7,091964306000023;50,739123690000042;5211007600110390000;1
161549;5;3;14;0;2021;3;14;1;3;1;5;1;1;0;0;0;0;0;366933,788624458946288;5622360,426149826496840;7,114190801000063;50,737770601000079;5210328600140870000;0
161550;5;5;58;12;2021;10;9;4;3;1;5;1;1;0;0;0;0;0;374286,613271169364452;5756432,651463739573956;7,170983931000023;51,944383750000043;5211020706200870000;0
161551;5;3;14;0;2021;9;22;1;2;0;1;1;0;0;0;0;2;0;366101,921253425069153;5620908,179584369063377;7,102935931000047;50,724526635000075;5210912600110030000;0
161554;5;3;78;8;2021;3;17;4;3;5;2;1;0;0;0;0;0;0;367787,774529876187444;5660685,348071740940213;7,112401202000058;51,082422015000077;5210331606700280000;0
161555;5;3;78;4;2021;4;11;1;3;0;3;1;1;0;0;0;0;0;369623,209842860698700;5650210,702142437919974;7,142360073000020;50,988699052000072;5210418606100080000;0
161556;5;3;14;0;2021;11;10;3;3;5;3;1;1;0;0;0;0;0;369418,203801427036524;5616605,199528502300382;7,151416403000042;50,686605103000034;5211109600380580000;0
161557;5;3;82;68;2021;6;6;3;3;5;2;1;1;0;0;0;0;0;366986,587782331742346;5632389,628449117764831;7,111309484000060;50,827924719000066;5210629607400770000;0
161558;5;3;82;68;2021;1;18;3;3;0;1;1;0;0;0;0;1;0;367905,739824049174786;5629269,810306629166007;7,125476386000059;50,800094361000049;5210105607000260000;0
161559;5;3;14;0;2021;10;10;1;3;5;2;1;1;0;0;0;0;0;369924,748252001591027;5616289,899229612201452;7,158694309000055;50,683884549000027;5211024600380070000;0
161560;5;9;16;0;2021;9;10;5;3;0;1;1;0;0;0;0;0;0;371327,908952110446990;5710313,431677626445889;7,145014937000042;51,529252183000040;5210930300700890000;0
161561;5;5;62;16;2021;6;8;3;3;5;3;1;1;0;0;0;0;0;373402,409999904222786;5733432,777999557554722;7,166544603000034;51,737493179000069;5210629701700470000;1
161563;5;5;62;16;2021;3;11;1;3;5;3;1;1;0;0;0;0;0;374097,186999906785786;5734234,660999560728669;7,176311040000030;51,744856043000027;5210328701700180000;0
161564;5;3;78;4;2021;9;19;4;3;1;7;1;1;0;0;0;1;0;369011,285199241712689;5650813,436059135943651;7,133428808000076;50,993977337000047;5210922606100580000;0
161567;5;3;15;0;2021;9;5;2;3;5;3;1;1;0;0;0;2;0;365872,858588812872767;5635785,295043375343084;7,094261378000056;50,858187208000061;5210913601610630000;0
161574;5;3;78;28;2021;6;20;6;2;0;2;1;1;0;0;0;0;0;372627,995978605933487;5641231,737361803650856;7,188290693000056;50,908668241000044;5210611606400830000;0
161578;5;5;62;20;2021;6;8;2;3;3;6;1;1;0;0;0;0;0;372786,514487579464912;5718043,698821945115924;7,163233228000024;51,599054684000066;5210621701200120000;1
161580;5;1;13;0;2021;4;13;3;3;0;7;1;0;0;0;0;0;0;367754,045282986946404;5703875,395556818693876;7,095936318000042;51,470569443000045;5210427502147470000;0
161581;5;3;14;0;2021;9;20;5;3;0;1;1;0;0;0;0;1;0;366400,832041734829545;5622564,111296165734529;7,106568309000068;50,739478961000032;5210902600110180000;0
161582;5;3;14;0;2021;7;17;5;3;5;3;1;1;0;0;0;0;0;369897,122999886050820;5616416,087999498471618;7,158259055000030;50,685012600000050;5210701600380070000;0
161585;5;3;14;0;2021;1;8;6;3;1;5;1;0;0;0;1;0;1;365840,234298536553979;5621861,063423626124859;7,098883821000072;50,733030757000051;5210115600110970000;0
161588;5;5;66;68;2021;12;13;4;3;1;3;1;1;0;0;0;0;0;376120,072999914176762;5785214,370999589562416;7,187195975000066;52,203438109000047;5211222709300490000;1
161591;5;3;14;0;2021;9;13;2;3;6;4;1;0;1;0;0;0;0;365541,300089931115508;5621750,571114163845778;7,094690560000060;50,731968536000068;5210920600110570000;0
161595;5;9;11;0;2021;3;13;6;3;5;3;1;1;0;0;0;0;0;370608,084630453959107;5699489,001255022361875;7,138609169000063;51,431808553000053;5210326300400040000;0
161597;5;3;14;0;2021;7;11;7;3;0;7;1;0;0;0;0;0;0;369115,299999883398414;5621303,591999493539333;7,145464916000037;50,728767326000082;5210703600140770000;0
161602;5;3;82;68;2021;6;16;3;3;0;1;1;0;0;0;0;0;0;367930,090999878942966;5629307,054999487474561;7,125808357000039;50,800434666000058;5210601607400650000;0
161603;5;9;11;0;2021;9;16;5;3;5;3;1;1;0;0;0;0;0;372792,053946431726217;5701083,934906747192144;7,169436586000074;51,446637115000044;5210923300400270000;0
161609;5;3;14;0;2021;6;17;3;3;4;6;1;0;0;0;0;0;0;366627,674688706174493;5621577,515054639428854;7,110138363000033;50,730663564000054;5210615600110390000;0
161613;5;3;14;0;2021;12;10;3;3;0;1;1;0;0;0;0;0;0;365955,967999868094921;5621534,423999473452568;7,100641634000056;50,730121652000037;5211228600110570000;0
161616;5;5;13;0;2021;10;16;3;2;4;6;1;1;0;0;0;0;0;369723,328237896785140;5715345,935047211125493;7,120032082000023;51,574110401000041;5211005700200090000;1
161617;5;3;14;0;2021;4;17;3;3;3;6;1;0;0;0;0;0;0;365514,896959380246699;5621158,396100530400872;7,094532637000043;50,726639990000081;5210427600110290000;0
161618;5;3;14;0;2021;12;22;5;3;0;6;1;1;0;0;0;2;0;366352,434999869205058;5622216,038999475538731;7,106009032000031;50,736339355000041;5211209600110390000;0
161620;5;1;24;0;2021;11;14;5;3;0;7;1;0;0;0;0;0;0;370168,859996736980975;5681213,194641483947635;7,138961993000066;51,267459843000040;5211118503100770000;0
161626;5;3;14;0;2021;6;10;3;3;5;3;1;1;0;0;0;0;0;365540,693399978801608;5623464,119563322514296;7,094056706000060;50,747369640000045;5210629600110970000;0
161627;5;3;14;0;2021;6;7;5;3;6;4;1;0;1;0;0;0;0;370222,424468040466309;5615596,635525004938245;7,163149157000021;50,677719710000076;5210617600380090000;0
161631;5;5;62;20;2021;6;15;4;3;5;2;1;1;0;0;0;0;0;371075,667716668918729;5719227,648902812972665;7,138109909000036;51,609305625000047;5210609701200560000;0
161632;5;3;14;0;2021;11;14;2;3;0;1;1;0;0;0;0;0;0;365831,443058039061725;5622563,226705132052302;7,098503708000067;50,739339737000080;5211122600110090000;0
161634;5;5;62;20;2021;6;20;5;2;0;1;1;0;0;0;0;0;0;372108,572347645647824;5715667,754175083711743;7,154315960000076;51,577548734000061;5210610701200480000;0
161637;5;3;14;0;2021;11;8;7;3;1;5;1;1;0;0;0;0;0;365635,415759482420981;5620413,912176391109824;7,096510428000045;50,719976483000039;5211120600110540000;0
161640;5;3;78;28;2021;10;15;6;2;0;7;1;0;0;0;0;0;0;372035,872102788649499;5639786,040517769753933;7,180379707000043;50,895543196000062;5211001606400570000;0
161641;5;3;14;0;2021;9;7;2;3;5;3;1;0;0;0;1;1;0;368232,369073715992272;5617482,567157417535782;7,134325697000065;50,694223702000045;5210927600380170000;0
161643;5;3;14;0;2021;6;19;4;3;3;2;1;1;0;0;0;0;0;366202,146999870426953;5620049,351999476552010;7,104666600000030;50,716830576000064;5210630600110070000;0
161644;5;5;62;16;2021;11;12;2;3;5;2;1;0;0;0;1;0;0;374607,842999908141792;5734955,865999564528465;7,183443778000026;51,751451894000070;5211115701700440000;0
161648;5;5;62;20;2021;4;17;4;3;5;3;1;1;0;0;0;0;0;372200,326675451360643;5718435,853778332471848;7,154631405000032;51,602446244000078;5210421701200710000;0
161649;5;3;14;0;2021;3;14;6;3;0;1;1;0;0;0;0;0;0;366574,323922745883465;5619821,477927071973681;7,110018062000051;50,714867997000056;5210319600110030000;0
161653;5;1;20;0;2021;6;13;5;3;0;1;1;0;0;0;0;0;0;372956,539999900385737;5671881,947999535128474;7,182207333000065;51,184222440000042;5210617503300080000;0
161654;5;3;78;4;2021;1;15;5;3;0;7;1;0;1;0;0;0;0;369099,734485276043415;5649111,276393935084343;7,135301713000047;50,978698872000052;5210114606100680000;0
161656;5;9;11;0;2021;10;13;3;3;0;6;1;1;0;0;0;0;0;371705,432983003556728;5704640,429504137486219;7,152517902000056;51,478354601000035;5211005300210380000;0
161657;5;3;78;8;2021;11;7;6;3;0;3;1;1;0;0;0;0;0;367422,478799115866423;5661049,206017481163144;7,107055397000067;51,085607872000026;5211126606700070000;1
161660;5;5;58;12;2021;10;10;6;3;6;3;1;0;1;0;0;0;0;374049,569166086614132;5756323,076902862638235;7,167577196000025;51,943345451000027;5211022706000990000;0
161661;5;3;14;0;2021;3;8;2;3;0;1;1;0;0;0;0;0;0;366032,035787967033684;5621032,276888338848948;7,101901296000051;50,725625910000076;5210329600110280000;0
161662;5;5;58;12;2021;6;15;7;3;5;3;1;0;0;0;0;0;0;374725,985999909229577;5757772,660999573767185;7,176884496000071;51,956524827000067;5210605706000070000;0
161666;5;3;82;68;2021;9;15;7;3;0;5;1;1;0;0;0;0;0;366378,104176370427012;5627186,547949105501175;7,104568230000041;50,781019962000073;5210918607400030000;0
161667;5;3;14;0;2021;11;16;3;3;3;6;1;0;0;0;1;0;0;369804,528231638483703;5615344,395954556763172;7,157326381000075;50,675359155000081;5211109600380630000;0
161672;5;5;62;24;2021;2;6;5;3;9;1;1;0;0;0;0;1;0;370464,156076624058187;5725908,822896799072623;7,126810724000052;51,669207044000075;5210218701500380000;1
161673;5;1;58;32;2021;6;16;2;3;7;5;1;1;0;0;0;0;0;369005,483673210255802;5690610,170027624815702;7,118844250000052;51,351645947000065;5210607516100380000;0
161674;5;3;15;0;2021;5;18;1;3;7;1;1;0;0;0;0;0;0;366086,265465266071260;5648132,205758964642882;7,092760040000030;50,969206486000076;5210502601510580000;0
161675;5;3;14;0;2021;10;15;5;3;2;6;1;1;0;0;0;0;0;370193,055856654420495;5616122,522509250789881;7,162549078000040;50,682440026000052;5211028600380270000;0
161676;5;3;14;0;2021;9;17;4;3;4;6;1;1;0;0;0;0;0;366881,569791001267731;5622798,232465516775846;7,113293025000075;50,741693647000034;5210908600140330000;0
161678;5;3;14;0;2021;12;11;6;3;2;7;1;1;0;0;0;0;0;366172,399373788386583;5622531,200481515377760;7,103344694000043;50,739130561000081;5211203600110080000;0
161680;5;5;62;24;2021;6;14;1;3;2;1;1;1;0;0;0;0;0;370948,436981652863324;5724263,402318496257067;7,134417348000056;51,654531578000046;5210620701500980000;0
161683;5;3;82;68;2021;10;7;4;3;4;6;1;0;0;0;0;0;0;367841,067537011578679;5631716,679345693439245;7,123678012000028;50,822071996000034;5211013607400870000;0
161684;5;3;14;0;2021;6;18;2;2;3;3;1;1;0;0;0;0;0;366523,963714575394988;5618966,976686393842101;7,109614139000030;50,707176136000044;5210614600110360000;0
161685;5;3;14;0;2021;10;22;6;3;0;3;1;0;0;0;0;2;0;370139,429702057503164;5617599,512731507420540;7,161271381000063;50,695703762000051;5211015600380490000;1
161687;5;5;62;16;2021;6;12;3;2;5;3;1;1;0;0;0;0;0;373838,147775421850383;5733125,008644849061966;7,172963305000053;51,734825574000070;5210615701700280000;0
161690;5;5;62;20;2021;3;21;2;3;0;1;1;0;0;0;0;2;0;370543,892410759814084;5718921,273017279803753;7,130547674000070;51,606430280000041;5210329701200980000;0
161693;5;3;14;0;2021;9;19;4;3;0;1;1;0;0;0;0;1;0;369473,760013337247074;5616499,644471116364002;7,152239725000072;50,685668808000059;5210915600380030000;1
161695;5;3;14;0;2021;9;14;6;3;5;2;1;1;0;0;0;0;0;369995,808505420573056;5616064,966251792386174;7,159778765000056;50,681878654000059;5210917600380980000;0
161696;5;3;78;4;2021;12;12;3;2;0;5;1;0;0;0;0;0;1;369442,978592321276665;5647800,019220683723688;7,140659330000062;50,966991482000026;5211221606100630000;0
161703;5;3;14;0;2021;9;10;2;3;5;3;1;1;0;0;0;0;0;367633,461113072931767;5619231,690878180786967;7,125223727000048;50,709809091000068;5210906600380590000;0
161704;5;3;82;68;2021;5;12;6;3;5;3;1;1;0;0;0;0;0;367517,765134189277887;5628954,943949811160564;7,120087458000057;50,797175780000032;5210514607000570000;0
161705;5;3;14;0;2021;10;18;5;2;1;5;1;1;0;0;0;0;0;365571,198999865911901;5622011,699999468401074;7,095018757000048;50,734322467000027;5211007600110190000;0
161707;5;3;14;0;2021;3;13;5;3;5;3;1;1;0;0;0;0;0;369791,682999885641038;5616075,703999496996403;7,156887161000043;50,681929528000069;5210304600380880000;1
161714;5;3;15;0;2021;6;8;3;3;0;6;1;1;1;0;0;0;0;366252,410886493511498;5636171,110787810757756;7,099510055000053;50,861742739000078;5210601601620290000;0
161715;5;1;20;0;2021;9;11;3;3;5;3;1;1;0;0;0;0;0;372632,411999898031354;5671782,721999529749155;7,177607259000069;51,183258500000079;5210921503300490000;0
161718;5;3;14;0;2021;9;17;2;3;0;1;1;0;0;0;0;0;0;367281,056999875232577;5622400,786999486386776;7,119094906000043;50,738212833000034;5210906600140070000;0
161726;5;1;58;32;2021;10;10;6;3;6;4;1;1;1;0;0;0;0;368896,277624975889921;5690695,470703385770321;7,117245468000021;51,352387367000063;5211022516100880000;0
161727;5;3;15;0;2021;10;15;1;2;0;1;1;0;0;0;0;0;0;365721,925999866798520;5634423,658999476581812;7,092617495000070;50,845914149000066;5211031601620200000;1
161730;5;3;14;0;2021;7;18;4;3;0;1;1;0;0;0;0;0;0;371009,631527572870255;5616048,110441753640771;7,174127603000045;50,681952770000066;5210707600380480000;0
161731;5;3;78;20;2021;12;13;5;3;0;1;1;0;0;0;0;0;0;367068,614049480296671;5656453,693062702193856;7,103694726000072;51,044223963000036;5211216606000630000;0
161733;5;5;62;24;2021;11;9;6;3;0;5;1;1;0;0;0;0;0;370945,264562820084393;5725438,197407867759466;7,133937775000049;51,665088392000030;5211119701500290000;1
161735;5;1;24;0;2021;9;2;1;3;5;3;1;1;0;0;0;2;0;370662,485648914240301;5677178,707690749317408;7,147491723000030;51,231312504000073;5210926503100180000;0
161736;5;5;62;20;2021;7;14;3;3;5;3;1;1;0;0;0;0;0;372114,875057343393564;5713122,537435080856085;7,155333029000076;51,554676405000066;5210706701200780000;0
161737;5;3;14;0;2021;5;21;3;3;1;5;1;1;0;0;0;2;0;366651,382590107619762;5618437,881489602848887;7,111608783000065;50,702449832000070;5210504600110530000;0
161743;5;3;78;4;2021;9;18;2;3;5;3;1;1;0;0;0;0;0;372395,251261702738702;5647731,985633172094822;7,182705397000063;50,967041552000069;5210920606100170000;0
161745;5;3;78;4;2021;9;11;5;3;0;1;1;0;0;0;0;0;0;368319,557601367123425;5650852,045770971104503;7,123563426000032;50,994166490000055;5210923606100380000;1
161746;5;3;14;0;2021;6;18;3;3;0;1;1;0;0;0;0;0;0;367545,821456513367593;5622585,144909832626581;7,122778756000059;50,739930303000051;5210622600140930000;1
161751;5;3;14;0;2021;6;7;4;2;5;3;1;1;0;0;0;0;0;370379,563999888487160;5616593,135999502614141;7,165022676000035;50,686711652000042;5210630600380890000;1
161753;5;3;14;0;2021;12;17;4;3;5;3;1;1;0;0;0;2;0;369332,606571374461055;5617223,829325821250677;7,149986574000025;50,692146308000076;5211201600380070000;1
161757;5;3;14;0;2021;9;10;1;3;1;5;1;1;0;0;0;0;0;367182,056074381805956;5618551,381257187575102;7,119078663000039;50,703591438000046;5210905600110370000;0
161759;5;3;14;0;2021;1;13;2;3;0;7;1;0;1;0;0;0;0;366876,861792164854705;5618193,044757779687643;7,114888279000070;50,700300883000068;5210111600380930000;1
161765;5;3;78;4;2021;11;13;6;3;2;6;1;1;0;0;0;0;0;370401,353999889455736;5647089,277999512851238;7,154553713000041;50,960819834000063;5211105606100870000;1
161768;5;3;14;0;2021;11;14;7;3;5;3;1;1;0;0;0;0;0;365495,690999867394567;5624221,398999471217394;7,093142587000045;50,754165569000065;5211120600110780000;0
161769;5;3;14;0;2021;10;14;1;3;8;1;1;0;0;0;0;0;0;370005,993518104776740;5615771,869827985763550;7,160025907000033;50,679246475000070;5211031600380870000;1
161770;5;3;78;32;2021;2;13;3;2;2;6;1;0;0;0;0;0;0;371888,772999896667898;5663348,073999525979161;7,169974125000067;51,107284435000054;5210223606220890000;0
161773;5;3;14;0;2021;2;14;7;3;5;2;1;1;0;0;0;0;0;368220,609007941558957;5617492,792819721624255;7,134155635000070;50,694312948000061;5210220600380070000;0
161781;5;9;11;0;2021;9;15;2;3;0;1;1;0;0;0;0;0;0;372177,354603606276214;5698624,951592816039920;7,161483386000043;51,424399351000034;5210927300400540000;0
161783;5;1;24;0;2021;10;17;1;3;0;7;1;0;0;0;1;0;0;372649,158683204092085;5681319,500102989375591;7,174457912000037;51,268974887000070;5211010503200380000;0
161785;5;5;62;16;2021;5;10;6;2;5;2;1;1;0;0;0;0;0;374609,882771966047585;5733834,876530839130282;7,183877457000051;51,741378213000075;5210521701700680000;0
161787;5;3;14;0;2021;10;15;4;3;0;1;1;0;0;0;0;0;0;366875,371999873779714;5620993,735999481752515;7,113856922000025;50,725473351000062;5211013600110460000;1
161788;5;3;14;0;2021;6;10;2;3;0;1;1;0;0;0;0;0;0;369062,226621444337070;5621568,239485038444400;7,144619340000077;50,731134071000042;5210614600140090000;0
161791;5;1;24;0;2021;5;8;7;3;5;3;1;1;0;0;0;0;0;371598,556422855705023;5681379,583957014605403;7,159384518000024;51,269279151000035;5210515503100290000;1
161792;5;9;16;0;2021;12;13;7;3;5;3;1;1;0;0;0;0;0;371147,633999893441796;5709878,892999533563852;7,142576455000039;51,525305894000041;5211204300700980000;0
161793;5;9;54;16;2021;7;13;4;3;0;1;1;0;0;0;0;0;0;372836,343176105059683;5696925,081841817125678;7,171566437000024;51,409270400000082;5210707310110880000;0
161794;5;3;14;0;2021;2;7;3;3;5;2;1;1;0;0;0;1;0;366014,530438221991062;5618322,887989217415452;7,102637106000032;50,701269870000033;5210202600110290000;1
161796;5;3;82;68;2021;10;19;1;3;0;1;1;0;0;0;0;2;0;368264,694791184738278;5629096,665604189038277;7,130629457000055;50,798619849000033;5211031607400770000;1
161797;5;5;62;24;2021;4;5;5;3;5;3;1;1;0;0;0;2;0;370258,696439347229898;5727834,910688851028681;7,123125688000073;51,686468670000068;5210422701500750000;0
161800;5;9;11;0;2021;9;19;6;3;3;6;1;1;0;0;0;0;0;371969,113866562023759;5703767,862345512956381;7,156629073000033;51,470572487000027;5210903300200560000;0
161801;5;3;14;0;2021;5;12;6;3;3;2;1;1;0;0;0;0;0;368733,610607241280377;5617476,885307643562555;7,141420716000027;50,694285971000056;5210507600380080000;1
161812;5;5;62;24;2021;6;8;6;3;0;1;1;0;0;0;0;0;0;371219,097999896854162;5726749,484999539330602;7,137411585000052;51,676935377000063;5210618701500680000;1
161813;5;3;78;4;2021;11;14;6;3;0;3;1;1;0;0;0;0;0;366588,543291519396007;5651247,244986599311233;7,098765849000074;50,997319684000047;5211105606100080000;0
161814;5;1;24;0;2021;12;15;3;3;6;4;1;0;1;0;0;0;0;370641,408259478397667;5680087,480507470667362;7,146138996000047;51,257450071000051;5211214503100060000;0
161815;5;3;82;68;2021;6;14;4;3;0;5;1;1;0;0;0;0;0;369947,064539831131697;5631000,232388198375702;7,153815129000066;50,816109360000041;5210630607400570000;0
161816;5;3;14;0;2021;3;17;3;3;5;3;1;1;0;0;0;0;0;366643,057506073266268;5619096,984203601256013;7,111252891000049;50,708371982000074;5210323600110170000;0
161818;5;3;14;0;2021;12;8;5;3;5;2;1;1;0;0;0;0;0;370706,031019109301269;5615492,285618571564555;7,170026801000063;50,676889412000037;5211223600380090000;0
161819;5;5;13;0;2021;5;19;1;3;1;7;1;1;0;0;0;0;0;368378,572924139909446;5708894,557987872511148;7,103051049000044;51,515821323000068;5210509700100390000;0
161820;5;5;66;68;2021;9;18;6;3;0;3;1;1;0;0;0;0;0;375766,193681867793202;5785470,091667650267482;7,181926471000054;52,205656400000066;5210903709300420000;0
161822;5;3;14;0;2021;10;14;6;3;6;7;1;0;1;0;0;0;0;367426,608674546703696;5619321,497692186385393;7,122263389000068;50,710569148000047;5211022600380380000;1
161824;5;3;14;0;2021;9;17;2;3;5;2;1;1;0;0;0;0;0;367533,470113252289593;5619092,756097069010139;7,123858171000052;50,708537552000053;5210913600110770000;0
161825;5;3;14;0;2021;5;13;7;3;6;4;1;0;1;0;0;0;0;367088,156054466031492;5622421,970307335257530;7,116355031000069;50,738359112000069;5210508600140000000;1
161828;5;3;78;4;2021;4;7;6;3;5;3;1;1;0;0;0;0;0;369595,597369268536568;5648095,410323569551110;7,142725736000045;50,969680974000028;5210430606100070000;0
161829;5;3;14;0;2021;2;16;3;3;5;2;1;0;0;0;1;0;0;370494,885997125878930;5615230,092089518904686;7,167131785000038;50,674485766000032;5210216600380070000;0
161831;5;5;62;32;2021;10;14;6;2;0;1;1;0;0;0;0;0;0;373780,559226224198937;5720549,088322296738625;7,176675746000058;51,621794262000037;5211029701110780000;0
161832;5;3;14;0;2021;6;14;5;3;3;2;1;0;0;0;1;0;0;368128,760936514474452;5622249,956355595961213;7,131155776000071;50,737050262000082;5210610600140750000;0
161833;5;3;14;0;2021;10;18;1;2;9;7;1;0;0;0;0;1;0;367202,159162499010563;5619703,335119752213359;7,118948773000056;50,713949908000075;5211010600380530000;0
161835;5;3;82;68;2021;9;18;2;3;5;3;1;0;0;0;0;0;0;366365,710980696603656;5627143,181755283847451;7,104408299000056;50,780627335000077;5210906607400240000;0
161839;5;3;14;0;2021;9;23;6;3;0;1;1;0;0;0;0;2;0;369894,639335384592414;5616413,626372311264277;7,158224782000048;50,684989918000042;5210917600380370000;0
161841;5;9;11;0;2021;5;13;4;2;5;3;1;1;0;0;0;0;0;372445,574771130457520;5698794,235338466241956;7,165278217000036;51,425981171000046;5210526300400490000;0
161844;5;5;13;0;2021;7;6;5;3;5;3;1;0;0;0;1;0;0;370415,417595070786774;5706592,082697974517941;7,133235492000040;51,495600012000068;5210701700000370000;1
161845;5;3;82;68;2021;1;16;3;3;0;7;1;0;0;0;0;0;0;367565,144064879976213;5633791,369873486459255;7,119013304000021;50,840656088000060;5210105607400860000;0
161848;5;3;82;56;2021;6;21;1;2;0;1;1;0;0;0;0;1;0;370135,652496785856783;5626595,324300110340118;7,158048197000028;50,776559660000032;5210620607500070000;0
161849;5;3;14;0;2021;12;10;5;3;5;2;1;1;0;0;0;0;0;368596,023616192862391;5617713,225650338456035;7,139389671000060;50,696379184000079;5211202600380490000;1
161853;5;5;62;16;2021;7;20;3;3;4;6;1;0;0;0;0;0;0;374854,392999909818172;5733547,834999566897750;7,187520222000046;51,738853269000060;5210706701700080000;0
161857;5;1;24;0;2021;2;15;1;3;0;1;1;0;0;0;0;0;0;371926,397999897599220;5679110,432999528944492;7,164893927000037;51,248958971000036;5210221503200570000;0
161858;5;3;15;0;2021;11;21;4;3;0;1;1;1;0;0;0;2;0;367405,522011059336364;5637856,828637761995196;7,115274632000023;50,877159276000043;5211110601000490000;0
161862;5;3;78;4;2021;9;19;3;3;5;3;1;1;0;0;0;0;0;366574,003702655434608;5651168,503350425511599;7,098587702000032;50,996608619000028;5210907606100560000;0
161864;5;5;58;12;2021;9;10;1;3;1;1;1;1;0;0;1;0;0;373101,890936939045787;5756550,302398616448045;7,153713494000044;51,945172043000071;5210905706200070000;0
161865;5;5;62;20;2021;11;15;2;3;2;6;1;1;0;0;0;0;0;369098,495533077977598;5719464,083726907148957;7,109484450000025;51,610974190000036;5211108701200380000;0
161866;5;3;14;0;2021;5;16;5;3;4;6;1;1;0;0;0;0;0;370197,210206119343638;5618437,547834642231464;7,161794528000030;50,703249200000073;5210513600380560000;0
161867;5;3;78;4;2021;3;16;2;3;0;5;1;1;0;0;0;0;0;366475,754093442112207;5651374,602620244026184;7,097112616000061;50,998438155000031;5210308606100580000;0
161876;5;9;16;0;2021;7;2;4;3;0;1;1;0;0;0;0;2;0;372398,636094672605395;5711878,959758741781116;7,159874909000052;51,543564615000037;5210714300700480000;1
161881;5;5;66;68;2021;3;10;3;2;0;1;1;0;0;0;0;0;0;376101,500543648377061;5785155,198000272735953;7,186945988000048;52,202902198000061;5210302709000410000;0
161893;5;5;13;0;2021;5;13;6;3;0;7;1;0;0;0;0;0;0;367689,527942400425673;5711983,909590106457472;7,091965724000033;51,543423424000082;5210528700100920000;0
161896;5;3;78;4;2021;9;14;3;3;4;6;1;1;0;0;0;0;0;366820,362999872304499;5646994,031999483704567;7,103625792000059;50,959147209000037;5210914606100070000;0