OID_;ULAND;UREGBEZ;UKREIS;UGEMEINDE;UJAHR;UMONAT;USTUNDE;UWOCHENTAG;UKATEGORIE;UART;UTYP1;IstRad;IstPKW;IstFuss;IstKrad;IstSonstige;ULICHTVERH;IstGkfz;LINREFX;LINREFY;XGCSWGS84;YGCSWGS84;UIDENTSTLAE;IstStrassenzustand
161897;5;9;11;0;2021;6;20;6;3;0;1;1;0;0;0;0;0;0;374053,574510186910629;5706229,114730270579457;7,185746781000034;51,493160183000043;5210611300200580000;0
161898;5;3;14;0;2021;9;18;5;3;5;3;1;1;0;0;0;0;0;368233,336216425523162;5617484,426033703610301;7,134338720000073;50,694240629000035;5210930600380170000;0
161899;5;1;24;0;2021;10;16;2;3;6;4;1;0;1;0;0;0;0;370640,367999890819192;5680045,493999522179365;7,146139278000021;51,257072486000027;5211011503100570000;0
161902;5;5;62;20;2021;10;14;6;2;0;1;1;0;0;0;0;0;0;369145,130142933689058;5719383,429727518931031;7,110187672000052;51,610260220000043;5211008701200170000;0
161905;5;5;58;12;2021;5;0;4;3;8;1;1;1;0;0;0;2;0;373749,926050900481641;5756279,149088570848107;7,163236306000044;51,942882784000062;5210519706200090000;0
161908;5;3;78;4;2021;4;8;3;3;5;3;1;1;0;0;0;0;0;368737,648182592354715;5650395,548137107864022;7,129682755000033;50,990159132000031;5210427606100080000;0
161909;5;3;14;0;2021;1;11;4;3;5;2;1;1;0;0;0;0;0;367105,218066127039492;5618735,073250945657492;7,117925020000030;50,705224923000060;5210113600110160000;0
161910;5;3;14;0;2021;9;19;4;3;5;2;1;1;0;0;0;1;0;365529,290458187460899;5624185,417768491432071;7,093631784000024;50,753849959000036;5210922600110280000;0
161913;5;3;15;0;2021;6;18;6;3;0;1;1;0;0;0;0;0;0;366554,440618104301393;5634883,731118585914373;7,104268554000043;50,850241821000054;5210604601620080000;0
161915;5;1;22;0;2021;9;13;4;3;0;7;1;0;0;0;0;0;0;369776,968628914095461;5669640,440173409879208;7,137550134000037;51,163361448000046;5210922503400880000;0
161923;5;3;82;68;2021;6;21;7;3;5;5;1;1;0;0;0;2;0;371302,429999891668558;5630693,136999512091279;7,173152629000072;50,813651906000075;5210619607400510000;0
161936;5;5;58;12;2021;3;16;1;3;1;5;1;1;0;0;0;0;0;372888,105037488974631;5756719,390031540766358;7,150542279000035;51,946642720000057;5210307706000910000;0
161937;5;9;54;16;2021;6;11;1;3;0;1;1;1;0;0;0;0;0;373311,557911834679544;5695926,462902320548892;7,178752287000066;51,400401852000073;5210627310110890000;0
161943;5;3;14;0;2021;4;13;7;3;5;3;1;1;0;0;0;0;0;368383,777533211745322;5616063,509818721562624;7,136973621000038;50,681503178000071;5210424600380020000;0
161944;5;5;62;24;2021;9;17;5;3;5;3;1;1;0;0;0;0;0;368442,238999882712960;5724559,558999517932534;7,098097356000039;51,656612065000047;5210916701500170000;0
161945;5;1;24;0;2021;11;19;4;3;3;2;1;1;0;0;0;2;0;370662,195999892428517;5679894,116999525576830;7,146506646000034;51,255716953000046;5211103503100090000;1
161947;5;3;14;0;2021;12;11;5;2;5;3;1;1;0;0;0;0;0;367202,790999875403941;5622713,438999483361840;7,117873677000034;50,741005072000064;5211202600140270000;1
161948;5;5;13;0;2021;10;17;3;3;4;6;1;1;0;0;0;0;0;367629,390999877825379;5708804,096999505534768;7,092294112000047;51,514833329000055;5211005700100190000;1
161949;5;9;11;0;2021;5;15;7;2;0;1;1;0;0;0;0;0;0;372171,764424416236579;5698630,554436448961496;7,161401004000027;51,424448444000063;5210508300400870000;1
161950;5;3;14;0;2021;7;7;5;3;0;1;1;0;0;0;0;0;0;366708,136149062775075;5618652,037887211889029;7,112334716000021;50,704387698000062;5210701600110880000;1
161954;5;5;62;24;2021;5;13;4;3;5;2;1;1;0;0;0;0;0;371061,384046468883753;5725457,952065404504538;7,135608553000054;51,665292578000049;5210505701500670000;0
161961;5;3;14;0;2021;3;18;3;2;9;6;1;0;0;0;0;1;0;367665,207640409469604;5618944,564692139625549;7,125776046000055;50,707235590000039;5210323600380960000;0
161962;5;3;14;0;2021;11;14;7;2;0;1;1;0;0;0;0;0;0;365697,908999866805971;5621805,824999470263720;7,096888306000039;50,732501386000081;5211113600110330000;1
161963;5;3;14;0;2021;10;6;4;3;5;3;1;0;0;0;1;2;0;371020,020061876624823;5623739,718652972951531;7,171585838000055;50,751090037000040;5211027600140560000;0
161967;5;1;58;32;2021;10;1;7;2;0;1;1;0;0;0;0;2;0;369278,446446619927883;5691552,218390356749296;7,122415710000041;51,360175108000078;5211030516100480000;0
161970;5;3;14;0;2021;1;19;2;3;0;1;1;0;0;0;0;2;0;366471,265186890028417;5619558,456549033522606;7,108654247000061;50,712480283000048;5210125600110490000;1
161973;5;5;58;12;2021;12;9;4;3;0;3;1;1;0;0;0;0;0;374164,109254227951169;5756831,961758930236101;7,169056434000026;51,947944436000057;5211201706200040000;1
161975;5;9;16;0;2021;6;0;5;3;1;5;1;1;0;0;0;2;0;371633,752527949400246;5712003,885686093941331;7,148805214000049;51,544513864000066;5210603300701000000;0
161976;5;5;62;32;2021;9;5;6;3;7;1;1;0;0;0;0;2;0;373954,292016232386231;5719964,372136823832989;7,179394419000062;51,616578355000058;5210917701110510000;0
161979;5;3;14;0;2021;10;17;4;2;5;3;1;1;0;0;0;0;0;367749,486999876797199;5624934,525999488309026;7,124819863000027;50,761093119000066;5211013600140080000;1
161982;5;3;82;56;2021;9;8;3;3;5;3;1;1;0;0;0;0;0;371142,317184383049607;5624998,479397408664227;7,172877964000065;50,762431319000029;5210928607000290000;0
161983;5;3;14;0;2021;10;18;7;3;1;5;1;1;0;0;0;1;0;366024,338453565724194;5620051,168421365320683;7,102148640000053;50,716805939000039;5211023600110890000;0
161984;5;5;62;32;2021;6;22;1;2;0;1;1;0;0;0;0;0;0;374211,460830073803663;5720699,380330167710781;7,182843062000074;51,623241414000063;5210613701110980000;0
161986;5;3;82;68;2021;11;15;2;3;5;3;1;1;0;0;0;0;0;367807,219762154854834;5631064,023793438449502;7,123432932000071;50,816198232000033;5211122607400570000;0
161987;5;3;14;0;2021;4;16;6;3;0;1;1;0;0;0;0;0;0;365648,104383994825184;5621829,419190021231771;7,096174372000064;50,732701932000055;5210430600110850000;0
161990;5;3;14;0;2021;6;17;5;3;1;5;1;1;0;0;0;0;0;369964,584622533060610;5618083,243824275210500;7,158626769000023;50,700012627000035;5210624600380560000;1
161992;5;1;24;0;2021;3;16;3;2;7;1;1;0;0;0;0;0;0;372035,882999897003174;5680501,438999531790614;7,165964329000076;51,261485208000067;5210302503100580000;0
161994;5;3;14;0;2021;10;20;1;3;0;1;1;0;0;0;0;2;0;369247,526468671858311;5616328,992734365165234;7,149099255000067;50,684084143000064;5211010600380780000;0
161995;5;3;82;24;2021;3;15;4;3;3;6;1;1;0;0;0;0;0;371268,305482473224401;5618264,283988881856203;7,177015051000069;50,701929960000029;5210317600120090000;0
161996;5;3;14;0;2021;3;8;4;3;5;3;1;1;0;0;0;0;0;367981,585999877192080;5621627,242999488487840;7,129294268000024;50,731419807000066;5210324600140730000;0
162002;5;3;14;0;2021;9;23;4;2;0;1;1;0;0;0;0;2;0;365729,572081170044839;5621789,300407018512487;7,097342739000055;50,732360184000072;5210922600110890000;0
162003;5;5;62;20;2021;10;7;5;3;5;3;1;1;0;0;0;2;0;371629,766873891465366;5717515,597194408997893;7,146734174000073;51,594046257000059;5211014701200130000;1
162004;5;5;62;20;2021;1;17;3;3;6;6;1;0;1;0;0;1;0;372210,788105591200292;5718163,985486136749387;7,154881434000060;51,600005364000026;5210126701200380000;0
162005;5;3;82;68;2021;9;7;3;3;5;3;1;1;0;0;0;0;0;367898,109999879263341;5631788,506999490782619;7,124461536000069;50,822730596000042;5210914607400420000;0
162007;5;3;82;56;2021;10;20;5;3;8;1;1;0;0;0;0;2;0;370318,732189415954053;5627306,252996213734150;7,160392739000031;50,782990599000073;5211028607500070000;0
162010;5;5;54;24;2021;11;15;5;3;5;3;1;1;0;0;0;0;0;370196,696883028373122;5776511,142580175772309;7,103894119000074;52,123869877000061;5211125705000880000;1
162011;5;9;54;16;2021;5;10;2;3;5;3;1;1;0;0;0;0;0;373707,867999904789031;5696006,637999545782804;7,184417946000053;51,401210789000061;5210531310110780000;0
162013;5;3;14;0;2021;11;14;5;3;5;3;1;1;0;0;0;0;0;366875,966999872587621;5623735,775999480858445;7,112874835000071;50,750119016000042;5211104600140590000;1
162015;5;3;14;0;2021;9;14;2;3;5;3;1;1;0;0;0;0;0;369346,495999884791672;5615801,058999499306083;7,150686039000050;50,679361146000076;5210906600380990000;0
162018;5;5;62;20;2021;9;11;5;3;5;3;1;1;0;0;0;0;0;371513,361558033153415;5717307,304594328626990;7,145130862000030;51,592147822000072;5210916701200780000;0
162019;5;3;14;0;2021;11;18;3;2;1;5;1;0;0;0;1;2;0;367790,978958494961262;5623935,253444647416472;7,125766714000065;50,752121052000064;5211130600140250000;1
162021;5;5;54;36;2021;7;12;6;3;0;1;1;0;0;0;0;0;0;369738,255664289928973;5766583,807897144928575;7,100992069000029;52,034556156000065;5210702705000680000;1
162022;5;5;66;68;2021;12;5;4;3;8;7;1;0;0;0;0;2;0;375385,838662619702518;5784577,555142778903246;7,176691667000057;52,197550122000052;5211215709300210000;1
162027;5;9;16;0;2021;12;7;4;2;5;3;1;1;0;0;0;1;0;372210,219319687224925;5709335,406665854156017;7,158082335000074;51,520663007000053;5211208300700770000;1
162028;5;9;11;0;2021;6;20;5;3;5;3;1;1;0;0;0;0;0;370723,634279232472181;5702349,526129651814699;7,139225612000075;51,457542664000073;5210610300200580000;0
162031;5;3;14;0;2021;12;7;4;3;8;1;1;0;0;0;0;1;0;369207,271778012625873;5615874,023850984871387;7,148690698000053;50,679985701000078;5211222600380030000;0
162034;5;5;62;24;2021;11;17;4;3;5;2;1;1;0;0;0;2;0;370059,925739348866045;5725408,042116874828935;7,121154854000054;51,664613370000041;5211117701500980000;1
162036;5;3;78;4;2021;6;17;4;3;7;5;1;1;0;0;0;0;0;367651,090559468604624;5646591,249219898134470;7,115594313000031;50,955718528000034;5210623606110960000;0
162037;5;3;14;0;2021;9;21;3;3;6;4;1;0;1;0;0;2;0;366196,158999869599938;5620041,027999477460980;7,104584844000044;50,716754381000044;5210907600110570000;0
162042;5;5;58;12;2021;3;7;4;2;3;7;1;0;0;0;0;0;1;373197,083760472014546;5756156,509000245481730;7,155242935000047;51,941654971000048;5210317706000880000;1
162043;5;3;14;0;2021;11;15;3;3;5;3;1;1;0;0;0;0;0;366597,218999870121479;5620049,173999479040504;7,110259863000067;50,716919795000081;5211102600110270000;1
162046;5;3;14;0;2021;12;16;1;3;0;1;1;0;0;0;0;2;0;367043,006262870505452;5622417,055041136220098;7,115717305000032;50,738304599000060;5211212600140070000;1
162047;5;3;15;0;2021;9;15;7;3;5;3;1;1;0;0;0;0;0;366741,953429569490254;5637380,958628280088305;7,106021445000067;50,872729629000048;5210918601600290000;0
162048;5;3;82;56;2021;4;12;5;3;5;5;1;1;0;0;0;0;0;371984,594999896362424;5627940,361999515444040;7,183790378000026;50,789060365000068;5210415607000370000;0
162057;5;1;24;0;2021;1;17;2;3;5;3;1;0;0;0;0;2;1;367625,011115053668618;5679350,665528109297156;7,103208179000035;51,250135826000076;5210111503100280000;1
162059;5;3;78;4;2021;12;9;5;3;0;1;1;0;0;0;0;0;0;369128,135649742558599;5651046,495042549446225;7,135008980000066;50,996098595000035;5211223606100140000;0
162062;5;3;14;0;2021;6;17;5;3;1;5;1;1;0;0;0;0;0;366570,718151587992907;5620962,681100977584720;7,109554250000031;50,725124344000051;5210610600110480000;0
162063;5;3;82;68;2021;3;10;2;3;0;1;1;0;0;0;0;0;0;367895,231104237958789;5629636,225871430709958;7,125195518000055;50,803385304000074;5210315607400860000;1
162064;5;3;14;0;2021;6;19;4;3;0;5;1;1;0;0;0;0;0;370057,872606797143817;5620390,420963829383254;7,159134806000054;50,720771091000074;5210602600140730000;0
162066;5;5;58;12;2021;11;10;2;3;0;7;1;1;0;0;0;0;0;373992,543999906629324;5756812,262999571859837;7,166568718000065;51,947728578000067;5211108706000590000;1
162068;5;3;78;20;2021;6;17;4;2;0;1;1;0;0;0;0;0;0;372274,155341628007591;5656061,196184596046805;7,178050715000040;51,041877240000076;5210616606300880000;0
162070;5;1;58;32;2021;2;15;7;2;0;1;1;0;0;0;0;0;0;369097,619897266849875;5690464,999349134042859;7,120220019000044;51,350362514000039;5210220516130570000;0
162071;5;5;13;0;2021;12;8;6;3;0;1;1;0;0;0;0;0;0;367950,042829821817577;5714038,736713018268347;7,094948880000061;51,561950500000080;5211210700000270000;0
162072;5;3;78;20;2021;2;14;7;3;8;1;1;0;0;0;0;0;0;367393,953999876044691;5656252,708999492228031;7,108406675000026;51,042492804000062;5210220606300930000;0
162074;5;5;62;20;2021;9;12;5;3;5;3;1;1;0;0;0;0;0;371192,394838274456561;5717429,084172410890460;7,140455219000046;51,593168945000059;5210902701200600000;0
162075;5;3;14;0;2021;10;10;4;3;5;2;1;1;0;0;0;0;0;370259,067999887280166;5617801,483999503776431;7,162893502000031;50,697545850000040;5211013600380590000;0
162076;5;3;14;0;2021;9;9;5;3;1;5;1;1;0;0;0;0;0;365904,001865511760116;5622895,295195026323199;7,099410589000058;50,742341111000030;5210930600110680000;0
162079;5;3;78;20;2021;11;16;1;3;0;7;1;0;1;0;0;0;0;368845,105999880470335;5653341,247999502345920;7,130148680000048;51,016658707000033;5211128606100330000;0
162083;5;3;15;0;2021;1;5;2;3;5;2;1;1;0;0;0;2;0;367407,171153097413480;5637856,260754812508821;7,115298265000035;50,877154551000046;5210111601610740000;2
162084;5;5;13;0;2021;4;22;3;3;5;3;1;1;0;0;0;2;0;368390,321487613953650;5707952,166467230767012;7,103572068000062;51,507354996000061;5210413700100560000;0
162087;5;3;78;4;2021;7;12;7;3;0;2;1;1;0;0;0;0;0;366569,222312168218195;5651170,747835159301758;7,098518779000074;50,996627682000053;5210710606100790000;0
162093;5;5;58;12;2021;10;9;6;3;5;3;1;1;0;0;0;0;0;374454,426999909803271;5756761,784999569877982;7,173303936000025;51,947379392000073;5211029706000570000;0
162094;5;3;14;0;2021;2;16;7;3;5;2;1;1;0;0;0;0;0;365964,093373441137373;5621885,190757442265749;7,100629169000058;50,733276208000063;5210213600110270000;0
162097;5;3;14;0;2021;7;19;1;2;0;1;1;0;0;0;0;0;0;367563,969322224147618;5622590,929895918816328;7,123033732000067;50,739986438000074;5210704600140130000;1
162098;5;1;24;0;2021;9;14;4;3;0;2;1;1;0;0;0;0;0;371058,675799270160496;5680201,689775241538882;7,152074424000034;51,258571039000060;5210901503100900000;0
162105;5;3;78;28;2021;7;15;2;3;0;7;1;0;0;0;0;0;0;372475,744408887811005;5639705,126539232209325;7,186659488000032;50,894913229000053;5210705606500080000;0
162108;5;5;13;0;2021;1;6;4;3;5;3;1;1;0;0;0;2;0;367879,834073486737907;5712987,940581038594246;7,094331422000039;51,552490909000028;5210106700000270000;1
162115;5;5;13;0;2021;10;11;3;2;6;2;1;0;1;0;0;0;0;368656,469631134532392;5708854,808368518948555;7,107068599000058;51,515528780000068;5211026700000670000;0
162117;5;5;62;20;2021;6;13;5;3;1;3;1;1;0;0;0;0;0;371405,178615157492459;5716690,219089539721608;7,143796081000062;51,586577474000080;5210617701200580000;0
162119;5;3;78;4;2021;2;11;3;3;0;5;1;1;0;0;0;0;0;366619,448383524082601;5646640,235152501612902;7,100896266000063;50,955920944000070;5210202606100280000;1
162120;5;5;58;12;2021;12;8;6;3;0;1;1;0;0;0;0;0;0;374643,715999909676611;5755139,453999571502209;7,176647937000041;51,932843014000071;5211210706200200000;2
162121;5;5;62;16;2021;6;17;3;3;5;3;1;0;0;0;0;0;0;374852,207999910227954;5734326,928999569267035;7,187208320000025;51,745854382000061;5210608701700980000;0
162123;5;5;62;24;2021;3;12;2;3;5;3;1;1;0;0;0;0;0;370018,933906713500619;5729046,154629291966558;7,119207986000049;51,697298165000063;5210308701500180000;0
162125;5;3;78;4;2021;7;19;6;3;1;5;1;1;0;0;0;1;0;367061,554268784821033;5650815,997746121138334;7,105660599000032;50,993553284000029;5210709606100070000;0
162126;5;1;24;0;2021;10;9;2;3;6;1;1;0;1;0;0;0;0;371422,437999895773828;5680082,865999527275562;7,157327501000054;51,257585272000028;5211025503100490000;0
162128;5;5;58;12;2021;12;16;4;3;5;2;1;0;0;0;0;1;0;373725,806307341903448;5756381,687398796901107;7,162847936000048;51,943798762000029;5211208706200580000;0
162129;5;3;78;4;2021;9;19;5;3;4;1;1;1;0;0;0;0;0;366665,550846017897129;5650283,056461842730641;7,100216587000034;50,988671828000065;5210902606100280000;0
162131;5;1;24;0;2021;2;16;7;3;0;7;1;0;0;0;0;0;0;369354,926179332658648;5677702,774490218609571;7,128583017000039;51,235724625000046;5210227503100380000;0
162132;5;3;14;0;2021;5;15;5;3;0;6;1;1;0;0;0;0;0;367161,157999874092638;5618747,072999482974410;7,118712477000031;50,705345562000048;5210527600110090000;1
162133;5;3;15;0;2021;5;12;7;3;5;3;1;1;0;0;0;0;0;365788,163706041872501;5634399,998429171741009;7,093566496000051;50,845716864000053;5210508601620280000;0
162135;5;3;78;4;2021;6;15;2;3;0;1;1;0;0;0;0;0;0;367561,279374681413174;5646242,989435663446784;7,114443014000074;50,952567841000075;5210621606100190000;0
162139;5;5;62;20;2021;9;11;2;3;0;7;1;0;0;0;0;0;0;370904,365898946300149;5717447,409870529547334;7,136292682000033;51,593267707000052;5210913701200880000;0
162143;5;5;62;24;2021;3;10;6;3;5;2;1;1;0;0;0;0;0;370422,134999890811741;5727335,569999532774091;7,125674039000046;51,682019022000077;5210326701500900000;0
162146;5;3;14;0;2021;1;17;5;3;5;5;1;1;0;0;0;2;0;370117,534742177464068;5617526,416099963709712;7,160987235000050;50,695041856000046;5210107600380490000;1
162148;5;5;62;24;2021;6;10;6;3;0;1;1;0;0;0;0;0;0;373603,790590875782073;5725607,087310645729303;7,172296248000066;51,667210477000026;5210618701500160000;0
162152;5;3;14;0;2021;7;17;1;3;0;1;1;0;0;0;0;0;0;367546,825465549714863;5622585,464957294985652;7,122792862000040;50,739933409000059;5210704600140490000;1
162156;5;3;14;0;2021;5;11;6;2;0;1;1;0;0;0;0;0;0;369908,389187944121659;5616707,349838359281421;7,158315935000076;50,687633078000033;5210521600380270000;0
162157;5;9;11;0;2021;2;16;2;3;6;6;1;0;1;0;0;0;0;370817,728888581506908;5704862,377875203266740;7,139660731000049;51,480147229000067;5210201300200550000;1
162161;5;1;24;0;2021;2;16;7;3;0;6;1;1;0;0;0;0;0;372966,702688823454082;5680945,767908513545990;7,179140141000062;51,265686824000056;5210227503200580000;0
162163;5;5;13;0;2021;3;17;2;3;5;3;1;1;0;0;0;0;0;370102,056280718185008;5708967,963353931903839;7,127848753000023;51,516879937000056;5210329700100880000;0
162164;5;1;24;0;2021;6;10;5;2;8;1;1;1;0;0;0;0;0;369130,867610960267484;5678405,400174221023917;7,125118590000056;51,241987996000034;5210603503100590000;0
162167;5;3;14;0;2021;7;7;5;3;5;3;1;1;0;0;0;0;0;366230,122999870218337;5620056,712999474257231;7,105059998000058;50,716903176000073;5210701600110680000;1
162168;5;1;24;0;2021;2;15;4;3;0;7;1;0;0;0;0;0;0;371431,072999893687665;5681725,755999529734254;7,156860496000036;51,272352587000057;5210224503100980000;0
162169;5;5;62;24;2021;9;18;3;3;2;6;1;1;0;0;0;0;0;371089,241349833086133;5724246,599333664402366;7,136457865000068;51,654412881000042;5210907701500580000;0
162170;5;3;15;0;2021;6;0;5;2;0;1;1;0;0;0;0;2;0;366179,959915556013584;5637422,092216694727540;7,098023548000072;50,872969481000041;5210610601600480000;0
162173;5;3;14;0;2021;5;22;6;3;5;3;1;1;0;0;0;2;0;365413,936933184973896;5620590,281371843069792;7,093310331000055;50,721510428000045;5210507600110000000;0
162175;5;5;62;24;2021;10;22;7;2;0;7;1;0;0;0;0;2;0;369533,427999889478087;5724172,236999526619911;7,114007722000053;51,653385684000057;5211002701500100000;1
162179;5;3;14;0;2021;7;7;6;3;0;5;1;1;0;0;0;0;0;368483,634467874653637;5623296,198990689590573;7,135808647000033;50,746534506000046;5210702600140090000;0
162181;5;3;14;0;2021;5;9;5;2;3;3;1;1;0;0;0;0;0;366231,671421474777162;5620066,145570036023855;7,105078500000047;50,716988313000058;5210527600110290000;1
162182;5;9;16;0;2021;6;19;3;3;3;6;1;0;0;0;0;0;0;372070,265073529444635;5709070,839312365278602;7,156162253000048;51,518253649000030;5210601300700280000;0
162183;5;1;22;0;2021;9;15;4;2;0;7;1;0;0;0;0;0;0;369772,565930224955082;5669650,436096455901861;7,137483583000062;51,163450284000078;5210922503400590000;0
162184;5;3;14;0;2021;6;16;3;3;5;3;1;1;0;0;0;0;0;365737,216999866999686;5621491,868999471887946;7,097559325000020;50,729688651000060;5210629600110880000;0
162187;5;5;62;24;2021;6;23;7;3;0;1;1;0;0;0;0;2;0;370311,789772837422788;5727037,565190611407161;7,124189529000034;51,679315493000047;5210605701500280000;0
162188;5;3;82;68;2021;12;15;3;3;0;1;1;0;0;0;0;0;0;367435,223775627091527;5632562,799656270071864;7,117613484000060;50,829584076000060;5211214607400290000;0
162190;5;9;11;0;2021;12;15;2;3;5;2;1;1;0;0;0;0;0;372341,176656532101333;5699025,066926209256053;7,163694223000050;51,428032199000029;5211213300400460000;1
162191;5;1;24;0;2021;5;13;4;3;0;1;1;0;0;0;0;0;0;372676,016107605770230;5680903,283866757526994;7,174990913000045;51,265240136000045;5210519503200480000;1
162192;5;3;14;0;2021;3;10;4;3;1;7;1;0;0;0;1;0;0;366190,186707841232419;5620803,300140682607889;7,104223794000063;50,723604313000067;5210310600110490000;0
162195;5;3;82;68;2021;12;16;5;3;0;1;1;0;0;0;0;0;0;367160,334502077661455;5630685,608611844480038;7,114392250000037;50,812649051000051;5211209607400530000;1
162196;5;1;24;0;2021;10;12;2;3;5;3;1;1;0;0;0;0;0;370659,658999891951680;5681107,307999523356557;7,146031596000057;51,266619793000075;5211025503100490000;0
162200;5;9;16;0;2021;3;8;7;3;5;3;1;1;0;0;0;0;0;372375,944836070761085;5709480,245726844295859;7,160417259000042;51,522002154000063;5210306300700590000;0
162209;5;3;15;0;2021;6;8;3;3;0;7;1;1;0;0;0;0;0;366318,271260724402964;5648432,049266755580902;7,095952165000028;50,971955244000071;5210622601500080000;0
162212;5;5;58;12;2021;5;9;3;2;0;6;1;1;0;0;0;0;0;373502,911002751439810;5756875,729000356048346;7,159425079000073;51,948187783000037;5210518706000680000;1
162214;5;5;58;12;2021;9;0;2;2;0;7;1;0;0;0;0;2;0;373984,024890147149563;5756458,863365111872554;7,166574369000045;51,944550846000027;5210906706000070000;0
162215;5;5;62;24;2021;2;3;7;3;0;1;1;0;0;0;0;2;0;368589,547710909508169;5725561,552945559844375;7,099848985000051;51,665650973000027;5210227701500620000;0
162217;5;3;82;68;2021;4;7;5;3;0;1;1;0;0;0;0;0;0;371760,930735846050084;5630744,907185385003686;7,179639388000055;50,814218929000049;5210422607000670000;0
162218;5;3;14;0;2021;6;13;7;3;0;7;1;0;0;0;0;0;0;367702,809922498650849;5617475,352348459884524;7,126834612000039;50,694038644000045;5210605600380280000;0
162220;5;1;13;0;2021;3;11;3;3;8;7;1;0;0;0;0;0;0;367558,459996216930449;5700171,676479553803802;7,094508699000073;51,437239048000038;5210323502111260000;0
162221;5;3;14;0;2021;11;22;7;2;1;7;1;1;0;0;0;2;0;366991,193684279918671;5619914,025343131273985;7,115886274000047;50,715795369000034;5211120600110370000;0
162227;5;3;82;56;2021;12;6;5;3;4;6;1;0;0;0;0;2;0;369896,842999886721373;5627906,111999502405524;7,154198946000065;50,788287715000081;5211202607000080000;1
162233;5;3;14;0;2021;3;13;1;2;5;3;1;1;0;0;0;0;0;370613,958617035299540;5613720,434731002897024;7,169344007000063;50,660942815000055;5210328600380470000;0
162235;5;5;62;16;2021;3;7;6;3;5;3;1;1;0;0;0;0;0;374502,359048226848245;5734455,840585567057133;7,182096917000024;51,746934637000038;5210305701700470000;0
162237;5;5;54;44;2021;2;13;5;2;8;1;1;0;0;0;0;0;0;369907,131678657606244;5743048,892141340300441;7,112349362000032;51,823107256000071;5210225705000790000;0
162239;5;3;14;0;2021;9;9;5;3;4;7;1;1;0;0;0;0;0;369393,998928564600646;5616114,230024084448814;7,151247409000064;50,682186687000069;5210909600380380000;0
162240;5;3;14;0;2021;11;10;3;3;0;6;1;1;0;0;0;0;0;367631,250421309843659;5622490,806596092879772;7,124022702000048;50,739101862000041;5211123600140930000;0
162243;5;3;78;4;2021;5;21;4;2;0;2;1;1;0;0;0;1;0;369721,620610314421356;5647292,157823063433170;7,144807282000045;50,962489992000030;5210512606100870000;0
162247;5;3;82;68;2021;10;21;6;3;0;1;1;0;0;0;1;2;0;368509,485999879427254;5631121,382999494671822;7,133375860000058;50,816873651000037;5211015607400530000;0
162250;5;3;14;0;2021;5;19;2;3;9;1;1;0;0;0;0;0;0;365564,297324132174253;5622407,665787557139993;7,094776581000076;50,737879783000039;5210531600110690000;0
162253;5;3;14;0;2021;11;16;3;3;5;3;1;0;0;0;0;1;0;367018,032071758992970;5619926,420144291594625;7,116261763000068;50,715912915000047;5211130600110880000;1
162256;5;3;14;0;2021;6;12;2;2;0;1;1;0;0;0;0;0;0;368747,897261691279709;5616362,642445677891374;7,142018634000067;50,684274104000053;5210614600380920000;0
162257;5;3;14;0;2021;9;9;6;3;0;1;1;0;0;0;0;0;0;365713,844578226096928;5621798,061745779588819;7,097116814000060;50,732435295000073;5210910600110860000;1
162258;5;3;82;56;2021;7;14;7;3;7;7;1;0;0;0;0;0;0;370992,711138905957341;5628415,480253539979458;7,169558905000031;50,793110946000070;5210710607500070000;0
162261;5;1;24;0;2021;9;12;1;2;0;1;1;0;0;0;0;0;0;369631,988999886438251;5681874,685999518260360;7,131029474000059;51,273282309000081;5210919503100780000;0
162264;5;3;14;0;2021;5;11;7;2;0;1;1;0;0;0;0;0;0;365658,531999867409468;5622548,868999470025301;7,096059813000068;50,739170715000057;5210515600110540000;1
162267;5;5;62;20;2021;1;21;3;2;0;1;1;0;0;0;0;2;0;371274,207618847489357;5717284,773462092503905;7,141688587000033;51,591890746000047;5210112701200170000;1
162268;5;5;58;12;2021;6;8;2;3;0;1;1;0;0;0;0;0;0;374038,212347659282386;5756162,073963027447462;7,167471037000041;51,941896036000060;5210628706000970000;0
162269;5;1;13;0;2021;6;20;1;3;5;3;1;1;0;0;0;0;0;367924,872159797698259;5700791,259145814925432;7,099546147000069;51,442892700000073;5210620502145980000;0
162273;5;3;82;68;2021;7;5;2;3;0;7;1;0;0;0;0;0;0;368143,674500076100230;5632118,906285494565964;7,127827192000041;50,825756189000060;5210712607400170000;0
162274;5;5;13;0;2021;5;11;6;3;5;3;1;0;0;0;0;0;0;369644,809999887831509;5709450,665999520570040;7,121083953000038;51,521112591000076;5210528700100360000;0
162276;5;3;14;0;2021;2;15;2;3;5;3;1;1;0;0;0;0;0;367003,849044520407915;5622033,402557956054807;7,115301129000045;50,734847349000063;5210201600140580000;1
162278;5;5;54;24;2021;4;12;6;3;4;3;1;1;0;0;0;0;0;370220,218661887571216;5775795,046172033995390;7,104510593000043;52,117440666000050;5210430705000320000;0
162284;5;3;14;0;2021;2;12;5;3;0;7;1;0;0;0;0;0;0;367112,550445061177015;5622356,697710489854217;7,116724090000048;50,737778022000043;5210225600140050000;0
162287;5;5;58;12;2021;6;12;3;3;5;7;1;0;0;0;1;0;0;374192,877938574180007;5754823,647624326869845;7,170209409000051;51,929903305000039;5210608706200920000;0