OID_;ULAND;UREGBEZ;UKREIS;UGEMEINDE;UJAHR;UMONAT;USTUNDE;UWOCHENTAG;UKATEGORIE;UART;UTYP1;IstRad;IstPKW;IstFuss;IstKrad;IstSonstige;ULICHTVERH;IstGkfz;LINREFX;LINREFY;XGCSWGS84;YGCSWGS84;UIDENTSTLAE;IstStrassenzustand
162289;5;3;82;72;2021;2;15;1;2;0;1;1;0;0;0;0;0;0;371352,243073789402843;5612014,332874519750476;7,180376937000062;50,645771098000068;5210228600320570000;0
162290;5;1;24;0;2021;6;17;5;2;1;5;1;1;0;0;0;0;0;369864,485908434726298;5679874,513794962316751;7,135088557000074;51,255359263000059;5210624503100690000;0
162291;5;3;82;68;2021;9;8;4;3;5;3;1;1;0;0;0;0;0;367755,991466611623764;5631279,837020952254534;7,122628334000069;50,818126256000028;5210915607400680000;1
162292;5;3;82;68;2021;10;17;1;3;0;3;1;1;0;0;0;0;0;369915,503764517605305;5630596,960809286683798;7,153510322000045;50,812477621000028;5211024607000170000;0
162293;5;3;14;0;2021;1;12;7;3;0;1;1;0;0;0;0;0;0;366468,491999870166183;5619581,624999476596713;7,108606607000070;50,712687885000037;5210116600110870000;0
162296;5;9;54;16;2021;10;6;7;3;0;7;1;0;0;0;0;1;0;372428,729999898932874;5697349,658999539911747;7,165556012000025;51,412994629000082;5211023310110180000;1
162301;5;5;13;0;2021;4;21;2;3;5;3;1;1;0;0;0;1;0;369513,347715168260038;5709615,871352640911937;7,119128996000029;51,522566910000080;5210426700100930000;0
162302;5;3;14;0;2021;6;0;3;3;4;6;1;1;0;0;0;2;0;365633,113228683359921;5622559,764112684875727;7,095695807000027;50,739262759000042;5210629600110770000;0
162303;5;5;54;36;2021;12;16;3;3;4;6;1;1;0;0;0;2;0;370073,685866140760481;5766448,155197346583009;7,105930740000076;52,033415870000056;5211207705000090000;0
162307;5;3;14;0;2021;3;8;4;3;1;5;1;1;0;0;0;0;0;365809,437361891381443;5620764,321643840521574;7,098846799000057;50,723166166000055;5210303600110860000;0
162308;5;3;14;0;2021;11;11;7;3;4;5;1;1;0;0;0;0;0;369413,952999883331358;5621512,898999499157071;7,149620108000022;50,730715836000059;5211127600140090000;0
162311;5;3;14;0;2021;11;15;5;3;5;3;1;1;0;0;0;0;0;370188,106593801639974;5616127,991952830925584;7,162477137000053;50,682488083000067;5211118600380060000;0
162316;5;1;20;0;2021;9;17;6;3;1;5;1;1;0;0;0;0;0;374475,273465364240110;5670144,677173245698214;7,204533269000024;51,168943713000033;5210917503300070000;0
162320;5;5;62;28;2021;2;12;5;3;5;3;1;1;0;0;0;0;0;379010,778955597430468;5722110,860787477344275;7,251651439000057;51,636979170000075;5210225701920270000;0
162322;5;5;58;16;2021;11;10;6;2;5;3;1;1;0;0;0;0;0;381793,291999931447208;5743661,318999605253339;7,284521090000055;51,831252327000072;5211126706100100000;1
162324;5;5;62;36;2021;6;18;2;3;0;1;1;0;0;0;0;0;0;388044,538025377318263;5720195,374068943783641;7,382747469000037;51,621633581000026;5210628701930950000;1
162328;5;5;62;8;2021;11;15;2;2;3;6;1;1;0;0;0;0;0;385896,939295235089958;5723778,321830425411463;7,350569936000056;51,653405039000063;5211129701910540000;1
162332;5;3;78;12;2021;1;10;7;3;4;1;1;1;0;0;0;0;0;377331,972514186054468;5655249,475515410304070;7,250436227000023;51,035683513000038;5210116606100580000;2
162336;5;5;66;84;2021;2;14;4;3;0;6;1;0;0;0;1;0;0;385592,797036077827215;5777723,158090513199568;7,328274836000048;52,138163230000032;5210224709300970000;0
162337;5;5;62;32;2021;9;16;4;3;5;3;1;1;0;0;0;0;0;375257,822408597916365;5717822,918066309764981;7,198974449000048;51,597623246000069;5210922701110900000;0
162338;5;1;20;0;2021;5;21;3;2;5;3;1;1;0;0;0;0;0;376836,435367074795067;5674411,508438220247626;7,236826119000057;51,207807132000028;5210518503300890000;1
162339;5;5;58;32;2021;12;12;6;3;0;1;1;0;0;0;0;0;0;383340,345999937504530;5754813,568999614566565;7,303191862000062;51,931805098000041;5211210706000080000;1
162340;5;5;62;32;2021;5;6;2;3;5;3;1;1;0;0;0;0;0;376458,497450414113700;5719883,605002148076892;7,215574581000055;51,616407674000072;5210531701110660000;0
162343;5;5;62;32;2021;5;19;4;2;0;1;1;0;0;0;0;0;0;375736,985263972543180;5714006,502024341374636;7,207239469000058;51,563430284000049;5210519701120540000;0
162348;5;1;24;0;2021;9;13;1;3;8;1;1;0;0;0;0;0;0;381208,916342870332301;5678464,093473695218563;7,298047826000072;51,245158694000054;5210919503200570000;0
162353;5;5;62;32;2021;3;0;7;3;0;1;1;0;0;0;0;2;0;376341,677284903824329;5716867,945805720984936;7,214951461000055;51,589279693000037;5210327701110050000;0
162354;5;3;14;0;2021;4;7;2;3;5;3;1;1;0;0;0;0;0;372122,253560191020370;5613877,070049036294222;7,190619027000025;50,662683915000059;5210419600380480000;1
162355;5;5;58;16;2021;3;7;6;3;5;2;1;1;0;0;0;0;0;381793,291999931447208;5743661,318999605253339;7,284521090000055;51,831252327000072;5210319706100170000;0
162356;5;3;82;8;2021;2;16;5;3;5;3;1;1;0;0;0;0;0;374351,078154126182199;5611557,867998912930489;7,222925941000028;50,642322510000042;5210218600130730000;0
162357;5;5;66;76;2021;1;13;3;3;0;1;1;0;0;0;0;0;0;389880,930229906924069;5795692,419563982635736;7,385057582000059;52,300525395000079;5210119709500070000;1
162364;5;3;82;20;2021;7;11;5;3;1;5;1;1;0;0;0;0;0;378725,520999918691814;5626315,969999549910426;7,279915427000049;50,775908559000072;5210708607200010000;0
162365;5;9;13;0;2021;10;15;3;3;1;5;1;0;0;0;1;0;0;387185,010286083444953;5714479,151964489370584;7,372174674000064;51,570084854000072;5211019301205640000;1
162366;5;5;62;4;2021;9;15;2;3;5;3;1;1;0;0;0;0;0;384263,389848804101348;5717097,127766706049442;7,329174265000063;51,593022482000038;5210906701800840000;0
162372;5;5;62;36;2021;12;9;5;3;0;1;1;0;0;0;0;0;0;389100,325913703069091;5720032,834970857948065;7,398043856000072;51,620381718000033;5211209701930770000;2
162375;5;9;16;0;2021;6;16;3;3;5;3;1;0;0;0;0;0;0;375416,765878156758845;5712382,667347954586148;7,203197361000036;51,548765885000080;5210629300600150000;0
162376;5;3;82;28;2021;3;16;5;3;6;4;1;0;1;0;0;0;0;373992,476531273685396;5633594,667411837726831;7,210320278000040;50,840323465000040;5210325607100530000;0
162380;5;5;58;36;2021;6;14;1;3;0;7;1;1;0;0;0;0;0;387685,409091426990926;5729914,458057245239615;7,374437956000065;51,708915771000079;5210613706000360000;0
162381;5;5;62;8;2021;3;6;2;3;5;2;1;1;0;0;0;0;0;384504,359092875383794;5723767,817058265209198;7,330451952000033;51,653026239000042;5210315701910750000;0
162384;5;9;11;0;2021;3;14;2;3;5;3;1;1;0;0;0;0;0;382060,998232432641089;5704298,014033619314432;7,301682085000039;51,477530996000041;5210308300310750000;1
162386;5;5;62;4;2021;2;11;5;3;0;1;1;0;0;0;0;0;0;384922,765683408826590;5716403,510624643415213;7,338916428000061;51,586923463000062;5210225701800240000;0
162388;5;3;78;32;2021;7;15;4;3;0;1;1;0;0;0;0;0;0;374303,243885030038655;5666173,376564081758261;7,203460779000068;51,133212522000065;5210707606700370000;0
162390;5;5;66;96;2021;5;16;7;2;0;7;1;0;0;0;0;0;0;385576,592777241021395;5785832,922262221574783;7,325302777000047;52,211041133000037;5210515709300470000;1
162391;5;3;82;28;2021;9;11;6;3;5;2;1;1;0;0;0;0;0;374363,688999905250967;5633862,374999532476068;7,215498050000065;50,842810442000030;5210903607100930000;0
162392;5;3;82;56;2021;6;13;5;3;0;1;1;0;0;0;0;0;0;372644,038324574008584;5624779,786110043525696;7,194235765000030;50,760797177000029;5210610607500070000;0
162399;5;5;66;68;2021;4;16;1;3;0;3;1;1;0;0;0;0;0;378015,515899819321930;5785854,655267791822553;7,214687683000022;52,209614604000080;5210418709300780000;0
162400;5;5;62;32;2021;11;13;3;3;1;5;1;1;0;0;0;0;0;374638,691523718647659;5719359,746391072869301;7,189490832000047;51,611297386000047;5211109701110870000;0
162403;5;3;82;8;2021;10;17;5;3;1;5;1;1;0;0;0;0;0;374296,958973381668329;5612152,573045156896114;7,221959129000027;50,647656472000051;5211021600130030000;1
162404;5;5;58;36;2021;6;12;6;2;0;7;1;0;0;0;1;0;0;388114,408396229147911;5729896,267237884923816;7,380650150000065;51,708837995000067;5210625706300470000;0
162405;5;5;66;84;2021;4;16;3;3;0;3;1;1;0;0;0;0;0;385932,635976135730743;5778389,194696431979537;7,333014789000060;52,144219124000074;5210427709300120000;0
162406;5;9;16;0;2021;5;10;2;2;4;5;1;0;0;0;0;0;1;374935,187999908812344;5709550,199999555945396;7,197261706000063;51,523203358000046;5210503300420420000;0
162407;5;3;82;8;2021;4;22;6;3;1;5;1;1;0;0;0;2;0;374286,598849315196276;5612749,196174463257194;7,221610146000046;50,653017107000039;5210402600130470000;0
162410;5;9;16;0;2021;5;18;6;3;0;3;1;1;0;0;0;0;0;376391,945376219227910;5712058,115674698725343;7,217368567000051;51,546063513000036;5210528300600590000;0
162419;5;3;82;60;2021;6;22;6;3;9;6;1;1;0;0;0;2;0;376273,085126281715930;5629819,272160544991493;7,243969016000051;50,806880321000051;5210618607500570000;0
162422;5;5;62;4;2021;9;17;6;3;3;6;1;0;1;0;0;0;0;379443,107620504684746;5715121,115108121186495;7,260298888000023;51,574252284000067;5210917701800180000;0
162424;5;9;13;0;2021;1;6;3;3;5;3;1;1;0;0;0;1;0;386826,318448950536549;5713905,619110947474837;7,367186022000055;51,564858073000039;5210119301205280000;1
162425;5;9;54;12;2021;3;11;1;3;5;3;1;1;0;0;0;0;0;382930,589265486225486;5687032,158877041190863;7,319895103000022;51,322526136000079;5210307310230080000;0
162428;5;3;82;8;2021;11;16;6;3;6;4;1;0;1;0;0;2;0;375275,931900635361671;5612065,609243093058467;7,235828735000041;50,647085181000080;5211126600130870000;1
162429;5;9;54;24;2021;11;16;4;3;5;3;1;1;0;0;0;0;0;380644,114086598157883;5682798,209170963615179;7,288512988000036;51,283996158000036;5211110310210060000;0
162434;5;5;58;12;2021;2;14;1;3;0;7;1;0;0;0;1;0;0;376222,190531568601727;5755017,926332626491785;7,199638809000021;51,932104170000059;5210228706200470000;0
162436;5;3;82;60;2021;6;11;1;3;0;1;1;0;0;0;0;0;0;374030,453543046489358;5630723,843106094747782;7,211845715000038;50,814527671000064;5210613607000270000;0
162437;5;3;78;32;2021;6;0;7;3;0;1;1;0;0;0;0;2;0;375487,975609052926302;5667295,830227300524712;7,219996923000053;51,143559895000067;5210612606600780000;0
162438;5;5;62;32;2021;6;11;4;3;5;3;1;1;0;0;0;0;0;377126,174709845334291;5715719,819973815232515;7,226671916000043;51,579132786000059;5210616701120450000;0
162441;5;9;11;0;2021;1;19;2;3;5;3;1;1;0;0;0;2;0;383589,908254627138376;5703743,903883917257190;7,323870727000042;51,472867401000030;5210125300310380000;0
162443;5;5;66;68;2021;2;16;3;3;5;3;1;1;0;0;0;0;0;376349,799755923449993;5785991,877060053870082;7,190271948000031;52,210476478000032;5210223709300680000;0
162445;5;9;11;0;2021;10;20;6;3;5;2;1;1;0;0;0;2;0;377139,059163141995668;5704052,053104309365153;7,230927459000043;51,474272861000031;5211015300100600000;0
162446;5;3;82;20;2021;9;7;4;3;5;2;1;1;0;0;0;0;0;379117,037480904720724;5625923,222736412659287;7,285594901000024;50,772459963000074;5210901607000020000;0
162447;5;5;58;36;2021;9;16;5;3;0;7;1;0;0;0;1;0;0;388773,507945435121655;5729493,188675759360194;7,390314017000037;51,705346239000050;5210923706000160000;0
162448;5;9;11;0;2021;10;12;6;3;5;3;1;1;0;0;0;0;0;379151,495288419537246;5707055,854802852496505;7,258861728000056;51,501703262000035;5211008300100190000;0
162450;5;9;54;36;2021;10;16;6;3;5;2;1;1;0;0;0;0;0;385757,693042363971472;5700014,305349353700876;7,356274341000073;51,439787322000029;5211029300800690000;0
162459;5;9;11;0;2021;1;16;1;3;1;5;1;1;0;0;0;1;0;376560,031055392697453;5704008,161281276494265;7,222609682000041;51,473752346000026;5210110300500270000;0
162464;5;9;11;0;2021;10;10;7;3;5;3;1;0;0;0;1;0;0;384683,040291755460203;5704320,748580211773515;7,339414739000063;51,478275934000067;5211009300300570000;0
162465;5;5;62;32;2021;6;11;7;3;5;3;1;1;0;0;0;0;0;380246,179046911187470;5719085,936933137476444;7,270528889000047;51,610057243000028;5210619701110660000;0
162466;5;5;62;32;2021;7;16;2;3;0;1;1;0;0;0;0;0;0;375717,196606738492846;5714004,308817647397518;7,206954902000064;51,563406212000075;5210712701120680000;1
162467;5;9;13;0;2021;9;18;3;3;3;2;1;1;0;0;0;0;0;387532,480590421706438;5713657,761868268251419;7,377449079000030;51,562771606000069;5210928301205360000;0
162468;5;3;74;36;2021;6;11;4;3;1;5;1;0;0;0;1;0;0;383341,431318153627217;5673519,756844175979495;7,330196082000043;51,201157525000042;5210609605136740000;0
162478;5;3;82;20;2021;4;16;7;3;0;3;1;0;0;0;0;0;0;376739,358999913558364;5626130,060999540612102;7,251821092000057;50,773818757000072;5210403607200480000;0
162479;5;5;62;32;2021;11;17;2;3;5;2;1;1;0;0;0;2;0;377668,875329613685608;5716564,256045538932085;7,234205996000071;51,586840056000028;5211108701120570000;1
162480;5;3;82;20;2021;2;17;5;3;1;5;1;1;0;0;0;0;0;379012,441999921575189;5625786,892999548465014;7,284157046000075;50,771212712000079;5210225607000570000;0
162485;5;1;24;0;2021;9;10;1;3;5;3;1;1;0;0;0;0;0;374300,568485246971250;5675521,409331891685724;7,200153416000035;51,217230150000034;5210905503000900000;0
162486;5;9;54;8;2021;9;7;2;2;1;5;1;1;0;0;0;0;0;385286,807933771982789;5683813,978898435831070;7,354729886000030;51,294080209000072;5210906310220190000;0
162488;5;5;62;32;2021;12;14;4;3;4;5;1;0;0;0;1;0;0;375995,967984076589346;5716713,891623167321086;7,210018079000065;51,587819199000080;5211208701110380000;0
162491;5;3;74;16;2021;6;14;4;3;5;3;1;1;0;0;0;0;0;384661,081251761876047;5666890,177915209904313;7,351203537000060;51,141835499000081;5210602605116090000;0
162492;5;5;58;16;2021;5;17;7;3;0;6;1;0;0;0;0;0;0;381391,554100859910250;5744180,000484732910991;7,278515908000031;51,835828639000056;5210529706100920000;0
162493;5;9;54;8;2021;7;16;3;3;1;5;1;1;0;0;0;0;0;386886,203999944031239;5684979,159999595955014;7,377289913000027;51,304873343000054;5210713310220070000;0
162496;5;1;24;0;2021;3;10;3;3;5;2;1;1;0;0;0;0;0;377523,766903158277273;5681904,566361492499709;7,244097808000049;51,275301840000054;5210309503200060000;1
162498;5;3;78;32;2021;6;19;6;3;7;1;1;0;0;0;0;0;0;375300,603700131177902;5667214,793861068785191;7,217347736000022;51,142790761000072;5210625606210290000;0
162499;5;9;13;0;2021;7;11;6;3;0;7;1;0;0;0;0;0;0;389087,413999948650599;5710316,681999610736966;7,400925720000032;51,533049442000049;5210702301201670000;0
162500;5;5;66;84;2021;10;13;6;3;0;7;1;0;0;0;0;0;0;386351,115200645290315;5778067,353041773661971;7,339235296000027;52,141413005000061;5211001709300880000;0
162501;5;3;82;24;2021;6;8;4;2;5;3;1;1;0;0;0;0;0;377989,251999917440116;5618970,585999544709921;7,271910319000028;50,709727951000048;5210602600120190000;0
162503;5;5;58;36;2021;7;19;6;3;0;7;1;1;0;0;0;0;0;387376,733805645257235;5730631,549395537003875;7,369740603000025;51,715298936000067;5210709706000480000;0
162507;5;5;62;16;2021;5;10;5;2;0;7;1;0;0;0;0;0;0;375423,765840366482735;5734685,288299977779388;7,195354648000034;51,749202285000081;5210520701700620000;0
162510;5;3;82;60;2021;7;21;2;3;5;2;1;1;0;0;0;1;0;374282,024257773533463;5629258,047888256609440;7,215916987000071;50,801407133000055;5210705607100250000;0
162514;5;5;58;16;2021;4;16;6;3;1;5;1;1;0;0;0;0;0;380621,085799607448280;5742882,001921610906720;7,267786517000047;51,823999234000041;5210430706100380000;0
162520;5;9;54;36;2021;1;18;6;2;0;1;1;0;0;0;0;2;0;381524,158999931998551;5698791,386999584734440;7,295799565000038;51,427926269000068;5210115300510590000;0
162521;5;9;54;32;2021;7;19;1;3;5;2;1;1;0;0;0;0;0;388122,878443113528192;5693323,239222621545196;7,392401196000037;51,380117977000054;5210711310120070000;0
162525;5;9;11;0;2021;3;11;2;3;3;6;1;0;0;0;1;0;0;375911,116603534668684;5701475,211338248103857;7,214159953000035;51,450845727000058;5210329300220450000;0
162526;5;3;82;56;2021;12;12;6;3;5;3;1;1;0;0;0;0;0;372440,184960895217955;5626926,962454037740827;7,190602292000051;50,780052013000045;5211217607500070000;0
162528;5;9;11;0;2021;3;8;2;3;1;5;1;1;0;0;0;0;0;376989,771059044636786;5706262,566122505813837;7,228008900000020;51,494107296000038;5210301300110680000;0
162534;5;3;82;60;2021;5;12;7;3;1;5;1;1;0;0;0;0;0;373342,070801669731736;5628203,366244014352560;7,202948642000024;50,791722544000038;5210522607100060000;0
162535;5;5;62;8;2021;7;10;6;2;5;3;1;1;0;0;0;0;0;385418,688591580837965;5723392,960358422249556;7,343785897000032;51,649844235000046;5210702701910640000;0
162538;5;9;11;0;2021;3;10;2;3;4;5;1;1;0;0;0;0;0;376333,575775901786983;5705038,297961724922061;7,218990028000064;51,482961157000034;5210315300110570000;0
162546;5;5;62;4;2021;11;13;3;3;5;3;1;1;0;0;0;0;0;382680,686999933794141;5712216,764999594539404;7,307965962000026;51,548831918000076;5211102701800180000;0
162547;5;9;11;0;2021;4;5;2;3;6;6;1;0;1;0;0;1;0;376108,161649104207754;5705155,741063712164760;7,215704162000065;51,483967331000031;5210419300100760000;1
162550;5;5;58;16;2021;3;8;5;3;3;6;1;0;0;0;0;0;0;380857,874635596759617;5744255,875796768814325;7,270747751000044;51,836396947000026;5210304706000480000;1
162551;5;3;82;60;2021;2;9;5;3;0;1;1;0;0;0;0;0;0;373538,166174445301294;5628353,585740892216563;7,205677720000040;50,793115595000074;5210225607100380000;0
162553;5;5;66;96;2021;9;10;3;3;5;3;1;1;0;0;0;0;0;385387,711895427666605;5785702,852467212826014;7,322583642000041;52,209832972000072;5210907709300480000;0
162561;5;5;66;36;2021;9;10;5;3;5;3;1;0;0;0;0;0;0;387694,553950667381287;5767877,331454776227474;7,362216347000071;52,050108730000034;5210909709300080000;0
162562;5;3;82;60;2021;6;14;2;3;5;3;1;0;0;0;1;0;0;374151,667999903671443;5629195,075999526306987;7,214089622000074;50,800812816000075;5210621607100530000;0
162565;5;3;82;8;2021;9;10;2;3;2;7;1;1;0;0;0;0;0;374861,638441330753267;5612077,923684285953641;7,229967538000039;50,647107033000054;5210913600130370000;0
162570;5;5;58;16;2021;12;9;6;3;0;1;1;0;0;0;0;0;0;382221,062999933958054;5742625,553999602794647;7,291078538000022;51,822034037000037;5211210706000360000;2
162572;5;5;62;28;2021;11;18;6;3;1;5;1;1;0;0;0;2;0;379407,403451609425247;5722926,300250349566340;7,257098964000022;51,644392982000056;5211105701920480000;0
162573;5;3;82;28;2021;6;17;4;3;5;3;1;1;0;0;0;0;0;373526,882067448459566;5632019,584370246157050;7,204254416000026;50,826064511000027;5210609607100130000;0
162575;5;5;62;32;2021;4;15;6;3;5;3;1;1;0;0;0;0;0;376241,202541740611196;5714103,712864492088556;7,214475848000063;51,564414817000056;5210423701120080000;0
162576;5;5;66;68;2021;1;21;6;3;5;3;1;1;0;0;0;2;0;376344,114996268413961;5786001,582213357090950;7,190185247000045;52,210562415000027;5210115709300310000;0
162579;5;9;16;0;2021;9;14;5;3;5;3;1;1;0;0;0;0;0;376659,147999915294349;5711228,225999569520354;7,221510924000029;51,538663490000033;5210902300613580000;0
162580;5;5;66;60;2021;12;18;6;3;0;1;1;0;0;0;0;2;0;389334,772306513041258;5789434,018783666193485;7,379104730000051;52,244171787000028;5211231709500530000;0
162585;5;5;62;32;2021;3;17;3;2;5;3;1;1;0;0;0;0;0;376642,333697949536145;5714525,758097143843770;7,220111996000071;51,568295744000068;5210302701120300000;0
162590;5;3;78;28;2021;10;16;6;2;5;3;1;0;0;0;0;0;0;373373,003475042991340;5642209,273928046226501;7,198542630000077;50,917618434000076;5211001606400690000;0
162591;5;5;62;32;2021;2;5;5;3;5;3;1;1;0;0;0;2;0;378207,760522270575166;5717258,723962910473347;7,241739605000021;51,593198217000065;5210225701120580000;0
162595;5;5;62;8;2021;3;14;6;3;2;6;1;1;0;0;0;0;0;385299,245479318313301;5723912,593506071716547;7,341889745000060;51,654490199000065;5210319701910760000;0
162596;5;9;11;0;2021;12;8;6;2;0;1;1;0;0;0;0;0;0;379897,544597343541682;5706052,631246177479625;7,269946715000060;51,492845688000045;5211210300300190000;2
162602;5;1;20;0;2021;9;12;7;3;5;3;1;1;0;0;0;0;0;377959,555637026205659;5672478,853244218975306;7,253553448000048;51,190677504000064;5210918503300580000;0
162606;5;1;20;0;2021;11;9;2;3;0;1;1;0;0;0;0;0;0;378759,302319847978652;5673248,349126664921641;7,264732647000073;51,197764016000065;5211101503300680000;1
162611;5;9;16;0;2021;4;16;4;3;5;3;1;1;0;0;0;0;0;377051,356714402325451;5710679,942972920835018;7,227354865000052;51,533821437000029;5210421300410250000;0
162613;5;3;82;28;2021;6;16;2;2;0;1;1;0;0;0;0;0;0;374890,064133225008845;5633350,085939556360245;7,223145620000025;50,838319835000050;5210614607100630000;0
162617;5;3;82;8;2021;3;17;4;3;1;7;1;1;0;0;0;0;0;374241,272100771777332;5611103,818591136485338;7,221527821000052;50,638217498000074;5210331600130280000;0
162620;5;9;11;0;2021;6;17;5;3;6;6;1;0;1;0;0;0;0;376204,624250400811434;5704834,758250007405877;7,217205220000039;51,481103654000037;5210617300100770000;0
162622;5;5;62;8;2021;11;7;6;3;4;5;1;1;0;0;0;2;0;385160,027894231490791;5722961,148905200883746;7,340190550000045;51,645910458000060;5211126701910060000;0
162624;5;3;82;60;2021;9;16;5;3;5;2;1;0;0;0;1;0;0;373563,442266579717398;5628955,033905966207385;7,205829133000066;50,798527168000078;5210909607100080000;1
162625;5;9;13;0;2021;3;12;5;3;0;3;1;0;0;0;1;0;0;387304,144999945536256;5713860,413999609649181;7,374091368000052;51,564547462000064;5210311301205170000;0
162627;5;5;62;32;2021;9;11;2;2;7;7;1;0;0;0;0;0;0;374801,709121795371175;5720632,583533843979239;7,191389151000067;51,622772731000055;5210913701110470000;0
162628;5;9;11;0;2021;3;20;7;3;1;5;1;1;0;0;0;2;0;377995,036892555654049;5704271,140874223783612;7,243170755000051;51,476427161000061;5210306300110570000;0
162631;5;5;62;8;2021;2;13;1;2;0;7;1;0;1;0;0;0;0;384672,069906339049339;5722004,282441481947899;7,333456562000038;51,637210558000049;5210221701910410000;0
162635;5;5;66;68;2021;3;17;5;2;8;7;1;0;0;0;0;0;0;377778,454235334880650;5785198,270307516679168;7,211456904000045;52,203663636000044;5210325709300760000;0
162637;5;3;82;20;2021;9;12;1;3;0;7;1;0;0;0;0;0;0;376531,798168752342463;5626165,132198728621006;7,248866993000036;50,774089851000042;5210926607200370000;0
162638;5;3;82;8;2021;3;12;2;3;5;3;1;1;0;0;0;0;0;374587,973999906331301;5611089,605999525636435;7,226433160000056;50,638164457000073;5210308600130070000;0
162640;5;5;58;16;2021;10;16;4;3;0;1;1;0;1;0;0;0;0;381418,865092094056308;5743890,720462778583169;7,279011243000070;51,833234634000064;5211006706000780000;1
162642;5;5;58;36;2021;6;7;3;3;3;3;1;1;0;0;0;0;0;387625,787204652093351;5729915,932677483186126;7,373574930000075;51,708917086000042;5210615706000690000;0
162648;5;5;66;84;2021;9;7;2;2;5;1;1;1;0;0;0;0;0;390608,461192524060607;5775447,929690467193723;7,402264174000038;52,118731028000070;5210927709300390000;0
162651;5;3;82;60;2021;9;7;5;3;0;3;1;0;0;0;1;0;0;373539,857257646508515;5628352,050911478698254;7,205702230000043;50,793102168000075;5210902607111530000;0
162656;5;3;82;28;2021;9;16;4;3;5;2;1;1;0;0;0;0;0;376987,602999914437532;5638482,511999545618892;7,251195323000047;50,884902472000078;5210908607100490000;0
162657;5;1;24;0;2021;1;12;4;3;0;2;1;1;0;0;0;0;0;376728,391168666072190;5683279,199080938473344;7,232226241000035;51,287485213000082;5210127503200080000;1
162658;5;3;82;20;2021;10;7;4;3;5;3;1;1;0;0;0;2;0;378948,027185356244445;5626105,608985649421811;7,283139054000060;50,774064150000072;5211027607200760000;0
162661;5;1;24;0;2021;6;17;3;2;5;3;1;0;0;0;1;0;0;379056,261112998239696;5685827,206872472539544;7,264728934000061;51,310885591000044;5210615503100980000;0
162662;5;5;62;32;2021;6;17;6;2;0;1;1;0;0;0;0;0;0;375232,468146939761937;5716645,473191469907761;7,199027222000041;51,587035771000046;5210625701110700000;0
162665;5;9;16;0;2021;5;14;4;3;0;3;1;1;0;0;0;0;0;376468,024999914690852;5711413,065999565646052;7,218691625000076;51,540282911000077;5210519300410250000;1
162667;5;3;82;24;2021;9;15;7;3;5;3;1;1;0;0;0;0;0;378354,300871316343546;5617973,003344383090734;7,277406851000023;50,700837298000067;5210918600140770000;0
162669;5;5;66;84;2021;12;13;3;3;8;1;1;0;0;0;0;0;0;388697,413837377913296;5775520,023504825308919;7,374340543000073;52,118997528000079;5211207709300880000;0
162672;5;9;11;0;2021;12;17;3;2;6;4;1;0;1;0;0;2;0;376500,403966665267944;5704751,006796732544899;7,221491862000050;51,480415604000029;5211221300100080000;0
162678;5;3;82;24;2021;7;18;2;2;7;1;1;0;0;0;0;0;0;378162,461999918334186;5620147,764999544247985;7,273973689000059;50,720345775000055;5210705600120370000;0
162680;5;3;78;32;2021;9;15;7;2;2;6;1;1;0;0;0;0;0;374594,873877072706819;5666414,419222664088011;7,207542853000064;51,135442925000063;5210911606600250000;0
162681;5;9;54;36;2021;6;22;5;2;0;1;1;0;0;0;0;2;0;386747,600358585827053;5700130,082365684211254;7,370473932000039;51,441026733000058;5210603300510600000;0
162682;5;5;66;96;2021;5;16;1;3;5;3;1;1;0;0;0;0;0;385410,936216896399856;5792838,677216533571482;7,320503519000056;52,273965512000075;5210530709300080000;0
162683;5;5;58;12;2021;11;7;3;3;5;3;1;1;0;0;0;2;0;375684,342999911867082;5751036,931999575346708;7,193256822000023;51,896208647000037;5211102706000360000;0
162684;5;1;24;0;2021;11;18;5;3;5;3;1;1;0;0;0;2;0;377633,688059408217669;5681882,905878590419888;7,245680336000021;51,275130777000072;5211118503200570000;0
162693;5;9;16;0;2021;11;15;6;3;5;2;1;0;0;0;0;0;1;377006,305008820258081;5711307,060705622658134;7,226486556000054;51,539447757000062;5211105300600590000;0
162694;5;9;54;24;2021;5;10;7;3;5;2;1;1;0;0;0;0;0;380633,155832275748253;5682673,484329713508487;7,288397608000025;51,282872829000041;5210529310210080000;0
162699;5;3;78;12;2021;3;16;6;2;0;1;1;0;0;0;0;0;0;378152,250158332288265;5657031,376239307224751;7,261530190000030;51,051874275000046;5210312606120980000;1
162702;5;5;66;84;2021;9;15;4;3;5;3;1;1;0;0;0;0;0;385100,304240516386926;5778723,484184522181749;7,320743663000030;52,147050834000026;5210901709300860000;0
162713;5;5;62;4;2021;9;16;1;3;5;3;1;0;0;0;0;0;0;383088,260168910957873;5718217,833785876631737;7,311843945000021;51,602852375000055;5210926701800650000;0
162716;5;9;11;0;2021;2;13;4;3;0;1;1;0;0;0;0;0;0;377043,483230827376246;5704105,336938861757517;7,229533426000046;51,474730984000075;5210217300110110000;2
162717;5;5;62;8;2021;6;13;6;2;5;3;1;1;0;0;0;0;0;385515,935354038141668;5723961,041101597249508;7,345004934000031;51,654969807000043;5210625701910270000;0