OID_;ULAND;UREGBEZ;UKREIS;UGEMEINDE;UJAHR;UMONAT;USTUNDE;UWOCHENTAG;UKATEGORIE;UART;UTYP1;IstRad;IstPKW;IstFuss;IstKrad;IstSonstige;ULICHTVERH;IstGkfz;LINREFX;LINREFY;XGCSWGS84;YGCSWGS84;UIDENTSTLAE;IstStrassenzustand
162725;5;3;82;8;2021;7;20;1;3;8;1;1;0;0;0;0;1;0;374015,948809236288071;5613740,370329558849335;7,217446098000039;50,661867974000074;5210711600130380000;1
162726;5;9;14;0;2021;10;15;6;3;2;3;1;1;0;0;0;0;0;388558,622535518370569;5689411,352247394621372;7,399885932000075;51,345041981000065;5211008302000870000;0
162729;5;1;24;0;2021;6;17;4;3;4;2;1;1;0;0;0;0;0;374811,444999908097088;5676626,624999547377229;7,207078653000053;51,227275798000051;5210616503200480000;0
162731;5;9;11;0;2021;9;15;4;1;5;2;1;0;0;0;1;0;0;383288,863779948092997;5703560,828838225454092;7,319598613000039;51,471159919000058;5210929300300040000;1
162732;5;3;82;56;2021;1;13;7;3;5;2;1;1;0;0;0;0;0;372591,635721849277616;5626867,140823885798454;7,192770165000070;50,779547611000055;5210109607500850000;1
162735;5;3;82;16;2021;10;13;5;3;9;1;1;0;0;0;0;0;0;386733,790532674640417;5625179,612455414608121;7,393800539000040;50,767312883000045;5211028607000680000;0
162737;5;1;24;0;2021;11;12;2;3;1;5;1;1;0;0;0;0;0;374750,714007504284382;5681387,358008103445172;7,204543398000055;51,270050517000072;5211122503200000000;0
162739;5;1;24;0;2021;6;20;2;3;4;6;1;0;0;0;0;1;0;375334,078529076650739;5682223,127228442579508;7,212610067000071;51,277690074000077;5210628503200390000;0
162742;5;9;11;0;2021;9;12;2;3;0;1;1;0;0;0;0;0;0;381124,056337184272707;5704144,713918842375278;7,288248188000068;51,475957054000048;5210906300300880000;0
162747;5;3;82;60;2021;11;14;6;3;1;5;1;1;0;0;1;0;0;373267,635151875205338;5628463,378733623772860;7,201803390000066;50,794043367000029;5211126607100530000;0
162753;5;5;66;60;2021;6;16;1;3;5;2;1;1;0;0;0;0;0;389036,105999950319529;5789751,792999647557735;7,374627743000076;52,246967480000080;5210620709500530000;0
162759;5;9;54;36;2021;9;13;5;2;6;6;1;0;1;0;0;0;0;384378,575999937951565;5700062,657999595627189;7,336424661000024;51,439942091000034;5210930300500280000;0
162761;5;9;54;8;2021;10;13;2;3;4;6;1;1;0;0;0;0;0;384820,980565927922726;5683574,468715278431773;7,348129018000066;51,291833377000046;5211011310220480000;1
162762;5;5;62;4;2021;9;18;5;3;4;6;1;1;0;0;0;0;0;383003,426366971805692;5712838,775937126949430;7,312411585000063;51,554489406000073;5210902701800180000;0
162765;5;5;66;84;2021;9;15;1;3;0;1;1;0;0;0;0;0;0;386889,786848739720881;5778693,740992736071348;7,346894929000030;52,147152905000041;5210926709300620000;0
162766;5;5;58;16;2021;9;12;7;3;5;2;1;1;0;0;0;0;0;381621,631237413734198;5743248,928637342527509;7,282172106000075;51,827509750000047;5210911706100530000;0
162769;5;3;82;56;2021;9;12;4;3;0;1;1;0;0;0;0;0;0;373032,020287160761654;5627007,632807159796357;7,198965000000044;50,780907000000070;5210901607500080000;0
162772;5;3;82;60;2021;6;16;5;3;3;2;1;1;0;0;0;0;0;374315,217177596874535;5629274,261913359165192;7,216382239000040;50,801560072000029;5210617607111720000;0
162773;5;5;66;84;2021;9;14;3;3;9;1;1;0;0;0;0;0;0;386320,155338597483933;5778042,437127877026796;7,338791415000060;52,141182717000049;5210914709300280000;0
162774;5;3;82;24;2021;5;12;5;3;0;1;1;0;0;0;0;0;0;377873,373505905270576;5615691,227102968841791;7,271354012000074;50,680225876000065;5210527600120990000;1
162776;5;5;58;36;2021;2;15;1;3;3;6;1;0;0;0;0;0;0;387328,292713237926364;5729926,080882828682661;7,369267802000024;51,708948629000076;5210228706300750000;0
162780;5;5;58;16;2021;7;15;4;2;1;1;1;1;0;0;0;0;0;382847,631999935023487;5742539,109999604523182;7,300194699000031;51,821388859000081;5210707706000070000;0
162781;5;5;66;60;2021;2;16;5;3;5;2;1;0;0;0;0;0;0;390104,706116730347276;5790387,364064730703831;7,390066807000039;52,252893794000045;5210204709500070000;0
162782;5;5;58;16;2021;10;10;6;3;5;2;1;1;0;0;0;0;0;380310,036999925971031;5744242,510999593883753;7,262804887000073;51,836159699000063;5211008706000480000;1
162784;5;5;58;36;2021;6;10;7;2;0;6;1;1;0;0;0;0;0;386862,709999945014715;5729534,831999616697431;7,362659225000073;51,705338492000067;5210612706000190000;0
162785;5;3;78;32;2021;10;14;2;2;5;3;1;1;0;0;0;0;0;374951,224353914149106;5666759,361920893192291;7,212513885000021;51,138621171000068;5211018606600570000;0
162790;5;5;66;84;2021;9;17;2;3;8;1;1;1;0;0;0;0;0;389179,874219203367829;5774960,482867391780019;7,381566367000062;52,114065748000030;5210906709300540000;0
162791;5;9;54;36;2021;1;10;6;3;5;3;1;1;0;0;0;0;0;384436,862280285917222;5699786,964464416727424;7,337352905000046;51,437476043000061;5210122300800330000;0
162792;5;5;62;32;2021;6;16;2;3;5;3;1;1;0;0;0;0;0;375186,403186843730509;5716783,726045548915863;7,198313485000028;51,588268067000058;5210614701800310000;0
162794;5;9;11;0;2021;9;13;7;3;0;1;1;0;0;0;0;0;0;375798,803555128164589;5704656,772170748561621;7,211426586000073;51,479415059000075;5210918300100270000;0
162795;5;5;62;32;2021;7;11;5;3;5;3;1;1;0;0;0;0;0;376757,973922698758543;5719279,668609833344817;7,220110318000025;51,611045619000038;5210708701110360000;0
162796;5;9;11;0;2021;6;10;7;3;0;7;1;0;0;0;1;0;0;378419,610956920310855;5705273,839154120534658;7,248936217000050;51,485530375000053;5210626300100570000;1
162800;5;9;13;0;2021;11;12;1;3;1;5;1;1;0;0;0;0;0;384006,745410965755582;5709134,188300151377916;7,328097780000064;51,521400375000042;5211107301204510000;0
162804;5;9;11;0;2021;5;11;6;3;2;6;1;0;0;1;0;0;0;376108,234339166432619;5704720,939936578273773;7,215857744000061;51,480059619000031;5210521300110280000;0
162805;5;5;66;84;2021;6;19;5;3;7;3;1;1;0;0;0;0;0;390364,888955853879452;5774433,221470089629292;7,399034924000034;52,109563325000067;5210610709300940000;0
162812;5;9;54;16;2021;6;17;6;3;0;7;1;1;0;0;0;0;0;373999,111786183901131;5696036,697476807981730;7,188591955000049;51,401545715000054;5210604310110070000;0
162815;5;3;82;20;2021;6;15;6;3;5;2;1;0;0;0;0;0;0;378979,060424434021115;5625971,144973378628492;7,283623230000046;50,772861955000053;5210611607200070000;0
162816;5;9;13;0;2021;5;10;2;3;5;3;1;1;0;0;0;0;0;388316,897999947890639;5714060,996999612078071;7,388632776000065;51,566551798000035;5210524301205080000;0
162817;5;9;16;0;2021;11;3;4;3;5;3;1;1;0;0;0;2;0;379340,337470391765237;5713920,111088931560516;7,259229000000062;51,563436313000068;5211110300600670000;1
162822;5;3;82;28;2021;4;17;4;3;5;3;1;1;0;0;0;0;0;373628,004999903030694;5632328,426999527961016;7,205583023000031;50,828862580000077;5210414607000070000;1
162827;5;5;62;32;2021;11;7;4;3;5;3;1;1;0;0;0;2;0;377491,998999916948378;5715233,241999570280313;7,232118543000070;51,574839383000040;5211124701120080000;1
162828;5;3;78;24;2021;6;15;4;2;0;1;1;0;0;0;0;0;0;380356,409999925643206;5644322,664999561384320;7,297150106000061;50,938105161000067;5210602606400250000;0
162829;5;9;54;32;2021;9;21;7;3;0;1;1;0;0;0;0;2;0;388026,622151711955667;5693548,122483456507325;7,390947752000045;51,382120330000078;5210918310120490000;0
162830;5;3;82;60;2021;7;9;5;3;0;7;1;0;0;0;0;0;0;377510,543824820779264;5629335,087961640208960;7,261684891000073;50,802791124000066;5210701607200570000;0
162834;5;3;82;68;2021;5;16;1;3;3;2;1;0;0;1;0;0;0;372554,031094053760171;5634442,110585834830999;7,189606080000033;50,847625463000043;5210509607000070000;0
162840;5;3;82;68;2021;6;15;1;3;0;7;1;0;0;0;0;0;0;373157,402139395475388;5635881,184442305937409;7,197673931000054;50,860692867000068;5210606607400470000;0
162843;5;5;62;32;2021;9;11;5;3;1;5;1;1;0;0;0;0;0;376044,789494045078754;5718837,413630250841379;7,209972114000038;51,606914431000064;5210923701110080000;0
162846;5;9;11;0;2021;9;8;4;3;5;3;1;1;0;0;0;0;0;380231,808183359913528;5702133,424661273136735;7,276088029000050;51,457691987000032;5210915300500250000;0
162847;5;3;82;56;2021;11;12;4;2;1;5;1;1;0;0;0;0;0;373554,308584378100932;5626510,608098173514009;7,206540687000029;50,776553656000033;5211124607500880000;0
162848;5;3;74;20;2021;3;17;6;3;5;3;1;1;0;0;0;0;0;385852,366183692589402;5652510,714849622920156;7,372766979000062;51,012821020000047;5210326605120970000;0
162853;5;9;11;0;2021;5;8;5;3;5;3;1;1;0;0;0;0;0;381155,138999929651618;5704090,590999584645033;7,288713755000060;51,475477142000045;5210527300310830000;1
162856;5;3;82;60;2021;2;9;3;3;0;3;1;0;0;0;1;0;0;373432,317999901250005;5629725,189999522641301;7,203703943000050;50,805421002000060;5210209607100030000;0
162867;5;5;66;84;2021;11;15;5;3;5;3;1;1;0;0;0;0;0;385987,121203369461000;5777823,978550812229514;7,334000270000047;52,139150811000036;5211111709300090000;0
162869;5;5;58;32;2021;10;12;5;3;5;7;1;0;0;0;0;0;0;387147,977800644002855;5754081,798053352162242;7,358788664000031;51,926013458000057;5211028706000580000;0
162870;5;3;82;28;2021;3;15;5;3;0;3;1;1;0;0;0;0;0;374109,769452163018286;5633679,372651809826493;7,211956211000029;50,841110358000037;5210318607000030000;0
162871;5;9;11;0;2021;4;12;7;3;0;6;1;1;0;0;0;0;0;376287,354999912902713;5697991,090999560430646;7,220789060000072;51,419614575000026;5210417300310770000;0
162874;5;5;58;32;2021;9;19;3;3;0;1;1;0;0;0;0;0;0;386792,837787537835538;5754307,414352521300316;7,353551937000020;51,927969046000044;5210907706100040000;0
162875;5;5;58;16;2021;6;12;1;3;8;1;1;0;0;0;0;0;0;381695,586621958762407;5744277,578447544947267;7,282893132000027;51,836770073000082;5210620706100290000;0
162879;5;3;82;8;2021;4;8;6;3;4;1;1;1;0;0;0;0;0;375322,362999908626080;5612106,998999528586864;7,236471221000045;50,647467163000044;5210430600130570000;0
162884;5;5;58;36;2021;4;18;3;3;5;3;1;1;0;0;0;0;0;386817,050926918163896;5730880,272017613053322;7,361561766000023;51,717421727000044;5210427706300480000;0
162886;5;5;66;52;2021;6;21;5;3;3;1;1;0;0;1;0;0;0;378264,448072785511613;5779269,698156744241714;7,220692775000032;52,150495003000060;5210610709300870000;0
162891;5;5;62;4;2021;10;6;7;3;0;1;1;0;0;0;0;2;0;384701,805020362138748;5716586,466169426217675;7,335668318000046;51,588522660000081;5211023701800610000;1
162892;5;5;66;68;2021;11;18;6;3;5;3;1;1;0;0;0;2;0;376832,328999917954206;5785466,830999592319131;7,197521389000030;52,205866375000028;5211112709300930000;0
162893;5;5;62;32;2021;5;22;1;3;5;3;1;1;0;0;0;2;0;376770,127241136506200;5716298,196919564157724;7,221333078000043;51,584253083000078;5210530701120380000;0
162894;5;5;62;4;2021;10;9;4;3;3;6;1;1;0;0;0;0;0;382747,291284724138677;5718545,830321604385972;7,306813137000063;51,605729401000076;5211027701800440000;0
162895;5;5;62;32;2021;9;12;7;3;5;3;1;1;0;0;0;0;0;375719,140730773098767;5714004,523538868874311;7,206982859000050;51,563408571000082;5210925701120880000;0
162899;5;5;58;16;2021;9;16;4;3;5;3;1;1;0;0;0;0;0;381144,015999929048121;5744141,311999602243304;7,274938184000064;51,835428316000048;5210901706000170000;0
162900;5;1;24;0;2021;4;20;7;2;0;7;1;1;0;0;0;1;0;375015,123956096358597;5684461,517414905130863;7,207256086000029;51,297738062000064;5210417503200080000;0
162901;5;9;13;0;2021;6;13;3;3;5;3;1;1;0;0;0;0;0;387539,595999945886433;5713659,704999607056379;7,377551066000024;51,562790489000065;5210608301205280000;0
162903;5;5;62;16;2021;2;12;3;3;5;3;1;1;0;0;0;0;0;375112,750312453135848;5733994,742122240364552;7,191099566000048;51,742927197000029;5210223701700240000;0
162904;5;9;54;28;2021;6;17;1;2;5;3;1;1;0;0;0;0;0;377533,599424859508872;5690009,866609228774905;7,241455332000044;51,348152655000035;5210613310140480000;0
162906;5;9;13;0;2021;9;15;1;2;0;7;1;1;0;0;0;0;0;388345,856724381446838;5716232,181204937398434;7,388360203000047;51,586072248000050;5210926301205670000;0
162907;5;5;62;28;2021;3;15;2;3;5;3;1;1;0;0;0;0;0;379706,314028283581138;5721699,167138066142797;7,261838718000035;51,633428304000063;5210329701920450000;0
162910;5;5;66;84;2021;10;13;6;3;0;2;1;1;0;0;0;0;0;385473,878876230679452;5779142,206851154565811;7,326059771000075;52,150891438000031;5211001709300430000;0
162912;5;5;66;68;2021;6;7;4;3;7;1;1;0;0;0;0;0;0;376333,055954921059310;5785087,040107183158398;7,190357481000035;52,202341718000071;5210616709300420000;0
162913;5;9;16;0;2021;1;11;3;2;4;6;1;1;0;0;0;0;0;377558,725999916903675;5711655,419999573379755;7,234326945000021;51,542698703000042;5210126300600680000;1
162914;5;3;82;20;2021;6;20;2;3;0;1;1;0;0;0;0;0;0;379122,895999922417104;5626383,324999548494816;7,285526716000049;50,776596961000052;5210614607200370000;0
162915;5;9;16;0;2021;4;15;6;2;5;3;1;0;0;0;0;0;0;376820,109393949620426;5711635,403833538293839;7,223688170000059;51,542358085000046;5210416300600430000;0
162919;5;9;11;0;2021;6;7;4;3;3;6;1;1;0;0;0;0;0;375125,878056466579437;5708899,798467099666595;7,200239424000074;51,517400228000042;5210609300110080000;0
162920;5;9;13;0;2021;3;15;7;3;0;7;1;0;0;0;0;0;0;385250,003999940119684;5707974,135999605059624;7,346387463000042;51,511227843000029;5210306301201280000;0
162923;5;9;11;0;2021;4;12;3;3;5;2;1;1;0;0;0;0;0;376308,181351447477937;5705067,432858882471919;7,218614289000072;51,483217451000030;5210413300100940000;0
162925;5;5;58;16;2021;5;14;3;3;5;3;1;1;0;0;0;0;0;381534,101999930106103;5743057,869999598711729;7,280967939000050;51,825774119000073;5210511706100230000;1
162926;5;9;13;0;2021;10;13;2;3;2;6;1;1;0;0;0;0;0;387247,636994184926152;5709630,460246721282601;7,374631960000045;51,526517202000036;5211011301201530000;0
162927;5;5;62;8;2021;1;15;1;3;0;1;1;0;0;0;0;0;0;384431,233364924788475;5722933,389747995883226;7,329671086000076;51,645511651000049;5210110701910340000;0
162929;5;3;78;24;2021;2;9;7;3;6;1;1;0;1;0;0;0;0;376193,211546683683991;5646891,369252925738692;7,237052653000035;50,960314664000066;5210206606400050000;1
162930;5;5;62;4;2021;9;11;5;3;5;3;1;1;0;0;0;0;0;382700,957567057572305;5715657,565706843510270;7,307109865000029;51,579761027000075;5210916701800680000;0
162931;5;9;11;0;2021;12;17;3;3;1;5;1;1;0;0;0;2;0;376091,052209493704140;5705274,428403858095407;7,215416230000073;51,485030271000028;5211207300100390000;0
162932;5;9;11;0;2021;6;15;6;3;5;3;1;1;0;0;0;0;0;378379,856889222748578;5706277,907203573733568;7,248017998000023;51,494545925000068;5210625300100790000;0
162935;5;5;66;84;2021;9;19;2;3;3;5;1;1;0;0;1;1;0;386415,717113942839205;5778891,718095859512687;7,339903361000040;52,148834827000030;5210927709300590000;1
162937;5;3;82;60;2021;5;20;7;3;0;7;1;0;0;0;0;1;0;373586,764528963714838;5628516,788658196106553;7,206310742000028;50,794593131000056;5210508607000480000;0
162939;5;9;13;0;2021;6;21;4;3;5;3;1;1;0;0;0;0;0;383701,529999936930835;5707513,287999594584107;7,324235276000024;51,506769192000036;5210602301204580000;0
162944;5;3;82;60;2021;5;13;4;2;0;7;1;0;0;0;0;0;0;377232,583911600522697;5629388,633533449843526;7,257724250000024;50,803213596000035;5210526607100270000;1
162945;5;3;82;60;2021;4;8;3;2;3;6;1;1;0;0;0;0;0;373420,568444076925516;5629122,325875077396631;7,203745113000025;50,799999662000062;5210427607000910000;0
162946;5;9;54;36;2021;3;13;6;3;5;3;1;0;0;0;1;0;0;386324,384796309284866;5700456,468380391597748;7,364282357000036;51,443875560000038;5210326300800060000;0
162956;5;3;82;60;2021;9;17;2;3;0;1;1;0;0;0;0;0;0;373517,220789811573923;5628777,658626710996032;7,205234666000024;50,796922762000065;5210927607100770000;1
162963;5;9;54;8;2021;9;18;7;3;0;1;1;0;0;0;0;1;0;387137,233588128350675;5685670,752055902034044;7,380670766000037;51,311139504000039;5210911310220480000;0
162964;5;9;54;8;2021;2;17;1;2;0;1;1;0;0;0;0;0;0;382469,217454562895000;5678991,139597492292523;7,315923034000036;51,250156996000044;5210221310220280000;0
162965;5;9;54;36;2021;6;15;1;3;5;3;1;1;0;0;0;0;0;384318,626926274038851;5699706,405931275337934;7,335678903000030;51,436727848000032;5210627300800280000;0
162972;5;3;82;24;2021;9;6;5;3;0;7;1;0;0;0;0;1;0;378352,415184967219830;5618653,967345148324966;7,277155809000021;50,706958014000065;5210902600120780000;1
162976;5;3;82;8;2021;2;9;1;2;5;3;1;1;0;0;0;0;0;375383,761929051950574;5610917,101107412949204;7,237739439000052;50,636784550000073;5210221600130390000;1
162978;5;3;78;12;2021;5;12;1;3;0;1;1;0;0;0;0;0;0;374879,091731453314424;5653846,941388159990311;7,215953936000062;51,022548561000065;5210523606300060000;0
162979;5;5;66;84;2021;9;15;2;3;3;2;1;1;0;0;0;0;0;390164,672057022340596;5776522,115011567249894;7,395438328000068;52,128297005000036;5210913709300580000;0
162981;5;5;58;16;2021;6;8;6;3;5;3;1;0;0;1;0;0;0;380899,553999927826226;5744378,506999598816037;7,271310181000047;51,837507938000044;5210625706000460000;0
162995;5;9;16;0;2021;5;12;2;3;5;3;1;1;0;0;0;0;0;377248,117634435184300;5711136,317552730441093;7,230031135000047;51,537965865000047;5210503300600880000;0
162997;5;9;13;0;2021;9;20;6;3;5;3;1;0;0;0;1;2;0;387742,388999946415424;5713242,028999608010054;7,380608848000065;51,559076804000028;5210924301205480000;0
162998;5;5;62;8;2021;2;10;4;3;5;3;1;1;0;0;0;0;0;384868,096066472120583;5723851,557596210390329;7,335679989000027;51,653853486000060;5210203701910560000;1
163000;5;5;62;4;2021;10;15;1;3;1;5;1;1;0;0;0;0;0;382558,315279870294034;5716066,730843801051378;7,304915329000039;51,583408762000033;5211003701800070000;1
163004;5;3;74;36;2021;5;9;4;2;0;7;1;0;0;0;0;0;0;384866,037999939173460;5674045,129999587312341;7,351840380000056;51,206189131000031;5210526605136390000;1
163007;5;9;16;0;2021;6;12;3;3;1;5;1;1;0;0;0;0;0;376225,217261613346636;5712537,788821855559945;7,214796567000064;51,550337927000044;5210601300600790000;0
163011;5;3;82;60;2021;12;13;4;3;4;6;1;0;0;0;0;0;0;374742,754789401777089;5629590,615155857056379;7,222338462000039;50,804496186000051;5211201607100030000;1
163015;5;5;62;32;2021;9;14;6;3;1;5;1;1;0;0;0;0;0;375275,738288838416338;5715759,475939864292741;7,199966220000022;51,579082753000080;5210910701120690000;0
163017;5;3;82;28;2021;1;7;6;3;5;3;1;1;0;0;0;2;0;374106,712784878909588;5633668,955542698502541;7,211916399000074;50,841016060000072;5210108607100070000;1
163018;5;3;82;24;2021;10;20;6;3;0;1;1;0;0;0;0;0;0;374456,043728340417147;5621177,610049048438668;7,221142286000031;50,728813695000042;5211022600120680000;0
163020;5;5;58;16;2021;11;11;3;3;5;2;1;1;0;0;0;0;0;381623,473999931477010;5743250,291999604552984;7,282198368000024;51,827522394000027;5211123706100170000;1
163022;5;3;74;20;2021;5;12;5;2;0;1;1;0;0;0;0;0;0;386269,702121003530920;5657824,805925350636244;7,377045539000051;51,060671197000033;5210513605120780000;0
163024;5;3;78;28;2021;6;7;6;3;4;6;1;1;0;0;0;0;0;373358,841999901458621;5641490,535999529063702;7,198590756000044;50,911155178000058;5210611606400370000;0
163026;5;5;62;4;2021;10;15;3;3;5;3;1;1;0;0;0;0;0;382701,059111540205777;5715656,981359511613846;7,307111525000039;51,579755796000029;5211005701800570000;0
163029;5;5;58;16;2021;3;16;5;2;5;3;1;1;0;0;0;0;0;380808,744999930262566;5744141,518999602645636;7,270074419000025;51,835358727000028;5210325706000880000;0
163032;5;9;54;36;2021;3;8;2;3;5;3;1;1;0;0;0;0;0;386499,864840878173709;5700816,571212256327271;7,366690803000040;51,447147415000074;5210329300800520000;0
163034;5;5;66;52;2021;12;12;3;2;5;3;1;1;0;0;0;0;0;377880,059999920427799;5778309,160999597981572;7,215422640000043;52,141778397000053;5211207709300680000;0
163037;5;5;58;8;2021;9;16;2;3;4;6;1;0;0;0;0;0;0;383198,673183916136622;5760260,234943771734834;7,299280620000047;51,980724930000065;5210913706000570000;0
163038;5;9;13;0;2021;9;14;1;3;5;3;1;1;0;0;0;0;0;388116,183043861761689;5707926,347332883626223;7,387688078000053;51,511373164000076;5210912301201580000;0
163041;5;9;54;36;2021;3;15;6;3;0;7;1;1;0;0;0;0;0;386048,360330095514655;5700577,940610917285085;7,360273181000025;51,444911899000033;5210319300800050000;0
163044;5;3;82;8;2021;9;14;6;3;5;3;1;1;0;0;0;0;0;374669,310999905690551;5611617,889999525621533;7,227404160000049;50,642930567000064;5210910600130580000;0
163045;5;3;82;20;2021;9;18;5;3;0;7;1;0;0;0;0;0;0;378630,237113718874753;5625755,634738912805915;7,278749545000039;50,770851890000074;5210930607000990000;0
163047;5;9;13;0;2021;3;14;1;2;0;1;1;0;0;0;0;0;0;387929,925368997268379;5714515,946203010156751;7,382906812000044;51,570564122000064;5210307301205480000;0
163052;5;9;11;0;2021;12;15;3;3;1;5;1;1;0;0;0;0;0;376121,778717488050461;5704985,082405947148800;7,215960041000073;51,482436538000059;5211207300100860000;0
163056;5;3;82;28;2021;11;18;2;2;6;6;1;0;1;0;0;2;0;378232,552174601703882;5642056,227480778470635;7,267693575000067;50,917288709000047;5211129607100130000;1
163057;5;5;62;32;2021;11;7;3;3;5;3;1;1;0;0;0;0;0;375705,411051915027201;5715801,280639532953501;7,206149229000061;51,579553375000046;5211102701120480000;0
163061;5;3;82;56;2021;4;17;2;3;5;3;1;1;0;0;0;0;0;372581,598338585346937;5626839,609629970043898;7,192637407000063;50,779297945000053;5210426607500550000;0
163068;5;5;66;60;2021;7;16;5;3;0;5;1;1;0;0;0;0;0;388609,565375542268157;5789157,435380870476365;7,368578577000051;52,241539859000056;5210701709500370000;0
163070;5;3;82;60;2021;9;13;6;3;3;2;1;1;0;0;0;0;0;374199,459999904036522;5629937,944999529048800;7,214512937000052;50,807500423000079;5210910607100350000;0
163073;5;3;82;60;2021;9;12;4;3;5;3;1;1;0;0;0;0;0;375330,575237653218210;5629883,395124210044742;7,230577172000039;50,807254628000067;5210922607100290000;0
163075;5;5;62;8;2021;10;18;2;3;0;1;1;0;0;0;0;2;0;384584,678948988206685;5723378,436392508447170;7,331740993000039;51,649543106000067;5211025701910250000;1
163079;5;9;11;0;2021;10;15;1;2;8;1;1;0;0;0;0;0;0;376222,721999911591411;5704932,773999564349651;7,217431359000045;51,481988521000062;5211010300100070000;0
163082;5;1;24;0;2021;6;11;5;3;0;7;1;1;0;0;0;0;0;374723,057195965200663;5676693,253241579979658;7,205790156000035;51,227855241000043;5210610503200550000;0
163085;5;3;82;28;2021;10;13;3;2;1;5;1;1;0;0;0;0;0;374290,714231763966382;5633292,439499873667955;7,214657627000065;50,837671796000052;5211005607100250000;0
163088;5;3;78;24;2021;3;16;1;2;0;7;1;0;0;0;0;0;0;379479,295740285888314;5644125,725782783702016;7,284737514000028;50,936152301000050;5210328606500660000;0
163090;5;5;58;16;2021;9;18;2;2;5;3;1;1;0;0;0;0;0;380308,346999926492572;5741904,318999595940113;7,263588750000054;51,815145791000077;5210927706000370000;1
163091;5;1;24;0;2021;4;18;6;3;5;7;1;1;0;0;0;0;0;374336,680359912104905;5676859,965519715100527;7,200200947000042;51,229268661000049;5210416503200080000;0
163095;5;9;11;0;2021;4;15;4;2;0;1;1;0;0;0;0;0;0;378452,228535535745323;5701755,244424276053905;7,250615935000042;51,453913747000058;5210414300500780000;1
163099;5;5;66;84;2021;9;7;5;3;5;3;1;1;0;0;0;0;0;385974,024026211351156;5778929,335897728800774;7,333438100000023;52,149081879000050;5210923709300930000;0
163100;5;9;11;0;2021;6;6;6;3;5;3;1;1;0;0;0;0;0;374729,195181113667786;5701115,439879551529884;7,197286574000032;51,447352083000055;5210611300400540000;0
163102;5;5;58;16;2021;4;17;2;3;0;1;1;0;0;0;0;0;0;383169,163392881862819;5742300,964162247255445;7,304938048000054;51,819315890000041;5210419706000170000;0
163104;5;5;62;32;2021;2;7;2;3;0;1;1;0;0;0;0;2;0;376472,909711753949523;5720370,502531770616770;7,215610985000069;51,620786673000055;5210201701110960000;2
163105;5;9;14;0;2021;7;16;1;3;1;5;1;1;0;0;0;0;0;388923,592999949119985;5688640,516999602317810;7,405364626000051;51,338184786000056;5210704302120560000;1
163107;5;9;11;0;2021;6;14;4;2;0;7;1;0;0;0;0;0;0;379875,923999925144017;5701592,236999580636621;7,271151831000054;51,452752548000035;5210602300500080000;0
163108;5;9;11;0;2021;3;12;6;2;5;7;1;1;0;0;0;0;0;375455,427680816501379;5703067,157510098069906;7,207044649000068;51,465053116000036;5210326300500130000;0
163111;5;5;66;84;2021;1;3;7;3;0;3;1;1;0;0;0;2;0;385087,698421236127615;5778780,148479290306568;7,320540351000034;52,147557446000064;5210109709300410000;2
163115;5;3;74;52;2021;6;18;1;2;0;1;1;0;0;0;0;0;0;387665,195783754810691;5664111,530441612005234;7,394995920000042;51,117456274000062;5210613605152370000;0
163119;5;9;16;0;2021;5;13;4;3;1;5;1;1;0;0;0;0;0;376152,094936522655189;5711220,253518858924508;7,214206191000073;51,538480814000081;5210519300600890000;0
163121;5;5;62;32;2021;12;11;3;3;5;3;1;1;0;0;0;0;0;377583,458873149938881;5716548,278581280261278;7,232979251000074;51,586677912000027;5211207701120080000;0
163130;5;3;82;28;2021;10;13;4;3;5;3;1;1;0;0;0;0;0;373926,346915596164763;5633531,949999978765845;7,209403112000075;50,839745335000032;5211027607100240000;0
163133;5;5;58;16;2021;4;16;2;3;8;1;1;0;0;0;0;0;0;381666,624758884310722;5743273,989283250644803;7,282816139000033;51,827744507000034;5210419706100980000;0
163134;5;9;13;0;2021;5;7;4;3;1;5;1;1;0;0;0;0;0;387433,431945032440126;5711830,714217148721218;7,376605560000030;51,546330285000067;5210512301205080000;0
163136;5;3;82;56;2021;9;16;5;3;9;6;1;0;0;0;0;0;0;374839,389247777871788;5626910,944911466911435;7,224622131000046;50,780430859000035;5210909607500570000;1
163143;5;1;24;0;2021;7;6;2;3;5;3;1;1;0;0;0;0;0;375794,670999910682440;5681030,753999555483460;7,219624692000025;51,267073942000081;5210712503200260000;0
163144;5;3;82;8;2021;9;20;3;3;5;3;1;1;0;0;0;2;0;374740,901629853993654;5610049,395911123603582;7,228946223000037;50,628847140000062;5210928600130570000;0
163148;5;5;66;96;2021;9;18;1;2;7;6;1;0;0;0;0;0;0;385759,610952832736075;5786209,666173873469234;7,327853034000043;52,214464827000029;5210912709300940000;0
163150;5;9;11;0;2021;5;16;2;2;5;2;1;1;0;0;0;0;0;377525,107199789956212;5704940,464910352602601;7,236175281000044;51,482341164000047;5210531300500730000;0
163154;5;9;54;12;2021;6;18;4;2;1;5;1;1;0;0;0;0;0;384233,678390861488879;5687840,056020200252533;7,338325232000045;51,330054392000079;5210602310230090000;0
163159;5;5;62;4;2021;3;14;7;3;5;2;1;1;0;0;0;0;0;383775,820999937132001;5709866,657999595627189;7,324529157000029;51,527936224000030;5210306701800180000;0