OID_;ULAND;UREGBEZ;UKREIS;UGEMEINDE;UJAHR;UMONAT;USTUNDE;UWOCHENTAG;UKATEGORIE;UART;UTYP1;IstRad;IstPKW;IstFuss;IstKrad;IstSonstige;ULICHTVERH;IstGkfz;LINREFX;LINREFY;XGCSWGS84;YGCSWGS84;UIDENTSTLAE;IstStrassenzustand
163162;5;1;20;0;2021;2;13;1;3;6;4;1;0;1;0;0;0;0;380676,312638887204230;5672437,682496417313814;7,292426263000038;51,190881167000043;5210221503300440000;0
163165;5;5;62;32;2021;12;13;2;3;5;3;1;1;0;0;0;0;0;375472,555287191644311;5713942,240186439827085;7,203449282000065;51,562794423000071;5211227701120080000;0
163167;5;9;11;0;2021;1;16;4;3;0;7;1;0;0;0;0;0;0;375921,284663917496800;5705801,380687272176147;7,212787252000055;51,489728965000040;5210113300100560000;0
163168;5;9;11;0;2021;9;14;2;3;0;5;1;0;0;0;1;0;0;374262,658863695338368;5701987,680326627567410;7,190266458000053;51,455087787000082;5210927300400040000;0
163173;5;5;62;4;2021;6;12;4;3;0;7;1;0;0;0;0;0;0;382915,154444637708366;5716397,970730584114790;7,309952846000044;51,586460091000049;5210630701800430000;0
163176;5;5;62;4;2021;4;16;2;3;0;1;1;0;0;0;0;0;0;383073,173932833597064;5712058,839261369779706;7,313676438000073;51,547493991000067;5210426701800470000;0
163178;5;9;11;0;2021;5;23;7;3;1;5;1;1;0;0;0;2;0;376289,081662348471582;5699973,803042765706778;7,220121461000076;51,437434571000040;5210522300400590000;1
163179;5;5;62;8;2021;9;6;3;3;5;2;1;1;0;0;0;1;0;385525,670044253580272;5724257,567662512883544;7,345048504000033;51,657636891000038;5210928701910940000;1
163180;5;5;58;16;2021;9;14;3;3;5;2;1;1;0;0;0;0;0;381254,934225712902844;5743772,538621928542852;7,276673799000037;51,832137691000071;5210907706100260000;0
163184;5;1;24;0;2021;5;17;2;3;8;6;1;0;0;0;1;0;0;377450,345282361842692;5683160,351488135755062;7,242614948000039;51,286572840000076;5210510503200480000;0
163186;5;9;11;0;2021;3;19;6;3;1;5;1;1;0;0;0;2;0;376107,528229569084942;5705152,894362246617675;7,215696043000037;51,483941608000066;5210319300110280000;0
163188;5;3;82;40;2021;11;10;7;3;0;2;1;0;0;0;0;0;0;382976,657095569185913;5633088,620687784627080;7,338024309000048;50,837661433000051;5211120607100730000;1
163190;5;9;16;0;2021;9;12;7;3;8;1;1;0;0;0;0;0;0;375516,628700508736074;5712168,866871470585465;7,204712522000023;51,546866450000039;5210911300600560000;0
163193;5;9;16;0;2021;12;20;5;3;1;1;1;0;0;0;1;2;0;374500,564064582809806;5708998,160327963531017;7,191196817000048;51,518145649000076;5211209300700570000;1
163194;5;5;62;32;2021;12;5;6;3;1;7;1;0;0;0;1;2;0;377545,675567208789289;5717455,596176948398352;7,232117557000038;51,594824042000027;5211231701110980000;0
163196;5;3;74;20;2021;1;16;7;2;5;3;1;1;0;0;0;0;0;382644,950111536309123;5654271,144432343542576;7,326494483000033;51,027999310000041;5210123605120550000;0
163200;5;5;62;32;2021;3;16;6;3;3;5;1;1;0;0;0;0;0;376490,553754442371428;5720490,792306071147323;7,215823317000059;51,621871611000074;5210319701110780000;0
163204;5;3;82;60;2021;10;15;4;3;5;2;1;1;0;0;0;0;0;373683,977317406795919;5629981,550134643912315;7,207185502000073;50,807780192000052;5211027607100180000;0
163205;5;9;13;0;2021;12;16;6;3;0;1;1;0;0;0;0;1;0;386666,856999944895506;5705357,800999607890844;7,367636648000030;51,487998016000063;5211231301204780000;1
163206;5;5;66;84;2021;6;15;7;3;0;1;1;0;0;0;0;0;0;385284,292259854264557;5778724,531330231577158;7,323431042000038;52,147098490000076;5210626709300060000;0
163207;5;5;62;32;2021;1;8;4;3;0;1;1;0;0;0;0;0;0;375036,994329805485904;5720419,469810141250491;7,194862277000027;51,620909756000060;5210113701110180000;2
163222;5;5;62;4;2021;6;21;5;2;5;3;1;0;0;0;1;1;0;382883,500723710283637;5711346,922599036246538;7,311179188000040;51,541056127000047;5210624701800340000;0
163223;5;9;11;0;2021;5;12;5;3;4;2;1;1;0;0;0;0;0;375708,291289731860161;5704674,643388725817204;7,210117548000028;51,479555793000031;5210520300110170000;0
163224;5;9;11;0;2021;10;15;4;3;5;7;1;1;0;0;0;0;0;376388,536999912932515;5701174,720999564975500;7,221132221000062;51,448249506000082;5211006300400070000;1
163225;5;9;16;0;2021;1;11;7;2;5;2;1;1;0;0;0;0;0;379094,369381480850279;5711221,949166312813759;7,256609607000030;51,539133957000047;5210130300410470000;0
163230;5;9;54;36;2021;3;15;3;3;5;2;1;1;0;0;0;0;0;383805,208422935567796;5700709,749922484159470;7,327966314000037;51,445640817000026;5210323300800360000;0
163233;5;3;74;16;2021;10;13;4;3;0;3;1;1;0;0;0;0;0;380781,350517909973860;5666501,304233228787780;7,295896472000038;51,137545375000059;5211020605116090000;1
163237;5;1;20;0;2021;10;17;2;3;8;5;1;1;0;0;0;0;0;378957,133807791396976;5671933,897265508770943;7,268005819000052;51,185991551000029;5211018503300640000;1
163240;5;9;11;0;2021;2;16;6;3;4;6;1;0;0;0;0;0;0;383672,428314355202019;5703777,289954671636224;7,325047353000059;51,473184445000072;5210205300310390000;0
163241;5;9;11;0;2021;12;7;5;3;5;2;1;1;0;0;0;2;0;375917,488270762376487;5703416,900492597371340;7,213570258000061;51,468297894000045;5211223300500280000;0
163242;5;3;82;24;2021;5;18;2;3;0;6;1;1;0;0;0;0;0;372113,988738225772977;5617317,958568811416626;7,189312123000036;50,693610550000074;5210510600120870000;0
163245;5;5;58;16;2021;12;9;4;3;0;7;1;1;0;0;0;0;0;381718,271114646457136;5743392,666141707450151;7,283524684000042;51,828822015000071;5211215706000630000;0
163248;5;3;82;60;2021;11;19;3;3;5;3;1;1;0;0;0;2;0;373239,987304206937551;5628494,890625238418579;7,201400429000046;50,794320562000053;5211130607100870000;1
163251;5;5;62;32;2021;3;18;2;2;6;6;1;0;1;0;0;0;0;376649,539999915286899;5719898,670999571681023;7,218327246000058;51,616584972000055;5210329701110840000;0
163253;5;9;16;0;2021;5;17;7;3;0;1;1;0;0;0;0;0;0;376765,140890173614025;5711014,490249995142221;7,223113302000058;51,536765725000066;5210515300600190000;1
163255;5;5;58;32;2021;6;14;3;3;4;1;1;1;0;0;0;0;0;385593,339050902053714;5754570,460327384993434;7,336027274000060;51,930087881000077;5210629706100550000;0
163257;5;9;11;0;2021;3;7;6;3;1;5;1;1;0;0;0;0;0;376456,175380375236273;5702953,737631753087044;7,221483652000074;51,464253109000026;5210305300500080000;0
163262;5;9;16;0;2021;9;15;7;3;5;3;1;1;0;0;0;0;0;376107,556667721830308;5712921,341917725279927;7,212965334000046;51,553759199000069;5210911300600760000;0
163263;5;9;54;16;2021;4;12;7;3;0;1;1;0;0;0;0;0;0;374135,945952468551695;5697490,724892115220428;7,190042034000044;51,414643992000038;5210410310110980000;1
163266;5;9;54;24;2021;9;17;7;3;0;3;1;1;0;0;0;0;0;380543,430412489920855;5684078,870739197358489;7,286641508000059;51,295485675000066;5210904310210080000;0
163272;5;9;16;0;2021;4;7;3;3;3;2;1;1;0;0;0;0;0;375758,299710750579834;5709699,667899377644062;7,209067427000036;51,524728344000039;5210406300600670000;1
163276;5;5;58;16;2021;6;11;4;2;0;7;1;0;0;0;0;0;0;381369,406571824103594;5743183,877944303676486;7,278536064000036;51,826871627000060;5210609706000960000;0
163277;5;3;78;32;2021;3;13;1;2;5;3;1;1;0;0;0;0;0;374568,412681458517909;5666473,350508507341146;7,207144314000061;51,135966797000037;5210307606600680000;0
163279;5;9;13;0;2021;11;8;4;3;0;3;1;1;0;0;0;0;0;387429,354633226990700;5713920,987774979323149;7,375877635000052;51,565116908000050;5211124301504920000;1
163282;5;1;24;0;2021;9;16;7;3;6;6;1;0;1;0;0;0;0;377308,212083163671196;5682814,854172516614199;7,240696442000058;51,283436973000050;5210925503200270000;0
163284;5;5;62;32;2021;11;14;2;2;0;7;1;0;0;0;0;0;0;376356,000944794155657;5714695,210840750485659;7,215923120000070;51,569755946000043;5211101701120780000;0
163285;5;5;66;84;2021;6;11;2;2;0;1;1;0;0;0;0;0;0;386282,549359948374331;5778792,033921264111996;7,337991292000027;52,147911567000051;5210628709300280000;0
163287;5;3;82;60;2021;9;21;1;3;7;5;1;1;0;0;0;2;0;373419,777204338461161;5628459,367621961981058;7,203962372000035;50,794040561000031;5210919607100270000;0
163290;5;9;11;0;2021;12;14;6;3;1;5;1;1;0;0;0;0;0;375985,688112676143646;5707899,887234363704920;7,212976775000072;51,508603113000049;5211217300000190000;1
163291;5;1;24;0;2021;10;16;7;3;5;3;1;1;0;0;0;0;0;373754,011999905109406;5680894,959999542683363;7,190437093000071;51,265405114000032;5211016503200580000;0
163292;5;3;82;56;2021;5;13;4;3;7;7;1;0;1;0;0;0;0;375472,622301646508276;5627808,543010303750634;7,233295728000030;50,788635305000071;5210512607500060000;0
163299;5;5;66;60;2021;6;6;2;2;7;1;1;1;0;0;0;0;0;387752,694835638627410;5788414,709058273583651;7,356281119000073;52,234690995000051;5210614709500530000;0
163300;5;3;82;28;2021;10;19;5;3;5;3;1;1;0;0;0;1;0;374108,278479365631938;5633667,595078948885202;7,211939093000069;50,841004172000055;5211007607100970000;0
163301;5;3;82;60;2021;3;17;6;3;0;1;1;0;0;0;0;0;0;374459,182787636294961;5629368,295377131551504;7,218392078000022;50,802436498000077;5210319607100780000;0
163302;5;3;82;8;2021;9;17;4;3;5;3;1;1;0;0;0;0;0;374637,649999906308949;5611525,423999523743987;7,226987881000071;50,642092603000037;5210929600130280000;1
163303;5;9;54;36;2021;5;12;4;3;5;3;1;1;0;0;0;0;0;385686,359336644411087;5700471,653511393815279;7,355100740000069;51,443883625000069;5210505300800560000;0
163305;5;9;11;0;2021;9;9;4;3;1;5;1;1;0;0;0;0;0;376479,253741158172488;5701539,861087400466204;7,222309554000049;51,451550988000065;5210915300400040000;1
163306;5;9;16;0;2021;12;7;3;3;5;3;1;1;0;0;0;1;0;376919,806362760253251;5711461,896519701927900;7,225185784000075;51,540820466000071;5211221300600190000;1
163308;5;5;62;8;2021;6;14;4;3;4;5;1;1;0;0;0;0;0;384453,700625726021826;5722210,270246190950274;7,330234457000074;51,639017097000078;5210609701910040000;0
163309;5;5;58;12;2021;12;7;6;3;0;3;1;0;0;0;0;2;0;375936,215999913401902;5750834,998999577015638;7,196988119000025;51,894450071000051;5211210706000340000;2
163311;5;9;54;12;2021;10;9;3;3;0;7;1;1;0;0;0;0;0;381704,237999930046499;5686916,402999581769109;7,302341969000054;51,321231993000026;5211005310230740000;0
163312;5;1;24;0;2021;10;17;7;3;1;1;1;1;0;0;0;0;0;375022,981826787814498;5680920,490401582792401;7,208607523000069;51,265914232000057;5211016503200770000;0
163313;5;9;11;0;2021;3;12;4;3;3;5;1;1;0;0;0;0;0;376222,680998736061156;5703957,796654654666781;7,217772405000062;51,473225994000074;5210331300500980000;0
163314;5;3;82;20;2021;9;2;1;3;0;1;1;0;0;0;0;2;0;376513,381065416149795;5626553,476495683193207;7,248475505000044;50,777576618000069;5210926607200860000;0
163320;5;9;54;8;2021;5;17;5;2;6;3;1;0;1;0;0;0;0;382791,051790738478303;5684875,822022808715701;7,318602227000042;51,303115944000069;5210520310220580000;0
163321;5;3;78;28;2021;10;16;3;3;4;6;1;1;0;0;0;0;0;372960,447550185024738;5643843,171879801899195;7,192107245000045;50,932213455000067;5211005606400460000;1
163323;5;9;11;0;2021;9;7;5;3;5;3;1;1;0;0;0;0;0;377105,737999916076660;5703933,815999565646052;7,230489041000055;51,473202971000035;5210902300110350000;0
163326;5;5;62;4;2021;3;15;3;3;1;3;1;1;0;0;0;0;0;382779,268041238188744;5714410,752669550478458;7,308655595000062;51,568571349000081;5210302701800290000;0
163327;5;1;24;0;2021;9;16;2;3;0;3;1;1;0;0;0;0;0;374978,084703403525054;5682215,844504306092858;7,207511252000074;51,277546610000059;5210920503200580000;0
163329;5;3;82;56;2021;9;8;1;3;0;1;1;0;0;0;0;0;0;374869,398011073470116;5623259,372975753620267;7,226289314000041;50,747615001000042;5210926607000890000;1
163330;5;3;82;16;2021;5;15;1;2;2;6;1;0;0;0;0;0;0;386926,615790808573365;5625359,666188905015588;7,396478458000047;50,768969063000043;5210509607300030000;0
163331;5;9;54;36;2021;6;19;3;3;5;3;1;0;0;0;0;0;0;384603,362099310383201;5698367,821142710745335;7,340209687000026;51,424754644000075;5210629300800250000;0
163333;5;9;16;0;2021;11;7;6;3;1;7;1;1;0;0;0;0;0;375702,832807959057391;5711241,155155139043927;7,207724192000057;51,538569912000071;5211112300600890000;0
163335;5;5;62;4;2021;6;18;1;3;5;3;1;1;0;0;0;0;0;383899,697637109085917;5709657,556295247748494;7,326383047000036;51,526082334000080;5210613701800070000;0
163336;5;3;78;4;2021;10;13;3;3;0;1;1;0;0;0;0;0;0;373147,015614731237292;5650430,574641561135650;7,192464227000073;50,991462660000082;5211026606100590000;0
163338;5;9;11;0;2021;6;10;4;3;3;6;1;1;0;0;0;0;0;377954,721474291756749;5704024,559502612799406;7,242675704000021;51,474202307000041;5210616300500590000;0
163342;5;5;58;16;2021;10;15;3;3;8;6;1;1;0;0;0;0;0;376409,611765399575233;5745875,132360309362411;7,205639700000063;51,849982229000034;5211005706100480000;0
163349;5;1;24;0;2021;7;13;4;3;4;6;1;0;0;0;0;0;0;376168,029501991346478;5682688,278989581391215;7,224399387000062;51,282052614000065;5210707503200570000;0
163354;5;3;82;60;2021;1;12;4;3;0;7;1;0;0;0;1;0;0;373191,124827179126441;5629240,533224463462830;7,200450033000038;50,801011988000027;5210106607100770000;0
163359;5;9;16;0;2021;10;16;6;3;0;1;1;0;0;0;0;0;0;377099,999999916180968;5709153,341999571770430;7,228588482000021;51,520111880000059;5211008300600970000;0
163363;5;5;62;8;2021;9;7;5;3;5;2;1;1;0;0;0;0;0;384531,438999939709902;5723559,212999606505036;7,330912108000064;51,651156936000064;5210909701910070000;0
163365;5;9;11;0;2021;2;13;5;3;0;1;1;0;0;0;0;0;0;377771,798808417282999;5704636,493196584284306;7,239831411000068;51,479662581000071;5210211300500170000;2
163367;5;9;11;0;2021;12;9;3;3;4;7;1;0;0;0;1;0;0;376116,572836620733142;5705193,542449239641428;7,215811975000065;51,484308909000049;5211228300100740000;1
163368;5;5;58;24;2021;11;11;4;3;0;1;1;0;0;0;0;0;0;389248,381908997893333;5735840,752116559073329;7,395163665000041;51,762491067000042;5211110706300490000;0
163373;5;5;62;8;2021;2;18;2;3;0;7;1;0;0;0;0;2;0;384149,534117925912142;5723485,578548023477197;7,325418634000073;51,650416566000047;5210222701910550000;0
163377;5;5;66;84;2021;9;15;2;2;0;1;1;0;0;0;0;0;0;389650,998177465051413;5775068,279657609760761;7,388408836000053;52,115128759000072;5210913709300690000;0
163384;5;9;16;0;2021;9;16;2;2;1;5;1;1;0;0;0;0;0;376696,598751413635910;5711721,885736778378487;7,221877710000058;51,543108356000062;5210920300600970000;0
163396;5;5;66;76;2021;11;9;6;2;5;3;1;1;0;0;0;0;0;393556,082540483213961;5793285,267298724502325;7,439693608000027;52,279616394000072;5211126709500740000;1
163398;5;5;66;76;2021;11;7;2;2;0;3;1;1;0;0;0;1;0;395293,558008876629174;5793728,858685806393623;7,465014592000045;52,283936786000027;5211108709500010000;0
163399;5;9;78;32;2021;4;11;5;3;5;2;1;1;0;0;0;0;0;393140,958210101351142;5729629,141058037057519;7,453453392000029;51,707416971000043;5210401317250880000;0
163400;5;5;66;76;2021;9;15;2;3;0;7;1;0;0;0;0;0;0;391775,882791409268975;5793578,083590410649776;7,413515340000060;52,281900357000040;5210920709500770000;0
163405;5;5;66;8;2021;5;11;2;3;8;1;1;0;0;0;0;0;0;400684,224996247328818;5781289,348023938015103;7,547666298000024;52,173134650000065;5210531709000540000;0
163408;5;5;15;0;2021;10;18;3;2;0;1;1;0;0;0;0;0;0;401688,294872677884996;5757559,380143575370312;7,569178250000050;51,960028634000082;5211005702100230000;1
163410;5;5;66;8;2021;12;13;6;2;5;3;1;1;0;0;0;0;0;399045,219929620623589;5781740,821562295779586;7,523572669000032;52,176894926000045;5211217709000540000;0
163412;5;5;66;12;2021;6;15;1;3;4;6;1;0;0;0;0;0;0;404566,050018428824842;5772455,155143026262522;7,606892586000072;52,094417187000033;5210627709100070000;0
163413;5;9;13;0;2021;10;7;3;3;0;6;1;0;0;0;1;0;0;393924,490850522182882;5707760,784316709265113;7,471406119000051;51,511005374000035;5211005301101990000;0
163415;5;5;15;0;2021;2;17;5;3;0;6;1;0;0;0;0;0;0;402197,602177203632891;5749657,855299271643162;7,578833339000028;51,889097166000056;5210225702100570000;0
163416;5;5;66;8;2021;5;11;2;3;0;1;1;1;0;0;0;0;0;400130,291306984610856;5780069,661890473216772;7,539927680000062;52,162072401000046;5210503709000140000;0
163418;5;9;13;0;2021;10;15;4;3;0;1;1;0;0;0;0;0;0;395942,325017269700766;5705613,304002899676561;7,501106672000049;51,492077678000044;5211006301102280000;1
163419;5;9;78;28;2021;6;18;3;2;5;3;1;1;0;0;0;0;0;399659,625999970361590;5698347,354999624192715;7,556695621000074;51,427436538000052;5210601317140680000;0
163423;5;5;66;20;2021;10;17;2;3;5;3;1;0;0;0;0;0;0;404462,273351871408522;5804507,398079484701157;7,596317304000024;52,382481950000056;5211018709700990000;0
163429;5;9;78;24;2021;4;16;2;3;5;3;1;1;0;0;0;0;0;396985,099838986992836;5716813,618204571306705;7,512843103000023;51,592944202000069;5210426301301080000;0
163430;5;9;78;28;2021;9;18;5;3;0;1;1;0;0;0;0;1;0;401550,003835973329842;5698117,160796664655209;7,583941934000052;51,425698879000038;5210909317140080000;1
163432;5;5;66;76;2021;1;9;4;3;5;3;1;1;0;0;0;0;0;393358,449999960139394;5793247,856999659910798;7,436809615000072;52,279241876000071;5210106709500660000;0
163433;5;9;78;24;2021;11;13;5;3;0;3;1;1;0;0;0;0;0;397157,862663449719548;5718260,668070446699858;7,514911981000068;51,605982650000044;5211111301301080000;0
163436;5;9;78;24;2021;6;13;1;2;0;7;1;0;0;0;0;0;0;398012,542755016125739;5717960,054407155141234;7,527336983000055;51,603436008000074;5210627301301180000;0
163438;5;9;78;20;2021;3;16;6;3;5;3;1;1;0;0;0;0;0;403745,416217197664082;5714318,149156037718058;7,611089427000024;51,571708224000076;5210312317210280000;1
163439;5;9;13;0;2021;6;21;4;3;3;6;1;0;0;0;1;1;0;392242,457316612824798;5710089,387865785509348;7,446464635000041;51,531617470000072;5210616301201060000;0
163440;5;5;15;0;2021;6;8;4;3;5;1;1;1;0;0;0;0;0;402081,444482765160501;5759305,096325051039457;7,574400336000053;51,975788897000029;5210630702100690000;0
163441;5;5;15;0;2021;10;13;6;2;1;2;1;1;0;0;0;0;0;399650,599279400892556;5756316,897297758609056;7,539894930000060;51,948497037000038;5211001702100060000;0
163446;5;9;78;24;2021;6;15;6;3;5;2;1;0;0;0;0;0;1;397915,776129220612347;5719613,533463565632701;7,525458654000033;51,618280899000069;5210604301301990000;0
163447;5;9;78;24;2021;6;12;6;3;0;7;1;0;0;0;0;0;0;394840,816357066854835;5717653,393155032768846;7,481647377000058;51,600096264000058;5210625301301280000;0
163448;5;9;62;24;2021;6;16;4;2;0;1;1;0;0;0;0;0;0;402721,692444915883243;5692080,820036938413978;7,602444399000035;51,371639325000046;5210609307000680000;0
163455;5;5;66;8;2021;11;23;3;3;8;1;1;0;0;0;0;2;0;400586,386443304829299;5778802,775673501193523;7,546964236000065;52,150768180000057;5211109709110000000;0
163460;5;5;66;8;2021;9;1;1;2;8;1;1;1;0;0;0;2;0;399031,843551979400218;5781552,233263082802296;7,523433251000029;52,175197503000049;5210919709110570000;0
163462;5;5;15;0;2021;10;10;7;2;5;3;1;1;0;0;0;0;0;404257,370727392844856;5757633,617856087163091;7,606535598000050;51,961144232000038;5211023702100970000;0
163463;5;9;14;0;2021;6;18;1;3;1;7;1;1;0;0;0;1;0;393645,073686964809895;5691829,474521530792117;7,472167407000029;51,367752492000079;5210606302100280000;0
163464;5;9;13;0;2021;12;17;4;3;0;3;1;1;0;0;0;2;0;392413,579492166638374;5706839,017465518787503;7,449922968000067;51,502434457000049;5211201301101470000;1
163465;5;5;66;8;2021;7;13;5;3;3;7;1;0;0;0;0;0;0;400001,325054048560560;5781235,510519031435251;7,537699363000058;52,172527435000063;5210701709110070000;1
163467;5;5;66;8;2021;6;13;6;3;5;3;1;1;0;0;0;0;0;397486,956999967806041;5781862,530999662354589;7,500755235000042;52,177701468000066;5210618709110270000;0
163468;5;3;74;12;2021;6;0;1;2;9;7;1;0;0;0;0;2;0;399308,755710797384381;5649911,179619470611215;7,565247127000021;50,991965668000034;5210620605112270000;0
163469;5;9;14;0;2021;12;17;7;2;5;3;1;1;0;0;0;2;0;392321,167047221213579;5690399,422658748924732;7,453589361000070;51,354648750000081;5211204302100180000;1
163471;5;5;66;8;2021;9;14;3;2;4;1;1;0;0;0;0;0;0;399649,254142419435084;5781456,261479385197163;7,532487487000026;52,174447572000076;5210907709110140000;0
163472;5;5;15;0;2021;2;17;4;3;0;3;1;1;0;0;0;1;0;403433,270999976433814;5755155,258999653160572;7,595241636000026;51,938725404000081;5210217702100830000;1
163474;5;5;58;24;2021;11;6;2;3;0;1;1;0;0;0;0;2;0;392566,479285455308855;5736113,191414859145880;7,443140573000051;51,765586201000076;5211122706100840000;0
163475;5;9;13;0;2021;3;15;4;3;5;2;1;1;0;0;0;0;0;390021,139087267220020;5703599,606574272736907;7,416476498000065;51,472857147000070;5210324301103360000;0
163476;5;5;66;76;2021;11;8;4;3;0;3;1;1;0;0;0;0;0;397124,674283272586763;5796152,402283936738968;7,491108224000072;52,306063911000081;5211117709500760000;1
163477;5;5;66;12;2021;11;12;7;2;5;3;1;1;0;0;0;0;0;400796,255999973043799;5776297,491999667137861;7,550761783000041;52,128288771000030;5211127709000370000;1
163478;5;9;62;32;2021;9;15;2;3;0;1;1;0;0;0;0;0;0;401221,725999971851707;5673973,699999619275331;7,585911335000048;51,208610011000076;5210920307000080000;0
163479;5;9;13;0;2021;5;13;6;2;0;1;1;0;0;0;0;0;0;393462,363238167017698;5702754,593393415212631;7,466260086000034;51,465920186000062;5210514301103580000;0
163483;5;9;14;0;2021;11;16;4;3;5;3;1;1;0;0;0;1;0;393131,971351555548608;5692162,754127431660891;7,464699110000026;51,370651915000053;5211103302100570000;1
163484;5;5;62;36;2021;5;15;6;3;1;5;1;1;0;0;0;0;0;390085,313847380690277;5720837,139252154156566;7,412013789000071;51,627804100000048;5210528701930070000;0
163487;5;9;13;0;2021;10;9;6;3;1;5;1;1;0;0;0;0;0;403462,673005059361458;5710146,899491960182786;7,608155844000066;51,534164564000037;5211008301304490000;0
163488;5;9;13;0;2021;5;10;1;3;0;6;1;1;0;0;0;0;0;393394,920161767862737;5709604,307974522933364;7,463220008000064;51,527476143000058;5210509301202070000;0
163490;5;3;74;12;2021;5;17;1;3;4;6;1;0;0;0;0;0;0;400107,040690605528653;5651122,023216852918267;7,576285019000068;51,002989937000052;5210523605112970000;0
163494;5;9;14;0;2021;9;15;7;3;5;2;1;0;0;0;0;0;0;399586,028473396785557;5691267,678939828649163;7,557640457000048;51,363784060000057;5210918302130600000;0
163496;5;9;78;24;2021;9;17;5;3;0;7;1;0;0;0;0;0;0;397847,826860625296831;5719388,957695342600346;7,524542993000068;51,616249957000036;5210923301301380000;0
163497;5;5;58;44;2021;3;17;4;3;5;3;1;0;0;0;0;0;0;395415,457564536482096;5746638,049554279074073;7,481233082000074;51,860724001000051;5210331706000780000;0
163498;5;9;13;0;2021;3;14;4;3;2;6;1;1;0;0;0;0;0;403155,946999975480139;5709878,195999637246132;7,603808884000046;51,531696651000061;5210324301304960000;0
163502;5;5;66;76;2021;11;11;2;2;5;2;1;1;0;0;0;0;0;392438,879999957047403;5793050,655999656766653;7,423398643000041;52,277290442000037;5211122709500460000;0
163503;5;9;13;0;2021;5;20;6;3;0;1;1;0;0;0;0;0;0;395241,060881996527314;5705109,412245765328407;7,491158650000045;51,487418882000043;5210528301102680000;0
163504;5;3;74;12;2021;6;16;3;3;3;3;1;1;0;0;0;0;0;398610,269724694080651;5653456,230630211532116;7,554307249000033;51,023711715000047;5210601605112490000;0
163505;5;5;58;24;2021;5;15;5;3;6;7;1;0;1;0;0;0;0;393513,838052051141858;5736778,682842714712024;7,456659683000055;51,771748651000053;5210520706300670000;0
163506;5;9;78;24;2021;11;13;7;3;0;6;1;0;1;0;0;0;0;397543,597345897927880;5718643,700295604765415;7,520368225000027;51,609495878000075;5211113301301810000;1
163507;5;5;15;0;2021;10;15;5;3;5;3;1;1;0;0;0;0;0;399324,324096196331084;5756145,811476582661271;7,535199339000030;51,946900344000028;5211007702100060000;0
163508;5;9;62;28;2021;11;13;6;3;0;1;1;0;0;0;0;0;0;402071,838999973610044;5665478,839999614283442;7,600391380000076;51,132391478000045;5211119307000580000;1
163511;5;9;13;0;2021;5;21;2;3;0;7;1;0;0;0;0;1;0;393566,886847825720906;5712039,871686395257711;7,464961611000035;51,549400502000026;5210510301203060000;0
163514;5;9;13;0;2021;11;16;3;2;6;6;1;0;1;0;0;0;0;394964,594999961555004;5704160,971999621018767;7,487460323000050;51,478842430000043;5211109301102080000;1
163520;5;9;78;24;2021;10;15;6;2;3;6;1;0;0;0;0;0;0;397569,350298264995217;5718784,613389525562525;7,520698829000025;51,610767169000042;5211001301301380000;0
163521;5;5;66;12;2021;1;7;3;3;6;7;1;0;1;0;0;2;0;404925,232766410335898;5773520,739903338253498;7,611836786000026;52,104056671000080;5210119709110550000;1
163522;5;9;13;0;2021;6;12;6;3;1;6;1;1;0;0;0;0;0;398148,660439691506326;5704020,718248018994927;7,533335806000025;51,478164020000065;5210625301402730000;0
163523;5;9;13;0;2021;2;20;4;3;3;7;1;1;0;0;0;2;0;402329,715400366112590;5712154,388792062178254;7,591269314000044;51,552014889000077;5210224301304380000;0
163524;5;9;13;0;2021;11;8;6;3;5;3;1;1;0;0;0;0;0;394225,789999959990382;5705206,042999623343349;7,476512300000024;51,488098454000067;5211105301102580000;0
163526;5;9;78;24;2021;6;7;4;3;5;3;1;1;0;0;0;0;0;391671,794417822733521;5717720,718437371775508;7,435888395000063;51,600100783000073;5210630301301510000;0
163528;5;9;13;0;2021;4;10;6;3;0;6;1;1;0;0;0;0;0;395104,038621076382697;5701058,370055669918656;7,490388285000051;51,450980085000026;5210423301102170000;0
163529;5;5;15;0;2021;6;0;1;3;8;1;1;0;0;0;0;2;0;403070,344814866781235;5757923,392472198233008;7,589183143000071;51,963543134000076;5210613702100050000;0
163530;5;9;54;4;2021;11;7;4;3;5;3;1;1;0;0;0;2;0;392964,455999960191548;5679794,704999607056379;7,466006330000027;51,259446695000065;5211117310240080000;1
163531;5;9;13;0;2021;6;8;5;3;5;3;1;1;0;0;0;0;0;399294,935451220721006;5711957,269080612808466;7,547569028000055;51,549709476000032;5210617301306070000;0
163532;5;9;13;0;2021;1;10;6;3;4;6;1;0;0;0;0;0;1;391297,702766790054739;5708845,480309981852770;7,433233474000076;51,520255720000080;5210108301201370000;1
163533;5;9;13;0;2021;12;6;6;3;0;1;1;0;0;0;0;2;0;396502,548709584400058;5707662,839544780552387;7,508572091000076;51,510603125000046;5211210301302390000;2
163535;5;5;66;60;2021;11;15;4;2;3;6;1;0;0;0;0;0;0;391210,817246063612401;5785790,849644158035517;7,407743224000058;52,211804159000053;5211124709500560000;0