OID_;ULAND;UREGBEZ;UKREIS;UGEMEINDE;UJAHR;UMONAT;USTUNDE;UWOCHENTAG;UKATEGORIE;UART;UTYP1;IstRad;IstPKW;IstFuss;IstKrad;IstSonstige;ULICHTVERH;IstGkfz;LINREFX;LINREFY;XGCSWGS84;YGCSWGS84;UIDENTSTLAE;IstStrassenzustand
163536;5;9;13;0;2021;12;7;2;3;5;2;1;1;0;0;0;2;0;397882,031999966129661;5709576,256999626755714;7,527889234000043;51,528053328000055;5211213301302780000;1
163537;5;9;13;0;2021;2;13;1;3;1;7;1;1;0;0;0;0;0;394767,456109360791743;5705180,089087404310703;7,484318821000045;51,487966230000040;5210221301404150000;0
163538;5;5;15;0;2021;6;13;5;3;5;3;1;1;0;0;0;0;0;404584,109787874855101;5758835,328312033787370;7,610955597000043;51,972001815000056;5210624702100570000;0
163543;5;5;58;24;2021;2;13;4;3;5;3;1;1;0;0;0;0;0;391733,228999956510961;5736540,152999628335238;7,430937419000031;51,769263201000058;5210224706300980000;0
163544;5;9;13;0;2021;5;14;1;3;0;5;1;1;0;0;0;0;0;395678,655932613648474;5704810,975459063425660;7,497547172000054;51,484817237000073;5210509301102050000;0
163545;5;3;74;12;2021;9;11;2;3;0;2;1;1;0;0;0;0;0;399269,048999968916178;5653861,512999605387449;7,563584844000047;51,027470868000080;5210906605112040000;0
163547;5;5;66;8;2021;9;7;4;3;5;3;1;0;0;1;0;0;0;399031,776999970898032;5781893,646999662742019;7,523330647000023;52,178266015000077;5210908709110370000;0
163548;5;9;78;40;2021;11;6;2;3;0;3;1;1;0;0;0;2;0;404074,041999978013337;5724255,036999642848969;7,613109562000034;51,661086096000076;5211108317240180000;0
163550;5;5;66;12;2021;10;14;3;3;3;7;1;0;0;0;0;0;0;404639,066906300373375;5772357,112330881878734;7,607985549000034;52,093548551000026;5211005709110980000;0
163551;5;5;66;4;2021;9;18;3;3;3;6;1;0;0;0;0;0;0;395263,466999963857234;5767019,402999652549624;7,472815017000073;52,043880000000058;5210907709100930000;0
163555;5;5;66;12;2021;5;14;2;3;5;3;1;1;0;0;0;0;0;400676,758758031763136;5776359,703371500596404;7,548998523000023;52,128826457000059;5210531709100570000;0
163556;5;9;78;24;2021;12;17;4;3;5;3;1;1;0;0;0;2;0;397139,023999965749681;5718929,585999632254243;7,514443767000046;51,611991801000045;5211208301301990000;0
163558;5;9;13;0;2021;3;12;3;2;6;7;1;0;1;0;0;0;0;394249,783974654041231;5705094,106078621000051;7,476891289000037;51,487096789000077;5210330301102080000;0
163561;5;9;13;0;2021;5;9;5;3;5;3;1;1;0;0;0;0;0;393493,034203367307782;5708876,538137501105666;7,464853868000034;51,520953129000077;5210527301202480000;1
163563;5;5;66;76;2021;6;14;6;3;5;2;1;1;0;0;0;0;0;391330,780208221636713;5793286,366931110620499;7,407087226000044;52,279190866000079;5210625709500070000;0
163567;5;5;66;4;2021;5;19;2;3;0;1;1;0;0;0;0;0;0;394886,782760931178927;5767461,066894074901938;7,467188800000031;52,047778232000041;5210510709000240000;0
163569;5;5;66;76;2021;11;8;3;2;5;3;1;1;0;0;0;0;0;393033,453999959863722;5793800,681999659165740;7,431872227000042;52,284147056000052;5211130709500170000;1
163570;5;9;13;0;2021;5;14;2;2;1;5;1;1;0;0;0;0;0;396050,476486166007817;5704862,481306377798319;7,502885058000061;51,485348674000079;5210531301102780000;0
163575;5;9;62;28;2021;4;15;1;3;8;1;1;0;0;0;0;0;0;402276,017246058210731;5665457,926488727331161;7,603314279000074;51,132238354000037;5210404307000150000;0
163577;5;9;13;0;2021;4;12;6;3;5;3;1;1;0;0;0;0;0;392448,275703052058816;5706492,364161632955074;7,450528356000063;51,499325190000036;5210423301101380000;0
163578;5;9;78;28;2021;7;12;5;3;0;6;1;0;0;0;0;0;0;400837,283156538382173;5700754,564292188733816;7,572955200000024;51,449282325000070;5210708317140310000;1
163584;5;9;13;0;2021;7;1;1;3;0;7;1;0;0;0;0;2;0;396312,636360377073288;5705259,407647605985403;7,506542810000042;51,488964651000060;5210704301404250000;1
163585;5;5;15;0;2021;12;6;4;3;5;3;1;1;0;0;0;2;0;401571,620201985351741;5757094,143509976565838;7,567614045000028;51,955826347000027;5211215702100270000;0
163588;5;9;78;24;2021;5;13;1;3;5;3;1;1;0;0;0;0;0;394838,017617964185774;5717623,199687123298645;7,481616035000059;51,599824350000063;5210530301301580000;0
163589;5;5;15;0;2021;4;13;6;3;7;7;1;0;0;0;0;0;0;404393,122168069705367;5756475,181186914443970;7,608833089000029;51,950755132000040;5210423702100150000;0
163590;5;9;14;0;2021;1;8;3;3;6;7;1;0;1;0;0;0;0;393569,574111063033342;5690741,205234907567501;7,471408982000071;51,357956182000066;5210105302100880000;0
163591;5;9;78;24;2021;9;9;5;3;2;6;1;0;0;0;0;0;0;392482,102307189255953;5717233,442796448245645;7,447732849000033;51,595876290000035;5210909301301250000;0
163594;5;5;66;8;2021;9;18;5;3;4;7;1;0;0;0;0;0;0;400221,909659913741052;5781384,635333452373743;7,540880023000057;52,173907666000048;5210930709100740000;0
163598;5;9;13;0;2021;10;14;1;2;5;3;1;0;0;0;0;0;0;392744,301055349409580;5705914,739129720255733;7,454967037000074;51,494189481000035;5211024301101580000;0
163600;5;5;15;0;2021;1;20;3;3;5;7;1;1;0;0;0;2;0;404552,944631712511182;5754264,547863513231277;7,611771496000074;51,930912510000041;5210119702100140000;1
163601;5;5;66;8;2021;5;16;2;3;0;3;1;0;0;0;0;0;0;399404,805750886909664;5781231,536818252876401;7,528980625000031;52,172383296000078;5210510709100480000;0
163602;5;5;15;0;2021;11;17;4;3;5;3;1;1;0;0;0;2;0;404257,532999976538122;5754457,822999658063054;7,607422472000053;51,932599008000068;5211103702100770000;1
163605;5;9;13;0;2021;2;16;6;3;5;2;1;1;0;0;0;0;0;390110,518514272756875;5705608,544553153216839;7,417137764000074;51,490931497000076;5210226301103980000;0
163608;5;5;66;8;2021;12;11;4;3;5;3;1;1;0;0;0;0;0;398217,069999968633056;5781968,978999666869640;7,511397214000056;52,178793366000036;5211229709110430000;1
163609;5;5;15;0;2021;6;12;3;3;5;2;1;1;0;0;0;0;0;403386,945447622798383;5757162,043346324935555;7,594003923000059;51,956755003000069;5210601702100270000;0
163615;5;9;13;0;2021;10;9;3;3;5;7;1;1;0;0;0;0;0;392678,702999956905842;5708964,912999618798494;7,453094110000052;51,521593328000051;5211005301202370000;0
163616;5;5;58;20;2021;9;17;6;3;8;6;1;1;0;0;0;0;0;391058,324431012384593;5759364,257699251174927;7,413958671000046;51,974269009000068;5210924706200650000;0
163617;5;5;58;44;2021;2;7;2;2;0;1;1;0;0;0;0;2;0;395639,285018919967115;5746975,877123771235347;7,484380198000053;51,863802309000050;5210201706000950000;2
163619;5;3;74;12;2021;7;12;2;3;0;1;1;0;0;0;0;0;0;400037,670999972149730;5651304,596999604254961;7,575246379000021;51,004619172000048;5210712605112380000;0
163625;5;3;82;16;2021;6;11;6;3;5;3;1;1;0;0;0;0;0;391565,061053209938109;5625650,444241249933839;7,462145842000041;50,772468676000074;5210618607300080000;0
163626;5;9;78;24;2021;10;10;2;3;5;3;1;1;0;0;0;0;0;397806,649999966844916;5718075,716999631375074;7,524331318000065;51,604438324000057;5211025301301870000;0
163628;5;5;15;0;2021;6;13;4;3;1;6;1;1;0;0;0;0;0;404116,516986015252769;5754645,306046323850751;7,605319792000046;51,934259904000044;5210623702100270000;0
163630;5;5;66;76;2021;5;20;7;2;0;7;1;0;0;0;0;0;0;394262,502220049500465;5792718,948207478970289;7,450222108000048;52,274663087000079;5210515709500910000;1
163631;5;9;13;0;2021;6;16;5;3;5;3;1;1;0;0;0;0;0;398834,481999969109893;5712301,977999631315470;7,540831249000064;51,552725598000052;5210617301306160000;0
163632;5;5;66;76;2021;6;14;3;3;5;3;1;0;0;0;1;0;0;392722,893661022186279;5794020,736246436834335;7,427251235000028;52,286064182000075;5210601709000310000;0
163634;5;3;74;12;2021;3;16;3;3;2;1;1;0;1;0;0;0;0;399207,228372199460864;5649896,941209681332111;7,563804898000058;50,991819897000028;5210302605112080000;0
163635;5;5;66;76;2021;6;17;1;3;0;1;1;0;0;0;0;0;0;394541,665214376524091;5793552,410124823451042;7,454051460000073;52,282207241000037;5210613709000530000;0
163638;5;9;13;0;2021;10;22;7;3;0;1;1;0;0;0;0;2;0;402268,433141247369349;5710039,300690816715360;7,590973113000075;51,532991877000029;5211030301304570000;1
163639;5;3;82;16;2021;3;14;4;2;3;6;1;1;0;0;0;0;0;392617,905223489739001;5624926,484866807237267;7,477283249000038;50,766156395000053;5210324607300530000;0
163641;5;5;66;76;2021;12;7;3;3;5;3;1;1;0;0;0;1;0;393810,712539023719728;5792650,262543657794595;7,443624567000029;52,273958719000063;5211214709500600000;0
163644;5;9;13;0;2021;12;12;2;3;0;1;1;0;0;0;0;0;0;399526,047999969683588;5706346,912999626249075;7,552501299000028;51,499320229000034;5211206301303070000;2
163646;5;5;66;4;2021;4;1;1;3;4;6;1;1;0;0;0;2;0;395459,272819712758064;5766553,466626984998584;7,475811488000033;52,039729259000069;5210411709100070000;1
163647;5;9;13;0;2021;9;19;2;3;5;3;1;1;0;0;0;0;0;393620,829992801882327;5709670,004784217104316;7,466455543000052;51,528109262000044;5210906301202080000;0
163648;5;9;78;24;2021;6;16;5;3;0;6;1;0;0;0;0;0;0;399346,496348004788160;5719844,380086075514555;7,546050955000055;51,620613577000029;5210610301301780000;0
163652;5;9;13;0;2021;11;10;4;2;0;2;1;0;0;0;0;0;0;397306,653446764685214;5706615,182635061442852;7,520460380000031;51,501332759000036;5211124301302070000;1
163654;5;5;15;0;2021;11;12;3;3;5;3;1;1;0;0;0;0;0;403674,197287454269826;5758245,377128941938281;7,597879078000062;51,966542190000041;5211116702100790000;0
163657;5;5;58;20;2021;4;9;4;2;5;3;1;0;0;0;0;0;0;391468,270186235196888;5758611,152125183492899;7,420162561000041;51,967580622000071;5210414706200870000;0
163660;5;9;13;0;2021;12;7;3;3;5;3;1;1;0;0;0;1;0;397140,123999966308475;5709449,812999628484249;7,517234813000073;51,526782101000038;5211221301302890000;0
163662;5;9;13;0;2021;3;16;6;3;6;4;1;0;1;0;0;0;0;394262,042553378269076;5708423,672533791512251;7,476069681000070;51,517027033000033;5210312301101060000;1
163663;5;9;13;0;2021;4;14;1;3;0;1;1;0;0;0;0;0;0;399688,051243934780359;5706033,861556729301810;7,554923440000039;51,496535025000071;5210418301303370000;0
163664;5;9;13;0;2021;4;13;2;3;0;6;1;1;0;0;0;0;0;391772,216999955475330;5707251,985999614000320;7,440559330000042;51,506023924000033;5210419301101230000;0
163668;5;3;82;76;2021;6;18;2;2;8;1;1;0;0;0;0;0;0;396170,859391002915800;5625557,759177256375551;7,527469171000064;50,772478257000046;5210607607000020000;0
163669;5;9;14;0;2021;3;21;6;3;0;3;1;1;0;0;0;2;0;394466,343536256812513;5695100,061290748417377;7,482989018000069;51,397304216000066;5210319302000070000;0
163671;5;5;66;76;2021;9;13;3;3;5;3;1;1;0;0;0;0;0;394337,442999959923327;5792986,653999658301473;7,451236189000042;52,277083433000030;5210921709500370000;0
163673;5;9;13;0;2021;2;14;4;3;5;3;1;1;0;0;0;0;0;398793,081999969668686;5710650,726999629288912;7,540709290000052;51,537875511000038;5210224301306780000;0
163675;5;9;13;0;2021;5;14;2;3;8;1;1;0;0;0;0;0;0;396134,487801722250879;5707968,241080502048135;7,503180191000069;51,513280728000041;5210510301302270000;0
163679;5;3;74;52;2021;6;17;7;3;9;1;1;0;0;0;0;0;0;393771,190594697371125;5664385,183759735897183;7,482122080000067;51,121080827000071;5210612605152570000;0
163680;5;9;78;20;2021;5;17;6;3;3;5;1;1;0;0;0;0;0;403374,683389351703227;5714740,396335426717997;7,605625472000042;51,575440364000031;5210514317210010000;0
163681;5;3;82;16;2021;11;9;3;3;0;1;1;0;0;0;0;0;0;392191,100305362604558;5623480,129968019202352;7,471656957000050;50,753074984000079;5211102607300030000;1
163682;5;9;13;0;2021;4;15;3;3;2;7;1;0;0;1;0;0;0;392413,817999958060682;5706836,684999616816640;7,449927115000037;51,502413537000052;5210427301101680000;0
163683;5;5;66;76;2021;4;12;7;3;5;3;1;1;0;0;0;0;0;392774,478075776249170;5792295,927406035363674;7,428555683000070;52,270573140000067;5210417709500160000;0
163684;5;5;66;76;2021;3;21;7;3;0;1;1;0;0;0;0;2;0;397348,816018381156027;5787912,413603834807873;7,496901751000053;52,232049414000073;5210320709500010000;1
163685;5;9;78;28;2021;3;14;4;3;0;6;1;1;0;0;0;0;0;400138,336190947331488;5697173,396878557279706;7,563909935000027;51,416968368000028;5210303317140070000;0
163688;5;3;74;32;2021;9;10;1;1;4;2;1;1;0;0;0;0;0;396789,593525371514261;5640165,171684086322784;7,532126474000052;50,903906479000057;5210926605132070000;0
163691;5;9;13;0;2021;10;13;5;3;5;3;1;1;0;0;0;0;0;393671,079999960958958;5707416,806999621912837;7,467859496000074;51,507865902000049;5211028301101370000;0
163693;5;9;13;0;2021;6;14;4;3;0;5;1;1;0;0;0;0;0;390415,510726101696491;5709324,976101748645306;7,420374151000033;51,524395086000027;5210616301201880000;0
163695;5;5;15;0;2021;5;13;5;3;1;1;1;1;0;0;0;0;0;402517,321721492335200;5758304,961941054090858;7,581028199000059;51,966876081000066;5210527702100280000;0
163697;5;5;15;0;2021;6;9;5;3;8;1;1;0;0;0;0;0;0;399897,487263676710427;5762429,264312880113721;7,541703016000042;52,003479991000063;5210610702100870000;0
163698;5;9;13;0;2021;7;18;6;3;0;7;1;0;0;0;0;0;0;391356,248226248659194;5703617,929551746696234;7,435686595000050;51,473279799000068;5210702301103480000;0
163702;5;9;78;24;2021;5;6;4;2;5;3;1;1;0;0;0;0;0;398111,296983441337943;5719493,748625956475735;7,528316656000072;51,617239632000064;5210512301301060000;0
163703;5;9;13;0;2021;3;15;4;3;4;3;1;1;0;0;0;0;0;394939,962999962270260;5709145,176999624818563;7,485621287000072;51,523638807000054;5210303301202880000;0
163705;5;9;13;0;2021;9;22;6;3;6;6;1;0;1;0;0;2;0;393359,025169717147946;5708139,544726770371199;7,463146080000058;51,514303404000032;5210917301101660000;0
163708;5;9;13;0;2021;3;7;4;3;5;3;1;1;0;0;0;0;0;398336,781851442530751;5704000,814271448180079;7,536049541000068;51,478018949000045;5210303301303080000;0
163713;5;9;13;0;2021;6;12;5;3;0;2;1;1;0;0;0;0;0;397359,501086313277483;5700426,371670758351684;7,523019419000036;51,445712532000073;5210603301102580000;0
163715;5;9;13;0;2021;5;16;5;2;1;7;1;1;0;0;0;0;0;394474,703026147559285;5705268,042651472613215;7,480077553000058;51,488702250000074;5210513301102180000;0
163717;5;9;13;0;2021;6;0;4;3;0;1;1;0;0;0;0;2;0;393903,866528257727623;5708019,865758135914803;7,471031055000026;51,513330256000074;5210630301101080000;1
163718;5;9;14;0;2021;9;18;1;2;5;3;1;1;0;0;0;0;0;393009,582508238032460;5690878,118206594139338;7,463328099000023;51,359081662000051;5210912302100990000;0
163721;5;5;66;76;2021;9;19;7;3;3;6;1;0;0;0;0;0;0;396714,330999966710806;5794866,081999666988850;7,485486452000032;52,294426273000056;5210911709500570000;0
163722;5;5;15;0;2021;4;15;7;3;0;3;1;0;0;0;0;0;0;404283,619999977760017;5748890,627999654039741;7,609348387000068;51,882563060000052;5210424702100170000;0
163724;5;9;13;0;2021;11;10;3;3;4;3;1;1;0;0;0;0;0;392293,089999957010150;5708271,501999618485570;7,447750092000035;51,515287269000055;5211109301101980000;0
163725;5;5;66;12;2021;3;8;3;3;5;3;1;1;0;0;0;0;0;402739,363999974913895;5776039,069999666884542;7,579212419000044;52,126311445000056;5210302709100040000;0
163726;5;9;13;0;2021;5;9;4;3;4;2;1;1;0;0;0;0;0;394248,836372459307313;5712625,699527870863676;7,474617166000030;51,554794420000064;5210512301203530000;0
163728;5;5;66;8;2021;9;12;3;2;5;2;1;1;0;0;0;0;0;399951,670999971218407;5781323,910999663174152;7,536947449000024;52,173312957000064;5210928709110270000;0
163731;5;5;66;16;2021;2;17;6;3;0;7;1;0;0;0;1;2;0;402312,982373599894345;5794555,297228643670678;7,567642918000047;52,292657061000057;5210219709500070000;0
163732;5;9;13;0;2021;11;13;3;3;1;5;1;1;0;0;0;0;0;392987,791877094656229;5708234,810621542856097;7,457769218000067;51,515089497000076;5211102301101980000;0
163735;5;5;15;0;2021;5;16;3;2;5;3;1;1;0;0;0;0;0;404052,275579672306776;5758911,500765465199947;7,603194455000050;51,972594917000038;5210518702100140000;0
163737;5;9;13;0;2021;6;13;2;3;4;6;1;1;0;0;0;0;0;392129,241999956779182;5707364,897999616339803;7,445667080000021;51,507107088000055;5210621301101680000;0
163744;5;5;66;8;2021;10;14;6;3;6;4;1;0;1;0;0;0;0;399678,145855296403170;5782117,737413326278329;7,532714191000025;52,180397997000057;5211001709000070000;0
163745;5;5;15;0;2021;3;11;2;3;5;2;1;1;0;0;0;0;0;403675,485017376951873;5758246,850428450852633;7,597897403000047;51,966555656000025;5210329702100070000;0
163746;5;9;13;0;2021;5;18;2;3;1;7;1;0;0;0;1;0;0;394265,549734779633582;5705215,946426603943110;7,477081783000074;51,488194907000036;5210531301102680000;0
163750;5;5;66;76;2021;9;11;4;3;1;6;1;1;0;0;0;0;0;392464,325711669400334;5792139,083859890699387;7,424062101000061;52,269102998000051;5210915709500070000;1
163751;5;9;13;0;2021;12;15;3;2;5;2;1;1;0;0;0;0;0;395288,397999964654446;5707270,131999624893069;7,491198944000075;51,506849524000074;5211207301101500000;0
163752;5;9;13;0;2021;10;19;6;3;5;3;1;1;0;0;0;2;0;401964,978999974206090;5705875,476999631151557;7,587757630000056;51,495510778000039;5211029301303050000;0
163754;5;9;78;24;2021;9;17;5;3;5;2;1;1;0;0;0;0;0;399119,711999970488250;5716470,537999633699656;7,543746864000070;51,590246664000063;5210930301301090000;0
163759;5;9;13;0;2021;6;15;4;3;5;3;1;1;0;0;0;0;0;397870,045109663158655;5713834,143909782171249;7,526480446000051;51,566323948000047;5210609301306580000;0
163760;5;9;13;0;2021;10;9;5;3;5;3;1;1;0;0;0;0;0;394473,786999961361289;5707822,680999621748924;7,479300180000052;51,511664596000060;5211028301101970000;0
163762;5;5;66;76;2021;10;17;6;3;0;2;1;1;0;0;0;0;0;395236,808982058428228;5794017,553522434085608;7,464093247000051;52,286520556000028;5211015709500660000;0
163763;5;9;13;0;2021;7;15;5;3;6;7;1;0;1;0;0;0;0;392444,929383272305131;5712485,959892243146896;7,448650049000037;51,553197342000033;5210708301202560000;1
163764;5;5;15;0;2021;7;10;6;2;0;7;1;0;0;0;0;0;0;401786,484558120369911;5755688,111488386988640;7,571141593000050;51,943226587000026;5210709702100670000;0
163769;5;9;13;0;2021;3;15;5;3;7;5;1;1;0;0;0;0;0;400255,353001800365746;5705454,849386136978865;7,563256776000060;51,491430725000043;5210311301303870000;0
163772;5;9;62;28;2021;5;23;2;2;0;1;1;0;0;0;0;2;0;402890,923229208216071;5664833,100900918245316;7,612268213000050;51,126725991000058;5210524307000580000;1
163777;5;3;74;52;2021;9;11;7;3;8;1;1;0;0;0;0;0;0;391059,234829233027995;5664252,190001100301743;7,443426910000028;51,119376056000078;5210904605152070000;0
163780;5;5;66;12;2021;11;5;5;3;5;3;1;1;0;0;0;2;0;400838,661961633712053;5775613,200317740440369;7,551580518000037;52,122146043000043;5211118709000070000;1
163786;5;9;13;0;2021;6;14;4;3;1;7;1;1;0;0;0;0;0;393488,318284940905869;5708824,040196662768722;7,464801790000024;51,520480363000047;5210630301202070000;0
163792;5;9;13;0;2021;3;14;2;3;2;6;1;1;0;0;0;0;0;397182,033672424964607;5705763,944288339465857;7,518913647000034;51,493658556000071;5210329301102080000;0
163793;5;5;66;8;2021;2;14;3;2;5;2;1;1;0;0;0;0;0;399636,841501539573073;5781452,024012705311179;7,532307285000059;52,174407229000053;5210223709100060000;0
163794;5;5;15;0;2021;1;11;4;3;9;6;1;1;0;0;0;0;0;403972,958185180090368;5761466,816814547404647;7,601324765000072;51,995549173000029;5210120702100470000;0
163796;5;9;13;0;2021;1;14;5;3;5;2;1;1;0;0;0;0;0;391782,788899474777281;5703006,609695490449667;7,442012930000033;51,467866733000051;5210128301502600000;1
163797;5;5;66;76;2021;1;6;5;3;5;3;1;1;0;0;0;2;0;395293,868402740918100;5793726,887380862608552;7,465019753000036;52,283919129000026;5210107709500670000;1
163799;5;5;66;76;2021;10;16;1;3;0;1;1;0;0;0;0;0;0;391406,906284589320421;5793707,959189524874091;7,408066843000029;52,282994782000060;5211024709500270000;0
163800;5;9;13;0;2021;6;17;7;3;0;1;1;0;0;0;0;0;0;395076,633414170704782;5709574,722826678305864;7,487462625000035;51,527525211000068;5210626301202080000;0
163801;5;3;82;16;2021;9;16;5;3;0;1;1;0;0;0;0;0;0;390747,564999953843653;5625722,887999581173062;7,450534876000063;50,772966502000031;5210923607300530000;0
163802;5;9;62;28;2021;4;17;2;3;4;6;1;1;0;0;0;0;0;401364,115572250448167;5666163,188737204298377;7,590092347000052;51,138422011000046;5210426307000870000;0
163804;5;5;66;8;2021;4;20;5;2;0;1;1;0;0;0;0;2;0;400704,713180830702186;5781372,349971948191524;7,547941507000075;52,173884343000054;5210408709110870000;0
163806;5;9;62;12;2021;5;19;5;3;0;6;1;0;0;0;0;0;0;395542,044186727143824;5671763,506281340494752;7,505274286000031;51,187731697000061;5210513307000090000;0
163812;5;5;15;0;2021;12;13;3;3;4;6;1;0;0;0;0;0;0;404448,796428759582341;5757560,622940439730883;7,609341078000057;51,960521058000040;5211214702100290000;0
163813;5;5;66;76;2021;6;18;6;3;2;1;1;1;0;0;0;0;0;395799,297150609083474;5793778,210925254970789;7,472410553000032;52,284476447000031;5210604709500470000;0
163815;5;5;15;0;2021;10;15;7;3;5;2;1;1;0;0;0;0;0;402295,907999974675477;5754690,561999654397368;7,578833857000063;51,934350027000050;5211023702100870000;0
163816;5;9;13;0;2021;6;17;2;3;5;3;1;1;0;0;0;0;0;398834,481999969109893;5712301,977999631315470;7,540831249000064;51,552725598000052;5210628301306380000;0
163824;5;9;13;0;2021;10;12;2;3;1;5;1;0;0;0;1;0;0;393825,082315361127257;5708073,551439937204123;7,469879947000038;51,513798009000027;5211018301101280000;0
163826;5;9;14;0;2021;4;14;4;3;5;1;1;1;0;0;0;0;0;389859,288950061425567;5689000,402886357158422;7,418680820000077;51,341601694000076;5210428302120320000;0
163828;5;5;66;8;2021;2;11;5;2;8;1;1;0;0;0;0;0;0;400797,683172528631985;5780291,823682727292180;7,549616475000050;52,164189495000073;5210204709110980000;1
163832;5;3;74;12;2021;5;5;4;3;3;6;1;1;0;0;0;1;0;398410,555105257779360;5655544,319587673991919;7,550875122000036;51,042447480000078;5210519605112090000;0
163838;5;9;13;0;2021;9;20;3;2;0;1;1;0;0;0;0;2;0;394881,537589840590954;5712482,527511764317751;7,483782762000033;51,553625774000068;5210928301203270000;0
163839;5;9;13;0;2021;5;13;6;2;5;7;1;1;0;0;0;0;0;392581,961084941402078;5708003,170299176126719;7,451993378000054;51,512930394000080;5210514301101310000;0
163841;5;5;66;8;2021;5;12;2;3;3;6;1;0;0;0;0;0;0;400350,514062209054828;5780650,507703103125095;7,542975632000037;52,167332724000062;5210510709000140000;0
163845;5;9;13;0;2021;1;13;7;3;0;7;1;1;0;0;0;0;0;393188,853356402367353;5707278,419856222346425;7,460955487000035;51,506531065000047;5210109301101680000;1
163848;5;5;15;0;2021;10;19;7;3;0;1;1;0;0;0;0;1;0;404302,768854843452573;5759643,395587112754583;7,606635872000027;51,979216622000081;5211002702100670000;0
163849;5;9;13;0;2021;5;18;6;3;5;7;1;1;0;0;0;0;0;393989,645999960601330;5709563,327999623492360;7,471802403000027;51,527219763000062;5210514301202880000;1
163850;5;9;13;0;2021;11;12;3;3;5;3;1;1;0;0;0;0;0;392415,189999958500266;5706836,718999618664384;7,449946864000026;51,502414104000081;5211102301101500000;0
163854;5;9;13;0;2021;6;6;3;3;0;7;1;1;0;0;0;0;0;392797,425999957136810;5715240,028999622911215;7,452892292000058;51,578018966000059;5210615301203480000;0
163855;5;5;15;0;2021;12;17;4;3;5;3;1;1;0;0;0;2;0;402671,772054601460695;5758133,615247569978237;7,583324224000023;51,965363037000031;5211215702100650000;1
163861;5;5;15;0;2021;6;9;1;3;0;7;1;0;0;0;1;0;0;398473,140909030102193;5753507,117307927459478;7,523598082000035;51,923028878000082;5210606702100630000;0
163862;5;5;58;44;2021;9;18;5;3;0;1;1;0;0;0;0;0;0;395527,689557999372482;5746904,369386643171310;7,482781749000026;51,863138712000080;5210902706300280000;0
163863;5;5;15;0;2021;7;19;2;3;5;3;1;1;0;0;0;0;0;404401,102168709039688;5760325,393421286717057;7,607877107000036;51,985363571000050;5210712702100960000;0
163869;5;9;13;0;2021;10;14;4;2;4;2;1;1;0;0;0;0;0;395896,496170563623309;5705085,268638435751200;7,500602507000053;51,487322911000035;5211013301102080000;0
163871;5;9;13;0;2021;2;6;7;2;5;3;1;1;0;0;0;2;0;392893,525999958626926;5709940,854999618604779;7,455892559000063;51,530406285000026;5210206301202470000;0
163873;5;9;78;40;2021;7;14;3;3;0;3;1;1;0;0;0;0;0;404072,214713228866458;5724254,086049476638436;7,613083412000037;51,661077236000040;5210706317240440000;0
163874;5;5;15;0;2021;6;10;7;3;1;5;1;1;0;0;0;0;0;399205,216161888092756;5756858,709783293306828;7,533257898000045;51,953286366000043;5210626702100940000;0
163877;5;5;66;76;2021;9;7;5;3;0;1;1;0;0;0;0;0;0;393943,462536604143679;5793385,499691383913159;7,445338210000045;52,280592081000066;5210930709500570000;1
163878;5;9;13;0;2021;10;9;2;3;5;3;1;1;0;0;0;0;0;390859,550967758521438;5710254,593663943931460;7,426484172000073;51,532836749000069;5211004301202530000;0
163881;5;9;13;0;2021;10;18;1;3;0;7;1;0;0;0;1;1;0;396878,090466393157840;5705609,739622605964541;7,514582003000044;51,492217094000068;5211017301102100000;0
163882;5;5;15;0;2021;5;11;4;3;8;1;1;0;0;0;0;0;0;403149,703935857862234;5759177,861834581941366;7,589983949000043;51,974832489000050;5210512702100550000;0
163884;5;9;13;0;2021;5;7;2;3;0;5;1;1;0;0;0;0;0;398913,017057733610272;5704720,731808602809906;7,544138368000063;51,484593452000070;5210531301303280000;0
163886;5;5;66;76;2021;6;16;2;3;0;7;1;0;0;0;1;0;0;398616,529999969527125;5787943,498999664559960;7,515448485000036;52,232563672000026;5210607709500010000;0
163889;5;9;13;0;2021;6;17;7;3;1;5;1;1;0;0;0;0;0;397840,591583250090480;5708785,766540138050914;7,527521293000063;51,520940337000070;5210626301302350000;0
163890;5;9;13;0;2021;10;12;5;3;5;2;1;1;0;0;0;0;0;394827,158999961800873;5707803,482999624684453;7,484396302000050;51,511557926000080;5211028301101570000;0
163892;5;9;13;0;2021;12;18;4;3;5;3;1;1;0;0;0;2;0;392377,065521859563887;5707148,853582266718149;7,449302548000048;51,505212444000051;5211201301101280000;1
163896;5;5;66;76;2021;9;17;4;3;5;2;1;1;0;0;0;0;0;393014,180999959819019;5792001,508999658748507;7,432160590000024;52,267973840000082;5210929709500260000;0
163900;5;5;15;0;2021;4;19;6;3;5;3;1;1;0;0;0;0;0;398617,600199510343373;5752859,052096892148256;7,525888886000075;51,917230326000038;5210430702100960000;0
163901;5;5;66;64;2021;10;17;5;2;5;3;1;0;0;0;0;0;0;395972,998117115348577;5771358,575778052210808;7,481834867000032;52,083012805000067;5211014709100570000;0
163902;5;5;15;0;2021;7;19;3;3;5;3;1;1;0;0;0;0;0;404111,743536752648652;5761211,969282599166036;7,603416868000068;51,993282511000075;5210713702100160000;0