OID_;ULAND;UREGBEZ;UKREIS;UGEMEINDE;UJAHR;UMONAT;USTUNDE;UWOCHENTAG;UKATEGORIE;UART;UTYP1;IstRad;IstPKW;IstFuss;IstKrad;IstSonstige;ULICHTVERH;IstGkfz;LINREFX;LINREFY;XGCSWGS84;YGCSWGS84;UIDENTSTLAE;IstStrassenzustand
164287;5;9;78;24;2021;4;6;5;2;0;1;1;0;0;0;0;1;0;397069,970224156975746;5717969,710428718477488;7,513728642000046;51,603351307000082;5210408301301480000;0
164289;5;5;66;76;2021;5;13;6;3;5;3;1;0;0;0;0;0;0;394419,104249927215278;5792814,677594467997551;7,452486521000026;52,275553527000056;5210528709500560000;0
164290;5;9;13;0;2021;9;13;7;3;3;2;1;1;0;0;0;0;0;389932,226108853705227;5710194,038370821624994;7,413139030000025;51,532112433000066;5210904301201060000;0
164294;5;9;13;0;2021;2;17;6;3;0;7;1;1;0;0;0;0;0;399063,429173207841814;5708791,836244003847241;7,545138822000069;51,521214760000078;5210219301302780000;0
164296;5;9;13;0;2021;10;10;2;3;0;1;1;0;0;0;0;0;0;396393,669999964535236;5704355,219999622553587;7,507974871000044;51,480852034000065;5211011301102480000;1
164297;5;9;13;0;2021;5;12;5;3;4;2;1;1;0;0;0;0;0;400672,426194243133068;5708017,300517972558737;7,568540747000043;51,514537808000057;5210513301304780000;0
164300;5;9;13;0;2021;12;6;5;3;0;1;1;0;0;0;0;2;0;394694,911956760101020;5709249,927243825048208;7,482059040000024;51,524534718000041;5211202301202760000;1
164301;5;5;15;0;2021;10;21;6;2;0;1;1;0;0;0;0;2;0;404081,156619937159121;5757933,089514723047614;7,603888114000029;51,963805614000080;5211029702100690000;0
164302;5;9;78;32;2021;9;19;2;3;4;6;1;1;0;0;0;1;0;394442,165695640258491;5728092,535412119701505;7,472743361000028;51,693851942000038;5210927317250790000;1
164308;5;9;78;32;2021;12;7;5;3;5;3;1;1;0;0;0;1;0;393229,374227223917842;5728123,330282788723707;7,455193576000056;51,693899356000031;5211209317250800000;0
164311;5;9;13;0;2021;10;17;7;3;0;7;1;0;0;0;1;0;0;402464,046999975107610;5712582,838999636471272;7,593087364000041;51,555889438000065;5211002301306080000;0
164315;5;9;78;24;2021;4;10;3;3;0;3;1;1;0;0;0;0;0;397787,869496310129762;5719647,821288540959358;7,523601782000071;51,618565884000077;5210427301301170000;0
164322;5;9;54;20;2021;6;15;6;3;5;3;1;1;0;0;0;0;0;390709,227999954484403;5695561,535999609157443;7,428861044000030;51,400740803000076;5210625310130480000;0
164323;5;9;14;0;2021;9;12;6;3;0;1;1;0;0;0;0;0;0;395266,990292562171817;5691840,870604710653424;7,495454858000073;51,368156374000080;5210910302100170000;0
164326;5;5;66;8;2021;10;14;7;3;4;6;1;0;0;0;0;0;0;398775,595999968238175;5779623,271999660879374;7,520262537000065;52,157813624000028;5211009709000170000;0
164327;5;5;15;0;2021;9;12;7;3;0;6;1;1;0;0;0;0;0;399283,229210744611919;5756766,770231407135725;7,534419670000034;51,952474139000060;5210918702100270000;0
164331;5;9;13;0;2021;6;14;1;3;0;7;1;0;0;0;0;0;0;390859,833999954164028;5710251,437999615445733;7,426489229000026;51,532808440000053;5210620301202770000;0
164341;5;5;66;76;2021;11;7;5;3;5;3;1;1;0;0;0;0;0;391534,346239159815013;5792444,518992729485035;7,410340685000051;52,271665322000047;5211104709500030000;0
164342;5;5;66;8;2021;6;14;6;3;5;2;1;1;0;0;0;0;0;399241,939931071363389;5780255,454024706035852;7,526889669000070;52,163580817000081;5210618709100990000;0
164343;5;9;13;0;2021;9;13;3;2;5;3;1;1;0;0;0;0;0;394983,348438300192356;5705231,322433441877365;7,487411945000076;51,488466883000058;5210907301102870000;0
164345;5;9;13;0;2021;9;11;3;3;0;7;1;0;0;0;0;0;0;392482,926609345711768;5707976,103022329509258;7,450575004000029;51,512668263000080;5210921301501540000;0
164349;5;3;82;16;2021;11;14;4;3;7;1;1;0;0;0;0;0;0;389477,388609757646918;5626165,084070723503828;7,432394940000052;50,776700965000032;5211110607300820000;0
164354;5;5;66;8;2021;6;11;1;2;5;3;1;1;0;0;0;0;0;399258,981354915536940;5784371,684809003025293;7,525915798000028;52,200579389000040;5210613709100640000;0
164355;5;9;13;0;2021;6;17;4;3;3;2;1;1;0;0;0;0;0;394580,471730935387313;5708004,015052910894156;7,480782765000072;51,513314442000080;5210602301101480000;0
164356;5;5;15;0;2021;3;15;3;3;3;6;1;0;0;0;0;0;0;404146,586999977007508;5761337,118999660015106;7,603889197000058;51,994413409000060;5210302702100470000;0
164358;5;5;66;76;2021;7;17;3;3;5;3;1;1;0;0;0;0;0;394039,283999961800873;5795878,895999664440751;7,445958099000052;52,303019219000078;5210713709700470000;0
164362;5;9;13;0;2021;1;7;2;3;6;4;1;1;1;0;0;1;0;392795,412991736084223;5707205,100702652707696;7,455310896000071;51,505797536000046;5210104301101280000;1
164369;5;5;66;76;2021;12;15;5;2;4;1;1;0;0;0;0;0;0;393699,104281703941524;5794401,660819020122290;7,441437161000067;52,289677315000063;5211216709500520000;0
164370;5;9;13;0;2021;6;18;7;2;5;3;1;1;0;0;0;0;0;390174,697616971097887;5706980,722444031387568;7,417634718000045;51,503277515000036;5210605301201280000;1
164375;5;9;13;0;2021;12;17;4;3;5;3;1;1;0;0;0;2;0;396508,357999966479838;5707824,756999624893069;7,508608242000037;51,512059611000041;5211229301302380000;1
164376;5;9;13;0;2021;4;19;7;3;5;2;1;1;0;0;0;0;0;393482,679220479913056;5709514,906935393810272;7,464511658000049;51,526689128000044;5210424301202880000;0
164377;5;5;62;36;2021;9;13;1;3;5;3;1;1;0;0;0;0;0;390012,091999952681363;5721093,259999619796872;7,410875909000026;51,630091822000054;5210912701930570000;0
164378;5;5;66;8;2021;12;15;4;3;5;3;1;1;0;0;0;0;0;399313,377999968826771;5779099,002999659627676;7,528276661000064;52,153199964000066;5211201709110360000;1
164380;5;5;66;12;2021;6;16;5;3;4;1;1;0;0;0;1;0;0;404744,119665632024407;5772298,292333789169788;7,609534988000064;52,093037961000050;5210617709000540000;0
164381;5;9;14;0;2021;6;18;2;3;5;3;1;1;0;0;0;0;0;393021,697999957948923;5691110,655999613925815;7,463432092000062;51,361174158000040;5210614302100440000;0
164384;5;5;66;12;2021;5;16;1;3;4;6;1;1;0;0;0;0;0;400900,576999971643090;5776255,886999664828181;7,552297372000055;52,127933546000065;5210502709100570000;0
164385;5;5;15;0;2021;6;7;2;3;6;4;1;0;1;0;0;0;0;402414,297410621307790;5758390,149382013827562;7,579504849000045;51,967623690000039;5210614702100460000;0
164387;5;9;13;0;2021;10;11;6;3;4;7;1;1;0;0;0;0;0;393462,248241556808352;5702754,512318629771471;7,466258456000048;51,465919436000036;5211008301103080000;0
164388;5;5;66;12;2021;5;16;2;3;3;6;1;1;0;0;0;0;0;400453,170999972149730;5776285,304999662563205;7,545755067000073;52,128117547000045;5210503709110070000;0
164389;5;5;66;76;2021;9;22;4;2;0;1;1;0;0;0;0;2;0;393653,623849381692708;5796540,097950747236609;7,440095318000033;52,308887005000031;5210908709500030000;0
164398;5;9;13;0;2021;9;8;2;3;1;5;1;1;0;0;0;0;0;393519,324833450838923;5706682,196266349405050;7,465895423000063;51,501234281000052;5210913301101180000;0
164400;5;9;54;20;2021;7;7;3;3;5;5;1;1;0;0;0;0;0;390953,643398261629045;5695612,414383966475725;7,432357651000075;51,401245165000034;5210706310130070000;1
164406;5;9;13;0;2021;2;13;7;3;4;6;1;1;0;0;0;0;0;394722,700639460235834;5711729,167849225923419;7,481718056000034;51,546824589000039;5210220301203470000;0
164408;5;5;66;4;2021;9;6;5;3;4;1;1;1;0;0;0;0;0;395119,630903858691454;5767260,200331628322601;7,470644634000053;52,046017016000064;5210930709000790000;0
164412;5;9;13;0;2021;3;20;3;3;0;1;1;0;0;0;0;2;0;399683,413940455764532;5706063,314986761659384;7,554848284000059;51,496798955000031;5210330301303780000;0
164415;5;5;66;8;2021;2;8;2;2;0;1;1;0;0;0;0;0;0;399740,230785712599754;5781443,347363203763962;7,533821259000035;52,174348042000076;5210215709000740000;0
164426;5;9;14;0;2021;5;16;1;3;5;2;1;1;0;0;0;0;0;390831,919430952519178;5689809,893411368131638;7,432391215000052;51,349065513000028;5210502302120280000;0
164431;5;9;14;0;2021;10;15;6;2;6;1;1;0;1;0;0;0;0;392921,069005711004138;5690640,882855877280235;7,462128720000067;51,356932546000053;5211001302100590000;0
164435;5;9;13;0;2021;10;20;2;2;7;7;1;0;0;0;1;2;0;393360,644620475359261;5708233,392897576093674;7,463141016000066;51,515147261000038;5211004301101360000;0
164436;5;9;13;0;2021;5;10;7;2;3;2;1;1;0;0;0;0;0;392323,061629331670702;5708171,750241551548243;7,448212339000065;51,514396374000057;5210529301101980000;0
164437;5;9;78;28;2021;7;8;6;3;1;5;1;1;0;0;0;0;0;400658,524062098003924;5700342,091834573075175;7,570499351000024;51,445543273000055;5210709317140080000;0
164442;5;9;78;28;2021;10;16;2;3;5;3;1;1;0;0;0;0;0;400320,131349090486765;5699826,323639795184135;7,565776857000060;51,440847573000042;5211025317140270000;0
164444;5;9;13;0;2021;3;15;6;3;1;5;1;1;0;0;0;0;0;397288,480999965220690;5709143,062999622896314;7,519462112000042;51,524051828000040;5210326301302880000;0
164446;5;9;78;24;2021;9;14;3;3;1;5;1;1;0;0;0;0;0;398286,636871331371367;5718029,679728901013732;7,531273209000062;51,604111416000080;5210914301301850000;0
164447;5;5;66;12;2021;9;2;1;3;0;7;1;0;0;0;0;2;0;404636,178475073538721;5772846,108290527015924;7,607806563000054;52,097943225000051;5210905709100230000;0
164450;5;5;66;76;2021;4;13;6;3;5;3;1;1;0;0;0;0;0;393745,393999961204827;5793462,815999660640955;7,442411557000071;52,281248687000073;5210409709500540000;0
164452;5;5;15;0;2021;12;7;3;3;0;3;1;1;0;0;0;0;0;401744,702910569496453;5757490,146188402548432;7,570018736000065;51,959416315000055;5211207702100860000;0
164454;5;3;74;32;2021;3;14;4;3;7;7;1;1;0;0;0;0;0;397423,258718596771359;5640063,472765952348709;7,541163998000059;50,903105172000039;5210331605131440000;0
164457;5;5;66;12;2021;5;12;1;2;5;3;1;1;0;0;0;0;0;401350,375081439502537;5776120,189871458336711;7,558905385000060;52,126794380000035;5210530709100870000;0
164459;5;5;66;8;2021;9;11;1;3;9;1;1;0;0;0;0;0;0;399082,565002321265638;5782322,435919243842363;7,523945557000047;52,182129132000057;5210905709100460000;0
164460;5;9;78;40;2021;6;23;7;3;6;4;1;0;1;0;0;2;0;404094,026108312420547;5725061,013912091031671;7,613177187000076;51,668334303000051;5210619317240470000;0
164461;5;9;13;0;2021;2;18;7;3;5;3;1;1;0;0;0;2;0;394354,547117765061557;5703877,625729549676180;7,478763524000044;51,476181937000035;5210220301404100000;0
164463;5;9;78;24;2021;4;17;4;2;5;3;1;0;0;0;0;0;1;394348,749577315524220;5719079,362318104133010;7,474115630000028;51,612821315000076;5210428301301570000;0
164464;5;9;14;0;2021;6;14;3;3;0;7;1;0;1;0;0;0;0;393493,357913240790367;5690902,491488184779882;7,470266458000026;51,359391658000050;5210601302000090000;0
164465;5;9;78;24;2021;11;7;6;3;5;3;1;1;0;0;0;1;0;392150,567571752704680;5717447,189783753827214;7,442882573000077;51,597734124000056;5211105301301610000;0
164468;5;5;66;8;2021;7;10;2;3;5;3;1;1;0;0;0;0;0;400832,484999974258244;5779420,253999667242169;7,550379693000025;52,156362226000056;5210712709100070000;0
164471;5;5;66;8;2021;10;14;6;3;5;3;1;0;0;0;0;0;0;399559,377999970689416;5780413,527999663725495;7,531482271000073;52,165059400000075;5211008709110790000;0
164472;5;5;15;0;2021;11;14;4;3;0;2;1;1;0;0;0;0;0;403874,237071352079511;5757415,148016912862659;7,601022297000043;51,959114443000033;5211110702100570000;0
164476;5;9;14;0;2021;9;18;4;3;0;3;1;1;0;0;0;0;0;393267,407795768231153;5695365,798734204843640;7,465681390000043;51,399468531000082;5210908302100580000;0
164481;5;9;78;4;2021;3;17;6;3;0;3;1;1;0;0;0;0;0;402372,246999974362552;5718640,359999636188149;7,590079162000052;51,610323875000063;5210326317220270000;0
164482;5;9;13;0;2021;9;9;4;3;5;3;1;0;0;0;1;0;0;393641,866035264916718;5708224,317245259881020;7,467195083000036;51,515118701000063;5210929301101040000;0
164483;5;9;13;0;2021;9;7;5;3;5;7;1;1;0;0;0;0;0;399111,166835152544081;5704853,307432031258941;7,546953264000024;51,485820540000077;5210916301303070000;0
164494;5;5;66;8;2021;2;6;3;3;5;3;1;1;0;0;0;2;0;399891,777383525855839;5780659,498983966186643;7,536267929000076;52,167330518000028;5210223709110370000;0
164497;5;9;13;0;2021;3;17;3;2;2;2;1;1;0;0;0;0;0;399800,989937118254602;5704379,217894215136766;7,557019541000045;51,481681647000073;5210302301303380000;0
164499;5;9;78;24;2021;5;8;7;3;5;3;1;1;0;0;0;0;0;397573,168101955205202;5718509,310099376365542;7,520834386000047;51,608293284000069;5210515301301880000;0
164500;5;5;66;8;2021;3;9;3;2;8;5;1;0;0;0;0;0;0;399627,158847167156637;5781441,658270077779889;7,532168805000026;52,174312304000068;5210323709110710000;0
164501;5;5;15;0;2021;12;15;7;3;4;6;1;0;0;0;0;0;0;403732,713385974057019;5757997,223762214183807;7,598800133000054;51,964321845000029;5211218702100570000;1
164507;5;5;66;8;2021;1;14;3;3;5;3;1;0;0;0;1;0;0;398203,662999968975782;5779857,815999662503600;7,511834528000065;52,159816473000035;5210105709300040000;1
164509;5;9;13;0;2021;5;10;1;3;0;3;1;1;0;0;0;0;0;399339,634401003830135;5705704,947218980640173;7,549999759000059;51,493516527000054;5210509301303580000;0
164512;5;9;13;0;2021;5;17;4;3;1;3;1;1;0;0;0;0;0;393447,533315187320113;5710386,537398215383291;7,463741478000031;51,534517100000073;5210526301201260000;1
164513;5;9;13;0;2021;2;17;3;3;0;6;1;1;0;0;0;2;0;392648,300161213614047;5710181,980288922786713;7,452285122000035;51,532527042000027;5210202301202270000;1
164514;5;5;62;36;2021;6;14;6;3;1;5;1;1;0;0;0;0;0;390108,374425611458719;5720155,647622473537922;7,412560639000048;51,621683302000065;5210618701930170000;0
164516;5;9;78;20;2021;7;18;5;3;5;3;1;1;0;0;0;0;0;403594,512446154840291;5714133,381450964137912;7,608963344000074;51,570021569000062;5210708317210970000;1
164517;5;9;15;0;2021;3;14;2;3;0;1;1;0;0;0;0;0;0;421037,160276788286865;5727342,815315116196871;7,857604678000030;51,691483855000058;5210315303100080000;1
164518;5;9;78;4;2021;4;13;5;3;5;2;1;1;0;0;0;0;0;407766,854999979957938;5722316,376000000163913;7,666995462000045;51,644277586000044;5210415317220070000;0
164521;5;5;15;0;2021;12;23;5;3;3;6;1;0;0;0;0;2;0;404923,243197905831039;5756879,964301209896803;7,616432402000044;51,954484360000038;5211216702100070000;0
164523;5;5;15;0;2021;4;17;2;3;5;3;1;0;0;0;0;0;0;406796,391999979503453;5757303,653999656438828;7,643567394000058;51,958609787000057;5210426702100970000;0
164524;5;9;78;40;2021;9;16;3;3;2;3;1;1;0;0;0;0;0;405352,465023085474968;5724804,346513468772173;7,631438410000044;51,666240556000048;5210914317240780000;0
164525;5;5;15;0;2021;11;19;2;3;2;5;1;0;0;0;0;2;0;405893,176999979652464;5758383,339999658986926;7,630130696000037;51,968162352000036;5211101702100560000;1
164526;5;9;62;40;2021;3;7;2;3;0;5;1;0;0;0;0;0;0;410591,628999982960522;5702003,733999636024237;7,712973475000069;51,462136066000028;5210322307000770000;1
164531;5;5;66;12;2021;12;15;2;3;5;3;1;0;0;0;0;0;0;405060,194313680753112;5772819,247009765356779;7,614002188000029;52,097774714000082;5211206709100930000;0
164533;5;9;62;32;2021;7;5;3;3;0;1;1;0;0;0;0;1;0;405194,156999978236854;5674670,732999617233872;7,642578086000071;51,215549369000030;5210713307000640000;1
164534;5;5;70;52;2021;5;13;6;3;1;5;1;1;0;0;0;0;0;430795,099900669418275;5756820,920482702553272;7,992859837000026;51,957775281000067;5210528711111170000;0
164536;5;9;78;36;2021;5;8;1;3;5;3;1;1;0;0;0;0;0;409475,426637390628457;5709159,217362813651562;7,695074691000059;51,526282177000041;5210530317110380000;0
164538;5;9;58;44;2021;2;5;2;3;0;1;1;0;0;0;0;2;0;429162,884999995119870;5691236,531999636441469;7,982405543000027;51,367963512000074;5210201313130470000;2
164540;5;9;62;40;2021;11;20;3;3;5;3;1;1;0;0;0;2;0;418509,636371456086636;5696962,901883009821177;7,828086136000024;51,418014812000081;5211130307000960000;1
164541;5;5;15;0;2021;12;10;6;3;0;3;1;1;0;0;0;0;0;406273,853281994350255;5751948,796914406120777;7,637423945000023;51,910389758000065;5211210702100060000;0
164542;5;9;78;4;2021;5;13;1;3;5;3;1;1;0;0;0;0;0;406791,600207570008934;5719021,479014975950122;7,653781818000027;51,614498803000060;5210523317220370000;0
164545;5;9;78;36;2021;10;16;6;3;0;3;1;1;0;0;0;0;0;408424,122754113748670;5711121,265282822772861;7,679413927000041;51,543750068000065;5211015317110270000;0
164547;5;9;74;52;2021;4;10;5;3;1;1;1;1;0;0;0;0;0;423867,104773971252143;5711259,539058832451701;7,902033785000071;51,547287986000072;5210408316200580000;0
164548;5;5;15;0;2021;12;8;2;3;0;1;1;0;0;0;0;0;0;404921,447992370463908;5755170,272565847262740;7,616879161000043;51,939116631000047;5211220702100970000;2
164550;5;5;15;0;2021;6;19;6;3;4;2;1;1;0;0;0;0;0;406155,631999977864325;5756694,193999657407403;7,634411455000077;51,953023900000062;5210618702100870000;0
164556;5;5;70;4;2021;7;19;7;3;1;5;1;1;0;0;0;0;0;424014,733404560014606;5734174,615099303424358;7,899183380000068;51,753310814000031;5210710711213070000;0
164557;5;5;15;0;2021;5;16;6;3;0;1;1;1;0;0;0;0;0;404739,630758053623140;5758757,061405712738633;7,613240642000051;51,971325002000071;5210528702100740000;0
164560;5;5;15;0;2021;11;20;5;3;0;1;1;0;0;0;0;2;0;405627,211570146493614;5753492,835306417196989;7,627602910000064;51,924159168000074;5211104702100670000;1
164563;5;5;15;0;2021;3;15;2;3;3;6;1;1;0;0;0;0;0;405368,612862377427518;5758784,609235186129808;7,622386627000026;51,971680064000054;5210329702100590000;0
164564;5;9;15;0;2021;10;16;4;3;5;3;1;1;0;0;0;0;0;418366,000999989919364;5726132,177999649196863;7,819251550000047;51,680218701000058;5211006303100570000;1
164566;5;5;70;4;2021;5;14;6;3;5;2;1;1;0;0;0;0;0;424784,868083502165973;5734823,091809459030628;7,910197985000025;51,759244376000026;5210507711213280000;0
164567;5;5;15;0;2021;6;14;4;3;0;4;1;0;1;0;0;0;0;405500,860437748022377;5757173,793210873380303;7,624754512000038;51,957223875000068;5210630702100860000;0
164568;5;9;78;8;2021;11;17;1;3;1;5;1;1;0;0;0;2;0;415239,714994304813445;5717057,375516202300787;7,776242139000033;51,598178002000054;5211121317230420000;1
164570;5;9;62;4;2021;7;1;7;3;9;7;1;0;0;0;0;2;0;407805,533788260072470;5682556,280205966904759;7,677925150000021;51,286865871000032;5210703307000580000;0
164571;5;5;70;52;2021;2;7;6;3;5;3;1;1;0;0;0;1;0;429922,149999995715916;5755713,172999665141106;7,980383850000067;51,947707734000062;5210226711112780000;1
164576;5;5;15;0;2021;4;17;4;3;0;1;1;0;0;0;0;0;0;406432,904963113367558;5755851,173919057473540;7,638674489000039;51,945493136000039;5210407702100060000;1
164578;5;5;66;40;2021;11;19;2;2;0;7;1;0;0;0;0;2;0;421342,985648727044463;5782245,742514181882143;7,849471039000036;52,185063414000069;5211101709800620000;0
164579;5;5;15;0;2021;9;22;3;2;1;1;1;1;0;0;0;2;0;405507,594183734618127;5755566,222495529800653;7,625294448000034;51,942775460000064;5210928702100070000;0
164583;5;9;78;8;2021;6;16;4;3;0;1;1;0;0;0;0;0;0;412829,798409306444228;5716691,982924450188875;7,741547787000059;51,594525515000043;5210602317230580000;0
164584;5;5;70;52;2021;11;15;3;3;5;3;1;1;0;0;0;1;0;429962,565971413627267;5756415,504607208073139;7,980828661000032;51,954026512000041;5211130711111680000;1
164587;5;5;15;0;2021;2;13;6;3;1;5;1;1;0;0;0;0;0;406448,607618550769985;5758015,451304020360112;7,638313599000071;51,964949355000044;5210205702100560000;0
164589;5;5;66;92;2021;9;13;3;3;3;1;1;0;0;0;0;0;0;421455,936545042321086;5797896,604160981252789;7,847481794000032;52,325761226000054;5210921709700570000;0
164591;5;9;58;4;2021;10;9;6;3;6;6;1;0;1;0;0;0;0;428320,427435788325965;5699870,973980313166976;7,968560396000044;51,445485017000067;5211029313110190000;0
164594;5;9;62;40;2021;9;18;2;2;5;7;1;1;0;0;0;0;0;416370,840104309841990;5699342,463531693443656;7,796773472000041;51,439095216000055;5210913307000390000;0
164595;5;5;15;0;2021;6;16;6;3;3;6;1;0;0;0;1;0;0;406157,204454272054136;5757195,526968896389008;7,634297403000062;51,957530382000073;5210604702100660000;0
164597;5;5;66;28;2021;12;21;4;3;0;7;1;0;0;0;0;2;0;412508,348001477308571;5792549,769082691520452;7,717612290000034;52,276349016000040;5211215709700210000;0
164600;5;5;70;4;2021;5;18;3;2;2;6;1;0;0;0;0;0;0;425844,336637111380696;5736392,096486378461123;7,925210883000034;51,773490612000046;5210518711212780000;1
164602;5;5;15;0;2021;5;12;1;2;1;1;1;1;0;0;0;0;0;404867,349330166354775;5757581,743615290150046;7,615424950000033;51,960782672000050;5210502702100040000;0
164604;5;5;15;0;2021;6;13;2;2;1;5;1;1;0;0;0;0;0;405994,334093609824777;5756550,921132342889905;7,632104223000056;51,951708856000039;5210628702100040000;0
164606;5;5;70;4;2021;6;18;5;3;5;3;1;1;0;0;0;0;0;423151,661999992094934;5735151,942999653518200;7,886466287000076;51,761978882000051;5210603711216470000;0
164607;5;5;66;12;2021;6;18;4;3;0;7;1;0;1;0;0;0;0;406094,704148789867759;5772902,633328719064593;7,629077002000031;52,098700760000042;5210609709100650000;0
164608;5;9;62;24;2021;11;8;6;3;2;5;1;0;0;0;1;0;0;408913,026032770983875;5692708,153413100168109;7,691206031000036;51,378305791000059;5211112307000860000;0
164610;5;5;15;0;2021;6;7;4;3;5;2;1;0;0;0;0;0;0;405337,798847637139261;5756881,559653466567397;7,622462734000067;51,954569420000041;5210602702100360000;0
164611;5;9;15;0;2021;11;21;6;2;5;3;1;1;0;0;0;2;0;418347,002999988384545;5725703,047999653965235;7,819077185000026;51,676358258000050;5211119303100090000;0
164613;5;9;78;36;2021;9;16;5;3;0;7;1;0;0;0;0;0;0;407193,906577333807945;5711227,886083330959082;7,661650430000066;51,544507530000033;5210930317110590000;0
164614;5;9;74;52;2021;3;20;6;2;0;7;1;0;1;0;0;2;0;424548,252679894678295;5710804,901672888547182;7,911952682000049;51,543292277000035;5210326316200080000;0
164618;5;5;15;0;2021;6;13;3;3;5;3;1;0;0;0;0;0;0;409127,699999981559813;5757592,803999660536647;7,677409542000021;51,961594742000045;5210608702100270000;0
164619;5;5;70;52;2021;12;17;5;2;7;5;1;1;0;0;0;2;0;430024,250247899442911;5756060,040471386164427;7,981798510000033;51,950838793000059;5211223711112580000;1
164622;5;9;15;0;2021;2;11;2;3;2;6;1;1;0;0;0;0;0;417078,221999988891184;5726881,991999650374055;7,800451437000049;51,686770460000048;5210222303200580000;0
164627;5;9;78;20;2021;10;11;2;3;5;3;1;1;0;0;0;0;0;407486,797999979928136;5716807,141999639570713;7,664403907000064;51,594708547000039;5211018317210980000;0
164629;5;5;70;4;2021;6;15;3;2;0;6;1;0;0;0;0;0;0;423548,492999992333353;5734954,153999652713537;7,892258730000037;51,760255152000070;5210622711211980000;0
164630;5;5;66;12;2021;6;16;6;3;7;5;1;1;0;0;0;0;0;405300,966999977827072;5771731,944999668747187;7,617818137000029;52,088043092000078;5210611709100070000;0
164634;5;5;15;0;2021;10;16;7;3;5;3;1;1;0;0;0;0;0;405902,444021944887936;5757239,050766846165061;7,630579074000025;51,957878541000071;5211009702100290000;0
164639;5;5;70;4;2021;10;1;7;3;0;1;1;0;0;0;0;2;0;426751,624999993480742;5739653,913999659940600;7,937669705000076;51,802932968000050;5211002711212080000;1
164641;5;5;58;4;2021;6;15;2;3;2;6;1;1;0;0;0;0;0;404398,236204075627029;5738318,113372279331088;7,613934374000053;51,787550905000046;5210628706300770000;1
164643;5;5;15;0;2021;10;17;6;3;6;6;1;0;1;0;0;0;0;405986,818884310312569;5757183,736245820298791;7,631821757000068;51,957395621000046;5211029702100150000;0
164645;5;5;70;52;2021;12;7;6;3;1;5;1;1;0;0;0;1;0;429434,302501788362861;5755213,458431148901582;7,973389587000042;51,943153825000081;5211210711112380000;0
164646;5;9;15;0;2021;4;12;3;2;6;7;1;0;1;0;0;0;0;423574,850999992340803;5726797,268999654799700;7,894430735000071;51,686930758000074;5210420303100750000;0
164647;5;5;15;0;2021;11;11;4;3;5;2;1;1;0;0;0;0;0;404872,088049202226102;5754413,962496345862746;7,616370498000038;51,932310152000071;5211124702100580000;1
164651;5;9;78;8;2021;9;7;5;3;5;3;1;1;0;0;0;0;0;414161,059999985620379;5718039,709999645128846;7,760432106000053;51,606845303000057;5210930317230280000;0
164656;5;9;74;12;2021;3;16;4;3;5;3;1;1;0;0;0;0;0;426838,308309106156230;5704251,694714659824967;7,946330413000055;51,484679297000071;5210310316200850000;0
164658;5;3;74;44;2021;9;15;5;3;5;3;1;1;0;0;0;0;0;402612,961975038051605;5635643,309292871505022;7,616125688000068;50,864266457000042;5210909605144370000;0
164660;5;5;15;0;2021;7;1;1;2;0;1;1;0;0;0;0;2;0;406119,715681387111545;5757030,557688826695085;7,633797073000039;51,956041233000064;5210711702100820000;0
164662;5;5;70;4;2021;2;11;3;3;5;3;1;1;0;0;0;0;0;422774,251503372564912;5735252,504495397210121;7,880976374000056;51,762830966000081;5210202711215670000;1
164663;5;9;62;32;2021;12;11;4;3;0;5;1;1;0;0;0;0;0;404164,662875072099268;5674617,797920441254973;7,627856534000045;51,214901630000043;5211229307000370000;0
164665;5;5;66;28;2021;7;10;6;3;0;6;1;0;0;0;0;0;0;414480,640909486450255;5791730,602569216862321;7,746720814000071;52,269296385000075;5210702709700070000;0
164666;5;5;15;0;2021;6;19;6;3;0;1;1;0;0;0;0;0;0;405442,344308687373996;5759029,103492895141244;7,623392296000077;51,973890226000037;5210611702100850000;0
164668;5;5;15;0;2021;3;16;4;3;5;3;1;1;0;0;0;0;0;405772,485740079544485;5758398,249745490029454;7,628370301000075;51,968275921000043;5210317702100040000;0
164669;5;9;78;36;2021;9;17;3;3;5;3;1;0;0;0;0;0;0;406333,101001492701471;5710788,265075422823429;7,649357528000053;51,540413482000076;5210928317110570000;0
164671;5;5;15;0;2021;6;17;3;3;0;3;1;1;0;0;0;0;0;405321,157748557627201;5751433,169840715825558;7,623719796000046;51,905593916000043;5210629702100870000;0
164674;5;5;70;52;2021;12;14;2;3;5;3;1;1;0;0;0;0;0;429840,900548859499395;5756025,713851649314165;7,979138095000053;51,950507111000036;5211213711112450000;1
164676;5;5;15;0;2021;10;15;7;3;1;5;1;1;0;0;0;0;0;405301,135649821721017;5757275,735745711252093;7,621820725000021;51,958106200000032;5211009702100670000;0
164678;5;5;15;0;2021;6;7;5;2;0;2;1;0;0;0;0;0;0;406408,155311552807689;5756522,477193815633655;7,638131724000061;51,951522979000060;5210610702100580000;0
164679;5;9;15;0;2021;2;18;5;3;3;2;1;1;0;0;0;2;0;414440,779953415505588;5727406,659434435889125;7,762178931000051;51,691091150000034;5210225303200080000;0
164680;5;9;78;36;2021;6;11;2;3;0;7;1;0;0;0;1;0;0;411605,507469052448869;5708608,033597463741899;7,725910164000027;51,521664795000049;5210614317110570000;0