OID_;ULAND;UREGBEZ;UKREIS;UGEMEINDE;UJAHR;UMONAT;USTUNDE;UWOCHENTAG;UKATEGORIE;UART;UTYP1;IstRad;IstPKW;IstFuss;IstKrad;IstSonstige;ULICHTVERH;IstGkfz;LINREFX;LINREFY;XGCSWGS84;YGCSWGS84;UIDENTSTLAE;IstStrassenzustand
164687;5;9;62;36;2021;12;11;2;3;0;1;1;0;0;0;0;0;0;405133,337489882484078;5662614,513988751918077;7,644887229000062;51,107157146000077;5211220307000570000;2
164688;5;5;15;0;2021;5;15;5;3;4;2;1;1;0;0;0;0;0;406150,599174940958619;5756688,272841282188892;7,634339859000022;51,952969829000040;5210527702100560000;1
164690;5;5;15;0;2021;7;20;4;3;4;2;1;0;0;0;0;1;0;405879,070229934528470;5757259,082823911681771;7,630233527000030;51,958054642000036;5210707702100550000;0
164692;5;9;15;0;2021;12;7;6;3;1;7;1;1;0;0;0;1;0;413496,957999986596406;5728122,632999649271369;7,748350207000044;51,697382593000043;5211210303200620000;1
164693;5;9;15;0;2021;9;6;7;2;1;5;1;1;0;0;0;0;0;419326,895379589870572;5725621,746108185499907;7,833264672000041;51,675768989000062;5210904303100190000;0
164694;5;3;74;4;2021;10;16;5;3;5;3;1;1;0;0;0;0;0;405751,052552381530404;5652863,114955307915807;7,656249088000038;51,019594740000059;5211028605104570000;0
164695;5;9;74;52;2021;5;15;4;3;5;3;1;1;0;0;0;0;0;424568,574999993667006;5712673,037999646738172;7,911845019000054;51,560089587000050;5210519316000780000;0
164696;5;5;15;0;2021;10;12;1;3;1;5;1;1;0;0;0;0;0;404780,332770164124668;5759263,330982338637114;7,613692523000054;51,975882513000045;5211017702100160000;0
164698;5;5;15;0;2021;9;13;3;3;5;2;1;1;0;0;0;0;0;405996,819569230079651;5756569,972946563735604;7,632135167000058;51,951880522000067;5210907702100270000;0
164701;5;9;62;24;2021;2;14;1;3;0;1;1;0;0;0;0;0;0;409310,362469647079706;5691848,889322312548757;7,697132928000030;51,370644975000062;5210221307000330000;0
164702;5;9;15;0;2021;3;10;3;3;3;6;1;1;0;0;0;0;0;413069,513829359784722;5724005,666761996224523;7,743191999000032;51,660307965000072;5210316303100080000;1
164704;5;5;15;0;2021;2;17;4;3;9;7;1;0;0;0;1;1;0;405131,848097099922597;5750768,474806196987629;7,621151761000021;51,899587098000040;5210224702100260000;0
164705;5;9;15;0;2021;6;7;2;3;4;2;1;0;0;0;1;0;0;418879,794999989680946;5725976,134999647736549;7,826717603000077;51,678890396000043;5210614303100570000;0
164706;5;3;74;4;2021;1;13;6;3;5;3;1;1;0;0;0;0;0;404474,406605150550604;5652700,052113359794021;7,638095774000021;51,017918120000047;5210122605104970000;0
164707;5;5;15;0;2021;12;13;6;3;0;1;1;0;0;0;0;0;0;407017,163238828070462;5751119,808660117909312;7,648450518000061;51,903062898000030;5211217702100890000;1
164708;5;5;15;0;2021;1;16;3;2;0;1;1;0;0;0;0;1;0;405606,629527283832431;5757270,909246565774083;7,626266606000058;51,958114761000047;5210105702100640000;1
164712;5;5;70;52;2021;12;6;6;2;7;6;1;1;0;0;0;2;0;430361,883100005798042;5755877,794525027275085;7,986747425000033;51,949242847000050;5211203711112280000;1
164716;5;9;58;4;2021;11;6;4;3;5;2;1;1;0;0;0;2;0;429497,429046517238021;5698543,248101897537708;7,985758529000066;51,433695977000070;5211110313110180000;0
164717;5;5;66;12;2021;9;7;4;3;5;3;1;1;0;0;0;0;0;405689,624999978579581;5772281,020999670028687;7,623337123000056;52,093044673000065;5210908709110830000;0
164718;5;9;62;40;2021;5;7;5;3;5;3;1;1;0;0;0;0;0;418047,314261174760759;5697551,903922641649842;7,821302773000070;51,423243256000035;5210520307000890000;0
164724;5;9;15;0;2021;5;15;2;2;0;1;1;0;0;0;0;0;0;421177,035090434364974;5722841,432903690263629;7,860643702000061;51,651037513000063;5210531303100080000;0
164725;5;9;78;20;2021;5;12;7;3;3;5;1;1;0;0;0;0;0;408218,580932449549437;5716900,345456760376692;7,674941085000057;51,595666078000079;5210508317210570000;0
164726;5;5;70;52;2021;6;16;2;3;5;3;1;1;0;0;0;0;0;429307,371904849074781;5756591,198397027328610;7,971259907000046;51,955523022000079;5210621711111350000;1
164730;5;5;15;0;2021;6;8;2;3;3;2;1;1;0;0;0;0;0;406180,159999979659915;5755208,502999659627676;7,635173738000049;51,939673924000033;5210628702100160000;0
164731;5;9;62;40;2021;1;18;2;3;0;7;1;0;0;0;0;2;0;413852,382661221548915;5701557,320184931159019;7,760008496000069;51,458628681000050;5210111307000990000;0
164733;5;9;15;0;2021;3;18;4;3;5;3;1;1;0;0;0;0;0;420814,249996647238731;5720533,203235309571028;7,855923268000026;51,630236199000080;5210331303100770000;0
164734;5;9;78;36;2021;12;6;6;3;5;3;1;1;0;0;0;2;0;407806,317680683918297;5709708,986099245026708;7,670877220000023;51,530954147000045;5211203317110090000;1
164735;5;5;70;4;2021;9;19;2;2;0;1;1;1;0;0;1;1;0;425194,464546254836023;5734387,224448444321752;7,916225349000058;51,755380915000046;5210913711213490000;0
164736;5;9;62;8;2021;6;17;4;2;5;3;1;0;0;0;0;0;0;423336,125524334609509;5686995,572584781795740;7,899632184000041;51,329079261000061;5210630307000650000;0
164737;5;5;15;0;2021;11;14;4;3;5;3;1;0;0;0;0;0;0;404927,644083574414253;5755165,862082676962018;7,616970487000060;51,939078046000077;5211110702100430000;0
164738;5;5;70;44;2021;9;13;6;3;5;3;1;1;0;0;0;0;0;416501,215999988839030;5759853,806999664753675;7,784149250000041;51,983075157000030;5210917711142570000;0
164740;5;5;15;0;2021;4;14;2;3;5;7;1;1;0;0;0;0;0;405996,416887939907610;5756566,886290216818452;7,632130153000048;51,951852710000026;5210412702100270000;0
164741;5;5;15;0;2021;10;11;7;2;5;2;1;0;0;0;0;0;0;405892,889829655177891;5758382,335610194131732;7,630126792000056;51,968153276000066;5211009702100570000;0
164745;5;9;78;36;2021;10;17;2;3;5;3;1;0;0;1;0;0;0;406863,672621591947973;5709722,673021586611867;7,657287824000036;51,530922465000060;5211004317110250000;0
164746;5;5;70;4;2021;11;7;5;3;5;3;1;1;0;0;0;1;0;424771,553034897893667;5734419,361622750759125;7,910092488000032;51,755613173000029;5211111711213290000;0
164748;5;9;62;16;2021;11;7;3;3;5;2;1;1;0;0;0;1;0;414357,999999987892807;5693408,999999633058906;7,769253785000046;51,385453899000026;5211123307000560000;1
164751;5;9;15;0;2021;12;13;4;3;0;7;1;1;0;0;0;0;0;423210,676598722115159;5726868,630171978846192;7,889147935000040;51,687522586000057;5211208303100070000;0
164752;5;9;62;24;2021;10;8;5;3;0;1;1;0;0;0;0;1;0;408884,725999981164932;5691947,001999629661441;7,690994698000054;51,371458825000047;5211014307000180000;1
164755;5;5;66;12;2021;5;15;4;3;0;7;1;0;0;0;1;0;0;405398,117519499734044;5772760,624048272147775;7,618950149000057;52,097305682000069;5210505709110480000;1
164756;5;9;15;0;2021;5;9;3;2;5;3;1;1;0;0;0;0;0;418693,753999989479780;5724880,569999651983380;7,824282470000071;51,669014840000045;5210504303100860000;0
164759;5;9;62;40;2021;9;18;4;3;5;3;1;1;0;0;0;0;0;420203,881715851835907;5696835,791469754651189;7,852474408000035;51,417113119000078;5210922307000050000;0
164761;5;9;58;4;2021;6;15;7;2;0;1;1;0;0;0;0;0;0;428253,352999994531274;5699597,277999641373754;7,967650879000075;51,443015900000034;5210626313110180000;0
164762;5;9;74;52;2021;1;12;6;3;0;1;1;0;0;0;0;0;0;424027,202838326804340;5711522,289699053391814;7,904285471000037;51,549671696000075;5210129316200570000;1
164765;5;5;15;0;2021;4;16;4;3;0;1;1;0;0;0;0;0;0;406763,214051119051874;5753875,310774827376008;7,644014354000035;51,927788480000061;5210421702100560000;0
164766;5;5;66;80;2021;4;15;6;3;0;1;1;0;0;0;0;0;0;406673,767250766977668;5781150,992061333730817;7,635264017000054;52,172936653000079;5210416709000840000;1
164767;5;9;15;0;2021;11;15;2;3;5;3;1;1;0;0;0;0;0;414418,288877313956618;5728893,175452636554837;7,761488847000066;51,704450491000046;5211108303200580000;0
164769;5;9;66;24;2021;5;13;5;2;0;7;1;0;0;0;0;0;0;418674,596243512816727;5652889,924272073432803;7,840456435000021;51,021809166000025;5210513314110380000;0
164773;5;9;13;0;2021;10;14;5;3;5;3;1;1;0;0;0;0;0;403998,409727634862065;5710608,942918252199888;7,615751489000047;51,538409255000033;5211021301304280000;0
164775;5;5;15;0;2021;7;13;5;3;0;6;1;1;0;0;0;0;0;406678,567046261392534;5756619,352319119498134;7,642039021000073;51,952439180000056;5210701702100070000;1
164778;5;5;70;4;2021;12;17;2;2;0;1;1;1;0;0;0;2;0;424639,077199686318636;5729987,968167649582028;7,909133232000045;51,715758323000045;5211220711214200000;1
164779;5;5;66;12;2021;4;15;5;3;5;3;1;1;0;0;0;0;0;405255,047302721068263;5772290,679360577836633;7,616992837000055;52,093057249000026;5210429709100580000;0
164780;5;5;70;44;2021;3;14;5;3;0;6;1;0;1;0;0;0;0;417346,836862448602915;5760282,738308243453503;7,796356273000072;51,987057274000051;5210318711142060000;0
164781;5;5;15;0;2021;5;15;4;3;4;6;1;0;0;0;0;0;0;406134,500164920464158;5757460,921475168317556;7,633894569000063;51,959912039000073;5210519702100160000;0
164784;5;5;66;40;2021;6;10;4;3;0;7;1;0;0;0;0;0;0;421675,410113720223308;5782633,374432174488902;7,854242843000065;52,188595097000075;5210602709800540000;0
164786;5;9;66;4;2021;9;12;1;2;5;2;1;1;0;0;0;0;0;426995,820147231221199;5663284,839578507468104;7,956980151000039;51,116385821000051;5210926314210780000;0
164788;5;5;15;0;2021;6;11;2;3;0;5;1;1;0;0;0;0;0;404816,896105513907969;5754215,941678764298558;7,615622769000026;51,930520818000048;5210621702100840000;1
164790;5;5;15;0;2021;4;12;7;3;7;3;1;1;0;0;0;0;0;406675,903362884186208;5754916,408280944451690;7,642462536000039;51,937131793000049;5210424702100060000;0
164791;5;9;70;40;2021;7;18;5;3;0;7;1;1;0;0;0;0;0;428892,470706434920430;5633250,495257893577218;7,989950096000030;50,846581901000036;5210701315110070000;1
164795;5;5;15;0;2021;9;14;6;3;1;6;1;0;0;0;0;0;0;405359,017338720150292;5757416,906229065731168;7,622623937000071;51,959384954000029;5210924702100670000;0
164797;5;5;15;0;2021;2;16;5;2;1;6;1;0;0;0;0;0;0;408058,821181457489729;5754807,682319521903992;7,662602224000068;51,936384710000027;5210225702100530000;0
164799;5;5;15;0;2021;11;12;4;2;0;4;1;0;1;0;0;0;0;405523,312611632980406;5757551,018991356715560;7,624977409000053;51,960618358000033;5211117702100570000;1
164804;5;5;70;52;2021;6;17;3;3;5;3;1;1;0;0;0;0;0;429884,951431644149125;5756099,049933072179556;7,979763992000073;51,951171929000054;5210629711111470000;0
164810;5;9;62;24;2021;5;14;1;3;0;1;1;0;0;0;0;0;0;408373,518077199347317;5693085,390496322885156;7,683358932000033;51,381610151000075;5210523307000880000;0
164812;5;5;70;4;2021;9;11;5;3;0;3;1;1;0;0;0;0;0;424621,876654759049416;5734835,566731248050928;7,907834137000066;51,759334606000039;5210902711213180000;0
164813;5;5;15;0;2021;12;11;3;3;3;6;1;1;0;0;0;0;0;405064,608942131511867;5757066,396597953513265;7,618437413000038;51,956184241000074;5211214702100070000;0
164820;5;5;15;0;2021;5;2;1;3;4;6;1;0;0;0;0;2;0;407660,022861812263727;5757706,668487016111612;7,656024091000063;51,962376394000046;5210523702100560000;1
164823;5;9;62;24;2021;6;13;4;3;6;6;1;0;1;0;0;0;0;403591,587590956129134;5691342,875861708074808;7,615138020000074;51,365154092000068;5210623307100290000;0
164824;5;9;15;0;2021;5;17;5;3;0;6;1;1;0;0;0;0;0;414989,691093920730054;5727568,902248572558165;7,770078746000024;51,692633002000036;5210520303200580000;0
164825;5;5;15;0;2021;6;14;4;3;1;5;1;1;0;0;0;0;0;406055,081406945362687;5756826,269332181662321;7,632912621000060;51,954194079000047;5210630702100580000;0
164826;5;5;70;52;2021;4;17;7;3;0;1;1;0;0;0;0;0;0;430885,847922319546342;5757065,956224245950580;7,994130973000040;51,959989350000058;5210403711113080000;0
164831;5;5;15;0;2021;9;13;3;3;5;2;1;1;0;0;0;0;0;405421,915999976918101;5757578,315999656915665;7,623494617000063;51,960846476000029;5210914702100970000;0
164833;5;5;15;0;2021;6;17;2;3;5;3;1;1;0;0;0;0;0;405779,476700414903462;5755018,751066545024514;7,629398657000024;51,937900637000041;5210614702100870000;0
164834;5;9;78;40;2021;6;14;2;3;5;3;1;1;0;0;0;0;0;406785,809999979101121;5724047,265999644994736;7,652359661000048;51,659674792000033;5210614317240180000;0
164835;5;9;74;52;2021;1;14;2;3;4;2;1;1;0;0;0;0;0;424802,661472895182669;5712962,373107405379415;7,915159343000028;51,562721975000045;5210118316200280000;0
164836;5;5;15;0;2021;6;16;3;3;4;2;1;1;0;0;0;0;0;405474,832999979145825;5758482,646999660879374;7,624015609000026;51,968983980000075;5210615702100170000;0
164841;5;5;15;0;2021;2;17;6;2;5;3;1;1;0;0;0;1;0;405237,585210373625159;5753183,666960394009948;7,622023723000041;51,921314032000055;5210205702100030000;0
164842;5;9;15;0;2021;6;14;6;3;0;6;1;0;0;0;1;0;0;416691,768017406575382;5727144,525319214910269;7,794799637000040;51,689073280000059;5210618303100570000;0
164847;5;5;15;0;2021;7;10;3;3;0;3;1;0;0;0;0;0;0;405419,937999978661537;5758309,114999657496810;7,623264567000035;51,967414865000080;5210713702100260000;1
164849;5;5;15;0;2021;6;18;7;3;1;5;1;1;0;0;0;0;0;405799,556999978609383;5758418,563999660313129;7,628758670000025;51,968463102000044;5210626702100470000;0
164850;5;9;78;36;2021;10;14;4;3;0;1;1;0;0;0;0;0;0;406701,152707476168871;5710389,799019403755665;7,654768743000034;51,536892558000034;5211020317110970000;1
164857;5;5;15;0;2021;4;20;6;3;5;3;1;0;0;0;0;1;0;408876,671749202534556;5756220,596253186464310;7,674120963000064;51,949219406000054;5210416702100870000;0
164861;5;9;62;40;2021;11;15;1;3;0;1;1;0;0;0;0;0;0;416721,511940075084567;5698424,805720156058669;7,802033452000046;51,430897267000034;5211114307000670000;1
164862;5;5;15;0;2021;10;12;1;3;0;6;1;1;0;0;0;0;0;406477,180940913967788;5756130,177279315888882;7,639242567000053;51,948008403000074;5211024702100190000;0
164863;5;5;15;0;2021;11;15;5;3;0;7;1;1;0;0;0;0;0;407131,179077466949821;5756733,399718573316932;7,648592370000074;51,953540061000069;5211125702100690000;0
164867;5;5;70;4;2021;7;8;5;3;4;6;1;1;0;0;1;0;0;423747,779706827364862;5735886,705739276483655;7,894941023000058;51,768665635000048;5210708711216870000;0
164872;5;9;15;0;2021;6;12;4;3;5;3;1;1;0;0;0;0;0;414372,463999986648560;5724620,008999645709991;7,761874250000062;51,666030556000067;5210602303100040000;0
164875;5;9;15;0;2021;11;11;7;2;5;2;1;1;0;0;0;0;0;420110,492422736249864;5722070,615326765924692;7,845406639000032;51,643957559000057;5211113303100570000;1
164879;5;5;15;0;2021;5;15;3;2;0;1;1;0;0;0;0;0;0;404919,224592952989042;5758374,786963159218431;7,615960140000027;51,967919727000037;5210511702100560000;1
164881;5;5;15;0;2021;7;16;7;3;6;1;1;0;1;0;0;0;0;406115,991764896549284;5757127,908719675615430;7,633716294000067;51,956915641000080;5210710702100930000;0
164884;5;5;15;0;2021;4;18;1;3;5;3;1;1;0;0;0;0;0;405749,445485624484718;5756563,417925845831633;7,628538473000049;51,951779737000038;5210418702100070000;0
164886;5;5;66;28;2021;11;8;3;2;0;7;1;0;0;0;0;0;0;414439,252436749637127;5791737,548604372888803;7,746112665000055;52,269352380000043;5211116709700740000;1
164887;5;5;15;0;2021;9;7;4;3;0;1;1;0;0;0;0;0;0;405404,649850712157786;5757113,831548059359193;7,623371306000024;51,956668555000078;5210915702100080000;1
164890;5;5;15;0;2021;9;19;1;3;0;1;1;0;0;0;0;2;0;407159,762047596275806;5756600,903328491374850;7,649043975000041;51,952353886000026;5210926702100870000;0
164892;5;5;15;0;2021;4;8;4;3;0;7;1;0;1;0;0;0;0;405659,745086208917201;5757581,235252115875483;7,626954144000024;51,960913121000033;5210414702100030000;0
164893;5;9;62;32;2021;2;13;6;3;0;5;1;1;0;0;0;0;0;405478,343999977223575;5674161,897999618202448;7,646779942000023;51,211022234000040;5210219307000080000;0
164894;5;9;74;52;2021;3;16;4;3;5;7;1;1;0;0;0;0;0;420977,920621663331985;5711526,718977218493819;7,860315511000067;51,549292669000067;5210331316200570000;0
164895;5;5;15;0;2021;2;16;6;3;0;7;1;1;0;0;0;0;0;408752,210102759301662;5753689,432588705793023;7,672982052000066;51,926447285000052;5210226702100660000;0
164896;5;5;70;52;2021;9;14;4;3;8;1;1;0;0;0;0;0;0;429256,515893159434199;5754954,806184645742178;7,970856761000050;51,940806067000040;5210908711112390000;0
164897;5;5;70;4;2021;1;15;6;2;5;3;1;1;0;0;0;0;0;424250,558059029281139;5733658,379641747102141;7,902711624000062;51,748701959000073;5210115711214470000;1
164902;5;9;62;40;2021;12;11;3;3;5;3;1;1;0;0;0;0;0;414364,881031394936144;5700965,192662093788385;7,767526832000044;51,453383393000081;5211207307000470000;1
164904;5;9;15;0;2021;9;5;7;3;5;3;1;1;0;0;0;2;0;421026,944999991916120;5725906,043999647721648;7,857782029000020;51,678566341000078;5210925303100920000;0
164911;5;5;15;0;2021;7;9;4;3;5;3;1;1;0;0;0;0;0;405886,011056574061513;5758358,276831682771444;7,630033287000060;51,967935860000068;5210707702100570000;0
164912;5;5;66;72;2021;6;10;1;2;4;2;1;0;0;0;0;0;0;412634,876153916120529;5802583,949901422485709;7,716859794000072;52,366558500000053;5210613709700510000;0
164915;5;5;66;40;2021;5;17;7;3;0;1;1;0;0;0;0;0;0;421732,130511379800737;5782539,821679860353470;7,855093990000057;52,187762216000067;5210522709800070000;1
164916;5;9;78;36;2021;9;10;3;3;0;3;1;1;0;0;0;0;0;407792,219295818358660;5709710,426209051162004;7,670673650000026;51,530964790000041;5210914317110190000;0
164918;5;5;70;4;2021;12;16;2;3;6;2;1;0;1;0;0;0;0;423899,830163875594735;5735252,854503424838185;7,897282978000021;51,762988224000026;5211213711216190000;0
164921;5;9;78;16;2021;3;11;2;3;5;3;1;1;0;0;0;0;0;405236,566892049275339;5707457,909519568085670;7,634446651000076;51,510293433000072;5210329317110810000;0
164923;5;5;15;0;2021;9;12;2;2;5;3;1;0;0;0;0;0;0;405885,049164650030434;5758354,912576975300908;7,630020212000034;51,967905458000075;5210920702100770000;0
164924;5;5;15;0;2021;6;14;2;3;5;6;1;0;0;0;0;0;0;411650,158396016806364;5752467,039727488532662;7,715429027000027;51,915926903000070;5210607702100370000;0
164925;5;9;78;8;2021;10;17;7;3;1;6;1;1;0;0;0;0;0;413964,399306018836796;5717121,466163031756878;7,757818204000046;51,598560776000056;5211002317230800000;0
164929;5;5;15;0;2021;12;7;4;3;4;2;1;1;0;0;0;2;0;404824,265098245814443;5754514,015011386945844;7,615647457000023;51,933201292000035;5211222702100750000;2
164930;5;5;70;44;2021;6;7;7;3;0;1;1;0;0;0;0;0;0;415969,538697988726199;5759848,494303917512298;7,776410542000065;51,982947235000040;5210612711142080000;0
164932;5;5;70;52;2021;12;12;4;3;4;6;1;0;0;0;1;0;0;430822,777533799409866;5756049,516462020576000;7,993417872000066;51,950844081000071;5211229711113740000;1
164936;5;5;66;28;2021;6;15;3;3;5;3;1;1;0;0;0;0;0;414437,312270533293486;5791731,972504645586014;7,746085654000069;52,269301958000028;5210601709700470000;0
164937;5;9;58;4;2021;7;10;6;3;3;6;1;0;0;0;1;0;0;428691,136364916339517;5698997,380497245118022;7,974069825000072;51,437677887000063;5210702313110180000;0
164938;5;5;15;0;2021;9;15;2;3;4;2;1;0;0;0;1;0;0;405425,048999977298081;5758255,197999658063054;7,623353792000046;51,966931106000061;5210913702100760000;0
164939;5;9;62;40;2021;11;13;2;3;5;3;1;1;0;0;0;0;0;417863,711999989114702;5697728,762999640777707;7,818621688000064;51,424806627000066;5211122307000570000;0
164940;5;5;15;0;2021;12;0;7;3;0;1;1;0;0;0;0;2;0;406447,894706140272319;5758013,532584154978395;7,638303749000045;51,964931989000036;5211218702100070000;1
164941;5;9;62;24;2021;5;7;6;3;5;3;1;1;0;0;0;0;0;406439,625283204019070;5699620,458364751189947;7,653853363000053;51,440040907000082;5210528307000590000;1
164942;5;9;66;4;2021;9;12;1;3;0;1;1;0;0;0;0;0;0;423818,112307041883469;5664639,547357542440295;7,911302155000044;51,128151866000053;5210926314210680000;0
164943;5;5;15;0;2021;9;14;6;3;5;3;1;0;0;0;0;0;0;405627,464999978430569;5758065,369999658316374;7,626351444000022;51,965259254000046;5210917702100790000;0
164945;5;5;15;0;2021;10;7;3;3;5;3;1;0;0;0;0;1;0;409383,816721121780574;5752512,837038069963455;7,682474579000029;51,915974394000045;5211012702100190000;1
164948;5;5;15;0;2021;12;8;2;3;5;2;1;1;0;0;0;0;0;405070,714907711371779;5761121,696356493979692;7,617404570000076;51,992635858000028;5211220702100070000;0
164950;5;5;15;0;2021;10;12;6;3;6;4;1;0;1;0;0;0;0;406326,674419099465013;5757741,594026841223240;7,636614043000066;51,962467266000033;5211015702100060000;1
164951;5;9;78;12;2021;2;14;6;3;3;7;1;1;0;0;0;0;0;414483,211736366152763;5703003,484558207914233;7,768736384000022;51,471724929000061;5210205317120370000;0
164953;5;5;66;40;2021;5;16;6;3;3;1;1;1;0;0;0;0;0;421365,797645527869463;5782302,575546791777015;7,849791458000027;52,185577532000082;5210521709800610000;0
164954;5;5;15;0;2021;3;13;2;3;3;2;1;0;0;0;0;0;0;408661,718924065120518;5755629,034523386508226;7,671151405000046;51,943866826000033;5210322702100970000;0
164957;5;3;74;44;2021;4;14;7;3;0;3;1;1;0;0;0;0;0;402557,019999973475933;5636586,265999602153897;7,615079791000028;50,872734282000067;5210403605144010000;0
164958;5;5;66;56;2021;7;13;7;3;2;6;1;1;0;0;0;0;0;416925,056800442747772;5797046,588678404688835;7,781223662000059;52,317453726000053;5210710709700560000;0
164959;5;5;15;0;2021;6;3;5;2;0;1;1;0;0;0;0;2;0;405966,628834730014205;5757174,262091200798750;7,631530614000042;51,957307049000065;5210603702100570000;0
164963;5;9;62;16;2021;7;20;4;3;0;1;1;0;0;0;0;0;0;413603,726999985985458;5692639,233999636024237;7,758604229000071;51,378419531000077;5210707307000560000;0
164964;5;5;66;40;2021;6;18;1;3;0;1;1;0;0;0;0;0;0;420288,465243593789637;5782609,240346517413855;7,833964358000060;52,188179430000048;5210627709700270000;0
164965;5;5;15;0;2021;5;12;1;3;5;2;1;0;0;1;0;0;0;408078,584358231164515;5754805,408696919679642;7,662890227000048;51,936367538000070;5210509702100570000;0
164967;5;5;15;0;2021;4;11;4;3;0;7;1;1;0;0;0;0;0;405576,872836174443364;5757712,945584792643785;7,625712172000021;51,962082922000036;5210421702100070000;0
164968;5;9;15;0;2021;2;6;6;3;5;3;1;0;0;0;0;2;1;415614,792262558825314;5728429,575036142021418;7,778912195000032;51,700464238000052;5210205303200070000;1
164970;5;5;15;0;2021;11;10;5;2;0;7;1;0;0;0;0;0;0;409789,944275299087167;5761161,356657346710563;7,686107194000044;51,993778983000027;5211118702100160000;1
164973;5;5;15;0;2021;3;18;4;2;3;1;1;1;0;0;0;0;0;405136,300322391092777;5759260,865168783813715;7,618874122000022;51,975921231000029;5210324702100080000;0
164974;5;9;78;36;2021;4;17;6;3;0;7;1;0;0;0;1;0;0;417474,399849639274180;5711133,422281967476010;7,809890233000033;51,545255468000050;5210423317110210000;0
164977;5;5;70;32;2021;2;15;5;3;5;2;1;1;0;0;0;0;0;420817,566999991424382;5766671,698999671265483;7,845410122000033;52,044993946000034;5210225711151970000;0
164979;5;9;66;4;2021;3;5;3;3;5;3;1;1;0;0;0;2;0;423941,580500749871135;5664709,750255923718214;7,913051453000037;51,128799449000041;5210330314210180000;0
164980;5;9;78;20;2021;10;14;5;3;3;6;1;1;0;0;0;0;0;403901,780822691507638;5714329,726471366360784;7,613341820000073;51,571838968000066;5211007317210010000;0
164981;5;5;66;28;2021;9;16;3;2;2;7;1;0;0;0;0;0;0;416382,190999987535179;5792326,561999686062336;7,774433141000031;52,274945606000074;5210914709300000000;0
164985;5;5;70;16;2021;12;16;5;2;0;4;1;0;1;0;0;1;0;413264,086650693789124;5739226,970569888129830;7,742211978000057;51,797165578000033;5211209711221190000;0
164986;5;9;74;48;2021;5;22;6;2;0;1;1;0;0;0;0;2;0;429529,953999994322658;5717475,000999649986625;7,982440231000055;51,603901873000041;5210521316200480000;1
164990;5;5;15;0;2021;12;19;2;3;0;1;1;0;0;0;0;2;0;407504,665836106985807;5757647,252722125500441;7,653779600000064;51,961816508000027;5211213702100890000;1
164992;5;9;66;28;2021;6;18;3;3;0;1;1;0;0;0;0;0;0;420937,792748108506203;5647062,701487781479955;7,873987266000029;50,969733680000047;5210608314130680000;0
164997;5;9;62;16;2021;4;6;6;3;0;1;1;0;0;0;0;2;0;417032,759920344687998;5693261,917934887111187;7,807717571000069;51,384528984000042;5210430307000820000;1
164998;5;5;15;0;2021;11;8;2;3;0;1;1;0;0;0;0;0;0;406191,784917023032904;5757377,181898314505816;7,634750896000071;51,959169017000079;5211108702100510000;1
165000;5;5;66;28;2021;12;18;4;3;0;1;1;0;0;0;0;2;0;412679,442614941857755;5792362,562487460672855;7,720167863000029;52,274693552000031;5211215709700540000;0
165002;5;9;78;20;2021;9;17;4;3;5;2;1;1;0;0;0;0;0;407397,002470703795552;5716798,046843055635691;7,663110325000048;51,594612035000068;5210908317210560000;0
165003;5;5;70;4;2021;5;14;3;3;5;3;1;0;0;0;1;0;0;426182,799981474876404;5736196,776695331558585;7,930157062000035;51,771779479000031;5210504711212380000;1
165004;5;5;66;40;2021;12;12;5;3;5;3;1;1;0;0;0;0;0;424727,107638118788600;5780147,474809803068638;7,899426669000036;52,166674275000048;5211230709800540000;1
165005;5;3;74;44;2021;9;15;1;3;1;3;1;1;0;0;0;0;0;402483,016537735238671;5636920,884161652997136;7,613939096000024;50,875730038000029;5210905605144190000;0
165006;5;5;66;56;2021;11;17;5;3;5;2;1;1;0;0;0;2;0;417108,842706476338208;5796195,949312951415777;7,784128847000034;52,309835579000037;5211111709700240000;0
165007;5;5;15;0;2021;6;18;4;3;0;1;1;0;0;0;0;0;0;406034,924385755322874;5756771,271828263998032;7,632634426000038;51,953696330000071;5210602702100950000;0
165008;5;9;70;24;2021;2;19;1;2;9;1;1;0;0;0;0;2;0;429423,743822742253542;5646474,984534708783031;7,994938086000047;50,965551842000082;5210221315210130000;0
165009;5;5;15;0;2021;9;9;2;3;5;3;1;0;0;0;0;0;0;405654,542986135929823;5751481,225502897053957;7,628551324000057;51,906082426000069;5210927702100040000;0
165010;5;5;66;28;2021;4;14;6;2;5;3;1;0;0;1;0;0;0;412483,789995320141315;5790574,130120271816850;7,717764905000024;52,258587483000042;5210430709700870000;0
165012;5;5;15;0;2021;6;11;4;3;5;2;1;1;0;0;0;0;0;405362,405999978072941;5758424,701999656856060;7,622395515000051;51,968444016000035;5210623702100750000;0
165013;5;9;66;24;2021;5;14;6;3;0;3;1;1;0;0;0;0;0;418269,889227284118533;5651923,967562358826399;7,834905053000057;51,013067230000047;5210528314110990000;0
165015;5;9;74;52;2021;6;20;5;3;0;7;1;0;0;0;0;0;0;424495,720441059209406;5711507,617543334141374;7,911044478000065;51,549602688000050;5210610316200010000;0
165018;5;5;15;0;2021;10;11;3;3;0;3;1;0;0;0;0;0;0;406674,108804217539728;5757851,640874579548836;7,641639399000042;51,963514851000070;5211019702100540000;1