OID_;ULAND;UREGBEZ;UKREIS;UGEMEINDE;UJAHR;UMONAT;USTUNDE;UWOCHENTAG;UKATEGORIE;UART;UTYP1;IstRad;IstPKW;IstFuss;IstKrad;IstSonstige;ULICHTVERH;IstGkfz;LINREFX;LINREFY;XGCSWGS84;YGCSWGS84;UIDENTSTLAE;IstStrassenzustand
165021;5;5;66;44;2021;5;15;6;2;8;1;1;1;0;0;0;0;0;429845,547232449054718;5777645,053224427625537;7,974767457000041;52,144853687000079;5210528709000580000;0
165022;5;9;74;52;2021;6;13;5;3;0;3;1;1;0;0;0;0;0;424109,876726522110403;5712709,073853427544236;7,905221469000026;51,560352012000067;5210610316200680000;0
165023;5;5;66;12;2021;1;8;5;3;5;3;1;1;0;0;0;1;0;405460,730168809182942;5772826,071683339774609;7,619845757000064;52,097904641000071;5210121709110760000;0
165024;5;9;62;40;2021;9;17;3;3;5;3;1;1;0;0;0;0;0;416342,426652916707098;5698428,789732422679663;7,796580634000065;51,430877237000061;5210921307000880000;0
165027;5;9;15;0;2021;12;10;5;3;5;2;1;1;0;0;0;0;0;420119,215432380326092;5722068,701331768184900;7,845533117000059;51,643941592000033;5211216303100070000;0
165030;5;5;70;4;2021;4;18;5;3;5;3;1;1;0;0;0;0;0;423756,798262312076986;5735942,497951693832874;7,895059447000051;51,769168415000081;5210401711211880000;0
165032;5;5;66;56;2021;11;8;6;3;3;2;1;1;0;0;0;1;0;417208,738423094153404;5797068,149310646578670;7,785379177000038;52,317690382000080;5211126709000390000;1
165033;5;5;15;0;2021;6;11;5;3;3;5;1;1;0;0;0;0;0;406885,917185354046524;5757333,237998284399509;7,644861880000065;51,958890703000066;5210617702100340000;0
165043;5;5;15;0;2021;5;23;5;3;0;3;1;0;0;0;0;2;0;405043,399999978020787;5758357,062999656423926;7,617772028000047;51,967781644000070;5210527702100430000;1
165044;5;9;66;8;2021;5;11;1;2;0;1;1;0;0;0;0;0;0;415725,719999988563359;5651071,439999613910913;7,798843327000043;51,005035359000033;5210502314120480000;0
165052;5;5;70;4;2021;12;18;7;3;4;2;1;1;0;0;0;2;0;423850,595585411414504;5733596,033968612551689;7,896932671000059;51,748087267000074;5211218711214250000;1
165053;5;5;15;0;2021;5;8;3;3;5;3;1;1;0;0;0;0;0;404825,231014299206436;5762035,427414353936911;7,613576640000076;52,000806758000067;5210511702100140000;0
165054;5;9;62;40;2021;6;7;6;3;6;6;1;0;1;0;0;0;0;415847,720999987795949;5698962,692999636754394;7,789339090000055;51,435603672000070;5210604307000830000;0
165055;5;5;15;0;2021;10;7;2;3;0;5;1;1;0;0;0;0;0;406002,309792079962790;5756615,639674335718155;7,632202541000026;51,952291924000065;5211004702100470000;0
165058;5;5;15;0;2021;10;17;6;3;0;5;1;1;0;0;0;0;0;405738,063999977894127;5757151,739999655634165;7,628211514000043;51,957065911000029;5211029702100710000;0
165061;5;5;15;0;2021;6;2;5;3;8;5;1;1;0;0;0;2;0;405340,164999978616834;5757396,139999659731984;7,622355374000051;51,959195089000048;5210603702100550000;0
165062;5;9;62;40;2021;9;14;2;3;1;5;1;1;0;0;0;0;0;417790,932263433001935;5695722,667598335072398;7,818040373000031;51,406761394000057;5210927307000990000;0
165064;5;9;78;20;2021;5;18;3;3;5;7;1;1;0;0;0;0;0;406973,506852505728602;5716378,463690163567662;7,657109454000022;51,590770575000079;5210511317210280000;0
165065;5;5;70;4;2021;9;15;4;2;0;1;1;0;0;0;0;0;0;424932,410528700798750;5735787,441297853365541;7,912126965000027;51,767933387000028;5210901711213450000;0
165076;5;9;62;36;2021;9;10;4;3;0;1;1;0;0;0;0;0;0;405471,696001493372023;5662376,799349557608366;7,649781308000058;51,105076035000081;5210901307200830000;0
165082;5;9;62;40;2021;6;18;4;2;0;1;1;0;0;0;0;0;0;416081,327999988570809;5698958,392999636009336;7,792700104000062;51,435599670000045;5210616307000030000;0
165083;5;5;15;0;2021;11;13;6;3;0;6;1;1;0;0;0;0;0;406755,553612577728927;5756944,044778643175960;7,643070837000039;51,955370593000055;5211105702100990000;0
165084;5;9;78;40;2021;10;18;3;3;0;3;1;1;0;0;0;1;0;405700,937999979592860;5724638,594999646767974;7,636520368000049;51,664809221000041;5211005317240580000;1
165086;5;5;15;0;2021;4;18;6;3;5;3;1;0;0;0;0;0;0;405885,021251123398542;5758354,814948322251439;7,630019833000063;51,967904576000080;5210416702100070000;0
165087;5;9;78;36;2021;6;17;4;3;0;3;1;1;0;0;0;0;0;410481,511868420056999;5713115,581390656530857;7,708567039000059;51,562007811000058;5210602317110560000;0
165088;5;9;78;8;2021;6;14;1;3;0;7;1;0;0;0;0;0;0;413985,127820240333676;5717123,919091720134020;7,758116805000043;51,598585992000039;5210627317230380000;0
165089;5;5;70;24;2021;1;11;6;3;7;1;1;0;0;0;0;0;0;420413,909042193554342;5753517,371246838942170;7,842577974000051;51,926690053000073;5210122711161970000;1
165091;5;9;58;4;2021;9;8;5;2;5;3;1;1;0;0;0;0;0;426449,494798622094095;5700979,395814277231693;7,941412873000047;51,455210118000082;5210923313110580000;0
165092;5;9;15;0;2021;10;19;1;3;3;6;1;0;0;0;0;1;0;422371,786885100416839;5726444,510789796710014;7,877109199000074;51,683594509000045;5211010303100550000;0
165093;5;9;78;4;2021;5;9;3;3;5;3;1;1;0;0;0;0;0;404108,052999977022409;5718148,139999642968178;7,615274013000032;51,606197673000054;5210511317220780000;0
165094;5;9;62;16;2021;6;17;7;3;0;1;1;0;0;0;0;0;0;414534,816138484515250;5692365,145128261297941;7,772045319000028;51,376096462000078;5210626307000210000;0
165095;5;5;15;0;2021;6;11;3;3;0;1;1;0;0;0;0;0;0;406747,329999980516732;5758278,367999659851193;7,642588926000030;51,967362769000033;5210601702100830000;0
165097;5;9;58;4;2021;11;15;4;3;3;6;1;1;0;0;0;1;0;429647,134933629073203;5698356,955017354339361;7,987948829000061;51,432039734000057;5211103313110780000;1
165100;5;5;66;28;2021;12;14;3;3;5;3;1;1;0;0;0;0;0;414048,980999985709786;5792035,349999679252505;7,740318877000050;52,271968265000055;5211221709700180000;0
165102;5;5;66;12;2021;9;16;3;3;5;7;1;1;0;0;0;0;0;405691,787182092666626;5772284,716408615931869;7,623367652000070;52,093078257000059;5210921709100570000;0
165105;5;9;78;4;2021;2;15;4;3;5;3;1;1;0;0;0;0;0;406397,841999978758395;5717900,019999640062451;7,648395879000077;51,604352609000046;5210224317220070000;0
165109;5;9;74;52;2021;5;10;4;3;5;3;1;1;0;0;0;0;0;424851,519889554940164;5711865,502585014328361;7,916098516000034;51,552867592000041;5210526316200880000;0
165110;5;9;15;0;2021;12;14;2;3;4;6;1;1;0;0;0;0;0;422522,053460194729269;5722202,770938884466887;7,880222880000076;51,645483065000064;5211206303100170000;1
165112;5;5;66;28;2021;6;15;4;3;0;7;1;1;0;0;0;0;0;416225,722967528738081;5791831,186541482806206;7,772263437000049;52,270469116000072;5210630709700030000;0
165113;5;9;78;40;2021;11;19;3;3;3;3;1;1;0;0;0;2;0;405464,896999978460371;5724697,350999642163515;7,633092576000024;51,665297711000051;5211130317240980000;1
165114;5;5;70;52;2021;3;16;2;3;1;7;1;1;0;0;0;0;0;430563,394880312494934;5756284,341618495061994;7,989596838000068;51,952922750000027;5210301711111950000;0
165115;5;5;70;4;2021;3;12;6;2;0;7;1;0;0;0;0;0;0;422832,294060781598091;5734778,739470940083265;7,881922466000049;51,758580004000066;5210326711215580000;0
165116;5;5;15;0;2021;9;14;5;3;5;3;1;1;0;0;0;0;0;405766,887999977916479;5756904,328999659046531;7,628698716000031;51,954846956000040;5210902702100970000;0
165117;5;5;70;16;2021;7;18;7;2;3;6;1;1;0;0;0;0;0;409915,681219824589789;5744224,290802316740155;7,692369022000037;51,841556626000056;5210703711222470000;0
165121;5;5;15;0;2021;10;13;6;3;3;6;1;1;0;0;0;0;0;405844,659767662175000;5758888,493105143308640;7,629286120000074;51,972694669000077;5211001702100270000;0
165122;5;5;15;0;2021;10;13;3;2;0;7;1;0;0;0;0;0;0;407288,546118578873575;5758012,576233793050051;7,650536411000076;51,965064228000074;5211012702100440000;1
165123;5;9;74;52;2021;10;13;6;3;2;6;1;1;0;0;0;0;0;424581,825529118068516;5711929,157670570537448;7,912195691000022;51,553403861000049;5211008316200260000;0
165124;5;9;13;0;2021;1;22;6;2;8;1;1;0;0;0;0;2;0;404548,131158331409097;5710599,126371538266540;7,623678125000026;51,538414245000070;5210115301304680000;0
165126;5;5;15;0;2021;12;8;3;3;0;2;1;1;0;0;0;1;0;408941,482820733450353;5756190,147261949256063;7,675071783000021;51,948956325000040;5211214702100070000;0
165127;5;9;70;24;2021;3;20;1;3;0;7;1;0;0;0;0;2;0;428224,973999994806945;5650660,203999616205692;7,977042803000074;51,003033406000043;5210321315210270000;0
165131;5;9;78;4;2021;9;17;4;3;5;3;1;0;0;0;1;0;0;405827,693662004545331;5719445,122804595157504;7,639750368000023;51,618146509000042;5210908317220450000;0
165134;5;5;66;40;2021;9;15;2;3;5;3;1;1;0;0;0;0;0;421452,977903189137578;5782081,703709123656154;7,851117568000063;52,183604567000032;5210927709800920000;0
165137;5;5;70;4;2021;9;13;2;3;3;2;1;0;0;0;0;0;1;423687,532999992370605;5734194,919999655336142;7,894439642000066;51,753448864000063;5210927711214590000;0
165140;5;9;78;4;2021;1;14;4;3;5;3;1;0;0;0;1;0;0;405494,859525074250996;5719219,162168223410845;7,635005235000051;51,616059563000078;5210113317220070000;0
165142;5;5;15;0;2021;11;8;6;2;5;3;1;1;0;0;0;0;0;405904,268398708663881;5757237,484523952007294;7,630606045000036;51,957864771000061;5211119702100060000;1
165146;5;9;78;20;2021;2;6;5;3;5;3;1;1;0;0;0;2;0;407000,107539149001241;5716300,075627837330103;7,657514110000022;51,590070328000081;5210225317210510000;0
165148;5;5;15;0;2021;9;12;5;3;0;5;1;1;0;0;0;0;0;404891,236012917011976;5758772,838006399571896;7,615442577000067;51,971492772000033;5210909702100590000;0
165149;5;9;66;8;2021;6;20;1;3;5;6;1;0;0;1;0;0;0;414174,901735196821392;5653092,605325791984797;7,776266734000046;51,022977201000060;5210613314120390000;0
165150;5;5;70;52;2021;5;13;4;3;1;5;1;1;0;0;0;0;0;430834,677696356549859;5757010,980802059173584;7,993397449000042;51,959488778000036;5210505711111180000;1
165153;5;9;15;0;2021;6;22;4;3;1;5;1;0;0;0;1;1;0;413072,659379443153739;5724536,611865093931556;7,743105395000043;51,665081283000063;5210616303100070000;0
165154;5;9;58;4;2021;5;9;1;3;5;3;1;1;0;0;0;0;0;428972,762504547834396;5698859,525056719779968;7,978148581000028;51,436473896000052;5210530313110080000;0
165157;5;5;15;0;2021;6;16;3;3;5;3;1;1;0;0;0;0;0;406316,452127160504460;5756317,579491624608636;7,636853599000062;51,949665819000074;5210629702100870000;0
165158;5;5;15;0;2021;2;16;5;3;0;6;1;0;0;0;0;0;0;407192,881739129312336;5759915,046714305877686;7,648629958000072;51,982148616000075;5210218702100540000;0
165163;5;5;66;28;2021;5;7;4;3;4;3;1;0;0;0;0;0;0;410200,142898953519762;5792215,877856168895960;7,683878794000066;52,272975754000072;5210519709700040000;1
165165;5;9;74;52;2021;6;11;6;3;5;7;1;1;0;0;0;0;0;424351,347999993711710;5711280,886999646201730;7,909011441000075;51,547545036000031;5210604316200270000;0
165168;5;5;15;0;2021;11;7;3;3;0;1;1;0;0;0;0;1;0;406197,249613318592310;5756146,347762288525701;7,635166399000070;51,948106616000075;5211130702100570000;1
165171;5;9;15;0;2021;10;7;6;3;3;2;1;1;0;0;0;0;0;420919,042448686435819;5725948,372987404465675;7,856212140000025;51,678931681000051;5211022303100420000;0
165173;5;9;58;4;2021;10;11;5;3;1;5;1;1;0;0;0;0;0;427079,295661057345569;5701455,775692103430629;7,950377504000073;51,459574386000043;5211028313110280000;0
165180;5;9;62;44;2021;7;17;3;3;4;6;1;1;0;0;0;0;0;404924,573087730444968;5687403,937933839857578;7,635332179000045;51,329970092000053;5210706307000580000;0
165181;5;9;78;36;2021;6;14;7;3;0;7;1;1;0;0;0;0;0;414078,861205484718084;5711157,794276690110564;7,760928964000072;51,544967760000077;5210605317110080000;0
165182;5;5;66;28;2021;4;16;2;3;0;3;1;1;0;0;0;0;0;413069,886676284484565;5790598,864118879660964;7,726343365000048;52,258902733000070;5210426709700060000;0
165183;5;9;15;0;2021;1;15;2;2;5;7;1;1;0;0;0;0;0;420424,776999990455806;5722769,175999652594328;7,849788886000056;51,650281966000080;5210125303100670000;0
165185;5;5;70;4;2021;2;9;5;3;0;1;1;0;0;0;0;0;0;425449,174999994225800;5736189,807999655604362;7,919528059000072;51,771619603000033;5210218711212770000;0
165190;5;9;78;4;2021;12;8;2;3;2;2;1;1;0;0;0;2;0;405148,702999978326261;5719172,748999640345573;7,630019587000049;51,615584131000048;5211213317220190000;1
165192;5;9;78;8;2021;12;17;5;3;5;3;1;1;0;0;0;2;0;414108,445157927460968;5717129,801827820017934;7,759895371000027;51,598657695000043;5211202317230690000;1
165194;5;5;15;0;2021;6;8;4;3;3;6;1;1;0;0;0;0;0;407962,086550229229033;5757219,041152294725180;7,660549881000065;51,958043414000031;5210602702100060000;0
165195;5;9;74;52;2021;4;16;4;3;0;5;1;1;0;0;0;0;0;424463,433812681585550;5712386,233596960082650;7,910390196000037;51,557497140000066;5210421316200580000;0
165196;5;5;66;12;2021;7;13;6;3;0;1;1;0;0;0;0;0;0;405159,724173748865724;5772286,011576592922211;7,615603128000032;52,092998965000049;5210709709110240000;0
165198;5;5;70;52;2021;3;16;2;3;0;1;1;0;0;0;0;0;0;430353,693270890042186;5756288,880531268194318;7,986544971000058;51,952937331000044;5210329711112860000;0
165201;5;5;70;16;2021;6;7;6;3;0;3;1;1;0;0;0;0;0;413246,892542449757457;5739222,191149804741144;7,741963901000076;51,797119948000045;5210611711221760000;0
165202;5;5;70;52;2021;11;9;7;3;5;3;1;1;0;0;0;0;0;429835,359392820857465;5756029,459987517446280;7,979056716000059;51,950540089000071;5211120711112280000;0
165203;5;5;15;0;2021;1;14;5;2;5;3;1;1;0;0;0;0;0;405126,506028710864484;5754513,568019982427359;7,620042363000039;51,933248879000075;5210114702100870000;0
165205;5;5;15;0;2021;6;8;3;3;5;7;1;1;0;0;0;0;0;406414,937999978661537;5758165,447999659925699;7,637782791000063;51,966291929000079;5210629702100030000;0
165206;5;5;15;0;2021;9;15;7;3;5;3;1;0;0;0;0;0;0;407381,088999980129302;5752989,066999658942223;7,653236167000045;51,919925549000027;5210925702100650000;0
165210;5;9;58;4;2021;6;15;3;3;0;6;1;1;0;0;0;0;0;428294,557198447175324;5700085,028007162734866;7,968144822000056;51,447406163000039;5210629313110370000;0
165213;5;9;15;0;2021;11;16;1;3;0;1;1;0;0;0;0;1;0;417309,237532962113619;5724782,267640979960561;7,804289791000031;51,667929072000049;5211107303100050000;1
165214;5;5;15;0;2021;11;17;4;3;0;7;1;0;0;0;0;2;0;406198,348726551048458;5756151,187116213142872;7,635181066000030;51,948150299000076;5211117702100070000;1
165215;5;5;66;28;2021;9;11;6;3;5;3;1;1;0;0;0;0;0;415600,801999988034368;5794151,284999681636691;7,762526501000025;52,291227593000031;5210917709700090000;0
165216;5;5;66;72;2021;6;15;6;3;0;3;1;1;0;0;0;0;0;412696,921896412968636;5802488,179752875119448;7,717795744000057;52,365707593000081;5210604709700880000;0
165219;5;5;66;48;2021;4;18;5;3;5;3;1;1;0;0;0;0;0;426029,698006469756365;5792477,986240530386567;7,915771957000061;52,277689493000082;5210429709000750000;0
165220;5;9;15;0;2021;4;12;6;3;0;6;1;1;0;0;0;0;0;423864,005682145245373;5726659,581098821014166;7,898642863000020;51,685732261000055;5210423303100370000;0
165222;5;5;70;44;2021;6;11;5;2;0;3;1;0;0;1;0;0;0;416492,606999987736344;5759168,778999665752053;7,784190657000067;51,976916172000074;5210610711141860000;0
165223;5;5;66;80;2021;9;9;3;2;9;7;1;0;0;0;0;0;0;406495,162999977357686;5780823,992999669164419;7,632743160000075;52,169967305000057;5210914709000270000;0
165224;5;5;70;52;2021;10;17;6;3;5;7;1;1;0;0;0;0;0;430897,159999995492399;5756008,658999668434262;7,994508229000076;51,950486033000061;5211022711113550000;1
165225;5;9;78;36;2021;6;16;1;3;5;3;1;1;0;0;0;0;0;409770,977158329449594;5712325,184459963813424;7,698522236000031;51,554789451000033;5210627317110980000;0
165226;5;5;66;28;2021;12;16;6;3;2;6;1;1;0;0;0;2;0;413344,811236538924277;5791902,421973712742329;7,730035591000046;52,270662935000075;5211217709700570000;0
165227;5;5;15;0;2021;3;17;4;3;0;7;1;0;0;0;0;0;0;405324,528999978676438;5755195,013999657705426;7,622734190000074;51,939407749000054;5210317702100160000;0
165228;5;9;15;0;2021;12;14;6;3;0;3;1;1;0;0;0;0;0;418293,558364241383970;5724381,881658943369985;7,818613443000061;51,664473792000081;5211210303100720000;0
165231;5;5;15;0;2021;10;11;7;3;3;6;1;0;0;0;0;0;0;405489,101999977603555;5757139,439999654889107;7,624592895000035;51,956913095000061;5211009702100440000;0
165232;5;5;70;44;2021;2;14;1;3;0;1;1;0;0;0;0;0;0;415936,032117962837219;5760160,879125433042645;7,775846204000061;51,985750171000063;5210228711142380000;0
165236;5;5;15;0;2021;3;12;2;3;5;3;1;0;0;0;0;0;0;404791,080613623373210;5754767,311859792098403;7,615094830000032;51,935472357000037;5210315702100370000;1
165237;5;9;62;40;2021;10;18;5;3;0;2;1;1;0;0;0;2;0;416053,418568285182118;5699810,359291870146990;7,792096644000026;51,443254560000071;5211028307000340000;0
165240;5;9;78;40;2021;3;16;5;3;1;5;1;1;0;0;0;0;0;405131,460677349008620;5725229,053688663989305;7,628128441000058;51,670020930000078;5210304317240480000;1
165241;5;5;66;28;2021;9;11;4;3;0;1;1;0;0;0;0;0;0;412316,454902051948011;5792230,186938803642988;7,714883522000036;52,273445951000042;5210908709700890000;0
165245;5;3;74;4;2021;9;9;5;2;5;2;1;1;0;0;0;0;0;405636,552999978885055;5652843,197999613359571;7,654622279000023;51,019396906000054;5210909605104390000;0
165247;5;5;15;0;2021;5;20;6;3;0;1;1;0;0;0;0;1;0;405461,526999978348613;5757865,851999659091234;7,623991795000052;51,963437707000026;5210521702100860000;1
165248;5;9;62;16;2021;6;19;1;3;0;1;1;0;0;0;0;0;0;414955,319212354719639;5693151,780456833541393;7,777897249000034;51,383231358000046;5210620307000150000;0
165253;5;5;70;52;2021;10;13;5;2;0;7;1;0;1;0;0;0;0;429472,668336907401681;5753256,109029557555914;7,974348950000035;51,925562869000032;5211028711114490000;0
165255;5;5;70;24;2021;11;19;7;3;0;7;1;0;1;0;0;2;0;418421,572999990545213;5755101,868999665603042;7,813234284000032;51,940644900000052;5211127711161080000;0
165257;5;9;78;4;2021;4;10;2;2;0;1;1;0;0;0;0;0;0;406560,627562563866377;5719854,024586705490947;7,650224821000052;51,621944303000078;5210412317220070000;0
165263;5;3;74;44;2021;9;10;3;3;4;5;1;0;0;0;1;0;0;402859,031999974511564;5639682,558999601751566;7,618547678000027;50,900620986000035;5210928605144010000;0
165264;5;9;62;40;2021;11;9;3;3;5;2;1;1;0;0;0;0;0;416638,139614348299801;5698673,649584790691733;7,800775843000054;51,433122078000054;5211123307000000000;1
165265;5;5;15;0;2021;9;13;6;3;5;7;1;1;0;0;0;0;0;406339,481581360101700;5757772,282102335244417;7,636792022000066;51,962745262000055;5210910702100870000;0
165266;5;9;78;12;2021;9;14;6;3;4;6;1;0;0;0;1;0;0;414411,235485070385039;5703100,951955303549767;7,767676723000022;51,472590246000038;5210903317130490000;0
165267;5;5;66;28;2021;9;12;5;3;5;3;1;1;0;0;0;0;0;412289,232309346087277;5792859,243341578170657;7,714321028000029;52,279095738000080;5210923709700040000;0
165268;5;5;66;40;2021;12;13;6;3;7;3;1;1;0;0;0;0;0;420975,412725040689111;5782356,852066934108734;7,844069772000068;52,186009617000082;5211203709800280000;1
165270;5;9;58;4;2021;6;14;2;3;9;1;1;0;0;0;0;0;0;427608,453797259368002;5700476,555169951170683;7,958193295000058;51,450838818000079;5210607313110080000;0
165271;5;5;70;4;2021;6;16;7;3;0;3;1;0;0;0;1;0;0;423463,408882651478052;5733108,395345782861114;7,891432496000050;51,743650796000054;5210605711214870000;0
165272;5;5;15;0;2021;10;16;5;3;0;6;1;1;0;0;0;0;0;404769,357643426395953;5756658,524329520761967;7,614255118000074;51,952467640000066;5211007702100000000;0
165277;5;5;15;0;2021;5;13;4;2;5;2;1;1;0;0;0;0;0;405828,904999978840351;5759024,385999660938978;7,629019549000077;51,973913462000041;5210505702100040000;0
165278;5;9;78;20;2021;10;14;5;3;5;3;1;1;0;0;0;0;0;408854,459999982267618;5714296,666999639943242;7,684794724000028;51,572364276000030;5211007317210890000;0
165280;5;5;15;0;2021;3;0;7;2;0;1;1;1;0;0;0;2;0;405369,467443778179586;5756793,322615737095475;7,622947736000071;51,953781698000057;5210306702100860000;0
165284;5;9;62;24;2021;11;15;3;3;2;6;1;1;0;0;0;0;0;404194,783704119734466;5691756,381741654127836;7,623688514000037;51,368973312000037;5211123307000480000;1
165285;5;5;15;0;2021;6;7;3;3;8;4;1;0;1;0;0;0;0;406951,930388934910297;5751108,734009623527527;7,647505603000070;51,902952462000030;5210622702100060000;0
165286;5;9;15;0;2021;4;11;5;2;1;1;1;1;0;0;0;0;0;421788,461685700342059;5726307,315895972773433;7,868703917000062;51,682280222000031;5210415303100580000;0
165289;5;5;70;52;2021;5;14;6;3;0;6;1;0;0;0;0;0;0;430005,330472786910832;5756503,830714432522655;7,981432863000066;51,954825913000036;5210507711111180000;0
165291;5;5;66;12;2021;11;7;3;2;5;2;1;1;0;0;0;1;0;405435,738999978639185;5772991,541999666020274;7,619435109000051;52,099387649000050;5211116709110170000;0
165295;5;5;15;0;2021;10;4;6;2;8;7;1;0;0;0;0;2;0;405959,012392840348184;5758566,950430670753121;7,631038441000044;51,969823865000080;5211008702100070000;1
165297;5;5;15;0;2021;5;2;7;3;8;7;1;0;0;0;0;2;0;408083,528332377783954;5753083,309240128844976;7,663422104000063;51,920889059000046;5210529702100560000;0
165303;5;5;15;0;2021;9;17;3;3;0;5;1;0;0;0;1;0;0;406152,246999979950488;5757433,611999660730362;7,634160236000071;51,959669565000070;5210907702100860000;0
165305;5;5;70;52;2021;6;14;3;3;5;3;1;1;0;0;0;0;0;429840,451580161228776;5756036,958418060094118;7,979129267000076;51,950608139000053;5210622711112040000;0
165307;5;5;15;0;2021;10;17;6;2;0;1;1;0;0;0;0;0;0;405188,960718883201480;5753899,741620002314448;7,621119634000024;51,927742169000055;5211029702100570000;0
165309;5;5;15;0;2021;12;19;4;3;5;3;1;0;0;0;0;2;0;406583,094183104112744;5757943,542542276903987;7,640290083000025;51,964325621000057;5211208702100770000;0
165311;5;5;66;40;2021;12;13;3;3;0;1;1;0;0;0;0;0;0;421345,813357191160321;5782995,660272212699056;7,849338368000076;52,191804720000050;5211221709800070000;0
165315;5;5;58;4;2021;4;5;6;3;5;3;1;0;0;0;0;1;0;404691,277999976649880;5737814,392999647185206;7,618320011000037;51,783073128000069;5210416706300110000;0
165316;5;5;70;44;2021;3;11;4;3;0;5;1;1;0;0;0;0;0;416421,441389099694788;5760078,641633925959468;7,782933128000025;51,985084189000077;5210324711142060000;0
165317;5;5;15;0;2021;6;16;5;3;0;7;1;0;1;0;0;0;0;406199,097440332174301;5758103,906592639163136;7,634658807000051;51,965702387000078;5210610702100570000;0
165319;5;5;15;0;2021;5;13;5;3;5;3;1;1;0;0;0;0;0;411488,809999984689057;5760787,703999660909176;7,710940487000073;51,990693706000059;5210527702100270000;1
165323;5;5;70;4;2021;12;5;6;3;0;3;1;1;0;0;0;2;0;425689,784999994561076;5736427,210999652743340;7,922963771000070;51,773785784000040;5211203711212180000;1
165325;5;5;15;0;2021;6;17;7;2;0;7;1;0;0;0;0;0;0;404761,588038607500494;5758299,871872508898377;7,613687015000039;51,967219376000060;5210619702100740000;0
165327;5;5;15;0;2021;3;8;6;3;9;7;1;0;0;0;0;0;0;406629,833881959319115;5754971,639182029291987;7,641777597000043;51,937620509000055;5210312702100860000;0
165330;5;5;15;0;2021;3;18;6;3;5;3;1;0;0;0;0;1;0;405721,675361234694719;5755001,616605147719383;7,628562793000071;51,937736835000067;5210319702100570000;0
165331;5;9;78;36;2021;12;9;6;3;0;3;1;1;0;0;0;0;0;409715,173005475662649;5709143,481160800904036;7,698533744000031;51,526179103000061;5211231317110310000;0
165332;5;5;66;88;2021;6;18;7;2;7;7;1;0;0;0;1;0;0;413593,305910482071340;5786950,910107463598251;7,734943113000043;52,226195961000030;5210605709800020000;0
165333;5;5;15;0;2021;2;13;4;2;0;1;1;0;0;0;0;0;0;405439,835706596262753;5759014,340483646839857;7,623359854000057;51,973757103000082;5210224702100170000;0
165334;5;9;15;0;2021;4;9;5;3;5;3;1;1;0;0;0;0;0;417760,425999988801777;5728397,356999650597572;7,809960662000037;51,700493159000075;5210422303100470000;0
165335;5;5;15;0;2021;9;19;5;3;5;3;1;1;0;0;0;0;0;405540,838444975204766;5751256,525711003690958;7,626960570000051;51,904043439000077;5210902702100640000;0
165337;5;9;74;52;2021;9;1;1;2;0;1;1;0;0;0;0;2;0;424580,298391520977020;5711911,850112102925777;7,912177380000060;51,553248062000080;5210905316200070000;0
165339;5;5;66;40;2021;5;13;3;3;0;1;1;0;0;0;0;0;0;422262,547860239632428;5782167,054158097133040;7,862936782000077;52,184486469000035;5210504709800710000;1
165340;5;5;15;0;2021;9;18;3;3;5;3;1;1;0;0;0;1;0;407104,686669242568314;5758416,249314744025469;7,647751832000040;51,968661951000058;5210921702100440000;0
165343;5;9;66;4;2021;6;9;3;3;5;3;1;1;0;0;0;0;0;423472,757720730267465;5664367,285098766908050;7,906425545000047;51,125658004000059;5210622314210690000;0
165344;5;5;15;0;2021;3;13;2;2;5;3;1;1;0;0;0;0;0;405220,194438840262592;5753183,434757491573691;7,621770980000065;51,921308985000053;5210301702100970000;0
165345;5;9;15;0;2021;7;10;3;3;5;2;1;1;0;0;0;0;0;417530,724999989382923;5725618,987999647855759;7,807294196000043;51,675483337000060;5210706303100160000;1
165347;5;9;78;8;2021;12;21;3;3;5;3;1;1;0;0;0;2;0;414683,762960631400347;5718142,662429369986057;7,767953325000065;51,607850237000036;5211214317230090000;1
165348;5;5;66;28;2021;9;14;2;3;5;3;1;1;0;0;0;0;0;412902,572999984957278;5792047,820999683812261;7,723518619000060;52,271899953000059;5210906709700570000;0
165350;5;9;62;36;2021;10;15;1;3;5;7;1;1;0;0;0;0;0;406652,628172145225108;5662523,566509781405330;7,666606557000023;51,106588994000049;5211010307000190000;0
165351;5;5;70;4;2021;3;11;6;3;5;3;1;1;0;0;0;0;0;425335,547740219160914;5735925,588341629132628;7,917938371000048;51,769229201000030;5210305711212970000;0
165352;5;5;70;4;2021;9;17;2;3;7;7;1;0;1;0;0;0;0;423590,254769384860992;5733492,882275972515345;7,893184910000059;51,747124520000057;5210920711214880000;0
165355;5;5;15;0;2021;11;9;6;2;0;3;1;1;0;0;0;0;0;406194,504121546633542;5755264,494135698303580;7,635367069000040;51,940179619000048;5211119702100170000;1
165356;5;5;15;0;2021;9;10;4;3;5;3;1;1;0;0;0;0;0;405884,439999978058040;5758352,781999656930566;7,630011931000070;51,967886204000081;5210929702100450000;1
165357;5;3;74;40;2021;10;15;1;2;8;1;1;0;0;0;0;0;0;409769,286999981850386;5651336,576999608427286;7,713902825000048;51,006515518000072;5211017605140580000;0
165358;5;9;15;0;2021;7;16;3;3;0;7;1;1;0;0;0;0;0;413986,422383770346642;5724904,266487926244736;7,756223738000074;51,668526882000037;5210706303100450000;0