OID_;ULAND;UREGBEZ;UKREIS;UGEMEINDE;UJAHR;UMONAT;USTUNDE;UWOCHENTAG;UKATEGORIE;UART;UTYP1;IstRad;IstPKW;IstFuss;IstKrad;IstSonstige;ULICHTVERH;IstGkfz;LINREFX;LINREFY;XGCSWGS84;YGCSWGS84;UIDENTSTLAE;IstStrassenzustand
165360;5;9;62;24;2021;9;19;1;3;2;6;1;0;0;0;0;0;0;406464,210924452170730;5689741,279484279453754;7,656810758000063;51,351236971000048;5210912307000980000;0
165361;5;9;74;52;2021;9;14;5;3;0;3;1;1;0;0;0;0;0;424433,776999993249774;5711288,312999645248055;7,910198387000037;51,547622841000077;5210909316200070000;0
165362;5;5;66;12;2021;12;17;5;3;5;3;1;1;0;0;0;2;0;405032,381999977864325;5772195,963999666273594;7,613769974000036;52,092167761000042;5211230709110180000;1
165363;5;9;62;16;2021;6;7;4;3;5;2;1;1;0;0;0;0;0;414368,302166612818837;5693409,329496903344989;7,769401719000030;51,385458415000073;5210630307000130000;0
165366;5;5;15;0;2021;3;13;6;2;0;1;1;0;0;0;0;0;0;409787,796255616471171;5752010,874141849577427;7,688478102000033;51,911527973000034;5210312702100770000;0
165371;5;5;66;72;2021;6;8;3;3;5;7;1;1;0;0;0;0;0;412577,003210380673409;5802954,483501983806491;7,715913460000024;52,369879676000039;5210601709000810000;0
165373;5;5;66;40;2021;3;18;4;3;5;3;1;0;0;0;0;0;0;420650,353445788845420;5782784,880510769784451;7,839215828000022;52,189810417000047;5210331709800380000;0
165374;5;9;62;36;2021;10;6;6;2;0;7;1;0;0;0;0;2;0;405804,786812535487115;5662876,011560624465346;7,654407360000050;51,109618714000078;5211008307000480000;0
165376;5;9;66;4;2021;11;11;6;3;0;2;1;0;0;0;0;0;0;421726,648999992758036;5663374,410999625921249;7,881694247000041;51,116495512000029;5211105314210290000;1
165377;5;5;66;12;2021;5;15;4;3;4;2;1;1;0;0;0;0;0;405049,580999976955354;5772461,057999666780233;7,613947096000061;52,094553426000061;5210512709110970000;0
165379;5;5;15;0;2021;11;8;5;3;0;4;1;0;1;0;0;0;0;406099,155020988546312;5756952,340877635404468;7,633519330000070;51,955334713000070;5211104702100190000;0
165384;5;5;70;52;2021;10;10;6;3;0;5;1;1;0;0;0;0;0;430208,172381387092173;5756331,527112962678075;7,984419128000070;51,953302464000046;5211015711111340000;1
165386;5;9;62;40;2021;5;17;1;3;2;2;1;1;0;0;0;0;0;417904,304974950850010;5695718,264506734907627;7,819671035000056;51,406738234000045;5210530307000430000;0
165393;5;9;78;36;2021;6;9;3;3;0;3;1;0;0;0;0;0;0;408699,857366006821394;5709512,060635522007942;7,683806437000044;51,529329129000075;5210601317110910000;0
165395;5;5;70;4;2021;9;22;4;2;8;1;1;0;0;0;0;2;0;424208,401086847297847;5736850,891327865421772;7,901404637000041;51,777395882000064;5210901711212070000;1
165397;5;9;62;40;2021;6;19;1;2;5;3;1;1;0;0;0;0;0;416441,866302351467311;5699406,796290794387460;7,797779944000069;51,439684039000042;5210613307000870000;0
165399;5;9;62;20;2021;5;16;1;3;0;1;1;0;0;0;0;0;0;413971,742530160583556;5671700,097278637811542;7,768934274000060;51,190233119000027;5210509307000060000;0
165400;5;9;78;20;2021;9;13;5;3;3;6;1;0;0;0;1;0;0;411660,119563811458647;5715241,043593317270279;7,725031122000075;51,581300273000068;5210930317210480000;0
165402;5;5;58;4;2021;6;16;6;3;5;3;1;1;0;0;0;0;0;407725,710846543312073;5732765,818207241594791;7,663637338000058;51,738200770000049;5210625706300170000;0
165404;5;5;66;44;2021;6;22;6;2;0;7;1;0;0;0;0;2;0;424680,165909385308623;5776533,955022456124425;7,899541681000073;52,134185700000046;5210611709800020000;1
165405;5;9;62;28;2021;9;12;3;3;5;3;1;1;0;0;0;0;0;403124,095090986229479;5665166,981895131990314;7,615509547000045;51,129766959000051;5210928307000290000;0
165406;5;9;15;0;2021;6;8;2;3;5;3;1;1;0;0;0;0;0;415885,454999988898635;5723983,347999649122357;7,783899134000023;51,660535867000078;5210614303100080000;0
165409;5;5;15;0;2021;6;18;3;3;5;2;1;1;0;0;0;0;0;405878,532684925012290;5758306,763543451204896;7,629938584000058;51,967471570000043;5210629702100170000;0
165410;5;5;66;28;2021;5;16;7;3;6;7;1;0;1;0;0;0;0;412607,949999987147748;5791796,066999679431319;7,719267078000030;52,269590365000056;5210508709700430000;0
165412;5;9;62;40;2021;5;23;6;3;1;5;1;1;0;0;0;2;0;419275,856753000989556;5697314,965232741087675;7,839022525000075;51,421289498000078;5210528307000490000;0
165413;5;5;15;0;2021;9;15;2;3;3;3;1;0;0;1;0;0;0;408122,637867113575339;5757095,653607087209821;7,662918734000073;51,956960888000026;5210906702100650000;0
165415;5;9;62;24;2021;6;12;2;3;5;2;1;0;0;0;1;0;0;404359,810253846459091;5691828,699079234153032;7,626039048000052;51,369651216000079;5210614307100140000;0
165417;5;5;70;52;2021;9;15;5;3;4;3;1;0;0;0;0;0;0;429654,011960681527853;5755190,947043785825372;7,976590038000040;51,942979282000067;5210923711112500000;0
165419;5;9;78;40;2021;12;9;5;3;5;3;1;1;0;0;0;0;0;409495,123969124630094;5725584,941203832626343;7,691119960000037;51,673939989000075;5211202317240790000;1
165422;5;5;66;12;2021;12;17;5;3;5;3;1;1;0;0;0;2;0;405469,479556045494974;5772809,903088999912143;7,619977933000030;52,097760809000079;5211209709100340000;1
165424;5;9;78;40;2021;4;16;5;3;0;7;1;1;0;0;0;0;0;405798,208879484795034;5724257,041351208463311;7,638029242000073;51,661395777000052;5210401317240840000;0
165425;5;9;78;40;2021;6;15;6;3;0;7;1;1;0;0;0;0;0;406827,846993658691645;5725015,466314405202866;7,652709075000075;51,668384903000060;5210618317240180000;0
165428;5;5;70;52;2021;11;1;2;3;1;5;1;1;0;0;0;2;0;429146,341179783456028;5753216,418233372271061;7,969612301000041;51,925164625000036;5211101711114580000;1
165430;5;5;66;12;2021;7;12;4;3;0;5;1;1;0;0;0;0;0;405245,547408657148480;5772691,556347254663706;7,616742754000029;52,096658781000031;5210707709100070000;0
165432;5;5;15;0;2021;2;18;4;3;5;2;1;1;0;0;0;1;0;406133,686992588452995;5756425,605121027678251;7,634165579000069;51,950605992000078;5210224702100960000;0
165433;5;9;62;40;2021;5;18;5;3;6;7;1;0;1;0;0;0;0;414009,176819301210344;5702176,606051828712225;7,762114168000039;51,464219709000076;5210520307000670000;0
165434;5;5;15;0;2021;10;12;4;3;5;3;1;1;0;0;0;0;0;405207,306753186509013;5757217,586763359606266;7,620471679000048;51,957567545000074;5211013702100670000;0
165435;5;9;62;40;2021;9;11;3;3;5;3;1;0;0;0;1;0;0;418318,789535101503134;5697184,374797888100147;7,825291142000026;51,419978376000074;5210914307000560000;0
165436;5;5;15;0;2021;9;17;2;3;0;1;1;0;0;0;0;0;0;406414,063182435929775;5756973,216827917844057;7,638094905000059;51,955575441000065;5210906702100090000;0
165438;5;5;15;0;2021;9;13;6;2;0;1;1;0;0;0;0;0;0;405448,279999978840351;5755193,312999656423926;7,624534331000064;51,939413502000036;5210917702100270000;0
165440;5;9;62;24;2021;6;10;5;3;1;5;1;1;0;0;0;0;0;408382,993321314454079;5692929,645343806594610;7,683535222000046;51,380211604000067;5210617307000030000;0
165441;5;5;70;52;2021;5;9;1;3;7;7;1;0;0;0;0;0;0;428947,455030501820147;5756769,551040513440967;7,965986324000028;51,957080463000068;5210502711112380000;0
165443;5;3;74;44;2021;10;15;7;3;0;1;1;0;0;0;0;0;0;402666,711498000659049;5637109,317698821425438;7,616499071000021;50,877455037000061;5211030605144070000;0
165447;5;5;70;52;2021;10;20;7;3;2;2;1;0;0;0;0;1;0;430938,550999995321035;5755792,926999667659402;7,995153744000049;51,948551819000045;5211023711111970000;0
165449;5;5;66;40;2021;4;15;5;3;3;2;1;1;0;0;0;0;0;421802,826311563141644;5782501,079862121492624;7,856136846000027;52,187423999000032;5210422709800880000;0
165452;5;5;70;4;2021;9;18;4;3;5;3;1;1;0;0;0;0;0;423821,603999993763864;5735516,890999656170607;7,896091785000067;51,765351182000074;5210908711216370000;0
165453;5;5;15;0;2021;11;7;3;3;0;1;1;0;0;0;0;0;0;404765,782663715071976;5755647,002360863611102;7,614483361000055;51,943375057000026;5211109702100520000;1
165456;5;9;70;40;2021;7;17;4;3;6;4;1;0;1;0;0;0;0;428852,763827477581799;5637975,248909136280417;7,988467149000030;50,889058712000065;5210714315110470000;1
165457;5;5;15;0;2021;4;11;5;3;5;1;1;0;0;0;0;0;0;405803,013874815776944;5757458,498577833175659;7,629072318000055;51,959834201000035;5210401702100340000;0
165459;5;9;15;0;2021;6;8;5;2;5;3;1;1;0;0;0;0;0;414194,779999988153577;5728009,571999652311206;7,758472544000028;51,696473374000050;5210610303200080000;0
165460;5;9;78;40;2021;9;7;5;3;5;3;1;1;0;0;0;0;0;404730,762759868055582;5724564,138802753761411;7,622517152000057;51,663976289000061;5210902317240290000;0
165461;5;9;15;0;2021;6;17;3;3;5;3;1;1;0;0;0;0;0;420167,088405166752636;5726520,761509696021676;7,845207716000061;51,683970848000058;5210615303100370000;0
165462;5;5;15;0;2021;9;7;5;3;0;1;1;0;0;0;0;0;0;407773,678531230427325;5754538,694378864020109;7,658527817000049;51,933919703000072;5210909702100390000;0
165466;5;5;15;0;2021;6;15;4;3;0;3;1;0;0;0;1;0;0;407007,007838838733733;5754273,574014505371451;7,647451261000072;51,931409075000033;5210623702100470000;0
165467;5;5;15;0;2021;5;18;1;3;0;1;1;0;0;0;0;0;0;406959,028680822812021;5758494,486909881234169;7,645610970000064;51,969340827000053;5210530702100960000;0
165469;5;9;62;24;2021;1;17;6;2;0;1;1;0;0;0;0;2;0;409089,866065605543554;5695562,419922050088644;7,693015300000070;51,403992727000059;5210101307000380000;1
165470;5;9;15;0;2021;11;16;5;3;5;2;1;1;0;0;0;1;0;412141,481934736482799;5727133,136283472180367;7,728991603000054;51,688277240000048;5211104303200010000;0
165471;5;9;58;4;2021;6;19;7;3;5;3;1;1;0;0;0;0;0;428957,278999994508922;5698859,281999643892050;7,977925910000067;51,436469769000041;5210626313110380000;0
165472;5;5;70;4;2021;9;14;2;3;0;6;1;0;1;0;0;0;0;424739,210286032408476;5735399,312412546947598;7,909411761000058;51,764418289000048;5210920711112990000;0
165473;5;5;15;0;2021;6;10;5;3;2;6;1;0;0;0;0;0;0;405291,388448110781610;5757581,242663316428661;7,621594684000058;51,960850563000065;5210617702100070000;0
165475;5;5;15;0;2021;11;14;4;3;5;2;1;1;0;0;0;0;0;406433,046883204020560;5757978,677553895860910;7,638097194000068;51,964616197000055;5211117702100060000;1
165480;5;5;70;4;2021;12;11;2;3;0;6;1;1;0;0;0;0;0;423640,318999993614852;5735553,832999655976892;7,893457175000037;51,765658582000071;5211206711216320000;0
165481;5;5;58;4;2021;3;10;5;2;5;3;1;1;0;0;0;0;0;404710,535669458098710;5738580,477386526763439;7,618388709000044;51,789962488000072;5210304706300480000;1
165482;5;5;70;44;2021;10;21;1;3;4;6;1;1;0;0;0;2;0;416734,817629252560437;5759450,589986909180880;7,787647834000040;51,979485712000042;5211024711141140000;0
165484;5;9;78;4;2021;7;13;5;2;1;5;1;1;0;0;0;0;0;405543,168317817151546;5719402,365289887413383;7,635653389000026;51,617714484000032;5210708317220600000;0
165486;5;5;15;0;2021;6;18;7;2;5;3;1;1;0;0;0;0;0;410914,220554267987609;5760561,785171065479517;7,702633285000047;51,988571129000036;5210626702100070000;0
165489;5;5;15;0;2021;9;10;2;2;0;1;1;0;0;0;0;0;0;407941,787004175595939;5756755,802454305812716;7,660378665000053;51,953876202000060;5210913702100150000;0
165494;5;5;70;52;2021;10;20;6;2;2;6;1;0;0;0;1;2;0;430844,528067312203348;5755710,426089057698846;7,993802535000043;51,947798483000042;5211022711113690000;1
165496;5;9;78;40;2021;12;7;6;3;1;2;1;1;0;0;0;1;0;405150,411683901213109;5723911,877923632040620;7,628759927000033;51,658184173000052;5211203317240190000;1
165497;5;9;78;36;2021;6;16;5;3;5;3;1;1;0;0;0;0;0;409549,726999982260168;5712584,822999645024538;7,695264991000045;51,557087989000081;5210617317110010000;0
165498;5;9;78;8;2021;11;13;5;3;1;5;1;1;0;0;0;0;0;412838,954489382915199;5717368,254736522212625;7,741511899000045;51,600606214000038;5211118317230570000;0
165500;5;5;66;40;2021;12;20;1;3;1;5;1;1;0;0;0;2;0;419441,619543666020036;5784139,161419387906790;7,821215600000073;52,201808462000031;5211212709800240000;1
165502;5;9;62;24;2021;5;8;1;3;1;5;1;1;0;0;0;0;0;410468,434756741859019;5697205,301721757277846;7,712414262000038;51,418980870000041;5210502307000470000;1
165504;5;9;62;24;2021;2;15;1;3;0;3;1;1;0;0;0;0;0;407635,291728310286999;5692304,103574659675360;7,672957050000036;51,374467119000030;5210228307000770000;0
165505;5;9;74;52;2021;11;15;2;3;1;5;1;1;0;0;0;1;0;424931,311273297294974;5711872,493963208049536;7,917247670000052;51,552941068000052;5211115316200390000;0
165506;5;5;70;4;2021;12;8;5;3;5;3;1;0;0;0;0;1;0;423895,864762475714087;5735250,831454327329993;7,897225973000047;51,762969498000075;5211209711216600000;0
165507;5;5;15;0;2021;10;18;2;2;0;1;1;0;0;0;0;0;0;404805,780792944133282;5753818,525444129481912;7,615571092000039;51,926946765000082;5211004702100630000;0
165508;5;9;62;40;2021;10;22;7;3;0;7;1;1;0;0;0;0;0;415544,261999987065792;5701770,890999639406800;7,784304101000032;51,460803602000055;5211030307000370000;1
165509;5;9;78;4;2021;2;16;6;3;5;3;1;1;0;0;0;0;0;405986,926999979652464;5719634,939999639987946;7,641998745000024;51,619879399000069;5210205317220070000;0
165510;5;5;15;0;2021;11;16;3;3;5;2;1;0;0;0;1;2;0;406032,603744032792747;5756777,994590317830443;7,632598828000027;51,953756365000061;5211130702100070000;1
165511;5;9;70;24;2021;6;1;5;2;8;1;1;0;0;0;0;2;0;429181,415472073480487;5645328,555731931701303;7,991710848000025;50,955214366000064;5210603315210060000;0
165512;5;9;78;20;2021;11;10;4;2;0;1;1;0;0;0;0;0;0;409110,692672673612833;5714315,951400185003877;7,688486058000024;51,572578998000040;5211124317210890000;0
165517;5;5;15;0;2021;5;13;3;3;5;3;1;0;0;1;0;0;0;407621,604824195615947;5761027,920798536390066;7,654570988000046;51,992223134000028;5210511702100570000;0
165519;5;5;15;0;2021;4;16;5;2;0;1;1;0;0;0;0;0;0;405600,352457519620657;5757551,531802397221327;7,626098165000030;51,960636053000030;5210429702100080000;1
165520;5;9;78;8;2021;1;11;6;3;5;3;1;1;0;0;0;0;0;414837,167411214672029;5717056,093390632420778;7,770431959000064;51,598105753000027;5210129317230070000;1
165525;5;5;70;52;2021;7;7;5;3;5;3;1;1;0;0;0;0;0;430315,461846554651856;5756423,767582356929779;7,985961387000032;51,954145125000082;5210701711111580000;0
165526;5;9;74;52;2021;10;1;1;3;2;6;1;0;0;0;0;2;0;424263,221110355108976;5711953,350796192884445;7,907595943000047;51,553578673000061;5211010316200280000;0
165527;5;5;15;0;2021;2;23;3;3;0;1;1;0;0;0;0;2;0;405116,542747346684337;5756685,517955880612135;7,619298127000036;51,952769610000075;5210223702100570000;0
165530;5;5;15;0;2021;12;11;2;3;0;7;1;0;0;0;0;0;0;407452,544999979436398;5757858,322999659925699;7,652964357000030;51,963705046000030;5211220702100760000;2
165534;5;5;70;4;2021;12;14;5;3;0;2;1;1;0;0;0;0;0;423487,540081958286464;5735044,100889345631003;7,891355928000053;51,761055417000080;5211202711216970000;1
165537;5;9;78;4;2021;12;14;4;3;5;3;1;1;0;0;0;0;0;405537,165103700943291;5718751,295454217121005;7,635742204000053;51,611861010000041;5211201317220350000;1
165539;5;9;78;4;2021;6;17;5;3;5;3;1;1;0;0;0;0;0;405126,374154207296669;5719180,016403688117862;7,629695213000048;51,615645694000079;5210610317220410000;0
165541;5;9;15;0;2021;11;14;5;3;5;3;1;1;0;0;0;0;0;414199,122080184519291;5727770,176829012110829;7,758594242000072;51,694322039000042;5211104303100460000;0
165542;5;5;66;40;2021;3;5;3;3;3;6;1;1;0;0;0;2;0;421003,936999990604818;5781633,687999675050378;7,844655406000072;52,179513291000035;5210302709800580000;0
165543;5;5;15;0;2021;5;11;6;2;5;3;1;1;0;0;0;0;0;407888,842367012985051;5758484,428992182016373;7,659144856000069;51,969405289000065;5210521702100070000;0
165545;5;5;70;4;2021;4;7;5;3;5;3;1;1;0;0;0;0;0;423174,136999992653728;5734237,907999653369188;7,886993937000057;51,753765128000055;5210415711214080000;0
165546;5;5;15;0;2021;11;8;6;2;0;1;1;0;1;0;0;0;0;404889,164576750248671;5757933,443076148629189;7,615644957000029;51,963947616000041;5211105702100670000;1
165548;5;5;15;0;2021;7;8;2;3;0;3;1;0;0;0;0;0;0;406112,863999980501831;5757493,588999656960368;7,633570847000044;51,960202017000029;5210705702100470000;1
165552;5;5;15;0;2021;10;22;3;3;8;1;1;0;0;0;0;2;0;405849,400391381233931;5754472,215212523937225;7,630565094000076;51,932999943000027;5211026702100170000;0
165554;5;5;70;16;2021;4;10;7;2;7;5;1;1;0;0;0;0;0;413409,853595629334450;5739167,170848485082388;7,744340181000041;51,796650620000037;5210424711221780000;0
165557;5;5;66;12;2021;9;8;1;3;0;5;1;1;0;0;0;0;0;406085,617628333158791;5771133,966682789847255;7,629431653000040;52,082802011000069;5210912709100070000;0
165558;5;5;15;0;2021;6;12;4;3;5;3;1;1;0;0;0;0;0;407126,778999980539083;5756611,642999658361077;7,648561267000048;51,952444913000079;5210630702100560000;0
165559;5;9;74;52;2021;7;21;2;2;0;1;1;0;0;0;0;1;0;424467,115999992936850;5712773,498999645933509;7,910360095000044;51,560979153000062;5210705316200180000;0
165560;5;5;15;0;2021;11;5;1;3;5;3;1;0;0;0;0;2;0;405622,472610983997583;5757086,272517029196024;7,626547826000035;51,956457854000064;5211107702100250000;1
165570;5;3;74;40;2021;3;18;6;2;3;1;1;0;0;0;0;0;0;413082,702786989510059;5647015,813398595899343;7,762152074000028;50,968180287000052;5210326605140790000;0
165571;5;5;66;28;2021;9;15;5;3;8;1;1;0;0;0;0;0;0;412922,286050746217370;5793150,118150059133768;7,723522798000033;52,281810855000060;5210902709700470000;0
165572;5;5;15;0;2021;5;16;2;3;4;6;1;1;0;0;0;0;0;407374,452855477109551;5760695,624469749629498;7,651062230000036;51,989195130000041;5210503702100340000;0
165573;5;5;70;4;2021;12;13;3;3;3;5;1;1;0;0;0;0;0;425118,434850448742509;5734820,722429633140564;7,915030652000041;51,759267780000073;5211228711213690000;1
165574;5;5;15;0;2021;7;16;5;3;5;1;1;1;0;0;0;0;0;405468,059916664846241;5758375,501444106921554;7,623946547000060;51,968019759000072;5210708702100960000;0
165575;5;5;15;0;2021;12;5;4;3;3;7;1;1;0;0;0;2;0;405973,935833371244371;5758596,510409587994218;7,631247519000055;51,970092088000058;5211201702100070000;1
165577;5;5;15;0;2021;10;2;7;3;6;1;1;0;1;0;0;2;0;409083,719537271186709;5753219,436284393072128;7,677925951000077;51,922276881000073;5211030702100070000;0
165580;5;5;15;0;2021;9;11;5;3;0;3;1;1;0;0;0;0;0;405210,985999978147447;5755828,763999659568071;7,620908265000025;51,945084842000028;5210930702100240000;0
165582;5;9;62;36;2021;10;21;6;3;3;7;1;1;0;0;0;2;0;404853,901427378877997;5662695,921727862209082;7,640875388000040;51,107842666000067;5211015307000240000;0
165584;5;9;78;36;2021;9;6;2;3;5;3;1;0;0;0;0;0;1;414168,134340146556497;5710756,458575557917356;7,762313945000074;51,541373515000032;5210920317110190000;0
165586;5;5;15;0;2021;6;20;5;3;5;3;1;0;0;0;0;0;0;408579,587712847627699;5756838,146293038502336;7,669635251000045;51,954721571000050;5210603702100460000;1
165587;5;9;58;4;2021;10;7;5;3;5;3;1;1;0;0;0;1;0;427955,885506468825042;5700744,480515651404858;7,963137830000051;51,453291871000033;5211028313110980000;0
165588;5;9;15;0;2021;9;10;1;3;5;3;1;1;0;0;0;0;0;423417,203999993391335;5726145,927999652922153;7,892293581000047;51,681053876000078;5210912303100980000;0
165590;5;9;62;40;2021;9;18;7;3;0;1;1;0;0;0;0;0;0;415912,759209013544023;5699075,299852304160595;7,790247798000053;51,436625645000049;5210918307000970000;0
165592;5;9;15;0;2021;12;10;1;3;5;3;1;1;0;0;0;0;0;413906,978999987244606;5725484,794999649748206;7,754932173000043;51,673733281000068;5211205303100670000;0
165594;5;5;15;0;2021;4;17;3;2;4;3;1;0;0;0;1;0;0;405955,769071407616138;5758230,363788569346070;7,631083440000054;51,966797928000062;5210413702100080000;0
165598;5;5;15;0;2021;10;11;6;3;5;3;1;1;0;0;0;0;0;407714,715549279004335;5751462,192624974995852;7,658495066000057;51,906256445000054;5211022702100070000;0
165600;5;5;15;0;2021;3;18;2;3;1;7;1;1;0;0;0;1;0;404904,527605838142335;5758350,062379788607359;7,615753119000033;51,967694979000044;5210301702100260000;0
165602;5;5;15;0;2021;11;7;4;3;6;7;1;0;1;0;0;1;0;405850,982738279737532;5751264,812451243400574;7,631465110000022;51,904170423000039;5211110702100740000;1
165604;5;5;70;4;2021;9;7;6;3;5;2;1;1;0;0;0;0;0;423408,787326053716242;5736002,084771201014519;7,890003841000066;51,769656572000031;5210910711211320000;0
165605;5;9;78;36;2021;6;6;6;2;5;3;1;1;0;0;0;0;0;409647,495146589353681;5709797,665282193571329;7,697390595000059;51,532048972000041;5210604317110980000;1
165606;5;9;62;20;2021;4;15;3;2;0;1;1;0;0;0;0;0;0;412175,428069033659995;5669993,416591893881559;7,743652756000074;51,174616726000068;5210427307400310000;0
165607;5;5;70;52;2021;12;18;7;3;0;3;1;1;0;0;0;2;0;429882,713264880701900;5756095,299324538558722;7,979732196000043;51,951137930000073;5211211711111780000;1
165608;5;5;15;0;2021;6;13;6;3;5;3;1;1;0;0;0;0;0;405208,893999977968633;5757219,746999656781554;7,620494175000033;51,957587232000037;5210618702100060000;0
165610;5;5;15;0;2021;10;15;3;3;5;3;1;0;0;0;0;0;0;406464,033895857632160;5758832,685832459479570;7,638315418000047;51,972297636000064;5211019702100670000;1
165611;5;5;15;0;2021;7;20;1;3;1;5;1;1;0;0;0;0;0;407200,780770751647651;5756591,663203308358788;7,649643171000037;51,952277676000051;5210711702100070000;0
165612;5;5;15;0;2021;7;3;2;3;4;6;1;0;0;0;0;2;0;405628,759583890438080;5758070,617631768807769;7,626368839000065;51,965306641000041;5210705702100970000;0
165613;5;9;15;0;2021;1;3;4;2;0;1;1;0;0;0;0;2;0;422314,785475492477417;5726595,491481136530638;7,876251240000045;51,684943899000075;5210106303100580000;1
165614;5;9;78;36;2021;9;19;5;3;1;2;1;1;0;0;0;0;0;408252,471337053924799;5706322,651381881907582;7,678188929000044;51,500586025000075;5210923317110200000;0
165616;5;9;74;52;2021;10;15;1;2;0;2;1;1;0;0;0;0;0;423717,984783401712775;5711600,561576079577208;7,899809694000055;51,550333636000062;5211024316200180000;0
165619;5;5;15;0;2021;5;11;6;3;0;3;1;0;0;0;0;0;0;406324,262892608530819;5758304,749470142647624;7,636425330000066;51,967528762000029;5210514702100060000;0
165620;5;9;66;8;2021;9;14;1;2;0;7;1;0;0;0;0;0;0;413648,614999985322356;5653468,191999614238739;7,768675083000062;51,026275055000042;5210926314120490000;0
165622;5;5;70;24;2021;10;18;5;3;0;1;1;0;0;0;0;1;0;421383,576439189724624;5753445,602060770615935;7,856693207000035;51,926182690000076;5211021711161870000;1
165623;5;9;62;24;2021;6;23;6;3;0;1;1;0;0;0;0;2;0;407250,100294677540660;5693732,512659013271332;7,667051455000035;51,387244971000030;5210625307000980000;0
165628;5;5;70;52;2021;2;10;2;3;0;7;1;0;0;0;0;0;1;430460,311180020682514;5755976,893671302124858;7,988159287000030;51,950146027000073;5210208711111280000;2
165629;5;5;15;0;2021;10;18;2;3;3;5;1;1;0;0;0;1;0;405846,314158539287746;5758762,178755011409521;7,629344845000048;51,971559582000054;5211004702100970000;0
165630;5;5;66;28;2021;12;12;4;3;0;1;1;0;0;0;0;0;0;412345,063999985344708;5792336,754999680444598;7,715275014000042;52,274408376000054;5211201709700830000;1
165631;5;5;66;88;2021;9;16;4;3;5;7;1;1;0;0;0;0;0;414528,989539686590433;5786173,305078595876694;7,748835122000060;52,219352490000063;5210901709800460000;0
165632;5;9;15;0;2021;11;14;7;3;0;1;1;0;0;0;0;0;0;419063,420751325786114;5729331,940895369276404;7,828594252000073;51,709084072000053;5211113303100070000;1
165634;5;5;70;4;2021;11;6;1;3;5;3;1;1;0;0;0;2;0;424733,127999993972480;5734537,873999657109380;7,909510233000049;51,756673402000047;5211107711213900000;1
165635;5;9;58;12;2021;10;15;5;3;5;2;1;1;0;0;0;0;0;470110,616762032732368;5690673,846634965389967;8,570648288000029;51,366536035000081;5211028313211590000;0
165636;5;7;54;8;2021;4;22;3;2;1;7;1;1;0;0;0;2;0;456403,757256890647113;5752344,993666013702750;8,366078603000062;51,920132200000069;5210413405108050000;0
165638;5;9;74;28;2021;12;11;5;3;0;3;1;1;0;0;0;0;0;454538,752000000327826;5725169,908999655395746;8,342525090000038;51,675660730000061;5211202316300080000;0
165644;5;9;58;32;2021;2;11;2;3;5;3;1;1;0;0;0;0;0;447721,080632269382477;5689775,150485860183835;8,249184998000032;51,356835896000064;5210201313121570000;1
165650;5;7;11;0;2021;9;8;3;3;0;5;1;1;0;0;0;0;0;465505,615867728367448;5767600,893542608246207;8,496885368000051;52,057930644000066;5210907400200080000;0
165653;5;7;54;8;2021;12;13;3;3;5;3;1;1;0;0;0;0;0;457352,027293044142425;5751610,661334613338113;8,379957215000047;51,913603586000079;5211221405108400000;1
165654;5;7;11;0;2021;6;15;7;3;2;6;1;1;0;0;0;0;0;467431,683204431086779;5764274,798349820077419;8,525293680000061;52,028143679000038;5210626400100590000;0
165656;5;7;11;0;2021;12;12;2;3;0;3;1;1;0;0;0;0;0;468831,933658456429839;5766591,584003577008843;8,545491415000072;52,049053468000068;5211220400100900000;0
165660;5;9;58;4;2021;9;0;2;3;8;1;1;0;0;0;0;2;0;435830,640590244904160;5693252,603525595739484;8,077811488000066;51,386882156000070;5210927313110480000;0
165661;5;9;58;36;2021;6;17;1;3;0;1;1;0;0;0;0;0;0;464342,534137809649110;5689260,528729155659676;8,487936558000058;51,353495170000031;5210627313212080000;0
165664;5;7;54;8;2021;3;10;2;3;5;2;1;1;0;0;0;0;0;457208,917502652853727;5749900,512873772531748;8,378089114000034;51,898217394000028;5210329405108270000;0
165671;5;7;54;32;2021;11;14;6;3;5;3;1;1;0;0;0;0;0;461454,301000000908971;5740727,845999658107758;8,440809958000045;51,816058112000064;5211112405228190000;0
165672;5;7;11;0;2021;5;11;5;3;0;3;1;1;0;0;0;0;0;468436,432835549116135;5756464,291393205523491;8,540657232000058;51,957980005000081;5210513400300080000;0
165674;5;9;74;28;2021;5;7;4;3;5;3;1;1;0;0;0;0;0;455951,815000000409782;5723344,064999651163816;8,363190083000063;51,659357324000041;5210519316300080000;1
165678;5;7;11;0;2021;9;7;4;3;1;5;1;1;0;0;0;0;0;468232,906562335789204;5756482,073126852512360;8,537693786000034;51,958128285000043;5210929400300790000;0
165679;5;7;54;16;2021;11;13;6;3;7;7;1;0;1;0;0;0;0;447547,534110677428544;5756567,175371538847685;8,236669940000070;51,957326806000026;5211105405116070000;1
165680;5;9;58;12;2021;6;18;2;3;0;1;1;0;0;0;0;0;0;469488,736766766756773;5693802,236645705997944;8,561446712000077;51,394632345000048;5210614313211840000;0
165682;5;7;11;0;2021;9;17;5;3;0;6;1;0;0;0;1;0;0;471787,632005025632679;5761601,556740835309029;8,589003116000072;52,004348046000075;5210909400200690000;0