OID_;ULAND;UREGBEZ;UKREIS;UGEMEINDE;UJAHR;UMONAT;USTUNDE;UWOCHENTAG;UKATEGORIE;UART;UTYP1;IstRad;IstPKW;IstFuss;IstKrad;IstSonstige;ULICHTVERH;IstGkfz;LINREFX;LINREFY;XGCSWGS84;YGCSWGS84;UIDENTSTLAE;IstStrassenzustand
165683;5;9;74;40;2021;12;23;4;3;8;1;1;0;0;0;0;2;0;437327,032999997958541;5713227,696999644860625;8,095769277000045;51,566638413000078;5211208316100050000;0
165684;5;7;11;0;2021;4;13;6;3;8;2;1;1;0;0;0;0;0;465308,298000000417233;5766811,327999670058489;8,494087715000035;52,050819716000035;5210409400100680000;0
165685;5;7;54;8;2021;11;8;6;3;6;7;1;0;1;0;0;0;0;457031,338149645365775;5750984,670280616730452;8,375373222000064;51,907950924000033;5211119405108970000;1
165686;5;7;11;0;2021;6;14;2;3;0;3;1;1;0;0;0;0;0;467256,692000001668930;5764634,167999669909477;8,522708756000043;52,031364325000027;5210614400100190000;0
165687;5;9;58;32;2021;6;13;4;3;6;4;1;0;1;0;0;0;0;442445,053999998606741;5691009,673999637365341;8,173220452000066;51,367425452000077;5210623313121560000;0
165692;5;5;70;20;2021;9;17;3;2;5;3;1;1;0;0;0;0;0;433121,159806003794074;5743497,644276320934296;8,029290509000020;51,838286069000048;5210928711422060000;0
165694;5;7;54;40;2021;9;15;2;3;4;6;1;0;0;0;0;0;0;460198,324356782250106;5761284,174232978373766;8,420215305000056;52,000784625000051;5210920405140700000;0
165695;5;7;58;4;2021;3;9;7;3;5;2;1;1;0;0;0;0;0;468917,560999999754131;5784027,245999678969383;8,545146730000056;52,205813254000077;5210320406210970000;0
165698;5;7;11;0;2021;9;18;3;3;5;3;1;1;0;0;0;1;0;466869,889000000432134;5758261,685999669134617;8,517686832000038;51,974048691000064;5210921400300050000;0
165702;5;7;11;0;2021;6;20;4;2;5;3;1;1;0;0;0;0;0;468881,128861766308546;5762147,977318553254008;8,546612996000022;52,009105400000067;5210630400200880000;0
165703;5;9;74;28;2021;6;6;6;2;5;3;1;1;0;0;0;0;0;454985,788008177652955;5724952,220453348010778;8,349017875000072;51,673739525000030;5210625316300060000;1
165704;5;9;74;28;2021;6;6;2;3;1;2;1;1;0;0;0;0;0;453353,783739165402949;5723886,534584727138281;8,325560350000046;51,664024948000076;5210614316300770000;0
165707;5;7;54;40;2021;5;13;1;2;5;3;1;0;0;0;0;0;0;459772,302000002004206;5761465,534999670460820;8,413988562000043;52,002384440000071;5210502405140780000;0
165708;5;7;11;0;2021;5;15;6;3;2;6;1;0;0;0;0;0;0;469023,278000000864267;5763739,098999673500657;8,548540002000038;52,023418577000029;5210507400200460000;0
165709;5;7;58;4;2021;7;20;5;3;4;6;1;1;0;0;0;0;0;470894,892749854363501;5783564,932089392095804;8,574121389000027;52,201764844000081;5210701406210280000;1
165710;5;7;54;8;2021;6;10;2;3;3;6;1;1;0;0;0;0;0;457120,609655478969216;5750584,159259935840964;8,376720704000036;51,904356981000035;5210614405108360000;0
165711;5;7;11;0;2021;9;17;3;3;1;6;1;1;0;0;0;0;0;467136,195224043913186;5762559,319350626319647;8,521151611000050;52,012703041000066;5210907400300950000;0
165715;5;9;70;40;2021;9;11;2;3;5;2;1;1;0;0;0;0;0;430785,960999996401370;5635895,159999610856175;8,016341788000034;50,870590785000047;5210927315110990000;0
165717;5;7;54;8;2021;11;13;5;3;5;2;1;1;0;0;0;0;0;458628,750000000000000;5749975,993999667465687;8,398714164000069;51,899003245000074;5211104405108970000;1
165718;5;7;11;0;2021;11;8;4;3;5;3;1;1;0;0;0;0;0;468587,647287787869573;5763932,859222766011953;8,542173477000063;52,025136107000037;5211117400200130000;1
165720;5;7;54;8;2021;11;14;5;3;3;2;1;1;0;0;0;0;0;456687,706230467185378;5750605,448617760092020;8,370425909000062;51,904514895000034;5211125405108680000;1
165722;5;9;58;32;2021;9;2;1;3;4;2;1;1;0;0;0;2;0;450424,066695816814899;5688575,514224270358682;8,288168375000055;51,346291979000057;5210912313121380000;1
165723;5;9;58;4;2021;6;20;6;3;0;7;1;1;0;0;0;0;0;430818,175826802849770;5697987,340156393125653;8,004864116000022;51,428860926000027;5210625313110070000;0
165724;5;7;54;8;2021;12;11;4;3;4;2;1;1;0;0;0;0;0;457696,400000002235174;5753117,180999662727118;8,384778485000027;51,927174311000044;5211229405108670000;1
165728;5;7;54;8;2021;9;14;6;3;0;1;1;0;0;0;0;0;0;455849,800999999046326;5751962,577999662607908;8,358073252000054;51,916650433000029;5210910405108380000;1
165729;5;7;58;4;2021;6;15;3;2;0;1;1;0;0;0;0;0;0;471448,731897830963135;5782901,921085070818663;8,582281055000067;52,195833067000081;5210622406230790000;0
165731;5;5;70;8;2021;9;18;2;3;5;3;1;1;0;0;0;0;0;433652,707999997772276;5734436,315999656915665;8,038738325000054;51,756888131000039;5210920711311190000;0
165732;5;9;58;4;2021;7;23;3;3;0;1;1;0;0;0;0;2;0;437327,980315757915378;5693208,623145230114460;8,099334879000025;51,386654084000043;5210713313110480000;1
165734;5;7;54;8;2021;9;10;3;3;2;6;1;1;0;0;0;0;0;456869,034841921180487;5752008,940643366426229;8,372885738000036;51,917147138000075;5210914405108080000;0
165735;5;7;11;0;2021;6;10;6;3;0;5;1;1;0;0;0;0;0;467386,321040679700673;5764350,337448868900537;8,524625317000073;52,028820156000052;5210618400100930000;0
165737;5;9;74;28;2021;12;15;2;3;5;2;1;1;0;0;0;0;0;454974,477790182456374;5724872,513744326308370;8,348864598000034;51,673021985000048;5211206316300080000;0
165739;5;9;74;44;2021;4;6;7;3;5;3;1;1;0;0;0;1;0;453572,898884004913270;5703546,694621300324798;8,331416510000054;51,481167580000033;5210403316400580000;1
165741;5;9;74;40;2021;10;17;5;3;5;3;1;1;0;0;0;0;0;436078,680067873559892;5713556,604242118075490;8,077700989000050;51,569455300000072;5211007316100780000;0
165742;5;7;54;32;2021;1;13;3;3;5;3;1;1;0;0;0;0;0;460408,243000000715256;5739580,396999659016728;8,425766524000039;51,805668501000071;5210119405232880000;1
165744;5;7;11;0;2021;7;13;3;3;5;3;1;1;0;0;0;0;0;471177,010297478176653;5755912,788928113877773;8,580585756000062;51,953170388000046;5210706400300970000;0
165745;5;7;54;12;2021;3;7;2;3;5;3;1;1;0;0;0;1;0;456536,481999998912215;5767475,087999673560262;8,366090679000024;52,056168594000042;5210301405112670000;0
165746;5;7;11;0;2021;5;10;1;3;0;3;1;1;0;0;0;0;0;467148,581000001169741;5762031,045999672263861;8,521382749000054;52,007954265000080;5210509400300070000;0
165747;5;9;58;4;2021;9;17;3;3;0;6;1;1;0;0;0;0;0;439831,247107842005789;5693487,714354386553168;8,135257754000065;51,389434304000076;5210928313110180000;0
165748;5;7;54;8;2021;6;10;5;3;0;6;1;0;0;0;0;0;0;452952,118399128317833;5749889,183954257518053;8,316228348000038;51,897772379000060;5210603405108070000;0
165754;5;7;58;32;2021;5;14;7;3;8;6;1;1;0;0;0;0;0;465771,379169418476522;5776752,422021731734276;8,499842067000031;52,140223616000071;5210508406140280000;0
165756;5;7;54;12;2021;9;13;2;3;5;3;1;1;0;0;0;0;0;455961,436053446494043;5766939,979603424668312;8,357773264000059;52,051312396000071;5210927405112060000;0
165757;5;9;74;40;2021;11;9;6;3;0;3;1;1;0;0;0;0;0;438340,223325415514410;5714315,556836681440473;8,110194493000051;51,576530562000073;5211112316100780000;0
165758;5;7;54;44;2021;12;16;4;2;5;2;1;1;0;0;0;1;0;465848,576000001281500;5747746,114999664947391;8,503862538000021;51,879444171000046;5211208405244780000;1
165759;5;7;54;28;2021;11;18;3;3;5;3;1;1;0;0;0;2;0;451164,865121188573539;5745046,266318162903190;8,290940569000043;51,854078554000068;5211123405228060000;1
165760;5;5;70;28;2021;3;13;5;3;8;7;1;0;0;0;0;0;0;441350,208502846769989;5742347,382260400801897;8,148910362000038;51,828869910000037;5210311711411480000;1
165762;5;9;74;28;2021;5;11;2;3;5;3;1;1;0;0;0;0;0;454521,407999999821186;5725266,816999649628997;8,342261652000047;51,676530612000079;5210503316300870000;0
165763;5;7;54;28;2021;12;15;3;3;0;1;1;0;0;0;0;0;0;452639,138286107219756;5743090,383611246943474;8,312612420000050;51,836621155000046;5211207405228070000;0
165764;5;5;70;20;2021;5;12;4;2;0;5;1;1;0;0;0;0;0;432845,753101458773017;5743311,853066202253103;8,025329822000060;51,836582771000053;5210505711421070000;1
165770;5;7;54;28;2021;10;15;6;2;5;3;1;1;0;0;0;0;0;455678,941012720577419;5742608,305427622050047;8,356790255000021;51,832536496000046;5211029405228090000;0
165772;5;7;54;28;2021;2;10;4;2;2;7;1;1;0;0;0;0;0;450874,250182456336915;5744271,062036575749516;8,286831522000057;51,847083581000049;5210203405228570000;1
165778;5;9;74;28;2021;6;10;4;2;0;1;1;0;0;0;0;0;0;454765,277913893572986;5724522,755340749397874;8,345884769000065;51,669860542000038;5210616316300580000;0
165781;5;5;70;8;2021;4;19;3;3;0;1;1;0;0;0;0;0;0;433669,193897513672709;5734677,697252083569765;8,038931071000036;51,759060117000047;5210406711112650000;0
165783;5;7;54;32;2021;9;23;7;3;8;6;1;0;0;0;0;2;0;463575,244598290883005;5740278,390033692121506;8,471624713000040;51,812159383000051;5210925405232480000;0
165784;5;7;54;8;2021;5;11;2;3;0;1;1;0;0;0;0;0;0;457123,858626684173942;5750879,503594825044274;8,376731175000032;51,907012546000033;5210531405108280000;0
165785;5;7;11;0;2021;9;11;3;3;5;6;1;1;0;0;0;0;0;467794,334000000730157;5761726,018999669700861;8,530819155000074;52,005249722000030;5210914400300670000;0
165794;5;9;74;16;2021;11;6;5;3;6;1;1;0;1;0;0;2;0;456142,616008698940277;5720447,045803572982550;8,366311579000069;51,633325287000048;5211125316300370000;0
165795;5;7;11;0;2021;10;13;3;3;0;3;1;1;0;0;1;0;0;466860,752000001259148;5765262,518999671563506;8,516876568000043;52,036990049000053;5211019400100090000;1
165796;5;9;74;40;2021;6;15;4;3;6;4;1;0;1;0;0;0;0;438849,981654278934002;5712639,936346404254436;8,117841447000046;51,561521340000070;5210602316100380000;0
165800;5;5;70;8;2021;4;6;3;3;0;3;1;1;0;0;0;1;0;434649,269057648256421;5734944,958185547962785;8,053079038000021;51,761578051000072;5210420711313580000;0
165804;5;7;11;0;2021;11;8;4;3;5;3;1;1;0;0;0;0;0;465992,191979477182031;5760407,680699758231640;8,504696925000076;51,993289552000078;5211110400300000000;0
165805;5;7;74;20;2021;4;18;1;2;0;1;1;0;0;0;0;0;0;469773,215995848178864;5731683,451312068849802;8,562277233000032;51,735251481000034;5210425411220530000;0
165806;5;7;54;12;2021;4;19;3;3;5;3;1;1;0;0;0;1;0;456072,769000000320375;5767693,707999672740698;8,359299827000029;52,058097486000065;5210413405112770000;0
165809;5;7;58;8;2021;9;7;6;3;5;3;1;1;0;0;0;0;0;466175,920188671909273;5776695,154680702835321;8,505758790000073;52,139733678000027;5210903406130990000;0
165810;5;7;54;28;2021;6;18;2;3;5;3;1;1;0;0;0;0;0;450835,285000000149012;5745530,207999661564827;8,286086792000049;51,858400485000061;5210621405228080000;1
165812;5;7;54;8;2021;6;7;4;3;3;6;1;0;0;0;0;0;0;457909,193130781874061;5751529,289797985926270;8,388067081000031;51,912914399000044;5210630405108580000;1
165814;5;5;70;28;2021;12;13;5;2;5;3;1;1;0;0;0;0;0;441564,893109655007720;5743383,635980660095811;8,151850359000036;51,838208568000027;5211209711413590000;0
165815;5;7;11;0;2021;6;14;6;3;5;3;1;1;0;0;0;0;0;468733,412906651385128;5766187,344495568424463;8,544091770000023;52,045413562000078;5210618400100310000;0
165818;5;5;70;20;2021;2;15;3;2;0;3;1;1;0;0;0;0;0;433434,344999996945262;5742862,553999656811357;8,033957711000028;51,832614072000069;5210223711422470000;0
165819;5;9;74;40;2021;5;13;5;3;0;3;1;1;0;0;0;0;0;436676,992999997921288;5713572,766999648883939;8,086329743000022;51,569668129000036;5210513316100780000;0
165820;5;9;58;36;2021;3;16;6;3;5;3;1;1;0;0;0;0;0;464282,682729202322662;5689503,527554349973798;8,487052692000077;51,355676357000050;5210326313212010000;0
165822;5;7;54;8;2021;10;17;5;2;5;3;1;1;0;0;0;0;0;457176,461969233117998;5751053,820404276251793;8,377474127000028;51,908583799000041;5211007405108570000;0
165823;5;7;11;0;2021;6;19;6;3;0;3;1;0;0;1;0;0;0;466808,803766629658639;5765297,091793144121766;8,516115910000053;52,037297771000055;5210611400100090000;0
165824;5;9;74;32;2021;6;19;5;3;5;3;1;1;0;0;0;0;0;439518,808014264330268;5705537,389028398320079;8,128708672000073;51,497737020000045;5210617316100580000;0
165825;5;9;58;4;2021;5;18;7;3;0;7;1;0;0;0;0;0;0;430190,667937533929944;5697579,368293603882194;7,995919701000048;51,425116108000054;5210529313110370000;0
165826;5;7;54;8;2021;4;13;7;2;3;2;1;1;0;0;0;0;0;457746,819898370653391;5752323,944309799000621;8,385609072000022;51,920046500000069;5210410405108070000;0
165828;5;9;74;32;2021;9;11;3;3;5;2;1;1;0;0;0;0;0;441459,471370727755129;5705449,819879265502095;8,156677064000064;51,497154034000062;5210914316100440000;0
165829;5;7;74;20;2021;9;5;1;2;0;1;1;0;0;0;0;2;0;469397,839412386529148;5739233,878516200929880;8,556176166000057;51,803117331000067;5210926411220070000;0
165830;5;9;74;28;2021;5;14;1;3;3;2;1;1;0;0;0;0;0;454986,311410734429955;5724952,133903298527002;8,349025455000060;51,673738789000026;5210509316300070000;0
165831;5;7;11;0;2021;7;18;3;3;3;5;1;1;0;0;0;0;0;471328,717185046523809;5763038,830264739692211;8,582197519000033;52,017246631000035;5210706400200660000;0
165835;5;7;11;0;2021;9;17;3;3;0;1;1;0;0;0;0;0;0;464878,437470707111061;5757394,013008432462811;8,488784967000072;51,966125453000075;5210928400300090000;0
165836;5;9;74;28;2021;3;7;3;3;5;3;1;1;0;0;0;0;0;454231,493507904000580;5729028,277566023170948;8,337575510000022;51,710325709000074;5210302316300070000;0
165839;5;7;11;0;2021;5;13;6;3;5;3;1;0;0;0;1;0;0;466865,908000000752509;5759246,506999669596553;8,517533773000025;51,982902657000068;5210521400300020000;0
165840;5;9;74;40;2021;6;14;4;2;4;6;1;1;0;0;0;0;0;439950,951396999880672;5712862,067340048030019;8,133684266000046;51,563636738000071;5210602316100980000;0
165841;5;7;11;0;2021;11;20;5;3;0;1;1;0;0;0;0;2;0;466464,757617074996233;5764536,375892136245966;8,511174958000026;52,030437792000043;5211111400100600000;1
165842;5;7;54;28;2021;6;21;7;2;8;1;1;0;0;0;0;0;0;451678,350667895749211;5743810,357860866934061;8,298568242000044;51,843011794000063;5210626405228780000;0
165843;5;5;70;8;2021;11;7;3;3;5;2;1;1;0;0;0;2;0;433440,134170142002404;5734857,901792749762535;8,035578208000061;51,760652987000071;5211123711311500000;1
165844;5;9;74;32;2021;9;14;3;3;0;7;1;0;0;0;0;0;0;436737,835959498770535;5704858,860321631655097;8,088773000000060;51,491332228000033;5210921316100170000;0
165845;5;7;54;32;2021;6;18;2;3;4;2;1;0;0;0;0;0;0;460351,731999999843538;5740434,777999663725495;8,424849175000077;51,813346063000040;5210614405232670000;0
165846;5;7;11;0;2021;1;10;5;3;5;3;1;1;0;0;0;0;0;468420,312000000849366;5763419,734999671578407;8,539782046000028;52,020513293000079;5210107400200130000;1
165848;5;9;58;8;2021;10;17;3;2;6;4;1;0;1;0;0;0;0;456257,827999998815358;5689582,379999637603760;8,371802361000050;51,355824124000037;5211005313122490000;0
165851;5;9;58;32;2021;4;16;1;2;0;1;1;0;0;0;0;0;0;450209,407636207528412;5690487,006282493472099;8,284818907000044;51,363459916000068;5210425313121720000;0
165852;5;9;70;40;2021;7;13;4;3;7;1;1;0;0;0;0;0;0;430436,204925430938601;5636967,597147345542908;8,011167855000053;50,880191454000055;5210707315110380000;0
165854;5;7;54;8;2021;6;15;6;3;0;1;1;0;0;0;0;0;0;458350,991425840184093;5748640,053148722276092;8,394838853000067;51,886971614000061;5210625405108590000;0
165858;5;9;74;16;2021;12;10;6;3;0;1;1;0;0;0;0;0;0;455510,300415172241628;5721003,741360126063228;8,357105201000024;51,638280854000072;5211231316300580000;0
165860;5;7;54;48;2021;12;5;2;3;3;6;1;1;0;0;0;2;0;438596,500402328558266;5762482,475821131840348;8,105364358000031;52,009588290000067;5211206405148020000;0
165862;5;9;74;28;2021;9;16;6;3;0;1;1;0;0;0;0;0;0;454168,132867515087128;5723113,965481899678707;8,337435168000070;51,657145889000049;5210910316300880000;0
165868;5;9;74;28;2021;5;15;5;3;5;3;1;1;0;0;0;0;0;454974,886007429100573;5724872,459211599081755;8,348870508000061;51,673021527000060;5210527316300880000;1
165872;5;7;11;0;2021;9;16;7;3;2;6;1;0;0;0;0;0;0;463348,300691129639745;5760467,769166417419910;8,466185571000040;51,993661574000043;5210925400300190000;0
165874;5;9;58;12;2021;5;13;3;3;5;3;1;1;0;0;0;0;0;470293,960000000894070;5693885,747999634593725;8,573013238000044;51,395425986000078;5210525313211870000;0
165876;5;7;11;0;2021;7;11;6;3;0;5;1;1;0;0;0;0;0;466907,580835653468966;5765513,248307669535279;8,517534973000068;52,039247048000050;5210702400100290000;0
165878;5;9;74;20;2021;1;10;7;3;7;2;1;1;0;0;0;0;0;466065,067395951598883;5721095,699374372139573;8,509610135000059;51,639843594000070;5210123316500550000;0
165884;5;7;11;0;2021;3;18;3;3;5;2;1;1;0;0;0;0;0;468303,086000000126660;5764820,818999674171209;8,537943945000052;52,033103229000062;5210302400100470000;0
165892;5;7;11;0;2021;3;20;1;3;1;5;1;1;0;0;0;2;0;467960,251195248216391;5764329,626225329935551;8,532992519000061;52,028667402000053;5210321400200290000;1
165893;5;7;11;0;2021;4;23;5;3;0;1;1;0;0;0;0;2;0;466784,541000002063811;5762581,459999673068523;8,516025815000035;52,012881162000042;5210415400300780000;0
165895;5;9;70;40;2021;2;17;3;3;0;1;1;0;0;0;0;0;0;430600,960616903379560;5636181,349812369793653;8,013658697000039;50,873141837000048;5210223315110980000;0
165897;5;7;54;8;2021;11;6;2;3;5;3;1;1;0;0;0;2;0;462459,327947740443051;5748060,915200332179666;8,454593026000055;51,882056565000028;5211108405108050000;1
165899;5;7;11;0;2021;6;13;4;3;4;2;1;1;0;0;0;0;0;470229,791948085650802;5762947,984231928363442;8,566192193000063;52,016371989000049;5210602400200870000;0
165901;5;9;74;40;2021;4;13;6;3;5;7;1;1;0;0;0;0;0;438436,836998444981873;5714757,146839380264282;8,111511117000020;51,580511249000040;5210423316100080000;0
165903;5;5;70;52;2021;9;16;7;3;3;2;1;1;0;0;0;0;0;431505,746132301166654;5755359,709139723330736;8,003491418000067;51,944727465000028;5210911711111070000;0
165904;5;7;54;8;2021;7;12;7;3;5;3;1;1;0;0;0;0;0;459019,283636599779129;5749989,984919153153896;8,404388146000031;51,899157892000062;5210710405108380000;0
165905;5;7;11;0;2021;6;19;2;3;4;6;1;0;0;0;1;0;0;468167,413092388771474;5765624,291130874305964;8,535891469000035;52,040319159000035;5210614400100360000;0
165907;5;7;11;0;2021;4;12;6;2;0;3;1;1;0;0;0;0;0;469883,813121046870947;5762171,544766817241907;8,561219081000047;52,009372603000031;5210416400200880000;0
165908;5;7;54;8;2021;5;15;2;2;2;6;1;1;0;0;0;0;0;455793,160999999381602;5748133,799999665468931;8,357740833000037;51,882223130000057;5210531405108590000;0
165912;5;7;54;8;2021;12;16;3;3;5;2;1;1;0;0;0;1;0;457731,135999999009073;5750677,165999665856361;8,385583130000043;51,905239825000081;5211207405108750000;1
165919;5;5;70;8;2021;10;17;3;3;5;3;1;1;0;0;0;0;0;436648,890764612704515;5734676,346043305471539;8,082098114000075;51,759392989000048;5211012711312070000;1
165921;5;7;11;0;2021;9;14;3;3;1;5;1;1;0;0;0;0;0;468762,582925303839147;5764032,846814533695579;8,544713901000023;52,026044938000041;5210914400200790000;0
165922;5;9;58;12;2021;9;9;5;3;2;6;1;1;0;0;0;0;0;470295,718863979913294;5693886,392902703955770;8,573038465000025;51,395431877000078;5210930313211550000;0
165923;5;7;54;12;2021;6;7;4;3;5;2;1;0;0;0;1;0;0;457176,468355237506330;5766477,773214070126414;8,375549193000040;52,047252225000079;5210609405112050000;0
165924;5;7;11;0;2021;9;12;6;3;4;6;1;1;0;0;0;0;0;467107,695318643003702;5769055,637070756405592;8,520111279000048;52,071107010000048;5210903400100090000;0
165925;5;9;74;32;2021;12;17;4;3;5;3;1;1;0;0;0;2;0;439717,808558411896229;5705541,373672408983111;8,131574436000051;51,497794103000047;5211208316000070000;0
165927;5;7;54;40;2021;4;1;5;3;0;7;1;0;0;0;0;2;0;454914,681059929542243;5761291,167277766391635;8,343253538000056;52,000443554000071;5210401405140080000;0
165930;5;9;70;24;2021;2;15;1;3;0;7;1;0;0;0;0;0;0;432883,262161017395556;5646705,314554944634438;8,044154348000063;50,968036298000072;5210228315210370000;0
165936;5;9;74;40;2021;5;12;4;3;5;3;1;1;0;0;0;0;0;439358,636999998241663;5713761,763999648392200;8,124984859000051;51,571662142000037;5210526316100180000;0
165938;5;5;66;44;2021;9;9;5;2;7;1;1;0;0;0;0;0;0;431875,714275801554322;5776493,887613069266081;8,004661982000073;52,134759550000069;5210916709800980000;0
165939;5;7;54;40;2021;9;17;5;3;5;2;1;1;0;0;0;0;0;457984,878999999724329;5759634,188999665901065;8,388176557000065;51,985787405000053;5210909405140080000;0
165944;5;7;58;4;2021;2;16;6;3;0;1;1;0;0;0;0;0;0;471556,705629965290427;5783906,100634157657623;8,583776387000057;52,204866638000055;5210205406210380000;0
165947;5;9;74;40;2021;9;23;5;3;0;1;1;0;0;0;0;2;0;438050,998058005236089;5713972,821706971153617;8,106081711000058;51,573417482000082;5210930316000780000;0
165950;5;7;11;0;2021;7;16;4;3;5;3;1;0;0;0;1;0;0;467834,884000001475215;5765985,120999673381448;8,531009529000073;52,043544040000029;5210707400100090000;0
165952;5;7;11;0;2021;3;19;4;2;5;3;1;1;0;0;0;2;0;466306,780292022041976;5764814,280461426824331;8,508844924000073;52,032926740000050;5210303400100070000;0
165953;5;9;74;28;2021;10;8;2;3;0;7;1;1;0;0;0;0;0;453561,053808717057109;5723416,415883453562856;8,328619438000032;51,659815345000027;5211004316300180000;0
165955;5;7;11;0;2021;11;19;4;3;5;3;1;1;0;0;0;2;0;469874,416000000201166;5762120,530999667942524;8,561086660000058;52,008913444000029;5211103400200360000;1
165956;5;7;54;12;2021;5;15;2;3;8;1;1;0;0;0;0;0;0;456086,166155402548611;5767194,400186408311129;8,359559412000067;52,053609616000074;5210510405112270000;0
165957;5;7;58;4;2021;10;18;3;3;4;7;1;0;1;0;0;1;0;471388,296643248759210;5782963,041634475812316;8,581391721000045;52,196379433000061;5211005406210480000;0
165958;5;7;54;16;2021;9;8;6;2;3;3;1;1;0;0;0;0;0;448270,660550272092223;5756611,242112096399069;8,247185828000056;51,957790722000027;5210903405116880000;0
165961;5;9;74;28;2021;3;9;4;2;0;1;1;0;0;0;0;0;0;454152,687216926366091;5724646,414854571223259;8,337010824000060;51,670922686000040;5210317316300980000;0
165964;5;7;11;0;2021;2;14;3;3;0;6;1;1;0;0;0;0;0;467305,383062572218478;5762914,652025923132896;8,523582772000054;52,015907698000035;5210216400200520000;1
165970;5;7;54;32;2021;11;15;4;3;0;1;1;0;0;0;0;0;0;459543,872861285693944;5739631,821692410856485;8,413224516000071;51,806068966000055;5211110405232680000;0
165971;5;7;11;0;2021;2;17;2;2;5;3;1;1;0;0;0;1;0;468998,491000001318753;5763948,415999671444297;8,548159801000054;52,025299087000064;5210201400200470000;1
165973;5;7;54;8;2021;11;9;4;3;6;6;1;0;1;0;0;0;0;456226,182561471126974;5749491,561949286609888;8,363859248000040;51,894464358000050;5211110405108070000;0
165978;5;7;54;28;2021;10;15;4;3;0;3;1;0;0;0;0;0;0;451729,791575939394534;5743829,885475752875209;8,299312167000039;51,843191808000029;5211013405228580000;0
165981;5;7;54;8;2021;6;8;2;3;4;3;1;0;0;0;0;0;0;459185,156999999657273;5750482,923999665305018;8,406740426000056;51,903601899000080;5210607405108570000;0
165982;5;7;11;0;2021;4;18;2;3;0;6;1;1;0;0;0;0;0;468521,738698596134782;5764789,438215937465429;8,541134092000050;52,032833551000067;5210426400200280000;0
165983;5;7;11;0;2021;6;14;5;3;0;5;1;1;0;0;0;0;0;465918,514111896045506;5761101,055219165980816;8,503554948000044;51,999518906000048;5210610400300490000;0
165984;5;7;54;44;2021;1;5;4;3;0;1;1;0;0;0;0;2;0;470168,635530264116824;5747443,273258136585355;8,566646637000076;51,876969224000050;5210113405244480000;2
165985;5;7;54;12;2021;3;16;6;2;6;4;1;0;1;0;0;0;0;455822,799357942305505;5767216,633573915809393;8,355715850000024;52,053788566000037;5210305405112550000;0
165987;5;9;74;20;2021;9;9;5;3;3;6;1;1;0;0;0;0;0;465859,976477636955678;5721133,239894868806005;8,506642844000055;51,640168714000026;5210923316300460000;0
165990;5;7;54;8;2021;6;16;4;3;5;3;1;0;0;0;0;0;0;457482,604340052232146;5753817,450752999633551;8,381582915000024;51,933453825000072;5210623405108750000;0
165994;5;9;74;28;2021;12;15;5;3;0;3;1;0;0;0;1;0;0;455033,768768012523651;5724670,147803351283073;8,349748027000032;51,671207286000026;5211216316300570000;1
165997;5;5;70;36;2021;9;16;3;3;0;3;1;1;0;0;0;0;0;434159,706379230134189;5760033,387142198160291;8,041201194000053;51,987063114000080;5210907711121080000;0
166001;5;7;54;8;2021;4;12;5;3;7;1;1;0;0;0;0;0;0;457196,111165693029761;5750474,606275849044323;8,377831705000062;51,903377843000044;5210408405108860000;0
166003;5;9;74;28;2021;11;11;3;3;3;2;1;1;0;0;0;0;0;454642,629931135103106;5724518,868951354175806;8,344111851000036;51,669815710000080;5211102316300060000;0
166009;5;9;58;4;2021;9;14;2;3;5;3;1;1;0;0;0;0;0;435895,812045169994235;5694387,338176006451249;8,078543017000072;51,397091616000068;5210927313110490000;0
166012;5;7;74;20;2021;12;7;5;3;5;3;1;1;0;0;0;2;0;470101,039943466894329;5734835,404585566371679;8,566753358000028;51,763608550000072;5211202411220090000;0
166017;5;5;70;8;2021;6;23;7;3;3;1;1;1;0;0;0;2;0;432324,771290999837220;5734174,814804051071405;8,019552659000055;51,754378337000048;5210612711312580000;0
166021;5;5;70;48;2021;12;7;3;3;0;3;1;1;0;0;0;2;0;448466,535724679008126;5732069,195402368903160;8,253694319000033;51,737165464000043;5211221711321080000;1
166025;5;7;11;0;2021;9;13;2;3;0;1;1;0;0;0;0;0;0;468416,447620678693056;5763086,326978217810392;8,539756495000063;52,017515522000053;5210927400200960000;0
166026;5;7;58;4;2021;12;17;2;3;5;3;1;1;0;0;0;2;0;470989,304000000469387;5783043,982999680563807;8,575547434000043;52,197086277000039;5211213406210890000;1
166028;5;7;11;0;2021;10;16;4;2;0;7;1;0;0;0;0;0;0;466860,769000000320375;5759565,593999668955803;8,517428117000065;51,985771154000076;5211027400300100000;0
166029;5;7;54;48;2021;10;17;3;3;3;2;1;0;0;1;0;1;0;441510,137646678835154;5766366,892561443150043;8,147146154000040;52,044823598000050;5211026405148190000;0
166030;5;7;54;28;2021;11;7;3;3;5;3;1;1;0;0;0;1;0;452834,588935581035912;5741925,279615681618452;8,315607737000050;51,826162742000065;5211109405228130000;0
166035;5;5;70;48;2021;2;12;2;3;0;7;1;0;0;0;0;0;0;448278,997688178904355;5731231,236091908067465;8,251103182000065;51,729614431000073;5210222711321580000;0
166036;5;7;11;0;2021;9;15;3;3;2;6;1;1;0;0;0;0;0;466012,209626352414489;5766085,202588727697730;8,504424723000056;52,044335068000066;5210928400100060000;0