OID_;ULAND;UREGBEZ;UKREIS;UGEMEINDE;UJAHR;UMONAT;USTUNDE;UWOCHENTAG;UKATEGORIE;UART;UTYP1;IstRad;IstPKW;IstFuss;IstKrad;IstSonstige;ULICHTVERH;IstGkfz;LINREFX;LINREFY;XGCSWGS84;YGCSWGS84;UIDENTSTLAE;IstStrassenzustand
166368;5;7;11;0;2021;5;12;2;3;2;6;1;0;0;0;0;0;0;467151,841000000014901;5767597,857999671250582;8,520895593000034;52,058003403000043;5210531400100790000;0
166369;5;9;74;28;2021;12;7;2;3;5;3;1;1;0;0;0;2;0;454666,332000000402331;5723972,634999653324485;8,344525451000038;51,664906499000040;5211206316300780000;0
166370;5;5;70;28;2021;11;12;5;3;5;3;1;0;0;0;0;0;0;440938,532999998889863;5741814,045999661087990;8,143028098000059;51,824031725000054;5211125711412390000;0
166372;5;7;54;28;2021;9;10;4;2;0;1;1;0;0;0;0;0;0;451683,258452926762402;5742946,037449458613992;8,298760210000069;51,835241519000078;5210929405228680000;0
166375;5;7;54;8;2021;6;7;3;3;5;3;1;1;0;0;0;0;0;458394,776000000536442;5750830,395999668166041;8,395210661000021;51,906667415000072;5210601405108790000;0
166378;5;7;54;12;2021;7;13;1;3;2;6;1;0;0;0;0;0;0;456792,534198507666588;5767164,094758693128824;8,369864257000074;52,053392689000077;5210711405112490000;0
166381;5;9;58;32;2021;10;15;5;3;4;2;1;0;0;0;1;0;0;450015,819999999366701;5689309,293999634683132;8,282204014000058;51,352853817000039;5211028313121720000;0
166383;5;7;54;8;2021;9;16;3;3;5;3;1;1;0;0;0;0;0;457507,586000000126660;5748326,400999667122960;8,382623547000037;51,884088035000048;5210921405108470000;0
166388;5;7;11;0;2021;9;5;4;3;0;1;1;0;0;0;0;2;0;471434,701000002212822;5755062,632999667897820;8,584406064000063;51,945540103000042;5210922400300470000;0
166389;5;5;70;36;2021;10;3;7;3;5;2;1;1;0;0;0;2;0;433982,696250792592764;5765973,474474728107452;8,037478616000044;52,040441523000027;5211023711121970000;1
166390;5;9;74;40;2021;9;18;4;2;0;1;1;0;0;0;0;0;0;438156,390828288160264;5713466,308551048859954;8,107691486000022;51,568875234000075;5210915316200070000;1
166391;5;7;58;32;2021;9;18;7;3;5;3;1;1;0;0;0;0;0;465071,573502236045897;5775153,825298463925719;8,489780961000065;52,125807791000057;5210918406140080000;0
166392;5;9;74;28;2021;9;17;2;3;5;3;1;1;0;0;0;0;0;454705,391999999992549;5724629,420999649912119;8,345005020000031;51,670814734000032;5210927316300580000;0
166397;5;7;11;0;2021;9;8;5;3;5;3;1;1;0;0;0;0;0;466609,881740822456777;5761982,828402692452073;8,513539362000074;52,007488612000031;5210923400300690000;0
166398;5;9;74;28;2021;10;11;3;3;5;3;1;1;0;0;0;0;0;453727,630666557699442;5724860,251737976446748;8,330836283000053;51,672810409000078;5211019316300770000;0
166403;5;7;54;28;2021;12;18;6;1;0;1;1;0;0;0;0;0;0;449940,410357962362468;5745726,754697719588876;8,273065097000028;51,860087965000048;5211203405228530000;0
166406;5;7;11;0;2021;9;4;7;3;8;1;1;0;0;0;0;2;0;467126,157033434137702;5765383,352464253082871;8,520734035000032;52,038092213000027;5210925400100870000;0
166407;5;7;54;48;2021;11;7;6;3;5;3;1;1;0;0;0;1;0;441558,711715697310865;5765762,483497073873878;8,147957669000050;52,039395145000071;5211126405148070000;0
166410;5;9;74;32;2021;9;23;4;3;0;1;1;0;0;0;0;2;0;441528,996999999508262;5707680,860999647527933;8,157308556000032;51,517219950000026;5210908316100080000;0
166412;5;9;74;28;2021;6;18;5;3;0;1;1;0;0;0;0;0;0;454769,813999999314547;5725598,578999653458595;8,345811015000038;51,679533500000048;5210610316300680000;0
166418;5;7;70;20;2021;6;7;5;2;5;2;1;1;0;0;0;0;0;471149,020084015093744;5798586,976197181269526;8,576554984000040;52,336830896000038;5210610410210940000;0
166419;5;7;54;8;2021;9;17;4;3;5;3;1;1;0;0;0;0;0;456549,532261558808386;5749584,272149287164211;8,368546318000028;51,895323181000037;5210929405108400000;1
166420;5;7;11;0;2021;4;8;5;3;3;2;1;1;0;0;0;0;0;466858,048771098256111;5759567,244836261495948;8,517388347000065;51,985785834000069;5210422400300050000;0
166421;5;9;74;40;2021;6;15;2;2;0;3;1;1;0;0;0;0;0;439601,257964463904500;5714000,506464283913374;8,128444234000028;51,573834620000071;5210607316100180000;0
166424;5;9;58;4;2021;9;12;1;3;0;7;1;0;0;0;0;0;0;432303,156680154614151;5697953,513196676969528;8,026227720000065;51,428736168000057;5210912313110680000;0
166428;5;7;54;44;2021;10;12;7;3;5;3;1;1;0;0;0;0;0;465837,879000000655651;5747654,651999663561583;8,503716198000063;51,878621190000047;5211002405244700000;1
166430;5;7;54;12;2021;2;16;1;3;2;1;1;0;0;0;0;0;0;455898,365062456578016;5766975,531754711642861;8,356848956000022;52,051627005000057;5210221405112070000;0
166431;5;9;70;32;2021;2;13;1;2;0;1;1;0;0;0;0;0;0;438388,614388806745410;5640623,565197486430407;8,123577498000031;50,913967255000045;5210221315260030000;0
166432;5;9;74;28;2021;9;7;4;2;5;3;1;1;0;0;0;0;0;454310,306044164113700;5723424,387094758450985;8,339449759000047;51,659948430000043;5210908316300370000;0
166433;5;9;58;44;2021;2;23;2;2;0;1;1;0;0;0;0;2;0;430644,842129276134074;5686977,582633180543780;8,004520870000022;51,329855933000033;5210215313130410000;2
166442;5;9;74;40;2021;9;12;2;3;4;5;1;1;0;0;0;0;0;438091,952953525818884;5712384,251332953572273;8,106952471000056;51,559139888000061;5210906316100580000;0
166443;5;7;54;44;2021;5;10;2;3;5;2;1;0;0;0;1;0;0;464035,276222503744066;5747958,276458401232958;8,477498726000022;51,881237653000028;5210517405244050000;1
166444;5;7;58;4;2021;4;10;7;3;0;7;1;0;0;0;0;0;0;471389,514796248637140;5782954,960140006616712;8,581410226000060;52,196306841000080;5210424406210280000;0
166445;5;7;54;8;2021;1;17;2;3;0;1;1;0;0;0;0;2;0;457053,479629437439144;5750576,208597734570503;8,375745980000033;51,904280329000073;5210118405108890000;1
166446;5;7;11;0;2021;10;7;4;3;5;3;1;1;0;0;0;1;0;467772,028100043535233;5763234,439444055780768;8,530352245000074;52,018810089000056;5211020400200350000;0
166447;5;9;74;28;2021;10;16;5;3;1;7;1;1;0;0;0;0;0;454723,176138309761882;5724198,593666926026344;8,345318014000043;51,666942651000056;5211028316300370000;0
166448;5;9;74;40;2021;5;15;2;1;5;2;1;0;0;0;0;0;1;439866,710834624245763;5712255,303046017885208;8,132572892000042;51,558172584000033;5210510316000510000;0
166449;5;7;54;44;2021;10;10;6;3;5;2;1;1;0;0;0;0;0;466167,978000000119209;5747646,219999667257071;8,508512284000062;51,878565506000029;5211001405244050000;0
166452;5;5;70;20;2021;9;6;5;3;8;6;1;1;0;0;0;2;0;436398,764200322329998;5743337,582078689709306;8,076885721000053;51,837230036000051;5210923711422790000;0
166453;5;7;54;40;2021;6;22;7;3;0;1;1;0;0;0;0;2;0;459728,565264711156487;5762084,941312165930867;8,413278654000067;52,007950029000028;5210619405140290000;0
166455;5;7;74;20;2021;6;19;7;2;0;1;1;0;0;0;0;0;0;469809,289347222074866;5735015,925922963768244;8,562510231000033;51,765215972000078;5210626411220830000;0
166456;5;7;54;8;2021;9;16;4;3;5;3;1;1;0;0;0;0;0;456371,982000000774860;5751218,867999667301774;8,365759265000065;51,910005236000075;5210901405108380000;0
166457;5;9;74;40;2021;10;9;4;3;4;2;1;1;0;0;0;0;0;438759,131915536709130;5713992,758463811129332;8,116295225000044;51,573674101000051;5211013316000570000;0
166459;5;5;70;20;2021;9;16;6;3;5;3;1;1;0;0;0;0;0;432585,262034479528666;5743363,787332272157073;8,021539553000025;51,837018270000044;5210910711421180000;0
166461;5;9;74;28;2021;9;7;4;3;3;5;1;1;0;0;0;0;0;459346,945074271410704;5724402,171701982617378;8,412147882000056;51,669126622000078;5210915316300580000;1
166464;5;7;11;0;2021;6;12;2;3;0;3;1;1;0;0;0;0;0;465834,881821034476161;5757773,364655293524265;8,502668252000035;51,969595688000027;5210607400300090000;0
166465;5;7;11;0;2021;10;18;4;3;1;7;1;1;0;0;0;1;0;469757,245298687368631;5763112,826415579766035;8,559291958000074;52,017828474000055;5211027400200270000;0
166468;5;9;74;40;2021;4;6;5;3;0;1;1;0;0;0;0;0;0;437424,760618872009218;5715082,113496033474803;8,096848696000052;51,583321389000048;5210415316100060000;0
166469;5;7;11;0;2021;11;14;3;3;0;3;1;0;0;1;0;0;0;466055,751000526361167;5759815,208054805174470;8,505681242000037;51,987966734000054;5211109400300560000;0
166470;5;5;70;8;2021;6;11;1;3;8;6;1;0;0;0;0;0;0;431578,775025341659784;5738134,621560366824269;8,007966517000057;51,789886209000031;5210613711313370000;0
166471;5;7;54;8;2021;6;16;4;3;5;6;1;0;0;0;0;0;0;457751,457999999634922;5752551,117999667301774;8,385648629000059;51,922089271000061;5210602405108380000;0
166472;5;7;11;0;2021;10;17;1;3;5;3;1;1;0;0;0;0;0;467626,169000000692904;5764852,355999672785401;8,528073682000070;52,033347659000071;5211010400100990000;0
166473;5;9;74;8;2021;6;12;2;3;0;7;1;0;0;0;0;0;0;442480,024689783342183;5715329,789312809705734;8,169762361000039;51,586086854000030;5210614316100380000;0
166475;5;5;70;36;2021;11;16;5;3;7;7;1;0;1;0;0;0;0;434860,726201917044818;5760932,274194676429033;8,051237491000052;51,995226527000057;5211111711121990000;0
166476;5;7;54;40;2021;12;7;7;3;0;1;1;0;0;0;0;2;0;459149,413999999873340;5761570,284999672323465;8,404902762000063;52,003280705000066;5211211405140850000;1
166477;5;7;11;0;2021;2;18;6;3;0;6;1;0;1;0;0;2;0;467872,043146692216396;5763576,560208136215806;8,531777565000027;52,021891770000082;5210205400200090000;0
166481;5;9;74;28;2021;9;9;2;3;3;3;1;1;0;0;0;0;0;455496,027270457707345;5722697,735826177522540;8,356683434000047;51,653510320000066;5210927316300090000;0
166484;5;7;54;28;2021;6;7;6;3;2;1;1;0;0;0;0;0;0;451114,859137267805636;5745290,656998110935092;8,290179998000042;51,856271368000080;5210611405228080000;0
166488;5;9;74;8;2021;6;19;4;2;5;3;1;0;0;0;0;0;0;441699,965387981384993;5719301,937197342514992;8,157843928000034;51,621718659000067;5210623316100780000;0
166490;5;9;74;28;2021;4;15;5;3;1;7;1;0;0;0;0;0;0;454767,488965089432895;5725609,940374212339520;8,345775917000026;51,679635461000032;5210422316300180000;0
166492;5;7;54;24;2021;9;18;1;3;5;7;1;0;0;0;1;0;0;452981,364800583571196;5733623,294990982860327;8,318862587000069;51,751534910000032;5210905405224270000;0
166495;5;7;54;44;2021;12;14;5;2;5;2;1;1;0;0;0;0;0;462734,021000000648201;5748515,355999663472176;8,458534603000032;51,886160751000034;5211209405244050000;0
166498;5;7;11;0;2021;2;15;6;3;5;3;1;1;0;0;0;0;0;466858,844000000506639;5765251,746999673545361;8,516849797000020;52,036893089000046;5210226400100610000;0
166499;5;9;74;28;2021;11;18;4;3;0;7;1;0;0;0;0;2;0;454591,424424255266786;5723047,847429890185595;8,343562604000056;51,656585788000029;5211117316300570000;1
166503;5;5;70;8;2021;6;16;2;3;0;1;1;0;0;0;0;0;0;433438,571636029519141;5734858,883465252816677;8,035555383000030;51,760661626000058;5210628711311360000;1
166504;5;9;70;44;2021;9;16;3;3;5;3;1;1;0;0;0;0;0;435768,215944527648389;5634182,745974244549870;8,087439415000063;50,855768682000075;5210921315150430000;0
166505;5;7;54;32;2021;11;13;6;3;7;2;1;0;0;0;0;0;0;460096,524000001139939;5739901,191999660804868;8,421208703000048;51,808530540000049;5211119405232880000;1
166508;5;9;74;28;2021;12;10;6;2;7;5;1;1;0;0;0;0;0;456555,320025144144893;5726935,238610945641994;8,371467660000064;51,691692244000080;5211210316300680000;0
166512;5;7;54;40;2021;6;13;4;2;0;1;1;0;0;0;0;0;0;459246,282942343503237;5761380,860612697899342;8,406336365000072;52,001584811000043;5210602405140290000;0
166513;5;7;11;0;2021;6;12;6;3;3;2;1;1;0;0;0;0;0;467939,714000000618398;5764191,533999674022198;8,532706123000025;52,027424681000070;5210604400200490000;0
166515;5;9;58;12;2021;6;17;2;3;0;1;1;1;0;0;0;0;0;469369,965319485403597;5693749,012978993356228;8,559744199000022;51,394147377000081;5210614313211880000;0
166516;5;9;74;16;2021;12;13;3;2;5;3;1;0;0;0;0;0;0;455300,427637284621596;5720103,604872126132250;8,354187610000054;51,630171131000054;5211207316300360000;1
166517;5;7;54;36;2021;10;7;2;3;0;1;1;0;0;0;0;1;0;472093,543265296146274;5752290,752923464402556;8,594216095000036;51,920652028000063;5211004405244380000;0
166518;5;9;74;40;2021;6;19;5;3;3;6;1;1;0;0;0;0;0;437885,913516830652952;5713595,269310135394335;8,103766627000027;51,570004925000035;5210624316100280000;0
166520;5;9;74;8;2021;6;14;4;3;0;1;1;0;0;0;0;0;0;442535,358779602684081;5714881,491184649989009;8,170634343000074;51,582062006000058;5210630316100170000;0
166521;5;7;54;8;2021;9;17;2;3;7;1;1;0;0;0;0;0;0;457650,826000001281500;5751303,925999663770199;8,384338779000075;51,910868662000041;5210920405108170000;0
166522;5;7;11;0;2021;10;18;2;3;0;1;1;1;0;0;0;0;0;467807,625503243878484;5766020,838589349761605;8,530608730000040;52,043863580000050;5211025400100290000;0
166524;5;7;11;0;2021;1;1;4;2;0;1;1;0;0;0;0;2;0;469413,614860119298100;5753684,120039302855730;8,555125002000068;51,933038736000071;5210120400300150000;1
166526;5;9;74;28;2021;5;17;3;3;0;7;1;1;0;0;0;1;0;453855,817987532354891;5728278,959737043827772;8,332237816000031;51,703557967000052;5210525316300080000;1
166527;5;9;58;4;2021;12;10;6;3;0;1;1;0;0;0;0;0;0;432784,485429888591170;5697329,633888974785805;8,033268609000061;51,423184446000050;5211217313110280000;1
166528;5;9;58;4;2021;4;18;3;3;5;3;1;1;0;0;0;0;0;435506,681306879967451;5692195,007125116884708;8,073348519000035;51,377336864000029;5210420313110570000;0
166529;5;7;54;8;2021;6;7;5;3;0;5;1;0;0;0;1;0;0;460996,048783366568387;5751216,589197207242250;8,432977959000027;51,910327764000044;5210610405108430000;0
166530;5;7;58;4;2021;5;17;4;3;5;3;1;1;0;0;0;0;0;469392,449000000953674;5783767,417999679222703;8,552119387000062;52,203503884000042;5210512406210930000;0
166532;5;7;54;8;2021;10;13;6;3;5;2;1;1;0;0;0;0;0;456996,933000000193715;5751069,718999667093158;8,374862497000038;51,908712905000073;5211001405108080000;0
166535;5;7;11;0;2021;11;17;5;2;0;1;1;0;0;0;0;2;0;466249,838293231092393;5761624,760819673538208;8,508329375000073;52,004247587000066;5211111400300090000;0
166540;5;7;11;0;2021;3;11;4;3;5;3;1;0;0;0;0;0;0;468494,383000001311302;5763418,233999667689204;8,540861600000028;52,020504010000082;5210324400200470000;0
166541;5;7;11;0;2021;11;12;6;3;1;5;1;0;0;0;1;0;0;469061,081174299120903;5753997,717817505821586;8,549969409000028;51,935838738000029;5211105400300890000;1
166542;5;9;74;28;2021;4;15;7;3;5;3;1;1;0;0;0;0;0;454984,440279686823487;5724952,443314239382744;8,348998357000028;51,673741421000045;5210417316300870000;0
166544;5;9;70;40;2021;9;18;4;2;7;5;1;1;0;0;0;0;0;431684,275558779016137;5635803,718726241961122;8,029123592000076;50,869875479000029;5210908315110170000;0
166546;5;7;11;0;2021;6;15;2;3;1;1;1;0;0;0;1;0;0;464231,501000000163913;5759070,129999665543437;8,479194157000052;51,981153543000062;5210607400300260000;0
166550;5;9;74;40;2021;11;7;2;2;0;3;1;1;0;0;0;0;0;439509,014310546219349;5712263,444340616464615;8,127412335000031;51,558207529000072;5211108316100090000;0
166551;5;7;11;0;2021;9;11;6;2;6;7;1;0;1;0;0;0;0;466230,365808256901801;5760178,133147627115250;8,508188254000061;51,991240308000044;5210924400300780000;0
166554;5;9;58;4;2021;6;11;1;3;5;3;1;1;0;0;0;0;0;435192,205643272027373;5694911,698636764660478;8,068334772000071;51,401726031000067;5210613313110780000;0
166555;5;7;54;32;2021;9;14;4;3;5;3;1;1;0;0;0;0;0;462319,727620255202055;5746266,386428302153945;8,452760837000028;51,865913004000049;5210929405232980000;1
166556;5;7;11;0;2021;12;7;4;2;3;2;1;1;0;0;0;1;0;468607,527000001631677;5762725,508999669924378;8,542573941000057;52,014282379000065;5211208400200680000;0
166557;5;7;74;20;2021;6;13;4;3;0;1;1;0;0;0;0;0;0;470172,825393895618618;5734596,024437807500362;8,567814073000022;51,761460096000064;5210630411220240000;0
166561;5;9;58;44;2021;6;17;5;3;3;7;1;0;0;0;1;0;0;430515,421553555876017;5687109,998581135645509;8,002637723000021;51,331030635000047;5210617313130060000;0
166566;5;9;74;28;2021;5;16;1;3;0;7;1;0;0;0;0;0;0;455416,799385298974812;5725800,374804275110364;8,355142304000026;51,681399559000056;5210509316300930000;0
166567;5;7;11;0;2021;6;7;4;3;5;3;1;1;0;0;0;0;0;471979,143354287371039;5754195,890906110405922;8,592397522000056;51,937775072000079;5210609400300490000;0
166569;5;9;58;36;2021;6;23;5;2;1;5;1;0;0;0;1;2;0;464800,293999999761581;5689778,713999632745981;8,494458718000033;51,358183031000067;5210624313212680000;1
166573;5;9;74;28;2021;5;15;2;3;5;3;1;1;0;0;0;0;0;454599,447999998927116;5723179,654999649152160;8,343661467000061;51,657771504000038;5210517316300510000;1
166578;5;5;70;12;2021;3;9;2;3;4;2;1;1;0;0;0;0;0;433685,688615252263844;5743972,434916935861111;8,037392049000061;51,842621732000055;5210329711422770000;0
166581;5;7;11;0;2021;9;17;3;3;5;3;1;1;0;0;0;0;0;468976,229641270823777;5765384,493789095431566;8,547705103000055;52,038209085000062;5210914400100890000;0
166583;5;7;54;8;2021;12;15;3;3;5;3;1;1;0;0;0;0;0;456794,402999999932945;5749227,858999662101269;8,372149386000046;51,892137859000059;5211214405108070000;0
166584;5;7;11;0;2021;5;17;2;3;5;3;1;1;0;0;0;0;0;466894,744000001810491;5758888,763999667018652;8,517988162000051;51,979688027000066;5210531400300870000;0
166588;5;7;54;28;2021;9;18;4;3;0;1;1;0;0;0;0;0;0;451817,900717727839947;5744063,255763616412878;8,300558534000061;51,845297541000036;5210908405228080000;0
166589;5;9;66;20;2021;6;0;6;2;0;7;1;0;0;0;0;2;0;431095,966438025236130;5665062,000726904720068;8,015210182000033;51,132872008000049;5210604314310560000;0
166591;5;7;54;8;2021;11;7;3;3;2;6;1;0;0;0;0;0;0;458526,992681809701025;5748299,036980234086514;8,397437000000025;51,883918784000059;5211109405108180000;0
166592;5;7;11;0;2021;3;9;2;3;0;1;1;0;0;0;0;0;0;468416,308000000193715;5763073,872999669983983;8,539755610000043;52,017403545000036;5210322400200790000;1
166593;5;7;11;0;2021;6;17;3;2;3;3;1;1;0;0;0;0;0;465585,746000001206994;5760691,864999670535326;8,498748998000053;51,995819506000032;5210615400300590000;0
166597;5;9;74;40;2021;9;17;7;3;0;1;1;0;0;0;0;0;0;438619,556362566538155;5716012,446723373606801;8,113928294000061;51,591816976000075;5210904316100880000;0
166599;5;7;54;8;2021;4;9;6;3;5;3;1;1;0;0;0;0;0;457496,761000000871718;5751399,595999665558338;8,382087357000046;51,911717054000064;5210416405108980000;0
166603;5;7;70;44;2021;3;13;6;2;0;7;1;0;0;0;0;0;0;455655,352669886313379;5810713,958346098661423;8,347562497000069;52,444816052000078;5210326410250680000;0
166606;5;7;58;4;2021;5;16;5;3;3;6;1;0;0;1;0;0;0;470418,677633908577263;5782937,890016671270132;8,567208177000055;52,196102135000046;5210520406210850000;0
166607;5;7;54;8;2021;10;16;3;3;0;1;1;0;0;0;0;0;0;456165,450400000438094;5752191,830999666824937;8,362633178000067;51,918736476000049;5211005405108870000;0
166610;5;9;58;32;2021;6;22;6;3;5;2;1;1;0;0;0;2;0;450422,054999998770654;5688574,977999635040760;8,288139568000076;51,346286982000038;5210625313121080000;0
166611;5;9;70;40;2021;11;17;4;3;0;7;1;0;0;0;0;1;0;430072,033999995328486;5635362,463999612256885;8,006299043000070;50,865715190000060;5211124315110680000;0
166612;5;7;54;8;2021;9;19;2;2;0;1;1;0;0;0;0;2;0;457496,761000000871718;5751399,595999665558338;8,382087357000046;51,911717054000064;5210927405108990000;1
166614;5;7;58;8;2021;6;7;4;2;5;2;1;1;0;0;0;0;0;469734,431000000797212;5776468,017999675124884;8,557774593000033;52,137898038000060;5210616406130690000;0
166615;5;7;54;12;2021;10;14;6;2;7;1;1;0;0;0;0;0;0;456035,682000000029802;5767543,567999674007297;8,358778258000029;52,056744739000067;5211008405112250000;0
166616;5;7;74;36;2021;4;17;5;3;2;6;1;0;0;0;1;0;0;471559,967913285829127;5724887,070498339831829;8,588705439000023;51,674237514000026;5210408411236350000;0
166617;5;7;54;20;2021;9;7;6;3;0;1;1;0;0;0;0;0;0;447274,148999999277294;5748452,303999664261937;8,233934654000052;51,884346029000028;5210924405220870000;1
166619;5;9;58;4;2021;6;17;6;2;1;5;1;1;0;0;0;0;0;437176,421999998390675;5693217,589999638497829;8,097155524000073;51,386717944000054;5210611313110880000;0
166620;5;7;54;44;2021;6;14;6;3;5;3;1;1;0;0;0;0;0;463245,401000000536442;5748906,431999664753675;8,465922802000023;51,889710765000075;5210611405244090000;0
166621;5;9;58;32;2021;3;19;3;3;2;6;1;1;0;0;0;2;0;449681,950000000186265;5689039,103999633342028;8,277448108000044;51,350395002000027;5210323313121560000;0
166622;5;7;54;8;2021;2;11;7;3;0;1;1;0;0;0;0;0;0;456907,272949337027967;5748972,418129403144121;8,373821391000035;51,889850034000062;5210220405108080000;0
166623;5;7;11;0;2021;6;16;6;3;5;2;1;0;0;0;1;0;0;467837,653386148624122;5763229,959851862862706;8,531308967000029;52,018773623000072;5210604400200980000;0
166624;5;5;70;48;2021;12;13;4;2;0;7;1;0;0;0;0;0;0;448781,148905275389552;5732212,306593360379338;8,258229055000072;51,738480963000029;5211201711321240000;1
166625;5;5;70;28;2021;2;11;4;1;5;3;1;0;0;0;0;0;1;442103,714999997988343;5743247,563999660313129;8,159692889000041;51,837041374000080;5210203711413780000;1
166626;5;9;74;28;2021;11;16;6;3;3;5;1;1;0;0;0;0;0;455015,912990415468812;5723768,419129297137260;8,349605943000029;51,663098513000079;5211105316300050000;1
166627;5;9;74;28;2021;10;7;3;3;9;1;1;0;0;0;0;1;0;453898,758999998681247;5725616,586999651044607;8,333211001000052;51,679624575000048;5211019316300790000;0
166632;5;7;11;0;2021;9;12;5;3;4;7;1;1;0;0;0;0;0;471234,612910289317369;5763172,773210050538182;8,580815001000076;52,018446000000040;5210902400200760000;0
166633;5;7;54;8;2021;9;20;3;2;0;7;1;0;0;0;0;2;0;456215,176677482202649;5751291,236004069447517;8,363470666000069;51,910643559000050;5210921405108170000;0
166634;5;7;11;0;2021;3;8;3;3;5;3;1;1;0;0;0;0;0;467194,461737719364464;5765291,673531645908952;8,521738604000063;52,037272011000027;5210302400100980000;0
166635;5;9;74;40;2021;3;5;2;3;5;3;1;1;0;0;0;2;0;440115,420999999158084;5712269,747999645769596;8,136157654000044;51,558328915000061;5210301316100560000;0
166636;5;7;11;0;2021;6;17;7;2;0;7;1;1;0;0;0;0;0;466736,373000001534820;5765160,898999672383070;8,515073254000072;52,036068978000060;5210619400100990000;0
166637;5;7;54;28;2021;7;13;2;3;5;3;1;1;0;0;0;0;0;451954,605999998748302;5743422,923999657854438;8,302631834000067;51,839552398000080;5210712405228470000;0
166641;5;7;11;0;2021;7;13;2;3;0;3;1;1;0;0;0;0;0;468466,257315093651414;5763708,969464287161827;8,540424945000041;52,023116309000045;5210705400200870000;0
166647;5;7;11;0;2021;3;10;7;2;0;3;1;1;0;0;0;0;0;466116,248506290838122;5760065,771744044497609;8,506537452000032;51,990223156000070;5210320400300590000;0
166650;5;7;54;8;2021;2;11;6;3;4;3;1;0;0;0;0;0;0;458095,293081320822239;5750653,570628896355629;8,390879034000022;51,905055201000039;5210205405108570000;0
166652;5;7;54;16;2021;11;9;3;3;5;3;1;1;0;0;0;0;0;447334,110418562777340;5757353,975367050617933;8,233443681000040;51,964380132000031;5211123405116090000;1
166653;5;7;54;16;2021;2;18;6;3;0;1;1;0;0;0;0;2;0;449213,620207938365638;5755741,971759162843227;8,261035906000075;51,950062666000065;5210205405116080000;0
166654;5;7;58;8;2021;10;14;5;2;0;1;1;0;0;0;0;0;0;469908,251015209592879;5776015,146126074716449;8,560354368000048;52,133835995000027;5211007406130070000;0
166655;5;9;74;28;2021;5;14;3;3;5;3;1;1;0;0;0;0;0;454984,761055611073971;5724952,390270611271262;8,349003003000064;51,673740969000050;5210518316300070000;1
166657;5;9;74;44;2021;4;18;3;2;0;1;1;0;0;0;0;0;0;447650,721510739997029;5703665,346601655706763;8,246122817000071;51,481717216000050;5210413316400530000;0
166660;5;9;58;36;2021;7;18;3;2;0;1;1;1;0;0;0;0;0;463558,208184061571956;5689996,767186965793371;8,476598212000056;51,360065344000077;5210706313212840000;0
166663;5;7;54;8;2021;9;14;6;3;0;1;1;0;0;0;0;0;0;457159,253999999724329;5750671,601999664679170;8,377271517000054;51,905146115000036;5210917405108390000;0
166665;5;9;74;32;2021;10;14;3;3;0;1;1;0;0;0;0;0;0;439325,578999998047948;5705171,503999643027782;8,125988284000073;51,494426753000027;5211019316100460000;1
166666;5;7;11;0;2021;3;12;4;3;0;1;1;1;0;0;0;0;0;466603,283020028844476;5762451,577074607834220;8,513397520000069;52,011702556000046;5210317400300480000;0
166668;5;7;54;28;2021;9;11;7;3;0;7;1;0;0;0;0;0;0;452782,183830174617469;5743379,393586263060570;8,314648948000070;51,839231631000075;5210925405228070000;0
166669;5;9;70;40;2021;7;22;4;3;0;1;1;0;0;0;0;2;0;431962,504641658626497;5639628,244465569034219;8,032364886000039;50,904296110000075;5210707315110380000;0
166671;5;7;54;40;2021;1;6;4;3;0;1;1;0;0;0;0;2;0;459805,325000000186265;5763516,628999672830105;8,414228844000036;52,020827133000068;5210127405140080000;2
166674;5;9;74;40;2021;5;13;4;3;5;3;1;1;0;0;0;0;0;437934,884353132918477;5714074,255179457366467;8,104388499000038;51,574316649000082;5210512316100280000;0
166687;5;7;58;4;2021;10;15;4;3;4;6;1;0;0;0;0;0;0;470776,896595351397991;5783551,914076516404748;8,572395993000043;52,201641563000067;5211020406210480000;0
166690;5;5;70;28;2021;9;15;5;3;4;6;1;0;1;0;1;0;0;441177,508505624718964;5742219,548565767705441;8,146426271000053;51,827702498000065;5210902711411870000;0
166694;5;7;54;40;2021;9;10;7;2;0;1;1;0;0;0;0;0;0;459081,723726159892976;5762548,633041517809033;8,403799857000024;52,012071518000027;5210925405140080000;0
166698;5;7;54;44;2021;7;10;4;3;1;5;1;1;0;0;0;0;0;465649,118721943348646;5747926,428684696555138;8,500947076000045;51,881053083000040;5210707405244090000;0
166700;5;9;74;28;2021;3;15;3;3;0;5;1;1;0;0;0;0;0;455390,688957103528082;5725115,397090781480074;8,354852185000027;51,675238931000081;5210323316300970000;0
166701;5;9;74;40;2021;6;5;1;3;0;1;1;1;0;0;0;0;0;438882,774050766602159;5713616,094613367691636;8,118144683000025;51,570301104000066;5210627316100780000;0
166702;5;7;70;36;2021;10;22;3;3;0;7;1;0;0;0;0;2;0;465945,896000001579523;5795057,374999687075615;8,500549182000043;52,304800993000072;5211012410260280000;1
166706;5;7;70;44;2021;3;1;1;2;0;1;1;0;0;0;0;2;0;467915,166565855033696;5812930,720310494303703;8,527718595000067;52,465602089000072;5210307410250180000;0
166710;5;7;11;0;2021;7;12;4;2;0;1;1;0;0;0;0;0;1;472163,711290500126779;5762799,031050277873874;8,594384349000052;52,015133187000060;5210707400200420000;0