OID_;ULAND;UREGBEZ;UKREIS;UGEMEINDE;UJAHR;UMONAT;USTUNDE;UWOCHENTAG;UKATEGORIE;UART;UTYP1;IstRad;IstPKW;IstFuss;IstKrad;IstSonstige;ULICHTVERH;IstGkfz;LINREFX;LINREFY;XGCSWGS84;YGCSWGS84;UIDENTSTLAE;IstStrassenzustand
166712;5;5;70;20;2021;9;7;6;3;0;2;1;1;0;0;0;0;0;433485,293831481598318;5743841,205674706026912;8,034508834000064;51,841418154000053;5210903711422300000;0
166714;5;7;54;32;2021;12;11;4;3;5;3;1;1;0;0;0;0;0;463858,016000000759959;5744804,202999666333199;8,475253677000069;51,852868594000029;5211215405232490000;1
166715;5;7;58;4;2021;10;13;3;3;0;1;1;0;0;0;0;0;0;470887,203639056533575;5783561,409697543829679;8,574009185000023;52,201732770000035;5211019406210370000;1
166716;5;7;54;8;2021;10;10;3;3;0;3;1;0;0;0;0;0;0;456837,197411585599184;5750808,008783133700490;8,372573352000074;51,906347628000049;5211026405108670000;1
166718;5;9;74;32;2021;10;9;7;3;4;6;1;1;0;0;0;0;0;439970,803022244945168;5705513,783862138167024;8,135223323000048;51,497572977000061;5211023316100080000;0
166719;5;7;11;0;2021;9;15;6;3;1;5;1;1;0;0;0;0;0;466208,905432169325650;5761584,357135171070695;8,507737076000069;52,003881842000055;5210910400300480000;1
166723;5;7;54;40;2021;4;15;6;3;5;3;1;1;0;0;0;0;0;460077,206000000238419;5762991,922999672591686;8,418252036000069;52,016129413000044;5210416405140970000;0
166727;5;5;70;12;2021;3;15;2;3;4;6;1;1;0;0;0;0;0;439021,005999999120831;5753467,630999667569995;8,113149784000029;51,928592307000031;5210329711131080000;0
166729;5;7;54;8;2021;10;20;6;3;5;2;1;1;0;0;0;2;0;459043,648999999277294;5750141,814999664202332;8,404724210000040;51,900524731000075;5211001405108380000;0
166731;5;7;54;20;2021;9;20;6;3;6;2;1;0;1;0;0;0;0;447992,061999998986721;5748377,322999665513635;8,244375685000023;51,883739360000050;5210903405220190000;0
166732;5;7;58;4;2021;11;17;2;3;1;7;1;1;0;0;0;2;0;470068,480571631342173;5783114,082864845171571;8,562069185000041;52,197667276000061;5211115406210080000;0
166733;5;9;74;28;2021;4;5;3;3;3;2;1;1;0;0;0;2;0;455582,423755518160760;5724296,499575117602944;8,357729041000027;51,667891503000078;5210406316300060000;1
166735;5;7;11;0;2021;3;17;3;3;5;3;1;1;0;0;0;0;0;463104,291977431625128;5758024,277582293376327;8,462894694000056;51,971676986000034;5210330400300180000;0
166736;5;7;70;20;2021;2;10;4;3;5;3;1;1;0;0;0;0;0;473293,694518077187240;5794746,599149094894528;8,608336417000032;52,302413528000045;5210224410210970000;0
166740;5;7;70;24;2021;11;12;2;3;5;1;1;1;0;0;0;0;0;493954,692886882461607;5795632,666613642126322;8,911325057000056;52,310995767000065;5211101410110080000;0
166743;5;7;74;32;2021;12;21;7;2;4;6;1;0;0;0;1;2;0;482655,828999999910593;5729387,333999654278159;8,748945792000029;51,715153159000067;5211211411132370000;0
166746;5;7;74;32;2021;10;17;6;2;3;6;1;0;0;0;0;0;0;480221,557292303070426;5731072,452584661543369;8,713614820000032;51,730223957000078;5211015411132060000;0
166749;5;7;74;8;2021;4;14;4;3;5;3;1;1;0;0;0;0;0;486346,372587750665843;5736839,487176153808832;8,802072826000028;51,782259624000062;5210421411108930000;0
166751;5;7;70;24;2021;10;8;4;3;0;3;1;0;1;0;0;1;0;492696,922604708932340;5792917,969267655164003;8,892934493000041;52,286574032000033;5211027410110070000;1
166753;5;7;74;32;2021;7;14;1;3;5;3;1;1;0;0;0;0;0;483718,672000000253320;5733404,807999657467008;8,764142188000051;51,751307303000033;5210711411132680000;0
166755;5;7;66;20;2021;6;17;4;3;5;3;1;1;0;0;0;0;0;490791,403527626767755;5755697,525011606514454;8,866006251000044;51,951905663000048;5210623404000090000;0
166758;5;7;70;4;2021;2;11;4;2;5;3;1;0;0;0;0;0;0;484835,429000000469387;5784617,467999683693051;8,778055826000070;52,211787587000060;5210224410230420000;0
166760;5;7;74;40;2021;10;4;7;3;8;1;1;0;0;0;0;2;0;478379,605849810875952;5707527,352634023874998;8,688397930000065;51,518452467000031;5211002411240230000;0
166761;5;7;62;20;2021;3;19;2;3;5;3;1;1;0;0;0;2;0;527294,646864128299057;5737089,531013973057270;9,395687430000066;51,784008626000059;5210308407101530000;0
166762;5;7;70;8;2021;1;17;3;3;0;3;1;1;0;0;0;2;0;474431,714357052929699;5804647,993030291050673;8,624271841000052;52,391483531000063;5210119410220180000;1
166764;5;7;74;32;2021;1;11;5;3;5;3;1;0;0;0;1;0;0;480932,552000000141561;5731865,654999656602740;8,723866192000060;51,737380485000074;5210121411232570000;1
166765;5;7;70;24;2021;10;14;6;2;5;3;1;1;0;0;0;0;0;491971,186700969934464;5794735,630724344402552;8,882251664000023;52,302905571000053;5211029410110770000;0
166767;5;7;70;32;2021;6;15;2;3;0;7;1;1;0;0;0;0;0;494518,655135776847601;5787597,605194164440036;8,919728074000034;52,238762241000074;5210628410120240000;0
166768;5;7;66;60;2021;5;1;7;3;0;1;1;0;0;0;0;2;0;506980,748129291459918;5749491,312452509999275;9,101450649000071;51,896137654000029;5210522404103890000;0
166769;5;7;66;8;2021;6;7;2;3;5;2;1;1;0;0;0;0;0;483173,865999999456108;5769941,629999674856663;8,754464686000063;52,079793998000071;5210607404302290000;0
166770;5;7;74;32;2021;11;12;7;3;4;3;1;1;0;0;0;0;0;477863,828369961120188;5731740,137124193832278;8,679433777000042;51,736139112000046;5211120411132980000;0
166771;5;7;66;52;2021;2;15;7;3;9;1;1;0;0;0;0;0;0;516548,620174976065755;5752542,665814097970724;9,240645408000034;51,923370426000076;5210220404103480000;0
166773;5;7;70;4;2021;9;11;4;3;0;1;1;0;0;0;0;0;0;487025,273000000044703;5785621,438999684527516;8,810067031000074;52,220869784000058;5210915410230140000;1
166775;5;3;34;2;2021;8;7;4;2;0;3;1;1;0;0;0;0;0;296372,004999033175409;5628071,718995699658990;6,112153918000047;50,768621281000037;5210825608200970000;0
166776;5;7;70;24;2021;12;20;5;3;5;3;1;1;0;0;0;2;0;494087,054585984908044;5793734,497818496078253;8,913299925000047;52,293931752000049;5211209410110870000;0
166777;5;7;70;24;2021;6;11;6;3;0;7;1;0;0;0;0;0;0;497697,656000000424683;5793972,258999688550830;8,966239649000045;52,296096341000066;5210618410110390000;0
166778;5;7;54;36;2021;9;7;5;3;5;3;1;1;0;0;0;0;0;476432,235999999567866;5750755,555999664589763;8,657408149000048;51,907049747000030;5210902405236070000;0
166781;5;3;58;8;2021;4;8;2;3;0;1;1;1;0;0;0;0;0;323008,339969540946186;5631460,530697835609317;6,487861068000029;50,807805234000057;5210426609108680000;0
166784;5;7;66;44;2021;9;15;4;3;0;7;1;0;0;0;0;0;0;492486,641152136959136;5763832,840817343443632;8,890495246000057;52,025075447000063;5210901404301680000;0
166785;5;3;14;0;2021;6;4;5;3;3;6;1;1;0;0;0;2;0;365696,670947956852615;5621806,403488621115685;7,096870562000049;50,732506299000079;5210603600110000000;0
166787;5;7;74;8;2021;9;18;4;3;5;3;1;1;0;0;0;0;0;487378,470027456060052;5737184,909360848367214;8,817021777000036;51,785389634000069;5210901411108030000;0
166795;5;3;66;16;2021;7;11;6;3;0;1;1;0;0;0;0;0;0;343674,532559586688876;5613967,547733727842569;6,788356011000076;50,656555616000048;5210716603116040000;0
166796;5;7;11;0;2021;6;9;5;3;4;7;1;1;0;0;0;0;0;473546,892000000923872;5769094,834999673068523;8,614051574000030;52,071804461000056;5210610400100070000;0
166799;5;3;14;0;2021;5;17;5;3;4;6;1;0;0;0;0;0;0;365624,362999867647886;5622345,436999471858144;7,095650020000051;50,737334376000035;5210506600110920000;1
166801;5;7;74;8;2021;11;10;3;3;1;3;1;1;0;0;0;0;0;487917,982000000774860;5737833,392999660223722;8,824820624000040;51,791232219000051;5211109411108630000;0
166804;5;7;74;32;2021;7;17;7;3;8;1;1;0;0;0;0;0;0;484634,311283770948648;5729712,168300284072757;8,777569443000061;51,718131544000073;5210710411132870000;0
166805;5;7;74;32;2021;2;19;3;3;5;3;1;1;0;0;0;2;0;483442,344373207539320;5728933,578236415982246;8,760351934000028;51,711097066000036;5210223411132470000;0
166807;5;3;34;2;2021;8;15;6;3;5;3;1;1;0;0;0;0;0;297565,320404938422143;5622065,289104534313083;6,132354288000045;50,715091417000053;5210813608200760000;0
166811;5;7;66;20;2021;11;10;1;3;0;7;1;1;0;0;0;0;0;492119,432531623169780;5754457,591706063598394;8,885358704000055;51,940777798000056;5211107404101470000;0
166814;5;7;62;28;2021;5;15;1;3;0;6;1;0;0;0;0;0;0;507611,076777507551014;5739900,192134778946638;9,110399931000075;51,809894031000056;5210530407230180000;0
166816;5;7;74;24;2021;1;5;4;3;0;1;1;0;0;0;0;2;0;476556,948668852448463;5741511,171265020966530;8,659848500000066;51,823938688000055;5210113411224070000;2
166818;5;7;70;8;2021;10;13;5;2;0;1;1;0;0;0;0;0;0;473439,409378728829324;5803245,393549244850874;8,609801383000047;52,378826694000054;5211007410220680000;0
166819;5;7;70;4;2021;6;16;3;3;6;3;1;0;1;0;0;0;0;486058,751407493837178;5783684,609240902587771;8,795998297000040;52,203432954000050;5210615410230590000;0
166824;5;7;74;32;2021;12;13;7;3;6;4;1;0;1;0;0;0;0;482649,502000000327826;5730004,581999655812979;8,748823465000044;51,720702828000071;5211218411132070000;1
166826;5;7;70;12;2021;5;17;7;3;9;1;1;0;0;0;0;0;0;489445,062000000849366;5797871,832999687641859;8,845105948000025;52,331058668000026;5210508410140550000;0
166827;5;7;70;12;2021;9;13;4;3;5;3;1;1;0;0;0;0;0;482334,418999999761581;5798463,996999690309167;8,740726832000064;52,336199555000064;5210922410140880000;0
166829;5;3;82;68;2021;7;12;6;3;8;6;1;1;0;0;0;0;0;368158,277267660014331;5629116,808284938335419;7,129112983000027;50,798776690000068;5210730607400760000;0
166830;5;7;74;32;2021;3;10;3;3;0;7;1;1;0;0;0;0;0;484560,762408461421728;5730017,916393157094717;8,776491220000025;51,720878604000063;5210330411132070000;0
166834;5;3;14;0;2021;7;13;7;3;0;1;1;0;0;0;0;0;0;365711,353429112583399;5621799,449493177235126;7,097081029000037;50,732447192000052;5210731600110790000;0
166835;5;7;70;40;2021;9;15;6;3;0;1;1;0;0;0;0;0;0;474205,269740541465580;5809292,650123117491603;8,620586144000072;52,433228977000056;5210910410240590000;0
166840;5;7;66;32;2021;5;13;2;2;0;3;1;1;0;0;0;0;0;495238,350000000558794;5745649,115999663248658;8,930852309000045;51,861615316000041;5210524404101390000;0
166841;5;7;74;32;2021;3;11;6;3;3;6;1;1;0;0;0;0;0;483498,022995329461992;5730607,048603985458612;8,761078511000051;51,726145403000032;5210319411132130000;0
166844;5;7;62;8;2021;1;7;2;3;5;2;1;1;0;0;0;2;0;526367,474999999627471;5725755,503999654203653;9,381387948000054;51,682146939000063;5210104407120060000;1
166846;5;7;70;4;2021;9;13;2;3;0;1;1;0;0;0;0;0;0;487489,261000000871718;5783247,636999683454633;8,816946903000030;52,199538638000035;5210906410230990000;0
166847;5;7;66;20;2021;10;16;4;3;3;3;1;1;0;0;0;0;0;491135,086000001057982;5755280,143999667838216;8,871017906000077;51,948158570000032;5211013404101580000;1
166849;5;7;66;44;2021;7;19;3;3;4;1;1;0;0;0;1;0;0;493657,782000000588596;5763447,055999670177698;8,907571365000024;52,021621517000028;5210713404301870000;0
166851;5;7;66;8;2021;11;7;3;3;0;3;1;1;0;0;0;0;0;482981,825000001117587;5768800,886999674141407;8,751719256000058;52,069531982000058;5211109404302790000;0
166852;5;7;74;24;2021;10;18;6;3;5;3;1;1;0;0;0;0;0;476726,423999999649823;5740519,730999661609530;8,662374123000063;51,815031656000031;5211001411224960000;0
166856;5;7;70;20;2021;5;12;2;3;5;3;1;1;0;0;0;0;0;472861,234633662737906;5795279,669819524511695;8,601951330000077;52,307184779000067;5210524410210670000;0
166857;5;3;82;60;2021;8;11;1;3;4;1;1;1;0;0;0;0;0;374969,837999908253551;5630075,144999532029033;7,225394560000041;50,808900424000058;5210808607100330000;0
166859;5;7;74;40;2021;12;13;3;3;0;1;1;0;0;0;0;0;0;479364,277738930657506;5707645,596975220367312;8,702582293000034;51,519552505000036;5211228411240500000;1
166860;5;7;66;20;2021;12;8;5;3;5;3;1;1;0;0;0;0;0;489914,156967123970389;5754588,463160790503025;8,853274073000023;51,941918858000065;5211216404101790000;1
166865;5;7;66;20;2021;11;13;7;3;0;7;1;1;0;0;0;0;0;491317,919216308742762;5754551,017160313203931;8,873696487000075;51,941605859000049;5211120404101470000;0
166867;5;7;66;44;2021;11;19;3;3;8;3;1;1;0;0;0;2;0;493624,714532795362175;5764149,799505017697811;8,907076363000044;52,027939441000058;5211123404301580000;1
166868;5;7;66;16;2021;9;9;4;3;5;3;1;1;0;0;0;0;0;506494,992999998852611;5754743,913999671116471;9,094490314000041;51,943370033000065;5210922404103790000;0
166870;5;7;66;8;2021;4;23;7;2;4;6;1;1;0;0;0;2;0;483021,224955147132277;5767571,448653683066368;8,752355206000061;52,058479586000033;5210410404302570000;1
166872;5;7;66;60;2021;3;15;4;3;5;3;1;1;0;0;0;0;0;511671,853044520132244;5749422,813598388805985;9,169623522000052;51,895443262000072;5210317404103350000;0
166875;5;3;58;52;2021;5;17;2;3;0;1;1;1;0;0;0;0;0;333796,392999621108174;5630519,227998843416572;6,641264845000023;50,802542894000055;5210517609152000000;0
166877;5;9;58;24;2021;11;18;5;2;5;2;1;1;0;0;0;2;0;488652,334000001661479;5700413,947999643161893;8,836680461000071;51,454790604000038;5211118313220280000;0
166878;5;3;82;12;2021;7;18;4;3;5;2;1;0;0;0;0;0;0;359093,455222259275615;5624631,219183627516031;7,002279263000048;50,756329876000052;5210721600360420000;0
166879;5;7;70;24;2021;1;10;6;3;0;1;1;0;0;0;0;0;0;492989,843531577847898;5792861,787113981321454;8,897229971000058;52,286072741000055;5210108410110080000;1
166880;5;7;70;28;2021;6;11;7;3;5;3;1;1;0;0;0;0;0;497572,675266444683075;5799406,794039078056812;8,964367775000028;52,344954803000064;5210619410130310000;0
166881;5;7;74;32;2021;11;6;1;3;0;1;1;0;0;0;0;2;0;482749,343000000342727;5730678,370999652892351;8,750235430000032;51,726764146000050;5211121411132380000;1
166883;5;7;70;4;2021;7;15;2;3;2;1;1;0;0;0;0;0;0;488998,896999999880791;5787134,093999687582254;8,838908949000029;52,234512375000065;5210712410230580000;0
166884;5;7;74;32;2021;6;13;2;3;0;5;1;1;0;0;0;0;0;482124,345409877598286;5730200,748979033902287;8,741210987000045;51,722450128000048;5210607411132990000;0
166885;5;7;74;32;2021;6;15;6;3;5;3;1;1;0;0;0;0;0;481443,402281426824629;5731581,442789293825626;8,731279368000060;51,734842206000053;5210625411132050000;0
166888;5;7;74;32;2021;11;15;4;2;0;5;1;1;0;0;0;1;0;482279,261340084485710;5729646,239059241488576;8,743481921000068;51,717469281000035;5211103411132280000;1
166889;5;7;70;16;2021;5;15;6;2;0;2;1;1;0;0;0;0;0;478760,538000000640750;5791197,731999684125185;8,688733099000046;52,270746475000067;5210514410270190000;0
166890;5;3;14;0;2021;8;16;6;3;4;6;1;0;0;0;0;0;0;365816,602444143034518;5622101,624869495630264;7,098461570000040;50,735187454000027;5210820600110090000;0
166891;5;7;70;20;2021;6;7;6;3;3;3;1;1;0;0;0;0;0;474064,334708947688341;5795019,890448020771146;8,619616978000067;52,304907431000061;5210611410210070000;0
166892;5;7;74;8;2021;5;14;1;3;0;2;1;1;0;0;0;0;0;487745,681988708674908;5736617,575862342491746;8,822365369000067;51,780296761000045;5210509411236950000;0
166893;5;7;74;32;2021;7;22;7;2;0;1;1;0;0;0;0;2;0;480651,555000000633299;5734703,153999654576182;8,719638953000072;51,762883473000045;5210710411232770000;0
166894;5;7;70;24;2021;11;13;6;3;3;1;1;1;0;0;0;0;0;491709,355021353811026;5792606,374076923355460;8,878464128000076;52,283758623000040;5211112410110090000;0
166895;5;3;82;20;2021;7;12;4;3;7;7;1;0;0;0;0;0;0;380540,307999925687909;5626120,635999554768205;7,305706629000042;50,774529378000068;5210721607200730000;0
166900;5;9;58;12;2021;9;15;4;3;0;7;1;0;0;0;0;0;0;473484,665343641303480;5700739,340777803212404;8,618361440000058;51,457209151000029;5210901313211080000;0
166903;5;3;34;2;2021;8;12;3;3;0;7;1;0;0;0;0;0;0;297592,372999059036374;5628456,711995881050825;6,129226082000059;50,772506124000074;5210817608200650000;0
166907;5;7;74;32;2021;5;14;7;3;3;2;1;1;0;0;0;0;0;483149,493000000715256;5733082,442999659106135;8,755912536000039;51,748392002000060;5210508411132970000;0
166908;5;7;74;24;2021;1;6;4;3;3;6;1;1;0;0;0;2;0;476440,042805870994925;5742004,198329403996468;8,658118708000075;51,828366609000057;5210113411224630000;2
166909;5;7;74;32;2021;6;23;5;3;0;7;1;1;0;0;0;2;0;482472,313719165511429;5731663,499238438904285;8,746174880000069;51,735613121000029;5210624411132890000;0
166910;5;7;74;32;2021;10;17;2;3;5;3;1;0;0;0;0;0;0;479517,450626620091498;5732766,637830812484026;8,703320001000066;51,745431499000063;5211018411232950000;0
166912;5;3;82;60;2021;7;12;6;2;8;1;1;0;0;0;0;0;0;378704,438662806525826;5629554,031971616670489;7,278547567000032;50,805010326000058;5210730607111230000;0
166913;5;7;70;4;2021;6;16;1;3;5;2;1;1;0;0;0;0;0;485615,823703187517822;5783660,160675330087543;8,789518039000029;52,203201765000074;5210613410230190000;0
166917;5;7;66;4;2021;1;21;2;3;6;7;1;1;1;0;0;2;0;482771,051920142956078;5751250,290603283792734;8,749526222000043;51,911730042000045;5210104404101770000;1
166921;5;3;82;60;2021;8;8;5;3;0;7;1;1;0;0;0;0;0;374559,962047449313104;5627755,023044573143125;7,220372479000048;50,787957469000048;5210819607100040000;0
166924;5;7;74;40;2021;3;13;4;3;5;3;1;1;0;0;0;0;0;479155,472047908231616;5707772,010705323889852;8,699565392000068;51,520681495000076;5210331411240250000;0
166925;5;7;62;20;2021;10;11;6;3;1;5;1;1;0;0;0;0;0;526363,092872928828001;5735854,701611725613475;9,382089341000039;51,772950824000077;5211029407101490000;0
166926;5;7;54;36;2021;2;14;3;3;7;7;1;0;0;0;0;0;0;474517,051716795191169;5750051,753390586003661;8,629620802000034;51,900637591000077;5210223405236050000;0
166927;5;7;70;4;2021;6;11;7;3;1;6;1;1;0;0;0;0;0;487539,298339366912842;5784879,615179479122162;8,817618965000065;52,214212227000075;5210626410230140000;0
166930;5;7;74;32;2021;12;7;5;2;2;6;1;1;0;0;0;2;0;481307,364999999292195;5729459,402999658137560;8,729423342000075;51,715757830000030;5211216411132780000;1
166931;5;3;34;2;2021;8;11;6;3;5;3;1;1;0;0;0;0;0;292015,008998945355415;5630390,917994953691959;6,049138033000077;50,787904423000043;5210827608100080000;0
166932;5;7;70;4;2021;6;20;4;3;0;7;1;0;0;0;0;0;0;485382,284675208851695;5784864,116232909262180;8,786048729000072;52,214019874000030;5210623410230180000;0
166933;5;7;74;32;2021;7;18;6;3;4;2;1;0;0;0;0;0;0;483304,679000000469387;5729846,822999656200409;8,758315682000045;51,719304258000079;5210702411132470000;0
166934;5;7;74;32;2021;11;17;3;3;9;1;1;0;0;0;0;2;0;478367,765761602669954;5733339,914175940677524;8,686631959000067;51,750542735000067;5211109411232560000;0
166935;5;3;66;24;2021;8;16;2;3;5;3;1;1;0;0;0;0;0;326548,491546079516411;5601014,946940148249269;6,552333227000076;50,535330059000046;5210809603224970000;0
166937;5;7;54;36;2021;10;6;3;2;0;1;1;0;0;0;0;1;0;473920,862079498358071;5748256,496819259598851;8,621091526000043;51,884468983000033;5211005405236690000;0
166938;5;7;70;4;2021;6;19;6;3;0;7;1;0;0;0;0;0;0;487760,781008897349238;5783605,606407657265663;8,820906738000076;52,202763095000080;5210604410230070000;0
166940;5;7;70;24;2021;9;16;3;2;4;1;1;1;0;0;0;0;0;492169,687645245343447;5792613,442916737869382;8,885212148000051;52,283828927000059;5210907410120190000;0
166942;5;7;70;24;2021;6;17;5;2;0;1;1;0;0;0;0;0;0;494863,865405438467860;5795015,385927138850093;8,924670563000063;52,305455377000044;5210617410110070000;0
166944;5;7;58;24;2021;6;14;5;3;5;3;1;1;0;0;0;0;0;483215,452000000514090;5783197,753999680280685;8,754416924000054;52,198976594000044;5210624406220380000;0
166945;5;7;58;12;2021;5;15;6;3;4;7;1;1;0;0;0;0;0;478030,900471125729382;5773161,690306873992085;8,679209522000065;52,108564302000048;5210521406110740000;0
166946;5;7;62;20;2021;7;18;7;3;0;1;1;0;0;0;0;0;0;521384,883533489890397;5728717,110772814601660;9,309500935000074;51,708987487000059;5210703407111070000;0
166947;5;7;70;20;2021;10;18;2;3;5;3;1;1;0;0;0;0;0;473864,479975185357034;5795066,634954102337360;8,616682269000023;52,305318202000080;5211004410210990000;0
166951;5;7;70;24;2021;3;15;2;3;9;1;1;1;0;0;0;0;0;494002,939261483959854;5794057,160875782370567;8,912060819000033;52,296831740000073;5210329410110580000;0
166960;5;7;58;24;2021;11;15;4;3;5;3;1;1;0;0;0;0;0;479935,258000000379980;5783404,215999681502581;8,706411168000045;52,200723160000052;5211124406220430000;1
166962;5;3;14;0;2021;8;18;1;3;0;7;1;0;0;0;0;0;0;367027,014456338249147;5622750,217635054141283;7,115370572000074;50,741295414000035;5210815600140430000;0
166973;5;7;70;4;2021;4;8;4;3;5;2;1;1;0;0;0;0;0;486960,281000000424683;5784368,737999679520726;8,809163911000041;52,209605743000054;5210428410230440000;0
166975;5;7;70;24;2021;5;14;7;3;5;3;1;1;0;0;0;0;0;492256,148702922277153;5792996,653495522215962;8,886470809000059;52,287275408000028;5210508410110380000;0
166979;5;7;74;32;2021;2;13;1;3;0;1;1;0;0;0;0;0;0;483748,237429327331483;5731201,263791903853416;8,764673430000073;51,731495479000046;5210221411132370000;0
166986;5;3;34;2;2021;8;12;5;2;5;2;1;1;0;0;0;0;0;296024,158999028615654;5627876,443995643407106;6,107335726000031;50,766745260000050;5210805608200460000;0
166987;5;7;66;44;2021;11;13;6;3;3;7;1;1;0;0;0;0;0;493980,888518883846700;5764018,606319749727845;8,912270115000069;52,026763875000029;5211112404301060000;0
166988;5;7;70;28;2021;5;17;2;3;5;3;1;1;0;0;0;0;0;501260,288000000640750;5804250,413999695330858;9,018518760000063;52,388504788000034;5210503410130230000;0
166993;5;7;66;44;2021;2;19;5;3;3;6;1;1;0;0;0;2;0;492217,638002309016883;5762187,025267513468862;8,886612037000020;52,010274352000067;5210225404301620000;0
166994;5;3;34;2;2021;8;18;4;3;5;2;1;1;0;0;0;0;0;294826,807999004609883;5629005,074995448812842;6,089749475000076;50,776459645000045;5210825608100380000;0
166998;5;7;66;48;2021;6;17;1;3;0;7;1;0;1;0;0;0;0;477388,675559432245791;5759452,206036662682891;8,670739086000026;51,985280041000067;5210613404302180000;0
167000;5;7;11;0;2021;4;13;6;3;0;7;1;0;0;0;0;0;0;473239,127152469009161;5755994,654455589130521;8,610585246000028;51,954009482000060;5210409400300680000;1
167002;5;7;66;20;2021;7;10;6;3;3;6;1;0;0;0;0;0;1;491543,420068576000631;5754396,505582416430116;8,876980777000028;51,940220114000056;5210709404101270000;0
167003;5;3;34;2;2021;7;17;2;3;0;1;1;0;0;0;0;1;0;296271,883635158650577;5628217,902299616485834;6,110654985000053;50,769899068000029;5210726608200060000;0
167004;5;7;70;24;2021;12;11;5;3;5;2;1;1;0;0;0;0;0;493437,312590782530606;5793075,104727242141962;8,903785775000074;52,287996101000033;5211209410110770000;0
167005;5;7;70;24;2021;10;9;6;2;0;1;1;0;0;0;0;0;0;496381,273000000976026;5793580,334999687969685;8,946941125000023;52,292565653000054;5211029410110690000;0
167007;5;7;58;12;2021;7;16;3;3;0;1;1;0;0;0;0;0;0;476906,093000002205372;5772610,851999675855041;8,662822855000059;52,103566085000068;5210713406110280000;0
167008;5;7;58;12;2021;5;8;2;3;0;1;1;0;0;0;0;0;0;482284,599277531728148;5775140,352575700730085;8,741217821000021;52,126506455000026;5210510406110230000;0
167011;5;7;70;4;2021;12;19;2;2;0;1;1;0;0;0;0;2;0;486261,491978332400322;5783682,084443179890513;8,798965073000033;52,203415345000053;5211227410230340000;1
167012;5;7;58;24;2021;10;15;5;3;0;1;1;0;0;0;0;0;0;479245,329718898981810;5783842,728891292586923;8,696289361000026;52,204640073000064;5211021406220470000;1
167014;5;3;14;0;2021;8;12;2;3;0;1;1;0;0;0;0;0;0;365571,198999865911901;5622011,699999468401074;7,095018757000048;50,734322467000027;5210802600110830000;0
167015;5;7;54;36;2021;6;15;4;3;5;2;1;1;0;0;0;0;0;475745,717615448869765;5750306,734712908044457;8,647460396000042;51,902984954000033;5210630405236750000;0
167017;5;7;74;32;2021;6;8;3;3;1;5;1;0;0;0;1;0;0;481439,324770287610590;5729599,184147654101253;8,731325995000077;51,717019027000049;5210601411232090000;0
167021;5;7;74;32;2021;12;15;5;2;0;1;1;0;0;0;0;1;0;477079,416000001132488;5734295,545999657362700;8,667906028000061;51,759083761000056;5211223411232270000;0
167023;5;7;70;8;2021;6;13;4;3;0;3;1;1;0;0;0;0;0;474269,972000000067055;5803116,977999690920115;8,622012649000055;52,377711863000059;5210602410220490000;0
167024;5;7;74;8;2021;5;19;1;3;8;1;1;0;0;0;0;0;0;486774,310000000521541;5736304,814999654889107;8,808296674000076;51,777462534000051;5210509411108970000;0
167025;5;7;74;12;2021;6;19;7;3;0;1;1;0;0;0;0;0;0;480586,261017868295312;5724680,442423382773995;8,719251450000058;51,672764167000082;5210626411112070000;0
167026;5;7;70;24;2021;9;12;3;3;0;1;1;0;0;0;0;0;0;491897,856820809654891;5794231,372474255040288;8,881188364000025;52,298370971000054;5210907410110290000;0
167027;5;3;82;20;2021;8;15;1;3;0;7;1;0;0;0;0;0;0;379133,412324291653931;5626304,562224648892879;7,285701694000068;50,775891168000044;5210808607000010000;1
167028;5;7;70;24;2021;7;19;7;3;0;1;1;0;0;0;0;1;0;495494,880349353887141;5793233,679415952414274;8,933949211000026;52,289442490000056;5210703410110590000;0
167031;5;7;74;32;2021;3;18;6;3;5;2;1;1;0;0;0;0;0;483035,046586281619966;5728267,258946729823947;8,754489380000052;51,705093803000068;5210326411132060000;0
167032;5;7;66;56;2021;7;19;4;2;3;7;1;0;0;0;0;0;0;476406,723000001162291;5752994,864999668672681;8,656883851000032;51,927182125000058;5210707404102560000;0
167034;5;7;58;24;2021;9;7;6;3;0;3;1;1;0;0;0;0;0;480699,150650032795966;5782271,218162184581161;8,717652901000065;52,190564165000069;5210910406220130000;1
167039;5;3;82;12;2021;8;14;5;2;1;5;1;1;0;0;0;0;0;353259,154073745012283;5624569,195653639733791;6,919644456000071;50,754326710000043;5210812600360170000;0
167042;5;7;74;32;2021;4;11;5;2;0;7;1;0;0;0;0;0;0;482772,436113057658076;5729685,078580044209957;8,750618920000022;51,717833866000035;5210401411132560000;0
167043;5;7;58;12;2021;1;9;6;2;0;1;1;0;0;0;0;0;0;476253,612243174575269;5773800,739485934376717;8,653213669000024;52,114236292000044;5210115406110880000;1
167044;5;7;70;28;2021;12;7;6;2;0;1;1;0;0;0;0;1;0;490657,624048058874905;5800245,760277459397912;8,862834250000049;52,352423233000081;5211203410130640000;2
167045;5;7;74;32;2021;10;12;7;3;5;3;1;1;0;0;0;0;0;482317,751000001095235;5730388,822999658063054;8,744001373000060;51,724147290000076;5211009411132060000;0