OID_;ULAND;UREGBEZ;UKREIS;UGEMEINDE;UJAHR;UMONAT;USTUNDE;UWOCHENTAG;UKATEGORIE;UART;UTYP1;IstRad;IstPKW;IstFuss;IstKrad;IstSonstige;ULICHTVERH;IstGkfz;LINREFX;LINREFY;XGCSWGS84;YGCSWGS84;UIDENTSTLAE;IstStrassenzustand
167047;5;3;58;8;2021;8;18;7;3;5;3;1;1;0;0;0;0;0;323078,199999489821494;5629757,807998344302177;6,489671866000037;50,792529025000078;5210814609108780000;0
167049;5;7;74;32;2021;7;10;6;3;4;6;1;0;0;0;0;0;0;482306,379325936548412;5731810,634382748976350;8,743764465000027;51,736930839000081;5210702411132450000;0
167052;5;7;11;0;2021;6;12;6;3;5;3;1;1;0;0;0;0;0;474747,758671119809151;5755394,623530745506287;8,632581908000077;51,948685250000040;5210625400300590000;0
167053;5;7;74;8;2021;9;7;6;2;7;7;1;0;0;0;0;0;0;488034,457605979405344;5737665,680943226441741;8,826515202000053;51,789726783000049;5210917411108230000;0
167057;5;7;70;24;2021;9;20;7;3;0;1;1;0;0;0;0;2;0;496365,287058289162815;5793571,383298788219690;8,946706831000029;52,292485067000030;5210904410110580000;0
167058;5;7;74;32;2021;5;14;2;3;5;2;1;1;0;0;0;0;0;483313,293676332570612;5729394,041090536862612;8,758462078000036;51,715233411000042;5210531411132090000;0
167059;5;7;74;32;2021;12;18;1;3;5;3;1;0;0;0;1;2;0;482081,401999999769032;5730235,347999652847648;8,740587514000026;51,722759847000077;5211219411132070000;1
167062;5;7;74;32;2021;4;11;7;3;5;3;1;1;0;0;0;0;0;484374,362000000663102;5730282,035999655723572;8,773780934000058;51,723248223000041;5210410411132640000;1
167063;5;7;74;32;2021;11;10;3;3;0;1;1;0;0;0;0;0;0;482157,332000001333654;5729719,988999657332897;8,741713164000032;51,718128523000075;5211109411132680000;1
167064;5;7;74;32;2021;3;16;4;3;4;5;1;1;0;0;0;0;0;478385,892533312551677;5726674,987861201167107;8,687308169000062;51,690617391000046;5210331411133270000;0
167065;5;7;70;24;2021;11;15;4;3;3;1;1;1;0;0;0;0;0;493115,323116232641041;5792847,184964420273900;8,899069817000054;52,285943047000046;5211103410110670000;1
167066;5;3;14;0;2021;8;18;7;3;0;1;1;0;0;0;0;0;0;364122,094999858178198;5621260,420999459922314;7,074772796000047;50,727232898000068;5210814600110260000;0
167067;5;7;74;32;2021;10;7;5;3;5;2;1;1;0;0;0;0;0;483534,690000000409782;5729975,168999653309584;8,761639261000028;51,720465058000059;5211028411132060000;0
167070;5;7;74;8;2021;10;15;7;3;1;5;1;1;0;0;0;0;0;488168,174024219624698;5737899,089672673493624;8,828445945000055;51,791828262000081;5211009411108170000;0
167072;5;7;70;24;2021;12;14;7;3;0;1;1;0;0;0;0;0;0;492091,352887663058937;5791298,512096121907234;8,884094652000044;52,272005902000046;5211218410110280000;1
167075;5;7;74;32;2021;10;18;4;3;5;2;1;0;0;0;0;1;0;483483,628303097561002;5729954,571520499885082;8,760901048000051;51,720278358000030;5211027411132370000;0
167076;5;7;58;12;2021;11;14;3;3;3;6;1;1;0;0;0;0;0;477352,712614485993981;5773465,834709146991372;8,669286640000053;52,111271397000053;5211123406110680000;1
167078;5;7;70;20;2021;9;17;2;3;5;3;1;1;0;0;0;0;0;473711,701000001281500;5794904,627999685704708;8,614454235000039;52,303854421000040;5210906410210580000;0
167079;5;7;74;8;2021;4;18;5;3;4;5;1;1;0;0;0;0;0;486649,046670683659613;5736068,075402606278658;8,806490127000075;51,775330975000031;5210401411108530000;0
167080;5;7;74;32;2021;6;21;7;2;0;7;1;0;0;0;0;2;0;480681,360079722478986;5728893,339123798534274;8,720393395000031;51,710646971000074;5210612411132190000;0
167081;5;7;74;28;2021;9;15;6;2;9;1;1;0;0;0;0;0;0;491240,538823186419904;5723770,192348396405578;8,873348685000053;51,664846899000054;5210910411128860000;1
167082;5;3;82;16;2021;4;6;3;3;8;6;1;1;0;0;0;0;0;389843,681324301287532;5626077,543999675661325;7,437614438000026;50,775983717000031;5210427607000990000;0
167083;5;7;70;32;2021;3;17;7;3;5;3;1;1;0;0;0;0;0;493996,254999999888241;5789203,111999683082104;8,912049224000043;52,253191214000026;5210313410120010000;1
167088;5;7;62;16;2021;2;6;3;3;0;1;1;0;0;0;0;0;0;512579,344217017292976;5729870,349429827183485;9,182101963000036;51,719623230000082;5210216407140070000;2
167089;5;7;58;24;2021;9;7;5;3;1;5;1;1;0;0;1;0;0;479599,005224541760981;5783772,294867394492030;8,701468990000023;52,204020040000046;5210923406220530000;0
167090;5;7;54;36;2021;9;17;4;3;1;5;1;1;0;0;0;0;0;472343,060637593269348;5751904,906863823533058;8,597875191000071;51,917195391000064;5210901405236070000;0
167092;5;7;70;4;2021;3;20;7;3;5;3;1;1;0;0;0;2;0;486277,140907276421785;5783687,875374667346478;8,799193827000067;52,203467799000066;5210327410230820000;0
167096;5;3;14;0;2021;7;9;3;3;1;5;1;1;0;0;0;0;0;367105,207332045771182;5622122,775273023173213;7,116704433000052;50,735673836000046;5210727600140070000;0
167097;5;7;74;32;2021;3;9;4;3;5;3;1;1;0;0;0;0;0;482634,934666658751667;5730425,578317098319530;8,748591588000068;51,724487681000028;5210303411132180000;0
167098;5;7;74;24;2021;5;18;6;3;4;1;1;1;0;0;0;0;0;475395,029975968413055;5741664,232884157449007;8,642978881000033;51,825264909000055;5210528411224430000;1
167099;5;7;66;20;2021;12;7;5;3;5;3;1;1;0;0;0;1;0;490208,676347873173654;5754450,559163292869925;8,857562568000048;51,940684222000073;5211209404101290000;1
167100;5;7;74;32;2021;1;11;5;2;5;3;1;1;0;0;0;0;0;482114,351750357076526;5731224,782705230638385;8,741013700000053;51,731657190000078;5210128411132770000;1
167102;5;3;82;76;2021;8;7;4;3;0;1;1;0;0;0;0;0;0;403535,816591980867088;5626766,275913728401065;7,631570735000025;50,784614876000035;5210804607300430000;0
167104;5;7;74;32;2021;3;8;6;3;7;1;1;0;0;0;0;1;0;482052,873999999836087;5729200,970999656245112;8,740227806000064;51,713458542000069;5210312411132070000;0
167106;5;3;14;0;2021;7;5;4;3;5;3;1;1;0;0;0;1;0;362416,912718857638538;5618527,166787032037973;7,051646283000025;50,702265821000026;5210721600310710000;0
167107;5;7;70;8;2021;3;16;7;3;5;3;1;1;0;0;0;0;0;475378,217815127223730;5803560,192699417471886;8,638260430000059;52,381747391000033;5210306410220740000;0
167110;5;7;74;32;2021;3;17;4;3;0;1;1;0;0;0;0;1;0;481177,359948154538870;5732911,814448688179255;8,727354835000028;51,746795045000056;5210303411232430000;0
167111;5;7;70;24;2021;11;12;6;3;0;2;1;0;0;0;0;0;0;491905,208609280176461;5794761,936637200415134;8,881283417000077;52,303141105000066;5211105410110770000;0
167112;5;3;34;2;2021;7;9;4;3;0;1;1;0;0;0;0;0;0;294400,075998993590474;5628714,491995381191373;6,083867341000030;50,773698769000077;5210728608100080000;1
167114;5;7;66;8;2021;12;7;5;2;4;1;1;1;0;0;0;1;0;483659,861999999731779;5769154,136999674141407;8,761594232000050;52,072728393000034;5211209404302380000;0
167115;5;7;74;32;2021;11;5;3;2;0;1;1;0;0;0;0;2;0;483461,433877503499389;5730519,388944404199719;8,760552929000028;51,725356150000039;5211130411132670000;1
167116;5;7;58;12;2021;6;17;4;3;5;2;1;0;0;0;0;0;0;477050,943679865449667;5772535,307246066629887;8,664942764000045;52,102892918000066;5210616406110390000;0
167118;5;7;70;8;2021;6;18;1;3;0;6;1;1;0;0;0;0;0;473227,685539100319147;5803297,479173719882965;8,606686891000038;52,379284644000052;5210620410220780000;0
167120;5;7;66;20;2021;10;17;5;3;5;3;1;1;0;0;0;1;0;491546,531199227087200;5754658,016325179487467;8,877019606000033;51,942571412000063;5211028404101040000;0
167122;5;9;58;24;2021;9;18;2;3;0;3;1;1;0;0;0;0;0;493901,804925436154008;5705027,360827909782529;8,912152883000033;51,496354173000043;5210920313220690000;0
167123;5;7;62;4;2021;7;15;7;2;3;6;1;1;0;0;0;0;0;501825,783883211202919;5731387,142661925405264;9,026438562000067;51,733399413000029;5210710407201090000;0
167124;5;7;66;8;2021;6;18;1;3;0;7;1;0;0;0;0;0;0;482832,130430080927908;5768707,627076203003526;8,749540053000032;52,068688883000050;5210606404302390000;0
167125;5;7;74;16;2021;11;16;3;3;4;2;1;1;0;0;0;0;0;476109,891126824542880;5716823,384779810905457;8,655054689000053;51,601946037000062;5211109411216590000;1
167127;5;7;58;12;2021;5;14;1;3;4;7;1;0;0;1;0;0;0;477000,635236828587949;5775132,729020489379764;8,664032772000041;52,126243282000075;5210530406110880000;0
167128;5;3;14;0;2021;7;18;7;3;0;1;1;0;0;0;0;0;0;364328,643999860621989;5621041,618999460712075;7,077778087000070;50,725314608000076;5210717600110860000;0
167130;5;7;74;8;2021;12;8;2;3;0;5;1;1;0;0;0;0;0;487257,089805070310831;5736551,628850905224681;8,815285355000071;51,779692902000079;5211220411108190000;2
167131;5;7;58;36;2021;6;10;1;2;0;1;1;0;0;0;0;0;0;490888,507999999448657;5779072,784999681636691;8,866795599000056;52,162070646000075;5210627406150890000;0
167134;5;7;66;32;2021;10;16;6;2;0;2;1;0;0;0;0;0;0;498611,541000002063811;5749375,272999664768577;8,979822088000049;51,895136325000067;5211008404103090000;0
167135;5;7;66;8;2021;6;20;2;3;5;3;1;1;0;0;0;0;0;483122,690306159667671;5769680,702113198116422;8,753730822000023;52,077446502000043;5210614404302550000;0
167137;5;7;62;8;2021;12;13;5;3;5;3;1;1;0;0;0;0;0;525659,751059895381331;5723629,567912176251411;9,370995231000052;51,663064855000073;5211223407120580000;0
167138;5;7;74;32;2021;11;22;2;2;0;1;1;0;0;0;0;2;0;482428,861297421157360;5730896,584271142259240;8,745584354000073;51,728716212000052;5211115411132370000;0
167140;5;7;11;0;2021;9;13;4;3;0;7;1;1;0;0;0;0;0;472810,539000000804663;5767676,274999676272273;8,603421511000022;52,059015029000079;5210908400100470000;0
167142;5;7;70;4;2021;9;9;6;3;1;5;1;1;0;0;0;0;0;485821,342456514947116;5781792,189681602641940;8,792603523000025;52,186412909000069;5210903410230670000;0
167148;5;7;74;32;2021;2;12;2;3;3;6;1;1;0;0;0;0;0;484205,958872256800532;5729034,467260871082544;8,771399477000045;51,712026214000048;5210201411132030000;1
167152;5;7;70;4;2021;9;21;4;3;0;7;1;0;0;0;0;2;0;485327,220346988178790;5780451,369588132947683;8,785433889000046;52,174345182000081;5210922410230790000;0
167154;5;7;58;12;2021;10;17;7;3;0;1;1;0;0;0;0;0;0;479482,935902578756213;5774049,204403690993786;8,700358177000055;52,116599418000078;5211030406110690000;1
167158;5;7;74;32;2021;1;13;4;3;5;2;1;1;0;0;0;0;0;480725,880520555190742;5728349,583646789193153;8,721067821000076;51,705759433000026;5210113411132560000;1
167163;5;7;66;4;2021;5;18;6;3;3;6;1;1;0;0;0;0;0;483038,493219018913805;5750779,703936655074358;8,753437404000067;51,907507200000055;5210521404101750000;0
167167;5;7;70;4;2021;9;17;2;3;1;5;1;1;0;0;0;0;0;487255,959294822998345;5783986,146113783121109;8,813505535000047;52,206172933000062;5210920410230770000;0
167168;5;7;66;20;2021;9;10;5;3;1;3;1;1;0;0;0;0;0;491193,266573439352214;5754570,032625010237098;8,871882607000032;51,941774868000039;5210909404101290000;0
167169;5;3;34;2;2021;7;17;5;2;5;3;1;1;0;0;0;0;0;296940,249999046325684;5627894,504995787516236;6,120299668000030;50,767228782000075;5210722608200170000;0
167170;5;7;70;24;2021;11;14;4;3;7;7;1;0;0;0;0;0;0;493794,700007848441601;5793495,819941509515047;8,909017603000052;52,291782694000062;5211110410110080000;0
167173;5;7;66;56;2021;9;15;3;3;5;3;1;1;0;0;0;0;0;476256,980786724016070;5755115,543260738253593;8,654559802000051;51,946242547000054;5210907404102020000;0
167175;5;7;74;36;2021;6;18;3;2;0;7;1;0;0;0;0;0;0;472293,093616977334023;5726033,137068640440702;8,599216529000046;51,684578706000082;5210601411236330000;0
167178;5;7;58;12;2021;11;15;5;3;3;2;1;1;0;0;0;0;0;478369,932821505703032;5775041,480073291808367;8,684040488000051;52,125478183000041;5211104406110380000;0
167179;5;7;66;44;2021;6;15;2;3;0;3;1;1;0;0;0;0;0;492289,394000001251698;5763568,714999670162797;8,887626390000037;52,022698010000056;5210621404301280000;1
167185;5;7;58;24;2021;12;7;3;3;5;3;1;1;0;0;0;2;0;485046,224000002257526;5783169,639999678358436;8,781204877000050;52,198776537000072;5211214406220090000;0
167186;5;7;74;32;2021;1;9;2;3;5;3;1;1;0;0;0;0;0;483323,873636270873249;5729648,084432680159807;8,758603059000052;51,717517909000037;5210118411132650000;0
167187;5;7;58;12;2021;6;17;4;3;5;3;1;0;0;0;0;0;0;477976,922000001184642;5776071,559999678283930;8,678233004000049;52,134723717000043;5210609406110570000;0
167189;5;7;74;36;2021;10;12;5;2;0;1;1;0;0;0;0;0;0;472650,321000000461936;5724365,965999655425549;8,604514320000021;51,669606285000043;5211021411236990000;1
167192;5;7;58;24;2021;6;10;5;2;0;1;1;0;0;0;0;0;0;480118,208115132525563;5786006,759837429970503;8,708935190000034;52,224128003000033;5210617406220030000;0
167194;5;3;14;0;2021;7;23;7;2;0;7;1;0;0;0;0;2;0;369704,843497840687633;5623023,070759743452072;7,153205760000048;50,744354931000032;5210724600140990000;0
167196;5;7;66;20;2021;1;6;6;3;0;2;1;1;0;0;0;2;0;489332,612999999895692;5756184,311999669298530;8,844764440000063;51,956256294000070;5210129404101490000;1
167197;5;7;58;24;2021;6;15;6;3;1;5;1;1;0;0;0;0;0;482002,894087774679065;5784790,254665784537792;8,736590932000070;52,213255792000041;5210618406220030000;0
167199;5;7;74;32;2021;6;18;4;2;8;1;1;0;0;0;0;0;0;484690,253232592716813;5730591,187510032206774;8,778340597000067;51,726036616000044;5210616411132470000;0
167202;5;3;14;0;2021;6;17;7;2;1;5;1;1;0;0;0;0;0;369461,996578872203827;5620287,497139280661941;7,150734245000024;50,719712433000041;5210612600140180000;0
167204;5;7;70;4;2021;2;15;6;3;3;2;1;0;0;0;1;0;0;488702,463000000454485;5782571,028999676927924;8,834720563000076;52,193481713000040;5210219410230180000;0
167208;5;7;70;24;2021;12;7;4;2;0;3;1;0;0;0;1;0;0;495607,974999999627471;5793258,974999686703086;8,935606991000043;52,289670826000076;5211222410110190000;0
167210;5;7;74;32;2021;7;16;7;3;0;3;1;1;0;0;0;0;0;483197,478332474827766;5733112,986289687454700;8,756606144000045;51,748668066000050;5210710411132690000;0
167211;5;7;74;32;2021;7;16;2;3;5;2;1;1;0;0;0;0;0;476830,120000001974404;5734575,738999655470252;8,664275388000021;51,761592765000046;5210705411232070000;0
167216;5;3;34;2;2021;7;16;5;3;5;2;1;1;0;0;0;0;0;294206,404998988844454;5627850,845995351672173;6,081607263000024;50,765873539000040;5210722608100270000;0
167217;5;7;66;44;2021;10;8;2;3;5;3;1;1;0;0;0;0;0;493670,539640770293772;5763849,357092935591936;8,907749848000037;52,025238716000047;5211004404301350000;0
167219;5;7;74;32;2021;10;0;7;3;0;1;1;0;0;0;0;2;0;482680,398517999798059;5729764,304239595308900;8,749282686000072;51,718543373000045;5211023411132250000;0
167220;5;7;58;12;2021;6;14;6;3;6;7;1;0;1;0;0;0;0;476434,929572659544647;5773158,843303857371211;8,655905960000041;52,108473002000039;5210625406110180000;0
167221;5;7;74;8;2021;3;14;6;3;3;6;1;1;0;0;0;0;0;482149,074267956428230;5740556,081913588568568;8,741036732000055;51,815558011000064;5210326411108730000;0
167222;5;7;11;0;2021;12;9;2;3;0;1;1;0;0;0;0;0;0;472628,430000000633299;5761238,748999672010541;8,601280493000047;52,001128234000078;5211227400200580000;1
167223;5;7;74;32;2021;9;13;7;3;1;5;1;1;0;0;0;0;0;485647,411572525277734;5728818,300815310329199;8,792271590000041;51,710121323000067;5210925411132470000;0
167225;5;7;66;44;2021;3;18;3;3;0;3;1;1;0;0;0;0;0;492481,627022312954068;5763854,120076000690460;8,890421699000058;52,025266699000042;5210330404301680000;0
167227;5;7;58;24;2021;2;16;4;3;5;3;1;1;0;0;0;0;0;483721,645479288883507;5783601,042841916903853;8,761803838000048;52,202617572000065;5210224406220530000;0
167229;5;7;74;8;2021;3;17;3;3;5;3;1;1;0;0;0;0;0;488250,747251565568149;5738026,231079393997788;8,829638892000048;51,792973161000077;5210330411108550000;0
167230;5;7;74;12;2021;10;1;7;3;1;5;1;1;0;0;0;2;0;481331,842220939695835;5723196,654647562652826;8,730112700000063;51,659448153000028;5211002411112070000;0
167231;5;7;66;20;2021;5;15;6;3;1;1;1;1;0;0;0;0;0;491955,683757389895618;5755215,067202363163233;8,882958876000032;51,947585936000053;5210521404101080000;0
167232;5;3;58;8;2021;7;5;4;2;0;3;1;1;0;0;0;1;0;323753,615567988716066;5629576,381202271208167;6,499332540000069;50,791104788000041;5210728609108280000;0
167236;5;3;82;32;2021;8;16;5;3;4;6;1;0;0;0;0;0;0;359610,323184619657695;5610206,757241563871503;7,015082987000028;50,626814398000079;5210826600350970000;0
167240;5;7;66;20;2021;6;12;4;3;6;6;1;0;1;0;0;0;0;491429,753999999724329;5754310,023999664932489;8,875329418000035;51,939440816000058;5210602404101940000;0
167242;5;7;70;24;2021;5;14;4;3;5;3;1;1;0;0;0;0;0;493861,638740442693233;5793015,961749622598290;8,910007803000042;52,287469279000049;5210512410110270000;0
167243;5;7;62;36;2021;12;19;4;3;5;3;1;1;0;0;0;2;0;509256,191649038344622;5704448,332097044214606;9,133324114000061;51,491104821000079;5211201407301570000;1
167248;5;7;58;24;2021;6;17;2;3;5;3;1;1;0;0;0;0;0;480070,051000000908971;5782306,984999680891633;8,708447990000025;52,190863349000040;5210628406220630000;0
167250;5;3;58;8;2021;7;7;6;3;3;1;1;0;0;0;0;0;1;322415,506125302985311;5630999,046198371797800;6,479678545000070;50,803477807000036;5210730609108280000;0
167253;5;7;11;0;2021;9;15;1;3;4;3;1;0;0;0;0;0;0;474939,148447050713003;5760148,533302040770650;8,635019488000069;51,991435463000073;5210905400200190000;0
167254;5;7;66;40;2021;6;12;4;3;5;3;1;1;0;0;0;0;0;486839,376935577020049;5760459,636995596811175;8,808318229000065;51,994642089000081;5210616404102590000;0
167255;5;7;74;32;2021;6;18;7;3;1;5;1;1;0;0;0;0;0;481184,807749702595174;5733784,947172166779637;8,727415462000067;51,754645841000070;5210605411232790000;0
167256;5;7;70;24;2021;6;19;2;3;0;1;1;0;0;0;0;0;0;491770,500000000931323;5793386,682999685406685;8,879341418000024;52,290774908000060;5210607410110130000;0
167264;5;7;54;36;2021;7;17;6;2;0;7;1;0;0;0;0;0;0;473221,514000000432134;5747431,013999667018652;8,610994884000036;51,877013966000050;5210709405236080000;1
167266;5;7;70;24;2021;2;14;6;3;5;3;1;1;0;0;0;0;0;491511,336000001057982;5795729,554999688640237;8,875482571000020;52,311834498000053;5210226410110780000;0
167268;5;7;70;24;2021;6;13;3;3;5;3;1;0;0;0;1;0;0;493539,431000000797212;5795720,027999687939882;8,905232164000040;52,311776458000054;5210601410110690000;0
167269;5;7;70;28;2021;9;16;5;3;0;6;1;1;0;0;0;0;0;497608,923000002279878;5803271,259999690577388;8,964872337000031;52,379698062000045;5210902410130130000;0
167271;5;7;58;12;2021;7;11;3;3;5;3;1;1;0;0;0;0;0;476003,737061982043087;5775152,522931508719921;8,649469301000067;52,126378856000031;5210706406110670000;0
167272;5;7;70;4;2021;4;4;7;3;9;1;1;0;0;0;0;2;0;488789,125635363161564;5782885,967719227075577;8,835977983000021;52,196314977000043;5210403410230080000;0
167273;5;7;74;32;2021;6;13;4;3;0;7;1;0;0;0;0;0;0;482281,676538506522775;5729606,397525303065777;8,743518909000045;51,717111130000035;5210623411132570000;0
167280;5;3;14;0;2021;7;8;6;3;2;4;1;0;1;0;0;0;1;363900,469999857246876;5622131,116999456658959;7,071313102000033;50,735006678000047;5210723600110170000;0
167284;5;7;66;20;2021;9;14;4;3;5;3;1;1;0;0;0;0;0;492088,656363472342491;5754207,649033294990659;8,884916744000066;51,938530119000063;5210929404112350000;1
167285;5;3;82;68;2021;8;9;4;3;0;1;1;0;0;0;0;0;0;365270,911696558818221;5626656,647066785022616;7,089066122000077;50,776001104000045;5210811607400070000;0
167286;5;7;66;32;2021;9;16;1;3;1;7;1;1;0;0;0;0;0;496332,208000000566244;5747036,231999661773443;8,946722345000069;51,874095358000034;5210926404103370000;0
167287;5;7;70;4;2021;10;6;5;3;5;3;1;1;0;0;0;2;0;483695,328999999910593;5787920,869999682530761;8,761210541000025;52,241454373000067;5211021410230880000;1
167289;5;7;58;12;2021;10;14;6;3;4;6;1;0;0;0;1;0;0;476981,587000000290573;5774115,551999676972628;8,663823340000022;52,117097440000066;5211008406110740000;0
167290;5;7;62;20;2021;9;10;2;3;0;7;1;0;0;0;0;0;0;526608,795636532828212;5736282,071002634242177;9,385683063000045;51,776781719000041;5210913407101990000;0
167293;5;7;74;32;2021;10;14;4;2;5;2;1;1;0;0;0;0;0;480911,295024578459561;5728319,780918948352337;8,723752710000042;51,705497807000029;5211020411132550000;0
167295;5;3;14;0;2021;8;23;5;3;0;1;1;0;0;0;0;2;0;362602,722999851219356;5623708,031999442726374;7,052345765000041;50,748873972000069;5210819600111000000;0
167297;5;7;70;28;2021;9;18;2;3;0;2;1;1;0;0;0;0;0;497195,966568253003061;5802964,876436853781343;8,958808098000077;52,376941600000066;5210906410130230000;0
167302;5;7;74;32;2021;10;14;3;3;4;6;1;0;0;0;1;0;0;482390,300460082478821;5729332,573118370026350;8,745105116000047;51,714652512000043;5211005411132550000;0
167303;5;7;58;24;2021;6;9;3;3;5;3;1;1;0;0;0;0;0;479540,296083529479802;5781943,994979877024889;8,700720317000048;52,187580468000078;5210615406220860000;0
167304;5;7;11;0;2021;3;13;1;2;0;7;1;1;0;0;0;0;0;472350,604742091149092;5760179,383116457611322;8,597319001000074;51,991589982000050;5210328400200770000;0
167305;5;3;82;68;2021;8;20;5;3;0;7;1;0;0;0;0;2;0;369875,547999887727201;5629574,259999504312873;7,153306036000060;50,803276487000062;5210826607000670000;1
167307;5;7;58;24;2021;12;17;4;3;5;3;1;1;0;0;0;2;0;480023,604157710447907;5783341,348052622750401;8,707707546000051;52,200161152000078;5211201406220370000;1
167308;5;7;66;20;2021;10;7;6;3;5;2;1;0;0;0;0;0;0;490585,552787727676332;5754706,493425015360117;8,863038082000060;51,942991838000069;5211022404101720000;0
167309;5;7;66;44;2021;5;15;5;2;0;7;1;0;0;0;0;0;0;492793,886838166043162;5763582,523140329867601;8,894978515000048;52,022828941000057;5210513404301480000;0
167310;5;3;14;0;2021;8;15;1;3;0;1;1;0;0;0;0;0;0;365855,096720560453832;5621605,499616015702486;7,099187300000040;50,730737192000049;5210815600110180000;0
167313;5;7;74;24;2021;11;5;6;3;0;6;1;1;0;0;0;2;0;475663,805695953778923;5742953,250431448221207;8,646788119000064;51,836866300000054;5211119411224390000;0
167315;5;7;74;32;2021;2;16;2;3;9;1;1;0;0;0;0;1;0;481832,422371195629239;5728791,771619118750095;8,737058292000029;51,709772207000071;5210201411132370000;1
167317;5;7;74;32;2021;5;11;3;3;5;3;1;1;0;0;0;0;0;485230,863521080464125;5731896,844221632927656;8,786112261000028;51,737790680000046;5210518411132990000;0
167318;5;7;74;32;2021;10;18;3;3;0;2;1;1;0;0;0;1;0;483440,822696189396083;5730470,442933749407530;8,760256849000029;51,724915453000051;5211026411132060000;0
167319;5;7;58;12;2021;6;16;4;3;0;2;1;0;0;1;0;0;0;478298,361825332976878;5775110,145398320630193;8,682990657000062;52,126092722000067;5210630406110180000;0
167320;5;3;58;44;2021;7;9;5;2;0;7;1;0;0;0;0;0;0;316766,977695994079113;5615417,368872154504061;6,407343681000043;50,661738574000026;5210701609144800000;0
167331;5;7;74;32;2021;6;7;3;3;8;1;1;0;0;0;0;0;0;484787,973401050083339;5731421,730040449649096;8,779719113000056;51,733506939000051;5210629411132190000;1
167334;5;9;70;8;2021;4;17;3;3;5;3;1;1;0;0;0;0;0;439452,604999997653067;5621028,967999607324600;8,141946813000061;50,737890026000059;5210420315130730000;0
167335;5;7;70;8;2021;9;9;4;3;5;3;1;0;0;0;0;0;0;474094,563178659416735;5803552,829461842775345;8,619402176000051;52,381621977000066;5210915410220890000;1
167338;5;7;70;24;2021;9;10;6;3;5;3;1;1;0;0;0;0;0;491987,648924246430397;5791739,927297115325928;8,882564332000072;52,275972952000075;5210917410110190000;0
167339;5;3;82;44;2021;9;1;1;2;0;1;1;0;0;0;0;0;0;363473,280228071846068;5626630,337587095797062;7,063594573000046;50,775344258000075;5210919607400990000;0
167340;5;7;70;32;2021;6;15;6;3;5;2;1;0;0;0;1;0;0;494747,244464704766870;5788978,347503226250410;8,923054193000041;52,251178137000068;5210618410120070000;0
167341;5;7;74;32;2021;11;10;6;3;5;3;1;1;0;0;0;0;0;483455,447808608412743;5728905,405772887170315;8,760542923000060;51,710844145000067;5211105411132950000;0
167344;5;7;70;8;2021;11;14;6;3;3;3;1;1;0;0;0;0;0;473177,417287792079151;5804473,790373604744673;8,605854250000050;52,389857406000033;5211105410220330000;0
167346;5;7;66;44;2021;6;7;4;3;1;5;1;0;0;0;0;0;1;491065,832072580233216;5763979,889890519902110;8,869783631000075;52,026376484000082;5210602404301390000;0
167347;5;3;14;0;2021;8;19;4;3;5;2;1;0;0;0;0;0;0;365595,347999866120517;5624232,622999470680952;7,094550485000070;50,754289535000055;5210825600110080000;0
167348;5;7;70;24;2021;12;17;2;3;0;1;1;0;0;0;0;2;0;493369,933445394970477;5795098,728095553815365;8,902758107000068;52,306188658000053;5211206410110280000;0
167350;5;7;74;12;2021;4;0;5;3;0;1;1;0;0;0;0;0;0;483175,510347023606300;5720153,730384089052677;8,756912873000033;51,632146158000069;5210401411112770000;0
167355;5;3;62;40;2021;8;17;3;3;0;1;1;0;0;0;0;0;0;357788,901753886602819;5631205,801985589787364;6,981252038000036;50,815099118000035;5210824602900060000;0
167357;5;7;58;24;2021;3;16;3;2;0;1;1;0;0;0;0;0;0;480045,098744016140699;5783343,952058689668775;8,708021895000059;52,200185342000054;5210330406220640000;0
167358;5;7;66;20;2021;6;11;5;2;8;5;1;1;0;0;0;0;0;492821,655519937165082;5753692,260262841358781;8,895590135000020;51,933906177000040;5210624404101470000;0
167359;5;3;14;0;2021;7;12;7;3;5;3;1;1;0;0;0;0;0;367630,311999876983464;5623440,312999483197927;7,123668253000062;50,747635880000075;5210717600140440000;0
167361;5;7;66;20;2021;3;13;3;3;4;3;1;1;0;0;0;0;0;490207,998163804411888;5754448,859233846887946;8,857552751000071;51,940668926000058;5210309404101870000;1
167363;5;3;34;2;2021;8;14;5;3;5;3;1;1;0;0;0;0;0;292325,486998952925205;5631106,755995005369186;6,053132293000033;50,794444592000048;5210819608100270000;0
167364;5;7;66;40;2021;9;15;7;3;1;3;1;1;0;0;0;0;0;485007,788999999873340;5760142,102999666705728;8,781655611000076;51,991740741000058;5210918404102080000;0
167365;5;7;74;32;2021;11;9;4;3;6;4;1;0;1;0;0;0;0;483312,084999999962747;5729397,333999656140804;8,758444425000050;51,715262983000059;5211110411132540000;0
167366;5;7;74;32;2021;10;13;7;3;5;3;1;1;0;0;0;0;0;479259,223999999463558;5732464,540999654680490;8,699597781000023;51,742705777000026;5211030411232190000;0
167367;5;3;14;0;2021;7;14;4;2;5;3;1;1;0;0;0;0;0;366435,063976618461311;5620466,636990487575531;7,107813027000020;50,720634720000078;5210721600110990000;0
167371;5;7;74;8;2021;3;15;2;3;0;1;1;0;0;0;0;0;0;487432,585457945242524;5736814,018969193100929;8,817819734000068;51,782056086000068;5210308411108230000;0