OID_;ULAND;UREGBEZ;UKREIS;UGEMEINDE;UJAHR;UMONAT;USTUNDE;UWOCHENTAG;UKATEGORIE;UART;UTYP1;IstRad;IstPKW;IstFuss;IstKrad;IstSonstige;ULICHTVERH;IstGkfz;LINREFX;LINREFY;XGCSWGS84;YGCSWGS84;UIDENTSTLAE;IstStrassenzustand
167372;5;7;74;32;2021;3;11;2;3;5;2;1;1;0;0;0;0;0;480682,860862249508500;5730991,282382594421506;8,720298758000069;51,729510221000055;5210301411232070000;0
167374;5;3;34;2;2021;8;13;1;3;0;1;1;0;0;0;0;0;0;293603,357999771833420;5629085,848805652931333;6,072374398000022;50,776751053000055;5210801608100280000;1
167383;5;7;70;4;2021;12;8;3;3;4;2;1;1;0;0;0;0;0;487490,728217627853155;5783251,702021146193147;8,816968221000025;52,199575218000064;5211207410230090000;1
167386;5;3;82;20;2021;5;8;5;3;5;3;1;1;0;0;0;0;0;378120,227999919094145;5626035,385999547317624;7,271427465000045;50,773259568000071;5210520607200990000;0
167388;5;7;62;36;2021;5;10;6;2;0;1;1;0;0;0;0;0;0;511220,035990991629660;5704453,199019568040967;9,161610933000077;51,491113018000078;5210528407301190000;0
167391;5;7;62;20;2021;10;8;2;2;5;3;1;1;0;0;0;0;0;525297,150000000372529;5736011,676999656483531;9,366652051000074;51,774411403000045;5211018407101070000;0
167392;5;7;70;40;2021;6;12;7;3;5;1;1;1;0;0;0;0;0;473973,320854517631233;5809332,727905727922916;8,617171375000055;52,433578286000056;5210626410240590000;0
167393;5;7;66;40;2021;4;17;1;3;4;6;1;1;0;0;0;0;0;486457,633177657611668;5760528,785672929137945;8,802755513000022;51,995254620000026;5210418404102370000;0
167395;5;3;34;2;2021;8;20;3;3;0;1;1;0;0;0;0;1;0;292515,365998954512179;5628343,302995059639215;6,057382300000029;50,769694120000054;5210810608100070000;0
167396;5;7;66;44;2021;6;13;2;3;0;1;1;0;0;0;0;0;0;493649,462164293974638;5763417,508829906582832;8,907450664000066;52,021355766000056;5210614404301780000;0
167398;5;7;66;8;2021;11;11;5;3;4;3;1;1;0;0;0;0;0;482834,702190498821437;5769909,468956753611565;8,749517108000020;52,079494434000026;5211118404302270000;1
167400;5;7;66;8;2021;6;18;1;2;4;1;1;1;0;0;0;0;0;482587,493999999016523;5770223,723999671638012;8,745893741000032;52,082312100000081;5210606404302080000;0
167403;5;3;62;40;2021;7;19;5;2;0;7;1;0;0;0;0;0;0;359675,525235220789909;5630323,688848534598947;7,008353363000026;50,807631436000065;5210715602900060000;0
167406;5;7;66;20;2021;11;7;3;3;0;1;1;0;0;0;0;1;0;492563,700000002048910;5753960,445999668911099;8,891832351000062;51,936314059000040;5211109404101370000;1
167407;5;3;14;0;2021;7;20;6;3;5;3;1;1;0;0;0;0;0;364079,872999858111143;5621137,160999454557896;7,074220353000044;50,726115181000068;5210730600110560000;0
167408;5;7;54;36;2021;6;13;6;3;5;3;1;1;0;0;0;0;0;475141,713210013695061;5750554,030245678499341;8,638663449000035;51,905181747000029;5210618405236050000;0
167410;5;7;74;32;2021;1;3;7;2;0;1;1;0;0;0;0;2;0;481515,406617005355656;5730824,826451892033219;8,732362243000068;51,728041641000061;5210130411132990000;1
167413;5;7;74;32;2021;6;16;5;2;5;3;1;1;0;0;0;0;0;483381,875924522057176;5729235,549823174253106;8,759462347000067;51,713810402000036;5210617411132670000;0
167414;5;7;70;8;2021;9;6;4;3;0;7;1;0;0;0;0;2;0;478408,321607473306358;5800117,007880954071879;8,682999119000044;52,350920119000079;5210915410220140000;0
167417;5;7;74;32;2021;5;14;4;3;4;5;1;1;0;0;0;0;0;484004,690507216379046;5732224,582815108820796;8,768339813000068;51,740703814000028;5210505411132870000;1
167419;5;7;74;32;2021;11;9;3;3;8;1;1;0;0;0;0;0;0;480851,546392315998673;5731910,282520975917578;8,722690632000024;51,737778980000030;5211102411232670000;1
167422;5;7;70;24;2021;6;18;3;2;8;1;1;0;0;0;0;0;0;494185,777121881954372;5793184,689492402598262;8,914756956000076;52,288989753000067;5210615410110130000;0
167423;5;7;62;36;2021;2;8;7;2;0;1;1;0;0;0;0;0;0;509458,683000000193715;5709100,126999648287892;9,136365568000031;51,532928938000055;5210220407310470000;2
167426;5;7;62;20;2021;5;9;1;3;0;7;1;1;0;0;0;0;0;520926,170737250708044;5736503,781883504241705;9,303330636000055;51,779016506000062;5210509407112570000;0
167428;5;7;70;4;2021;3;7;5;3;5;3;1;1;0;0;0;0;0;486212,256000000983477;5782811,666999679058790;8,798280042000044;52,195588544000032;5210304410230440000;1
167429;5;7;66;20;2021;5;10;7;3;0;3;1;1;0;0;0;0;0;491477,837999999523163;5754503,146999668329954;8,876024104000066;51,941177929000048;5210522404101890000;1
167431;5;7;70;24;2021;6;15;2;3;3;6;1;1;0;0;0;0;0;494053,275879686698318;5793393,404675384983420;8,912810658000069;52,290864789000068;5210614410110170000;0
167432;5;7;66;36;2021;5;15;1;3;0;7;1;0;0;0;0;0;0;500358,192000001668930;5779981,580999679863453;9,005237513000054;52,170316448000051;5210509404301870000;0
167437;5;7;74;32;2021;3;16;4;3;5;3;1;1;0;0;0;0;0;484626,867000000551343;5728332,442999653518200;8,777522553000040;51,705725770000072;5210310411132070000;0
167438;5;7;58;12;2021;12;12;4;3;3;6;1;1;0;0;0;0;0;479154,307430473156273;5775236,046781355515122;8,695486076000066;52,127257603000032;5211215406110580000;1
167439;5;7;66;20;2021;9;18;3;3;0;1;1;1;0;0;0;0;0;493082,931317695416510;5752307,631605690345168;8,899418249000064;51,921460212000056;5210907404000370000;0
167441;5;7;74;32;2021;2;14;4;2;1;5;1;1;0;0;0;0;0;484044,365727321244776;5729300,052303982898593;8,769048461000068;51,714409602000046;5210224411132090000;0
167443;5;7;70;4;2021;3;14;4;3;0;1;1;0;0;0;0;0;0;488392,748995550908148;5786057,953555027022958;8,830070004000049;52,224824817000069;5210324410230580000;0
167445;5;3;82;16;2021;7;21;2;2;0;1;1;0;0;0;0;1;0;389614,435922001488507;5623906,742368295788765;7,435015568000040;50,756425700000079;5210726607300030000;0
167447;5;7;66;32;2021;5;11;4;3;0;7;1;0;0;0;1;0;0;497259,741903192363679;5744426,546468498185277;8,960216226000057;51,850636567000038;5210519404103320000;1
167450;5;7;74;32;2021;12;14;3;3;1;5;1;1;0;0;0;0;0;482146,261514609679580;5729398,040798202157021;8,741569412000047;51,715233437000052;5211221411132580000;0
167452;5;3;82;60;2021;7;14;6;2;8;1;1;0;0;0;0;0;0;378704,438662806525826;5629554,031971616670489;7,278547567000032;50,805010326000058;5210730607000730000;0
167454;5;7;58;12;2021;11;15;6;3;7;5;1;1;0;0;0;1;0;479314,167439610697329;5775032,265294915065169;8,697833669000033;52,125431483000057;5211119406110180000;1
167456;5;3;14;0;2021;4;9;2;3;1;5;1;1;0;0;0;0;0;366162,111903669312596;5621214,602042451500893;7,103677004000076;50,727294627000049;5210426600110000000;0
167460;5;7;74;32;2021;5;17;5;3;5;2;1;0;0;0;0;0;0;482010,872342432849109;5733594,379447828978300;8,739392774000066;51,752959542000042;5210513411232290000;0
167461;5;3;82;56;2021;7;9;2;3;5;3;1;0;0;0;0;0;0;370971,136239024810493;5627203,002692557871342;7,169678675000057;50,782208111000045;5210719607500830000;0
167463;5;7;58;24;2021;11;17;4;2;5;3;1;1;0;0;0;2;0;483544,503999999724329;5783622,931999679654837;8,759210743000040;52,202809108000054;5211103406210860000;1
167464;5;7;70;16;2021;4;17;1;2;0;1;1;0;0;0;0;0;0;477209,544999999925494;5790512,724999682977796;8,666049787000077;52,264525889000026;5210411410270940000;1
167465;5;3;14;0;2021;7;18;5;3;5;3;1;1;0;0;0;0;0;369658,478508697822690;5618438,588207717984915;7,154169112000034;50,703138035000052;5210715600380570000;0
167466;5;7;70;8;2021;10;15;3;3;0;7;1;0;0;0;0;0;0;475057,120000000111759;5802801,137999691069126;8,633599498000024;52,374908811000068;5211019410220950000;0
167467;5;7;74;32;2021;3;15;2;3;1;7;1;1;0;0;0;0;0;483984,734108603559434;5730249,973129926249385;8,768141648000039;51,722948942000073;5210308411132580000;0
167468;5;7;70;4;2021;5;8;3;3;5;3;1;1;0;0;0;0;0;486581,376999999396503;5783953,524999681860209;8,803635149000058;52,205863638000039;5210518410230790000;0
167472;5;7;70;24;2021;11;0;1;3;8;1;1;0;0;0;0;2;0;496370,528766248375177;5793162,262659167870879;8,946788094000055;52,288806899000065;5211114410110090000;0
167473;5;7;62;36;2021;6;11;1;3;0;1;1;0;0;0;0;0;0;509495,643103290349245;5705458,813658513128757;9,136800303000030;51,500186805000055;5210606407301030000;1
167474;5;7;66;8;2021;10;20;6;3;0;7;1;1;0;0;0;2;0;483189,139033490791917;5770744,380610642954707;8,754647982000051;52,087011791000066;5211022404302080000;0
167486;5;7;70;4;2021;9;17;2;3;5;3;1;0;0;0;0;0;0;488828,519000001251698;5782962,470999682322145;8,836551807000035;52,197003589000076;5210920410230590000;0
167487;5;7;74;32;2021;6;8;4;3;5;2;1;1;0;0;0;0;0;482346,736999999731779;5729353,695999657735229;8,744473485000071;51,714841065000030;5210616411132790000;0
167488;5;7;74;36;2021;4;14;3;3;5;3;1;1;0;0;0;0;0;472397,449000000022352;5724683,731999654322863;8,600832688000025;51,672451029000058;5210413411236470000;0
167491;5;7;74;32;2021;3;19;2;3;1;5;1;1;0;0;0;0;0;478921,183816448785365;5726122,923924282193184;8,695085472000073;51,685673968000060;5210329411132680000;0
167492;5;3;14;0;2021;8;17;7;3;5;3;1;1;0;0;0;0;0;367407,952999875880778;5622460,574999483302236;7,120870744000058;50,738779198000032;5210807600140990000;0
167493;5;7;74;32;2021;10;13;2;2;0;7;1;0;0;0;0;0;0;484015,847615906037390;5733574,879194991663098;8,768439334000050;51,752845018000073;5211025411132760000;0
167494;5;7;54;36;2021;3;12;4;2;5;3;1;1;0;0;0;0;0;473908,354278123006225;5748255,743149526417255;8,620909859000051;51,884461622000060;5210324405236080000;0
167495;5;7;74;8;2021;3;9;2;3;5;3;1;1;0;0;0;0;0;487985,575291479006410;5737551,331555381417274;8,825810436000040;51,788697593000052;5210308411108270000;0
167498;5;7;66;20;2021;5;16;2;3;5;3;1;1;0;0;0;0;0;491979,124000000767410;5754120,442999664694071;8,883325456000023;51,937744478000070;5210524404101290000;1
167499;5;3;34;2;2021;7;13;4;3;5;2;1;1;0;0;0;0;0;295442,455999014899135;5628587,607995549216866;6,098702244000037;50,772927678000030;5210721608200670000;0
167502;5;7;58;12;2021;6;0;1;2;0;1;1;0;0;0;0;2;0;477224,437301302328706;5774502,048156600445509;8,667344160000027;52,120582340000055;5210620406110890000;0
167506;5;7;74;8;2021;10;15;7;3;5;3;1;0;0;0;0;0;0;487359,047395586967468;5736691,104590153321624;8,816758191000076;51,780949275000069;5211009411108990000;0
167507;5;7;66;20;2021;1;13;6;3;1;5;1;1;0;0;0;0;0;490868,766239581629634;5755098,141065880656242;8,867147872000032;51,946517870000037;5210108404101070000;1
167510;5;7;62;32;2021;9;11;4;2;4;6;1;1;0;0;0;0;0;503641,771642190404236;5742626,003937136381865;9,052853213000049;51,834442381000031;5210908407221570000;0
167511;5;7;74;32;2021;5;15;6;2;6;4;1;0;1;0;0;0;0;483762,125173333100975;5729283,651886342093349;8,764963941000076;51,714254040000071;5210528411132740000;1
167512;5;7;74;32;2021;12;7;2;3;5;3;1;1;0;0;0;2;0;482998,413000000640750;5730623,319999655708671;8,753844256000036;51,726276775000031;5211220411132550000;0
167513;5;7;66;4;2021;5;14;5;3;5;2;1;1;0;0;0;0;0;481680,880251506343484;5750781,095303833484650;8,733702479000044;51,907476715000030;5210527404101070000;1
167514;5;7;70;24;2021;9;17;3;3;5;2;1;1;0;0;0;0;0;491810,655195198021829;5793626,268903400748968;8,879924336000045;52,292929503000039;5210907410110120000;0
167515;5;3;34;32;2021;8;20;3;2;0;1;1;0;0;0;0;2;0;303883,456999180838466;5629526,075996713712811;6,217768993000050;50,784272314000077;5210824608332060000;0
167516;5;7;70;24;2021;9;6;4;3;0;1;1;0;0;0;0;0;0;494250,548923270776868;5794161,561463814228773;8,915689909000037;52,297773001000053;5210908410110790000;0
167518;5;7;74;36;2021;9;14;7;3;0;7;1;0;1;0;0;0;0;477182,552854488603771;5720877,822181601077318;8,670278300000064;51,638445566000030;5210904411236530000;0
167521;5;7;66;40;2021;6;7;2;3;5;2;1;1;0;0;0;0;0;486748,466000000014901;5760580,034999672323465;8,806989483000052;51,995722415000046;5210614404102070000;0
167524;5;3;34;32;2021;4;8;1;2;0;1;1;0;0;0;0;0;0;309236,345976357348263;5628440,509973227977753;6,294179934000056;50,776306591000036;5210425608332070000;0
167525;5;7;70;24;2021;3;7;2;3;5;3;1;1;0;0;0;0;0;493595,181435947306454;5793510,814916295930743;8,906091972000070;52,291915217000053;5210315410110080000;0
167527;5;7;74;32;2021;5;16;6;3;5;2;1;1;0;0;0;0;0;482877,776069175451994;5729392,060817830264568;8,752158177000069;51,715202479000027;5210528411132550000;0
167528;5;7;54;36;2021;10;7;4;3;0;1;1;0;0;0;0;1;0;476765,857868383638561;5750754,837354337796569;8,662257787000044;51,907057301000066;5211006405236790000;1
167531;5;7;11;0;2021;4;15;5;3;5;3;1;1;0;0;0;0;0;472372,824000001884997;5753469,644999668002129;8,598182333000068;51,931265200000041;5210415400300560000;0
167536;5;7;66;20;2021;11;16;2;3;1;5;1;1;0;0;0;0;0;492634,548868524841964;5753780,454282348975539;8,892866764000075;51,934696688000031;5211108404101650000;0
167537;5;7;70;24;2021;12;10;4;2;0;1;1;0;0;0;0;0;0;497001,683050635270774;5793058,740479309111834;8,956042404000073;52,287879988000043;5211215410110370000;1
167540;5;7;58;36;2021;10;17;2;3;5;3;1;1;0;0;0;0;0;489875,850392371416092;5778904,418906498700380;8,851996241000052;52,160539274000030;5211004406150850000;0
167542;5;7;74;32;2021;7;14;3;3;2;6;1;1;0;0;0;0;0;481544,298515858128667;5729463,008099611848593;8,732852733000072;51,715798092000057;5210706411132370000;1
167545;5;7;74;32;2021;2;20;1;3;0;5;1;1;0;0;0;2;0;482266,000689531676471;5729307,654205655679107;8,743307203000029;51,714424542000074;5210228411132580000;0
167546;5;7;58;12;2021;12;19;1;3;0;1;1;0;0;0;0;2;0;478524,468232644721866;5772980,071947434917092;8,686427882000032;52,106950820000066;5211219406110880000;1
167547;5;3;14;0;2021;7;18;4;3;0;7;1;1;0;0;0;0;0;364890,871999863535166;5620844,308999460190535;7,085811388000025;50,723672221000072;5210728600110860000;0
167549;5;7;70;4;2021;6;13;6;3;5;3;1;1;0;0;0;0;0;487596,598000000230968;5782262,066999679431319;8,818553497000039;52,190680184000030;5210625410230980000;0
167551;5;7;74;32;2021;3;10;3;2;2;2;1;1;0;0;0;0;0;481066,408000001683831;5728086,599999651312828;8,726010106000047;51,703406461000043;5210330411132060000;0
167554;5;7;66;20;2021;4;17;3;2;1;1;1;1;0;0;0;0;0;495989,728715806268156;5753716,750564863905311;8,941669811000054;51,934158219000039;5210420404101080000;0
167555;5;7;74;32;2021;12;20;7;3;5;2;1;1;0;0;0;2;0;483302,886000000871718;5730227,671999655663967;8,758271467000043;51,722728535000044;5211204411132050000;1
167556;5;7;74;36;2021;4;15;3;3;0;1;1;0;0;0;0;0;0;476754,523056647740304;5721292,077217929065228;8,664065682000057;51,642152751000026;5210427411236060000;0
167558;5;7;70;40;2021;10;12;5;3;5;2;1;1;0;0;0;0;0;473997,919424251653254;5808954,491470525041223;8,617562623000026;52,430179075000069;5211028410240390000;0
167559;5;7;74;8;2021;12;14;5;3;3;3;1;1;0;0;0;0;0;487056,852622655220330;5736997,914091162383556;8,812366192000070;51,783700966000026;5211223411108560000;1
167562;5;7;66;44;2021;6;10;4;3;1;5;1;1;0;0;0;0;0;493937,510671098716557;5764603,823083341121674;8,911627503000034;52,032025029000067;5210602404301290000;0
167564;5;7;74;32;2021;4;10;4;3;0;3;1;0;0;0;0;0;0;482837,895517646335065;5729653,093631893396378;8,751568057000043;51,717548287000056;5210421411132770000;0
167567;5;7;74;32;2021;5;12;1;3;8;1;1;0;0;0;0;0;0;480486,098000000230968;5729471,158999655395746;8,717534963000048;51,715835558000038;5210509411132030000;0
167572;5;7;66;44;2021;9;2;1;2;9;1;1;1;0;0;0;2;0;492678,083142657764256;5764484,629880355671048;8,893271496000068;52,030938177000053;5210919404301980000;0
167575;5;7;66;20;2021;11;11;4;3;0;1;1;0;0;0;0;0;0;490522,181058419868350;5755880,836371060460806;8,862083766000069;51,953549293000037;5211103404101260000;1
167576;5;7;58;12;2021;3;7;4;3;2;6;1;1;0;0;0;1;0;476863,421029093675315;5770717,202341347932816;8,662328410000043;52,086539149000032;5210310406110050000;0
167579;5;7;74;32;2021;6;17;3;3;5;3;1;1;0;0;0;0;0;480397,637111715972424;5736199,396490894258022;8,715875250000067;51,776327660000049;5210615411232230000;0
167580;5;7;11;0;2021;3;15;2;2;5;3;1;1;0;0;0;0;0;472857,054999999701977;5763401,076999669894576;8,604439385000035;52,020580361000043;5210308400200350000;0
167584;5;7;66;20;2021;12;17;2;3;4;1;1;0;0;0;0;2;0;490283,212000001221895;5754543,848999664187431;8,858644221000077;51,941524300000026;5211220404101190000;1
167587;5;7;74;32;2021;11;10;2;3;5;3;1;1;0;0;0;0;0;482638,493000000715256;5732938,706999657675624;8,748517715000048;51,747084030000053;5211122411132570000;0
167589;5;7;66;44;2021;5;13;4;2;5;3;1;1;0;0;0;0;0;490814,246000000275671;5764002,684999672695994;8,866116138000052;52,026577323000026;5210512404301580000;0
167594;5;7;58;12;2021;10;14;6;2;5;3;1;0;0;1;0;0;0;478862,120000000111759;5779265,676999678835273;8,690967185000034;52,163475317000064;5211029406110890000;0
167596;5;7;58;16;2021;5;20;2;3;1;7;1;1;0;0;0;1;0;475100,188311602920294;5777615,779502073302865;8,636090369000044;52,148484958000040;5210531406110090000;0
167598;5;7;70;4;2021;4;7;2;3;0;1;1;0;0;0;0;0;0;487644,107406166382134;5783715,908210963010788;8,819195469000022;52,203752172000065;5210419410230020000;0
167601;5;3;34;32;2021;7;17;5;3;5;3;1;1;0;0;0;0;0;307465,717984664253891;5628957,644698426127434;6,268824643000073;50,780366797000056;5210729608332550000;0
167602;5;7;70;32;2021;6;17;7;2;0;1;1;0;0;0;0;0;0;494805,370000001974404;5786994,679999683052301;8,923936152000067;52,233344369000065;5210612410120570000;0
167603;5;7;62;4;2021;2;13;6;3;0;1;1;0;0;0;0;0;0;506339,897205385379493;5729236,181732505559921;9,091766698000072;51,714026441000044;5210205407206090000;1
167604;5;7;74;32;2021;11;7;3;3;0;3;1;1;0;0;0;0;0;482996,805386221036315;5730625,871013935655355;8,753820856000061;51,726299663000077;5211102411132930000;1
167606;5;7;62;16;2021;10;7;4;3;2;7;1;1;0;0;0;0;0;512756,139058293774724;5730389,502913586795330;9,184680294000032;51,724287121000032;5211027407140290000;1
167608;5;7;66;20;2021;2;15;5;3;1;1;1;1;0;0;0;0;0;486717,410550476051867;5754934,640626836568117;8,806755607000071;51,944964199000026;5210225404101670000;0
167610;5;3;34;2;2021;8;12;3;2;8;1;1;0;0;0;0;0;0;293700,820760805159807;5628421,486542077735066;6,074127523000072;50,770819011000071;5210810608100070000;1
167612;5;7;62;4;2021;5;18;6;3;1;1;1;1;0;0;0;0;0;501398,748337631113827;5730490,874510971829295;9,020251203000043;51,725341959000048;5210514407201190000;0
167614;5;7;58;12;2021;12;13;2;3;5;3;1;1;0;0;0;0;0;476607,375962599180639;5773743,333250211551785;8,658383791000063;52,113735255000051;5211220406110380000;0
167615;5;7;74;32;2021;6;14;6;2;3;2;1;1;0;0;0;0;0;482488,368999999947846;5728974,019999656826258;8,746542633000047;51,711431720000064;5210625411132570000;0
167617;5;3;58;8;2021;8;14;5;3;1;5;1;1;0;0;0;0;0;322414,489088714122772;5630664,803890923038125;6,479825761000029;50,800474630000053;5210819609108360000;0
167620;5;7;66;20;2021;9;13;2;3;0;1;1;0;0;0;0;0;0;492697,583000000566244;5753465,466999664902687;8,893790304000049;51,931865454000047;5210906404101080000;0
167624;5;7;74;32;2021;6;16;5;3;0;1;1;0;0;0;0;0;0;482028,335521146655083;5729496,548653773963451;8,739857385000050;51,716115385000080;5210624411132660000;0
167625;5;3;82;60;2021;8;17;1;3;3;6;1;1;0;0;0;0;0;373907,476402091793716;5629066,980004148557782;7,210670093000033;50,799608348000049;5210801607100040000;0
167627;5;7;74;32;2021;3;17;2;3;0;7;1;0;0;0;0;0;0;483342,838429464027286;5732021,588825976476073;8,758764014000064;51,738859355000045;5210329411132970000;0
167628;5;7;58;12;2021;12;13;2;3;5;3;1;1;0;0;0;0;0;477974,283000000752509;5773491,786999678239226;8,678361460000076;52,111529833000077;5211220406110180000;0
167633;5;7;66;20;2021;10;8;5;3;5;2;1;1;0;0;0;0;0;492101,639866202138364;5754031,945623725652695;8,885109645000057;51,936950548000027;5211007404100460000;0
167634;5;3;82;20;2021;8;15;1;3;0;7;1;0;0;0;0;0;0;379133,412324291653931;5626304,562224648892879;7,285701694000068;50,775891168000044;5210808607000110000;1
167635;5;7;66;44;2021;3;7;6;3;4;6;1;1;0;0;0;0;0;494073,422839083708823;5764125,481004770845175;8,913616970000021;52,027725772000053;5210319404301890000;2
167636;5;7;62;36;2021;6;10;1;3;0;1;1;0;0;0;0;0;0;510691,419045713730156;5704172,903574373573065;9,153988390000052;51,488602927000045;5210620407301080000;0
167637;5;7;74;32;2021;7;16;1;3;1;5;1;1;0;0;0;0;0;483238,269073112867773;5732306,066091023385525;8,757235905000073;51,741414051000049;5210704411132450000;0
167638;5;7;74;32;2021;10;15;6;3;0;1;1;0;0;0;0;0;0;476776,139999999664724;5734523,959999656304717;8,663496709000071;51,761124975000030;5211022411232590000;0
167639;5;7;74;32;2021;11;17;6;3;0;7;1;0;0;0;0;2;0;481861,536013057455420;5729505,797115040943027;8,737442482000063;51,716193170000054;5211119411132450000;1
167640;5;3;58;52;2021;8;6;4;3;8;1;1;0;0;0;0;0;0;337442,769999658688903;5629575,555998971685767;6,693386040000064;50,795097935000058;5210825609152080000;1
167641;5;7;74;32;2021;11;18;3;2;6;6;1;0;1;0;0;2;0;484450,938030117191374;5727701,156898243352771;8,775004715000023;51,700044810000065;5211102411132330000;0
167642;5;7;74;32;2021;11;18;5;2;5;3;1;1;0;0;0;2;0;483488,740000002086163;5728854,813999652862549;8,761027169000045;51,710390239000048;5211104411132070000;1
167645;5;7;70;8;2021;6;9;4;3;6;1;1;0;1;0;0;0;0;474266,594866057857871;5803206,399237267673016;8,621956173000058;52,378515618000051;5210602410220990000;0
167647;5;7;74;32;2021;3;11;4;3;5;2;1;1;0;0;0;0;0;481282,906996920704842;5733196,851919179782271;8,728868318000025;51,749361423000039;5210331411232170000;0
167650;5;7;70;24;2021;12;13;2;3;0;3;1;1;0;0;0;0;0;494382,074000000022352;5794121,850999688729644;8,917619257000069;52,297417345000042;5211220410110290000;0
167656;5;7;70;4;2021;10;7;1;2;1;7;1;1;0;0;0;0;0;486609,100876169279218;5782857,510750992223620;8,804084185000022;52,196010489000059;5211017410230590000;0
167658;5;3;34;2;2021;7;12;6;2;5;3;1;0;0;0;0;0;0;296054,916545751504600;5628139,042487397789955;6,107625774000041;50,769114571000046;5210723608200960000;0
167659;5;7;70;24;2021;10;14;4;3;1;3;1;1;0;0;0;0;0;493153,815744858235121;5794919,045330360531807;8,899592010000049;52,304570572000046;5211013410110480000;0
167660;5;7;62;4;2021;10;16;6;3;1;5;1;1;0;0;0;0;0;501285,837358862161636;5731625,951495693996549;9,018620661000057;51,735548130000041;5211015407201090000;1
167663;5;7;74;32;2021;7;17;6;3;0;6;1;1;0;0;0;0;0;482255,088264235295355;5730181,329801589250565;8,743104743000060;51,722279678000064;5210702411132130000;0
167665;5;3;82;76;2021;7;18;3;3;5;3;1;1;0;0;0;0;0;398213,382999966852367;5629193,207999592646956;7,555419736000033;50,805522875000065;5210720607300230000;0
167667;5;7;74;32;2021;1;12;4;3;0;2;1;0;0;0;0;0;0;478658,450851748697460;5731051,809362145140767;8,690983173000063;51,729981017000057;5210120411232070000;0
167669;5;3;14;0;2021;8;21;5;3;0;1;1;0;0;0;0;1;0;366316,427999871782959;5622241,305999476462603;7,105489891000047;50,736558167000055;5210826600110670000;1
167670;5;7;74;32;2021;3;15;6;3;5;2;1;1;0;0;0;0;0;484071,976999999955297;5729127,097999652847648;8,769456027000047;51,712855298000079;5210326411132580000;0
167672;5;7;74;32;2021;9;17;5;3;0;5;1;0;0;0;0;0;0;483864,052000001072884;5729510,048999654129148;8,766428788000042;51,716292591000069;5210902411132570000;0
167676;5;3;82;76;2021;7;19;4;3;3;6;1;1;0;0;0;0;0;399642,573330864310265;5628079,496316902339458;7,576000804000046;50,795759923000048;5210728607300580000;0
167681;5;7;54;36;2021;9;18;1;3;5;3;1;1;0;0;0;0;0;473808,225504580885172;5750381,145155804231763;8,619293651000021;51,903566251000029;5210905405236070000;0
167682;5;7;74;8;2021;10;18;6;2;5;3;1;1;0;0;0;1;0;486757,616000000387430;5736287,121999658644199;8,808055375000038;51,777303057000040;5211015411108090000;1
167684;5;7;66;20;2021;11;16;5;3;5;3;1;1;0;0;0;1;0;491440,122218499891460;5754348,573519678786397;8,875479284000050;51,939787576000072;5211104404101230000;1
167688;5;7;66;8;2021;12;14;2;3;0;1;1;1;0;0;0;0;0;483944,598150883801281;5769938,160463951528072;8,765711652000050;52,079785694000066;5211206404302280000;0
167691;5;7;62;24;2021;6;16;3;2;0;7;1;0;0;0;0;0;0;516008,352011864073575;5740844,605247709900141;9,232246650000036;51,818207992000055;5210622407253570000;0
167697;5;7;70;24;2021;2;10;2;2;0;7;1;0;0;0;0;0;0;493092,810386963188648;5792848,509782133623958;8,898739751000051;52,285954675000028;5210201410110580000;2
167698;5;7;66;32;2021;3;14;4;3;3;6;1;1;0;0;0;0;0;498197,995000000111759;5749564,669999666512012;8,973811203000025;51,896838032000062;5210324404103880000;0
167701;5;7;66;8;2021;5;16;4;3;3;6;1;0;0;1;0;0;0;482520,705574034713209;5768560,378273509442806;8,745004303000030;52,067355262000035;5210512404302450000;0
167702;5;7;74;32;2021;6;16;4;3;0;3;1;1;0;0;0;0;0;481618,022493473254144;5729529,854380562901497;8,733916352000051;51,716401548000078;5210609411132650000;0
167703;5;3;82;12;2021;8;17;5;3;1;5;1;1;0;0;0;0;0;352277,612578547559679;5629496,075467264279723;6,903759791000027;50,798354752000080;5210819600000030000;0
167704;5;7;74;32;2021;9;16;4;3;5;2;1;1;0;0;0;0;0;484740,752000001259148;5726088,300999656319618;8,779268847000026;51,685550991000071;5210915411132000000;0
167707;5;7;11;0;2021;6;5;4;3;5;3;1;1;0;0;0;0;0;472992,860922898165882;5760135,040954219177365;8,606675961000064;51,991222917000073;5210602400200690000;0
167708;5;7;66;40;2021;12;17;2;3;5;3;1;1;0;0;0;2;0;486244,023414301685989;5759665,435483045876026;8,799678949000054;51,987487059000046;5211213404102070000;0
167712;5;7;70;28;2021;9;23;4;3;7;1;1;0;0;0;0;2;0;499572,385999999940395;5798517,802999688312411;8,993723916000022;52,336967591000075;5210908410120780000;0
167715;5;7;74;24;2021;3;15;4;3;4;3;1;1;0;0;0;0;0;476157,006762919016182;5740769,621522201225162;8,654096640000034;51,817254437000031;5210331411224930000;0
167716;5;7;70;8;2021;7;7;5;3;0;5;1;1;0;0;0;0;0;472860,511392594315112;5803394,048515554517508;8,601285042000029;52,380134746000067;5210701410220490000;1
167717;5;3;62;12;2021;8;6;5;3;4;6;1;1;0;0;0;1;0;352239,496755357831717;5630447,430712359026074;6,902836458000024;50,806894653000029;5210819602800990000;0