OID_;ULAND;UREGBEZ;UKREIS;UGEMEINDE;UJAHR;UMONAT;USTUNDE;UWOCHENTAG;UKATEGORIE;UART;UTYP1;IstRad;IstPKW;IstFuss;IstKrad;IstSonstige;ULICHTVERH;IstGkfz;LINREFX;LINREFY;XGCSWGS84;YGCSWGS84;UIDENTSTLAE;IstStrassenzustand
167718;5;7;74;32;2021;1;15;5;2;5;3;1;1;0;0;0;0;0;485033,018000002019107;5731345,505999656394124;8,783270783000034;51,732828183000038;5210121411132190000;0
167719;5;7;74;32;2021;5;14;6;2;5;3;1;1;0;0;0;0;0;482098,902999999932945;5732733,895999655127525;8,740712355000028;51,745225539000046;5210514411132090000;0
167721;5;7;70;24;2021;12;17;3;3;3;6;1;1;0;0;0;2;0;492674,330265679396689;5792537,841221388429403;8,892611545000022;52,283156188000078;5211228410110480000;1
167722;5;3;14;0;2021;8;9;4;3;3;6;1;1;0;0;0;0;0;370462,734794285148382;5621180,425884839147329;7,164589790000036;50,727962293000076;5210825600140990000;0
167726;5;7;74;32;2021;9;18;1;3;5;3;1;1;0;0;0;0;0;482498,267668006941676;5730078,771619709208608;8,746630398000036;51,721365190000029;5210905411132480000;0
167728;5;7;66;20;2021;1;7;5;3;0;1;1;0;0;0;0;1;0;491863,055753040127456;5755359,701036334037781;8,881607760000065;51,948884995000071;5210128404101080000;1
167729;5;3;82;60;2021;8;17;6;3;0;1;1;0;0;0;0;0;0;373376,604427736252546;5629053,067869152873755;7,203145440000071;50,799367540000048;5210820607100270000;0
167730;5;7;70;24;2021;7;15;3;3;1;1;1;1;0;0;0;0;0;494292,349547810852528;5793445,686234464868903;8,916315005000058;52,291337362000036;5210706410110470000;0
167732;5;7;58;12;2021;9;14;5;3;0;1;1;0;0;0;0;0;0;477140,972755949944258;5774289,307675249874592;8,666139405000024;52,118666225000027;5210923406110990000;0
167733;5;3;82;32;2021;10;7;2;3;5;3;1;1;0;0;0;0;0;361860,890802544541657;5610725,007098054513335;7,046689987000036;50,632009923000055;5211004600350990000;0
167734;5;7;11;0;2021;10;7;3;3;3;6;1;1;0;0;0;1;0;473275,096024806611240;5763725,260840654373169;8,610506128000054;52,023515302000078;5211005400200800000;0
167735;5;7;70;4;2021;9;15;6;2;0;1;1;0;0;0;0;0;0;486650,729817641898990;5782302,154208183288574;8,804715114000032;52,191018505000045;5210903410230090000;0
167738;5;3;66;40;2021;7;14;3;3;5;2;1;1;0;0;0;0;0;347783,222999752499163;5624584,667999232187867;6,842063092000046;50,753055556000049;5210720603140510000;0
167739;5;7;70;24;2021;12;11;6;2;1;7;1;1;0;0;0;0;0;494013,518703875131905;5794024,689001522958279;8,912216530000023;52,296539918000065;5211203410110790000;0
167740;5;7;70;24;2021;2;16;5;3;1;5;1;1;0;0;0;0;0;496568,559957114048302;5791148,215012799948454;8,949711940000043;52,270700823000027;5210204410110580000;0
167744;5;7;74;32;2021;11;22;3;3;1;2;1;1;0;0;0;2;0;482473,500831596553326;5728546,448682125657797;8,746348941000065;51,707586827000057;5211102411112790000;1
167746;5;7;11;0;2021;11;16;2;2;5;3;1;1;0;0;0;0;0;472372,824000001884997;5753469,644999668002129;8,598182333000068;51,931265200000041;5211108400300160000;1
167747;5;3;82;68;2021;7;18;7;3;5;3;1;1;0;0;0;0;0;370959,775512176565826;5630006,153617644682527;7,168532885000047;50,807400924000035;5210724607400070000;0
167753;5;7;70;12;2021;7;0;7;2;0;1;1;0;0;0;0;2;0;483033,998763682320714;5792398,189453696832061;8,751300065000066;52,281687603000080;5210703410140070000;0
167755;5;7;70;24;2021;11;9;3;2;0;1;1;0;0;0;0;0;0;489430,032418360933661;5794844,136220188811421;8,844980527000075;52,303838056000075;5211116410110590000;1
167756;5;7;74;32;2021;6;14;6;3;1;5;1;0;0;0;1;0;0;482316,190905512310565;5729336,307262094691396;8,744032225000069;51,714683756000056;5210625411132970000;0
167759;5;3;58;8;2021;8;13;4;3;0;2;1;1;0;0;0;0;0;321431,605465207248926;5628894,882342224940658;6,466752029000077;50,784271596000053;5210818609108020000;0
167760;5;7;74;32;2021;1;16;7;3;0;7;1;0;1;0;0;0;0;484814,036350625567138;5734303,703193336725235;8,779970668000033;51,759420279000039;5210130411133630000;0
167762;5;7;58;12;2021;3;15;6;3;3;2;1;1;0;0;0;0;0;478253,524643491953611;5775100,216683389618993;8,682336338000027;52,126001694000081;5210326406110080000;0
167763;5;3;82;48;2021;8;7;6;3;1;5;1;1;0;0;0;0;0;355480,259851385839283;5609370,015866853296757;6,957054549000077;50,618285217000050;5210820600330360000;0
167765;5;7;70;8;2021;4;17;4;3;5;3;1;1;0;0;0;0;0;474244,558377427048981;5803881,914195278659463;8,621580531000063;52,384587581000062;5210414410220080000;0
167766;5;7;74;8;2021;2;13;1;2;0;1;1;0;0;0;0;0;0;487444,608168717473745;5736853,947306849062443;8,817992572000037;51,782415361000062;5210228411108550000;0
167767;5;7;74;32;2021;6;14;2;3;4;3;1;0;0;0;0;0;0;480948,888130031526089;5731856,353206362575293;8,724103278000030;51,737297405000049;5210607411132380000;0
167769;5;3;34;2;2021;8;14;3;2;3;6;1;0;0;0;0;0;0;295538,552999017760158;5628605,025995565578341;6,100053670000023;50,773117991000049;5210824608200960000;0
167770;5;7;70;24;2021;9;0;1;2;8;1;1;0;0;0;0;2;0;494254,986308985389769;5794211,493624495342374;8,915754127000071;52,298221962000071;5210926410110030000;0
167772;5;7;74;32;2021;12;12;1;3;5;3;1;1;0;0;0;0;0;483531,498000000603497;5730374,710999654605985;8,761574158000030;51,724057369000036;5211219411132680000;1
167775;5;7;62;8;2021;6;15;3;3;4;7;1;0;0;0;0;0;0;526101,068852621130645;5723937,432025855407119;9,377398766000056;51,665812620000054;5210615407120970000;0
167777;5;3;14;0;2021;6;0;4;3;6;6;1;0;1;0;0;2;0;365507,706371776759624;5622465,156999109312892;7,093954066000038;50,738383407000072;5210616600110290000;0
167778;5;7;66;8;2021;9;15;3;3;0;3;1;1;0;0;0;0;0;482660,262815652415156;5768032,727825922891498;8,747067005000076;52,062615665000067;5210921404302020000;0
167779;5;7;70;8;2021;4;18;3;3;5;1;1;1;0;0;0;0;0;474265,459787853993475;5803289,197117285802960;8,621933141000056;52,379259933000071;5210420410220880000;0
167780;5;7;66;44;2021;9;2;1;3;9;1;1;0;0;0;0;2;0;488072,557641374878585;5764007,362310511991382;8,826155596000035;52,026567194000052;5210926404301490000;0
167784;5;7;66;32;2021;3;16;7;2;5;2;1;1;0;0;0;0;0;496241,450762951746583;5746890,512690320611000;8,945405610000023;51,872784570000078;5210306404103320000;0
167785;5;7;74;32;2021;6;9;4;3;5;2;1;1;0;0;0;0;0;483498,130153676494956;5730607,283844752237201;8,761080051000022;51,726147521000030;5210623411132090000;0
167790;5;7;74;8;2021;6;17;7;2;0;1;1;0;0;0;0;0;0;487105,297448238357902;5736080,356907613575459;8,813102570000069;51,775452099000063;5210626411108070000;0
167794;5;7;66;16;2021;6;16;5;3;3;6;1;0;0;0;0;0;0;502258,956533768214285;5751769,763273712247610;9,032844196000042;51,916662582000072;5210610404103590000;0
167796;5;7;66;56;2021;9;19;3;3;6;6;1;0;1;0;0;1;0;476707,654347729869187;5755741,501176515594125;8,661074161000045;51,951889514000072;5210921404102070000;0
167797;5;7;62;8;2021;12;16;2;3;0;1;1;0;0;0;0;2;0;526036,564596768468618;5723843,873496634885669;9,376459140000065;51,664974402000041;5211220407120880000;1
167798;5;7;74;32;2021;5;16;3;3;6;6;1;0;1;0;0;0;0;482387,067021076567471;5729377,894786296412349;8,745056022000028;51,715059912000072;5210525411132280000;1
167801;5;7;11;0;2021;3;15;3;2;4;6;1;0;0;0;0;0;0;472867,662084779702127;5764610,986586691811681;8,604498017000026;52,031458819000079;5210323400200680000;0
167802;5;3;82;60;2021;8;16;2;3;5;3;1;1;0;0;0;0;0;372793,186999898403883;5629422,549999523907900;7,194742811000026;50,802560792000065;5210830607100530000;0
167804;5;7;74;32;2021;11;13;4;3;1;5;1;1;0;0;0;0;0;480412,757544739171863;5733587,611939886584878;8,716241672000024;51,752845086000036;5211103411232470000;1
167805;5;7;70;24;2021;3;12;4;3;0;7;1;0;0;0;0;0;0;492885,108000000007451;5791025,507999684661627;8,895733284000073;52,269562295000071;5210324410110870000;0
167807;5;7;66;8;2021;1;5;2;3;0;1;1;0;0;0;0;2;0;482836,557038827799261;5767923,030029302462935;8,749644079000063;52,061634887000082;5210125404302470000;2
167808;5;7;11;0;2021;2;7;5;3;5;2;1;0;0;0;0;0;0;475519,561351276934147;5766292,750118456780910;8,643032882000057;52,046702499000048;5210225400200460000;0
167812;5;7;70;4;2021;1;15;5;2;1;5;1;1;0;0;0;0;0;485335,915168563835323;5783354,478290496394038;8,785435438000036;52,200446125000042;5210107410230580000;0
167817;5;7;74;8;2021;11;17;5;3;6;4;1;0;1;0;0;1;0;487621,762124922126532;5737226,972090778872371;8,820547339000029;51,785773266000035;5211118411108650000;0
167819;5;7;70;32;2021;11;15;5;3;0;7;1;0;1;0;0;0;0;491694,988110741600394;5783850,664976542815566;8,878468769000051;52,205039648000081;5211118410120010000;1
167820;5;3;82;56;2021;8;15;2;3;0;1;1;0;0;0;0;0;0;373258,751232517883182;5626828,657975923269987;7,202241177000076;50,779347903000030;5210823607500870000;0
167823;5;7;66;8;2021;5;19;1;3;5;2;1;1;0;0;0;0;0;482981,825000001117587;5768800,886999674141407;8,751719256000058;52,069531982000058;5210530404302120000;0
167826;5;7;70;8;2021;3;6;4;3;5;3;1;1;0;0;0;2;0;473860,243781188502908;5803128,998955186456442;8,615992739000035;52,377800533000027;5210310410240040000;0
167828;5;7;66;20;2021;9;7;6;3;0;2;1;1;0;0;0;0;0;491096,106754090636969;5755419,891768263652921;8,870447150000075;51,949414421000029;5210903404101720000;0
167835;5;3;58;8;2021;8;16;2;3;0;3;1;1;0;0;0;0;0;323397,382821337319911;5631208,159139687195420;6,493498718000069;50,805656599000031;5210823609108550000;0
167836;5;7;66;20;2021;10;9;6;3;5;3;1;0;0;0;0;0;0;486330,671000000089407;5754183,649999668821692;8,801158942000029;51,938202677000049;5211015404101650000;1
167841;5;1;14;0;2021;8;13;5;3;3;2;1;1;0;0;0;0;0;331414,447999604046345;5690066,881998691707850;6,579732466000053;51,336858041000028;5210812505200670000;0
167844;5;1;62;24;2021;8;10;3;3;0;1;1;0;0;0;0;0;0;342495,758999711833894;5667794,811999099329114;6,748476840000023;51,139918011000077;5210810513210460000;1
167847;5;3;62;36;2021;8;20;4;3;0;7;1;0;0;0;0;0;0;345092,292192050255835;5652089,592111088335514;6,792291850000026;50,999504175000027;5210804602300020000;0
167853;5;9;66;20;2021;7;22;6;2;0;1;1;0;0;0;0;2;0;430772,314183037728071;5664629,131439220160246;8,010668386000020;51,128941061000035;5210730314310780000;1
167854;5;9;54;8;2021;7;14;2;2;5;3;1;0;0;0;1;0;0;386286,837999942712486;5684199,380999593064189;7,368943740000020;51,297744955000042;5210719310220570000;0
167855;5;3;15;0;2021;8;12;1;3;5;3;1;1;0;0;0;0;0;355879,137999812141061;5644584,463999368250370;6,948887601000024;50,934860295000078;5210829601100470000;1
167861;5;1;11;0;2021;7;19;5;3;5;3;1;0;0;0;0;0;0;341843,012999705970287;5674281,914999078959227;6,736300423000046;51,198026145000028;5210729500300480000;0
167864;5;1;11;0;2021;7;6;6;3;0;7;1;0;0;0;0;0;0;345673,705502122640610;5676379,118952460587025;6,790182751000032;51,217918054000052;5210730500100500000;0
167871;5;9;58;44;2021;8;16;3;2;3;6;1;0;0;0;0;0;0;427685,851165423169732;5679167,880400724709034;7,963638894000042;51,259273646000054;5210817313130770000;1
167872;5;3;62;24;2021;8;15;6;3;0;1;1;0;0;0;0;0;0;346267,142999741248786;5642954,495999198406935;6,812881236000067;50,917731335000042;5210806602500860000;0
167873;5;1;11;0;2021;7;8;7;3;3;3;1;1;0;0;0;0;0;348885,219999765977263;5675268,636999249458313;6,836601160000043;51,208798555000044;5210724500300570000;0
167874;5;3;15;0;2021;8;20;6;2;0;1;1;0;0;0;0;1;0;355647,156529092229903;5645532,851219154894352;6,945212575000028;50,943325250000044;5210827601100670000;1
167877;5;3;15;0;2021;7;7;2;2;5;3;1;1;0;0;0;0;0;357417,665993863716722;5649109,489653198048472;6,968996465000032;50,975908758000060;5210719601400280000;0
167880;5;9;58;4;2021;6;12;7;3;0;1;1;0;0;0;0;0;0;434422,879817068576813;5695084,395002184435725;8,057244757000035;51,403190255000027;5210612313110080000;0
167881;5;3;15;0;2021;7;13;5;2;0;1;1;0;0;0;0;0;0;363808,344313389621675;5638962,305388161912560;7,063762492000023;50,886258254000040;5210729601620890000;0
167883;5;3;78;4;2021;7;5;5;3;4;2;1;1;0;0;0;1;0;370462,813999890349805;5647711,825999509543180;7,155206740000040;50,966429049000055;5210729606100280000;1
167885;5;3;15;0;2021;8;23;7;2;0;1;1;0;0;0;0;2;0;354863,659183403477073;5643815,059904178604484;6,934751782000035;50,927691188000040;5210821601200990000;1
167889;5;3;15;0;2021;8;17;3;3;5;3;1;1;0;0;0;0;0;359124,007999831810594;5646997,140999410301447;6,994104358000072;50,957344961000047;5210817601500390000;1
167890;5;3;82;28;2021;10;8;4;3;5;2;1;1;0;0;0;0;0;373592,860999901778996;5633264,540999526157975;7,204761415000064;50,837269019000075;5211027607100990000;0
167892;5;1;58;20;2021;7;14;5;3;5;3;1;1;0;0;0;0;0;357105,177999822422862;5664287,423999385908246;6,958559545000071;51,112231388000055;5210729516800980000;0
167894;5;1;62;24;2021;8;16;2;2;5;3;1;1;0;0;0;0;0;338633,822999676689506;5672524,776998985558748;6,691196353000066;51,181341148000058;5210823513210480000;0
167897;5;3;15;0;2021;4;14;2;3;4;2;1;1;0;0;0;0;0;353751,767999798990786;5647441,415999336168170;6,917484973000057;50,959999151000034;5210426601300080000;0
167899;5;3;58;24;2021;8;12;3;3;8;1;1;0;0;0;0;0;0;311611,855314794927835;5645348,122486801818013;6,319136489000073;50,928962511000066;5210803609224570000;0
167901;5;1;11;0;2021;8;16;3;3;4;2;1;1;0;0;0;0;0;341037,268999699503183;5679624,121999053284526;6,722408772000051;51,245802566000066;5210831500100860000;0
167903;5;3;62;28;2021;7;20;4;3;5;3;1;1;0;0;0;0;0;351773,117116407491267;5639920,803694197908044;6,892387436000035;50,891909449000082;5210728602700310000;0
167904;5;1;62;4;2021;7;15;2;3;5;3;1;0;0;0;1;0;0;348416,746999761089683;5662576,546999238431454;6,835244600000067;51,094625506000057;5210726513320080000;0
167906;5;1;11;0;2021;8;17;3;2;5;2;1;1;0;0;0;0;0;350608,811999777331948;5672045,884999280795455;6,862598913000056;51,180292554000062;5210831500300600000;0
167908;5;3;15;0;2021;8;15;6;3;1;5;1;1;0;0;0;0;0;353530,204776481725276;5643051,782725671306252;6,916097056000069;50,920494845000064;5210806601200960000;0
167911;5;1;14;0;2021;7;18;6;3;5;3;1;1;0;0;0;0;0;328530,833999572321773;5690630,143998552113771;6,538103864000050;51,341055913000048;5210730505200070000;0
167912;5;3;15;0;2021;4;15;1;3;0;1;1;0;0;0;0;0;0;357956,530755632556975;5646019,402438061311841;6,977873479000039;50,948271466000051;5210425601500980000;0
167913;5;3;62;32;2021;6;12;1;3;0;1;1;0;0;0;0;0;0;333241,450804610736668;5635500,875844646245241;6,631131166000046;50,847143991000053;5210613602400970000;0
167915;5;1;16;0;2021;8;11;2;3;6;4;1;0;1;0;0;0;0;321229,351640576496720;5671524,470183841884136;6,442926077000038;51,167178484000033;5210809506100990000;1
167917;5;3;62;16;2021;8;18;1;3;1;5;1;1;0;0;0;0;0;333802,108875636942685;5642868,175069734454155;6,635738990000050;50,913500750000026;5210822602250390000;0
167918;5;1;11;0;2021;8;15;1;3;5;3;1;1;0;0;0;0;0;344699,412999730557203;5674998,611999152228236;6,776840643000071;51,205249484000035;5210822500300680000;0
167919;5;3;15;0;2021;8;17;6;3;6;6;1;0;1;0;0;0;0;356722,561003119684756;5645538,093590917065740;6,960507926000048;50,943640615000049;5210820601100820000;0
167921;5;3;16;0;2021;8;11;3;3;5;3;1;1;0;0;0;0;0;359264,515891173854470;5655968,150246625766158;6,992626740000048;51,038001657000052;5210810601700990000;0
167923;5;3;15;0;2021;7;13;7;3;1;6;1;1;0;0;0;0;0;355661,918999811634421;5644627,686999365687370;6,945781167000064;50,935194409000076;5210703601100090000;0
167929;5;3;15;0;2021;8;10;7;3;1;6;1;1;0;0;0;0;0;360355,479419747367501;5648501,819850724190474;7,011050047000026;50,971167452000032;5210821601510970000;0
167930;5;1;16;0;2021;8;14;7;2;1;5;1;1;0;0;0;0;0;320592,531274721957743;5674239,780983854085207;6,432471551000049;51,191371271000037;5210807506100780000;0
167931;5;3;15;0;2021;8;7;1;3;0;2;1;0;0;0;0;0;0;356716,041431794874370;5647710,702304072678089;6,959560054000065;50,963163940000072;5210801601400070000;1
167932;5;1;11;0;2021;8;16;4;3;4;2;1;1;0;0;0;0;0;341748,417999707162380;5683084,060999074950814;6,731058633000032;51,277088009000067;5210811500200770000;0
167936;5;9;58;44;2021;8;16;4;3;0;1;1;0;0;0;0;0;0;430557,567687946371734;5688471,031696820631623;8,002977150000049;51,343272311000078;5210804313130070000;1
167938;5;3;62;32;2021;7;14;7;3;0;6;1;1;0;0;0;0;0;337778,420851018279791;5637971,905699493363500;6,694428891000030;50,870637234000071;5210731602400270000;0
167940;5;1;58;20;2021;8;22;2;3;0;7;1;0;0;0;0;2;0;356480,306999817490578;5664013,322999378666282;6,949747590000072;51,109612018000064;5210802516800870000;0
167942;5;1;16;0;2021;8;13;7;3;5;2;1;1;0;0;0;0;0;318939,293999443762004;5673124,224997993558645;6,409399844000063;51,180828888000065;5210814506100990000;0
167945;5;1;11;0;2021;8;23;5;3;1;5;1;1;0;0;0;2;0;346857,305160270072520;5675745,070669563487172;6,807388249000041;51,212539453000034;5210812500100570000;0
167947;5;1;14;0;2021;8;17;3;3;0;1;1;0;0;0;0;0;0;331577,171250422485173;5688590,513801714405417;6,582764243000042;51,323642606000078;5210810505100180000;0
167948;5;3;15;0;2021;5;20;7;3;3;6;1;0;0;0;0;1;0;356419,680865146219730;5645313,657504737377167;6,956287954000061;50,941548290000071;5210501601100180000;0
167949;5;3;58;8;2021;8;20;3;3;5;3;1;1;0;0;0;1;0;322111,846999476663768;5633017,636998280882835;6,474394997000047;50,821519787000057;5210831609108660000;0
167951;5;1;14;0;2021;7;14;7;3;0;1;1;0;0;0;0;0;0;337533,434651049785316;5689561,989483684301376;6,667729261000034;51,334103249000066;5210731505100270000;0
167952;5;3;70;8;2021;6;14;7;3;5;3;1;1;0;0;0;0;0;288425,926998893730342;5653512,443994078785181;5,984903387000031;50,994243360000041;5210612610112880000;0
167954;5;1;12;0;2021;7;16;5;3;4;6;1;0;0;0;0;0;0;343629,045397208072245;5697241,782874815165997;6,751782141000035;51,404815270000029;5210722501319070000;0
167955;5;3;15;0;2021;8;14;2;3;0;1;1;0;0;0;0;0;0;355250,470999807119370;5642054,663999361917377;6,940950828000041;50,911968034000040;5210823601200420000;0
167958;5;3;15;0;2021;8;16;6;3;0;1;1;0;0;0;0;0;0;362318,250605023466051;5648335,983388295397162;7,039050845000077;50,970149570000046;5210813601500990000;0
167961;5;1;66;4;2021;8;10;6;2;8;1;1;0;0;0;0;0;0;304153,112999215722084;5680469,515996525064111;6,194092158000046;51,241926900000067;5210813514110650000;0
167965;5;9;66;20;2021;8;20;3;3;0;7;1;0;0;0;0;1;0;431358,692524773068726;5666200,872474309056997;8,018747476000044;51,143143120000047;5210824314310580000;0
167966;5;3;70;20;2021;7;13;2;3;0;3;1;0;0;0;0;0;0;306087,119460524059832;5658924,731298366561532;6,233367400000020;51,049077873000044;5210719610221480000;0
167967;5;1;16;0;2021;4;15;2;3;0;1;1;0;0;0;0;2;0;321980,779482048936188;5672839,600857352837920;6,453011646000050;51,179227093000065;5210426506100560000;0
167969;5;3;15;0;2021;7;16;7;3;5;2;1;1;0;0;0;0;0;356718,999999816529453;5642302,438999379053712;6,961729023000032;50,914561191000075;5210703601200400000;0
167972;5;3;78;4;2021;8;17;5;2;0;1;1;0;0;0;0;0;0;369522,036369864828885;5648157,388171918690205;7,141656403000070;50,970221360000039;5210812606100630000;0
167973;5;3;16;0;2021;7;18;6;3;0;7;1;0;0;0;0;0;0;363287,973999856971204;5655284,166999455541372;7,050237109000022;51,032825914000057;5210716601700070000;0
167974;5;1;66;28;2021;8;19;4;3;0;1;1;0;0;0;0;0;0;325952,236999540589750;5688454,748998416587710;6,502181458000052;51,320729820000054;5210825514215990000;0
167977;5;1;62;16;2021;8;19;5;3;5;3;1;1;0;0;0;0;0;332028,931999608874321;5677972,447998732328415;6,594232157000022;51,228382170000032;5210812513110430000;0
167979;5;1;66;12;2021;8;10;5;3;0;2;1;0;0;0;0;0;0;320640,987999474629760;5694009,502998072654009;6,423240814000053;51,368977908000033;5210812514210480000;0
167980;5;3;62;28;2021;8;18;6;3;5;2;1;1;0;0;0;0;0;351042,211999778635800;5638674,934999292716384;6,882510220000029;50,880525385000055;5210806602700980000;0
167984;5;3;15;0;2021;8;15;6;3;5;3;1;0;0;0;1;0;0;354435,551999802701175;5644213,556999346241355;6,928505066000071;50,931164505000027;5210806601200770000;0
167988;5;3;15;0;2021;7;21;6;3;0;1;1;0;0;0;0;0;0;360072,967039833776653;5647068,793842824175954;7,007580017000066;50,958220124000036;5210730601500280000;1
167990;5;3;70;4;2021;8;13;6;3;0;1;1;0;0;0;0;0;0;311486,555999328382313;5662013,914997404441237;6,308701441000039;51,078623685000082;5210820610211260000;0
167992;5;1;66;36;2021;8;9;5;3;1;5;1;1;0;0;0;0;0;328967,932847837917507;5682074,148709390312433;6,548474092000049;51,264322400000026;5210826514217990000;0
167993;5;3;15;0;2021;8;18;6;3;0;1;1;0;0;0;0;0;0;356448,147211621515453;5642779,670469418168068;6,957690775000060;50,918782722000060;5210813601100080000;0
167994;5;1;62;16;2021;8;15;2;3;5;3;1;1;0;0;0;0;0;333627,089999625459313;5676579,737998796626925;6,617746804000035;51,216337621000037;5210823513110480000;0
167995;5;1;11;0;2021;4;13;6;3;5;2;1;1;0;0;0;0;0;343840,958896377123892;5677912,998832926154137;6,763292495000030;51,231202117000066;5210423500100100000;0
167996;5;1;58;12;2021;7;8;1;3;8;1;1;0;0;0;0;0;0;359449,274999836459756;5687606,287999417632818;6,982885446000068;51,322368637000068;5210718516100480000;0
167998;5;3;82;28;2021;8;18;1;3;2;2;1;0;0;0;0;0;0;378610,233999921940267;5632954,538999550044537;7,276085847000047;50,835556755000027;5210815607000240000;0
168001;5;1;14;0;2021;8;11;5;3;4;6;1;0;0;0;0;0;0;331020,491294319741428;5689126,021033616736531;6,574528424000050;51,328288476000068;5210819505100380000;0
168002;5;3;78;4;2021;7;20;7;3;0;1;1;0;0;0;0;1;0;365780,292999876663089;5650977,655000001192093;7,087354038000058;50,994708790000061;5210731606100080000;0
168004;5;3;62;24;2021;8;6;4;3;0;1;1;0;0;0;0;0;0;345764,699311332777143;5642047,511642243713140;6,806122077000055;50,909447075000060;5210804602500070000;0
168007;5;3;70;8;2021;8;2;1;3;8;1;1;0;0;0;0;2;0;290378,281037850305438;5655986,014956250786781;6,011256961000072;51,017170957000076;5210822610112280000;1
168010;5;1;11;0;2021;8;19;1;3;5;2;1;1;0;0;0;0;0;346340,313756223767996;5676986,895870221778750;6,799459942000055;51,223559034000061;5210822500200080000;0
168011;5;1;22;0;2021;5;15;7;3;5;2;1;1;0;0;0;0;0;365178,970121267251670;5669263,199697857722640;7,071970166000028;51,158905969000045;5210508503400900000;0
168015;5;1;11;0;2021;8;14;6;2;5;2;1;1;0;0;0;0;0;344352,405965392477810;5674605,267791636288166;6,772047785000041;51,201620690000027;5210806500300070000;0
168019;5;1;66;32;2021;7;17;3;3;8;1;1;0;0;0;0;0;0;317597,349307633005083;5681508,706117233261466;6,385955952000074;51,255718579000074;5210720514110070000;0
168020;5;1;66;16;2021;7;17;1;3;3;6;1;0;0;0;0;0;0;305194,948877328075469;5688086,525179278105497;6,204848003000052;51,310694821000027;5210725514116080000;0
168021;5;3;15;0;2021;6;19;4;3;3;2;1;1;0;0;0;0;0;354857,802999804727733;5644405,280999355018139;6,934433497000043;50,932993889000045;5210630601100860000;0
168023;5;1;11;0;2021;4;11;2;3;0;1;1;0;0;0;1;0;0;347833,270201719366014;5670517,669368553906679;6,823565384000062;51,165828441000031;5210426500300080000;0
168024;5;1;66;12;2021;5;12;4;3;0;3;1;1;0;0;0;0;0;319758,278999463655055;5694034,536998007446527;6,410560569000040;51,368923339000048;5210512514210600000;0
168030;5;3;15;0;2021;7;11;6;3;0;5;1;1;0;0;0;0;0;353442,134163221344352;5644251,522335078567266;6,914362675000064;50,931254126000056;5210730601200270000;0
168031;5;1;11;0;2021;8;18;7;2;0;1;1;0;0;0;0;0;0;344640,476310118101537;5676347,447251288220286;6,775413455000034;51,217353270000046;5210814500300360000;0
168032;5;1;24;0;2021;8;12;1;3;0;7;1;0;0;0;0;0;0;366584,023283374495804;5679006,866830084472895;7,088428956000030;51,246803489000058;5210815503100080000;0
168034;5;3;15;0;2021;8;1;7;2;0;1;1;0;0;0;0;2;0;353955,825774600729346;5646724,488896252587438;6,920676294000032;50,953608142000064;5210821601300980000;0
168035;5;3;62;32;2021;8;8;6;3;0;1;1;0;0;0;0;0;0;337575,486362387426198;5637751,840117812156677;6,691644903000054;50,868602872000054;5210806602400980000;1
168038;5;1;24;0;2021;3;10;5;3;1;5;1;1;0;0;0;0;0;370366,048099118284881;5680159,496033009141684;7,142168887000025;51,258034758000065;5210318503100700000;0
168039;5;3;58;24;2021;7;18;7;2;1;1;1;1;0;0;0;0;0;313500,731668345630169;5644003,755563138052821;6,346672696000041;50,917499833000079;5210717609224700000;0
168044;5;3;62;40;2021;8;14;3;3;3;6;1;0;0;0;0;0;0;358286,584184490144253;5631647,896190918982029;6,988141427000073;50,819194312000036;5210824602900060000;0
168045;5;9;62;28;2021;6;10;7;3;3;2;1;0;0;0;0;0;0;401909,006999973207712;5666028,624999614432454;7,597915200000045;51,137305955000045;5210619307000190000;0
168047;5;1;14;0;2021;8;19;3;3;5;3;1;1;0;0;0;0;0;329975,153999590314925;5689954,949998626485467;6,559142986000040;51,335423896000066;5210824505200990000;0
168048;5;3;15;0;2021;7;11;6;3;0;7;1;1;0;0;0;0;0;362561,015307974070311;5650958,920135224238038;7,041514395000036;50,993780594000043;5210716601510270000;0
168049;5;1;11;0;2021;5;8;2;3;1;5;1;1;0;0;0;0;0;347532,724206559360027;5677735,574894389137626;6,816204436000021;51,230606097000077;5210503500200500000;0
168052;5;9;70;40;2021;7;20;6;3;0;1;1;1;0;0;0;0;0;430325,148245338350534;5640543,191422477364540;8,008907254000064;50,912327367000046;5210730315110860000;0
168053;5;1;11;0;2021;3;10;2;2;5;3;1;1;0;0;0;0;0;344954,162999733351171;5674676,987999157980084;6,780623459000026;51,202428756000074;5210308500300800000;0
168054;5;3;15;0;2021;4;15;3;3;5;3;1;0;0;0;1;0;0;348339,808079647831619;5648362,736866060644388;6,840094349000026;50,966879304000031;5210420601300880000;0
168055;5;1;62;8;2021;8;14;5;3;0;1;1;0;0;0;0;0;0;333490,263618457131088;5666240,380517795681953;6,620577262000040;51,123404187000062;5210805513310380000;0
168056;5;1;14;0;2021;6;11;7;3;3;6;1;1;0;0;0;0;0;331869,898749570362270;5686481,628336369991302;6,587955777000047;51,304782897000052;5210612505100380000;0
168060;5;1;14;0;2021;8;12;5;2;5;3;1;1;0;0;0;0;0;326419,469999547116458;5694888,895998435094953;6,505741920000048;51,378673357000082;5210812505200070000;0