OID_;ULAND;UREGBEZ;UKREIS;UGEMEINDE;UJAHR;UMONAT;USTUNDE;UWOCHENTAG;UKATEGORIE;UART;UTYP1;IstRad;IstPKW;IstFuss;IstKrad;IstSonstige;ULICHTVERH;IstGkfz;LINREFX;LINREFY;XGCSWGS84;YGCSWGS84;UIDENTSTLAE;IstStrassenzustand
168061;5;3;15;0;2021;8;7;4;3;2;6;1;1;0;0;0;0;0;358737,425902032293379;5639325,761992543935776;6,991575192000028;50,888307017000045;5210804601200760000;0
168063;5;1;16;0;2021;7;1;7;3;0;1;1;0;0;0;0;2;0;320961,836274930275977;5674844,944593966007233;6,437449335000053;51,196923382000080;5210717506100280000;0
168064;5;1;58;28;2021;7;12;7;3;0;3;1;1;0;0;0;0;0;348834,812625812366605;5684633,267259227111936;6,831924744000048;51,292932791000055;5210731516300380000;0
168067;5;1;66;4;2021;8;11;3;3;5;3;1;1;0;0;0;0;0;303235,610715459100902;5680718,962370406836271;6,180827027000021;51,243851560000053;5210824514120070000;0
168068;5;1;66;16;2021;7;6;2;2;8;3;1;1;0;0;0;1;0;310456,104411702603102;5692643,801775939762592;6,277820230000032;51,353404022000063;5210726514116840000;0
168069;5;3;78;4;2021;7;14;5;2;0;7;1;0;0;0;0;0;0;367826,868999877944589;5646545,203999493271112;7,118112352000026;50,955345029000057;5210722606100180000;0
168071;5;1;62;12;2021;8;20;1;3;0;1;1;0;0;0;0;0;0;324737,371929898858070;5668873,195591583848000;6,494342826000036;51,144445946000076;5210808513330680000;1
168072;5;3;16;0;2021;8;15;3;3;5;3;1;1;0;0;0;0;0;354270,987999802455306;5658811,355999346822500;6,920306687000050;51,062307423000050;5210831601700990000;0
168075;5;3;15;0;2021;6;14;1;3;5;2;1;1;0;0;0;0;0;355261,990181497298181;5641582,377652416005731;6,941301885000030;50,907726567000054;5210613601200490000;0
168078;5;3;62;12;2021;8;12;6;3;6;4;1;0;1;0;0;0;0;352384,905468052253127;5632579,288065746426582;6,904041042000074;50,826090220000026;5210820602800080000;0
168079;5;1;58;20;2021;8;13;2;3;1;5;1;1;0;0;0;0;0;356211,047389907762408;5666511,698344811797142;6,944907421000039;51,131996248000064;5210830516800670000;0
168081;5;1;62;22;2021;8;15;1;2;3;6;1;0;0;0;0;0;0;340729,434328047558665;5685233,659269738942385;6,715502765000053;51,296118024000066;5210822513000080000;0
168086;5;1;11;0;2021;7;19;4;3;4;2;1;0;0;0;0;0;0;346268,739999743178487;5671240,254999192431569;6,800896626000053;51,171902992000071;5210721500300170000;0
168088;5;3;15;0;2021;7;19;6;3;0;1;1;0;0;0;0;0;0;353783,897053536958992;5643157,899051804095507;6,919661382000072;50,921512821000078;5210730601200660000;0
168089;5;1;11;0;2021;8;8;4;3;0;7;1;0;0;0;1;0;0;349395,238999768160284;5675868,122999256476760;6,843645475000073;51,214320129000043;5210825500300870000;0
168094;5;1;14;0;2021;8;10;5;2;0;1;1;0;0;0;0;0;0;330545,863999595865607;5689785,380998650565743;6,567408761000024;51,334070875000066;5210826505200780000;1
168095;5;3;78;4;2021;8;17;7;3;1;1;1;0;0;0;1;0;0;367003,651756986975670;5649954,780238138511777;7,105151280000030;50,985799633000056;5210821606100450000;0
168099;5;3;62;32;2021;7;13;4;2;6;4;1;1;1;0;0;0;0;336052,599999646656215;5641914,626998918130994;6,668153331000042;50,905576582000037;5210728602400070000;0
168101;5;3;62;36;2021;8;16;4;3;5;3;1;1;0;0;0;0;0;345716,877999736927450;5647819,102999186143279;6,802998906000028;50,961297760000036;5210818602300270000;0
168102;5;1;11;0;2021;8;10;2;3;4;7;1;1;0;0;0;0;0;341865,470805226825178;5685289,410943452268839;6,731759052000029;51,296935592000068;5210809500200380000;0
168105;5;1;58;24;2021;7;6;7;3;1;5;1;1;0;0;0;0;0;357626,000771420076489;5679888,713856304064393;6,959813035000025;51,252562459000046;5210717516400670000;0
168106;5;9;62;24;2021;7;11;2;2;5;3;1;1;0;0;0;0;0;409906,075603714212775;5691985,774689756333828;7,705654018000075;51,371970358000056;5210719307000580000;0
168107;5;3;62;28;2021;8;20;6;2;0;1;1;0;0;0;0;1;0;346464,312431517057121;5638791,552052475512028;6,817434414000047;50,880375110000045;5210813602700980000;0
168110;5;1;20;0;2021;7;12;6;2;4;7;1;1;0;0;0;0;0;374411,643999907188118;5671412,378999546170235;7,203180686000053;51,180323602000044;5210730503300480000;0
168113;5;1;11;0;2021;4;12;1;3;7;1;1;0;0;0;0;0;0;343749,451622511260211;5675645,475285194814205;6,762971124000046;51,210802702000080;5210425500300880000;0
168114;5;1;11;0;2021;4;15;6;3;5;3;1;1;0;0;0;0;0;345608,398999740369618;5679139,090999174863100;6,788059174000068;51,242699964000053;5210423500200400000;0
168118;5;3;78;32;2021;8;16;6;3;6;7;1;0;1;0;0;0;0;374900,199923736043274;5666673,684071350842714;7,211814663000041;51,137839960000065;5210820606700190000;0
168119;5;3;70;16;2021;8;19;4;3;8;1;1;0;0;0;0;0;0;300177,601999133825302;5660730,890996085479856;6,148166981000031;51,063274408000041;5210811610111480000;0
168123;5;1;11;0;2021;7;9;7;3;3;2;1;1;0;0;0;0;0;345699,202901878394186;5675311,898054089397192;6,791006671000048;51,208335453000075;5210731500100060000;0
168124;5;3;15;0;2021;8;13;7;3;6;6;1;0;1;0;0;0;0;356101,893999284133315;5645044,758012419566512;6,951873897000041;50,939052510000067;5210828601100080000;0
168125;5;3;15;0;2021;8;17;2;3;6;4;1;0;1;0;0;0;0;359918,395651122555137;5647342,081934042274952;7,005275303000076;50,960638639000081;5210802601500770000;0
168126;5;1;62;28;2021;8;20;5;2;0;1;1;0;0;0;0;1;0;337844,207091916352510;5656317,515791885554790;6,687191751000057;51,035495873000059;5210805513340170000;0
168127;5;1;14;0;2021;7;17;4;3;6;4;1;0;1;0;0;0;0;330385,391761917620897;5688401,614531120285392;6,565766004000068;51,321591456000078;5210728505100370000;0
168128;5;3;15;0;2021;6;13;1;3;1;5;1;1;0;0;0;0;0;359521,782999835908413;5644682,196999413892627;7,000657467000053;50,936637435000080;5210613601600490000;0
168132;5;1;14;0;2021;8;13;7;2;0;1;1;0;0;0;0;0;0;331351,761999606154859;5694977,247998684644699;6,576505243000042;51,380953700000077;5210814505200990000;0
168133;5;3;62;28;2021;8;12;2;3;0;1;1;0;0;0;0;0;0;351933,965999784879386;5638708,642999306321144;6,895164010000030;50,881057500000054;5210802602700070000;1
168136;5;1;24;0;2021;1;14;6;3;0;7;1;0;1;0;0;0;0;373987,379493939690292;5682517,268213750794530;7,193208363000053;51,280037421000031;5210101503200600000;0
168137;5;3;58;24;2021;5;15;7;3;4;6;1;1;0;0;0;0;0;311147,174236548133194;5645433,384296644479036;6,312487432000069;50,929576466000071;5210501609224680000;0
168147;5;9;54;16;2021;7;15;7;3;0;1;1;0;0;0;0;0;0;372725,507447078824043;5696772,570223096758127;7,170028382000055;51,407874870000057;5210717310110370000;0
168148;5;3;15;0;2021;8;11;1;3;0;5;1;1;0;0;0;0;0;363792,729999857023358;5640148,114999458193779;7,063098514000046;50,896912067000073;5210815601600370000;0
168150;5;1;11;0;2021;7;10;7;3;0;7;1;0;0;0;1;0;0;345083,454999734647572;5674222,457999162375927;6,782668873000034;51,198379674000080;5210724500300600000;0
168154;5;1;11;0;2021;7;8;6;3;5;2;1;1;0;0;0;0;0;342509,631458008661866;5683113,053881959989667;6,741950682000038;51,277559427000028;5210716500200770000;0
168155;5;3;70;28;2021;8;19;4;3;0;6;1;1;0;0;0;0;0;293566,003790541552007;5645794,973157227039337;6,062426491000053;50,926801377000061;5210818610122220000;0
168157;5;1;11;0;2021;8;10;2;3;5;3;1;0;0;0;1;0;0;345288,663846435956657;5679409,630446754395962;6,783365160000074;51,245044244000042;5210830500200670000;1
168158;5;1;12;0;2021;8;15;7;3;0;5;1;0;0;0;1;0;0;340284,976999694481492;5695080,076999021694064;6,704716601000030;51,384461292000026;5210807501214990000;0
168159;5;3;15;0;2021;8;3;7;3;7;1;1;0;0;0;0;2;0;354451,533170147798955;5646718,634413003921509;6,927731391000066;50,953680929000029;5210814601300980000;0
168160;5;9;70;32;2021;8;16;3;3;0;1;1;0;0;0;0;0;0;442447,592000000178814;5635188,304999608546495;8,182166268000060;50,865513831000044;5210831315260170000;0
168161;5;1;62;4;2021;7;5;3;3;0;1;1;0;0;0;0;0;0;347489,262267416343093;5662977,841899212449789;6,821839946000068;51,097985575000052;5210727513320970000;0
168166;5;1;11;0;2021;7;17;5;3;4;6;1;0;0;0;1;0;0;347705,843001600354910;5676145,981285322457552;6,819357440000033;51,216368813000031;5210729500200050000;0
168170;5;3;62;40;2021;7;15;7;3;0;7;1;0;0;0;0;0;0;357532,206999822519720;5631867,078999388962984;6,977353762000064;50,820979044000069;5210731602900350000;0
168172;5;3;70;4;2021;8;19;2;3;5;3;1;1;0;0;0;1;0;312128,188633588142693;5661684,891454793512821;6,318021886000054;51,075878645000046;5210830610211360000;0
168175;5;9;70;40;2021;8;18;7;3;0;7;1;0;0;0;0;0;0;429820,168999994173646;5640672,770999614149332;8,001700392000032;50,913431264000053;5210828315110080000;1
168176;5;1;16;0;2021;7;17;3;2;5;2;1;1;0;0;0;0;0;318814,398587829433382;5675970,266774278134108;6,406178854000075;51,206355271000064;5210727506100170000;1
168178;5;3;15;0;2021;7;1;7;2;0;1;1;0;0;0;0;2;0;353569,385601785033941;5647762,486685553565621;6,914760555000043;50,962838165000051;5210731601300590000;0
168179;5;3;74;12;2021;6;8;5;3;3;6;1;1;0;0;0;0;0;400994,433900449424982;5653385,976391168311238;7,588310504000049;51,023495712000056;5210617605112190000;0
168181;5;3;15;0;2021;8;12;5;3;0;1;1;0;0;0;0;0;0;356760,871999817900360;5644752,628999378532171;6,961361722000049;50,936591247000081;5210826601100780000;1
168183;5;1;11;0;2021;8;1;7;3;8;7;1;0;0;0;0;2;0;344790,787163421511650;5677473,513891488313675;6,777076475000058;51,227512290000050;5210814500100270000;0
168188;5;1;58;16;2021;7;8;2;2;0;1;1;0;0;0;0;0;0;356662,501279433257878;5673462,054090648889542;6,948585652000077;51,194568694000054;5210726516500380000;0
168189;5;1;62;24;2021;7;19;6;3;0;1;1;0;0;0;0;1;0;339402,879232301376760;5668627,171429412439466;6,703930602000071;51,146537654000042;5210730513210280000;0
168190;5;1;58;28;2021;8;11;7;3;0;1;1;0;0;0;0;0;0;348725,114653024822474;5684898,036365851759911;6,830240430000060;51,295282767000060;5210828516300170000;1
168192;5;1;24;0;2021;8;12;6;3;0;7;1;0;0;0;0;0;0;371190,040999893099070;5675651,862999524921179;7,155592436000063;51,217709329000058;5210827503100990000;1
168195;5;3;15;0;2021;7;17;3;3;0;7;1;1;0;0;0;0;0;359521,299383080564439;5646964,253081023693085;6,999770286000057;50,957146383000065;5210720601500300000;0
168197;5;1;62;8;2021;8;18;6;3;3;7;1;1;0;0;0;0;0;337769,235166202299297;5665205,005399832502007;6,682135199000072;51,115329086000031;5210813513310170000;0
168199;5;1;16;0;2021;7;14;7;3;0;1;1;0;0;0;0;0;0;323219,970182361081243;5673101,314813563600183;6,470593891000021;51,181962651000049;5210717506100990000;0
168200;5;9;62;56;2021;7;14;5;3;4;7;1;1;0;0;0;0;0;401497,105777372606099;5679555,366178551688790;7,588317460000042;51,258833459000073;5210729307000260000;0
168203;5;1;11;0;2021;5;16;5;3;5;3;1;0;0;0;0;0;0;344877,282981161028147;5678712,853566072881222;6,777777670000035;51,238671732000057;5210506500200000000;0
168204;5;1;14;0;2021;7;11;2;3;5;3;1;1;0;0;0;0;0;332664,589419814758003;5690179,609724454581738;6,597609923000050;51,338240090000056;5210726505200570000;0
168206;5;3;34;12;2021;7;12;1;3;2;2;1;0;0;0;1;0;0;307272,025999244302511;5632924,502997079864144;6,263999043000069;50,815935001000071;5210718608312380000;0
168207;5;9;66;24;2021;8;19;6;3;5;7;1;1;0;0;0;0;0;419039,763928201049566;5653030,731528896838427;7,845630447000076;51,023126656000045;5210820314110070000;0
168212;5;1;11;0;2021;6;7;2;3;1;5;1;1;0;0;0;0;0;348195,035976573824883;5681225,574787121266127;6,824203488000023;51,262142513000072;5210628500200700000;0
168213;5;3;15;0;2021;8;7;5;3;3;6;1;1;0;0;0;0;0;356640,726839246228337;5642702,983646769076586;6,960458884000047;50,918141419000051;5210812601100080000;0
168216;5;1;14;0;2021;8;5;3;3;5;3;1;1;0;0;0;2;0;327626,414495241828263;5689501,971707012504339;6,525677469000073;51,330647375000069;5210810505200640000;1
168219;5;3;70;16;2021;8;10;5;3;5;3;1;1;0;0;0;0;0;296928,758096832782030;5660472,039188465103507;6,102008260000048;51,059809902000040;5210805610111270000;0
168220;5;1;14;0;2021;7;11;5;3;5;2;1;1;0;0;0;0;0;329131,273999580182135;5689042,240998584777117;6,547477970000045;51,326971396000033;5210715505200170000;0
168227;5;3;16;0;2021;8;19;2;3;0;2;1;1;0;0;0;0;0;362420,464888663962483;5654237,386970132589340;7,038269885000034;51,023211297000046;5210802601700190000;0
168228;5;1;14;0;2021;8;16;6;3;0;1;1;0;0;0;0;0;0;332133,228999611921608;5686016,972998728975654;6,591948586000058;51,300686112000051;5210827505100970000;1
168229;5;1;22;0;2021;6;16;6;3;6;4;1;0;1;0;0;0;0;358220,962848339229822;5668899,784881111234426;6,972674375000054;51,153958249000027;5210625503400700000;0
168230;5;3;15;0;2021;8;19;3;3;0;1;1;0;0;0;0;1;0;355618,401425619609654;5644362,706864383071661;6,945267229000024;50,932802188000039;5210810601110290000;1
168232;5;1;11;0;2021;8;15;4;3;0;7;1;1;0;0;0;0;0;351929,285527368076146;5669885,353321224451065;6,882367342000066;51,161221345000058;5210825500300570000;0
168233;5;1;66;12;2021;5;15;5;3;0;7;1;0;0;0;0;0;0;320796,055851005949080;5693642,196928825229406;6,425651313000060;51,365727403000051;5210506514210580000;0
168235;5;3;74;24;2021;7;14;3;3;0;7;1;0;0;0;0;0;0;400730,548003569245338;5660888,977491712197661;7,582490723000035;51,090899640000032;5210720605124080000;0
168236;5;1;16;0;2021;6;10;7;3;0;1;1;0;0;0;0;0;0;321421,035999478772283;5674826,723998162895441;6,444023845000061;51,196903391000035;5210612506100980000;0
168238;5;3;15;0;2021;7;9;4;3;0;1;1;0;0;0;0;0;0;349252,927999765612185;5643861,323999257758260;6,854952274000027;50,926668067000037;5210721601300990000;0
168239;5;1;58;4;2021;8;16;6;3;4;2;1;1;0;0;0;0;0;353736,728999800048769;5676296,890999335795641;6,905586721000020;51,219301644000041;5210827516600570000;1
168241;5;9;58;36;2021;7;16;3;3;2;2;1;1;0;0;0;0;0;464164,719207114540040;5688674,311636997386813;8,485442180000064;51,348212955000065;5210727313212990000;1
168242;5;3;15;0;2021;8;7;3;3;5;3;1;0;0;0;0;0;0;350498,233999775722623;5646123,911999283358455;6,871730862000049;50,947324632000061;5210803601300990000;0
168245;5;1;62;24;2021;7;9;6;3;5;3;1;1;0;0;0;0;0;340887,039275202900171;5671226,730401236563921;6,723982168000020;51,170309566000071;5210723513210680000;0
168246;5;1;62;22;2021;5;16;5;3;4;1;1;1;0;0;0;0;0;334061,759998394176364;5682125,276361469179392;6,621395327000073;51,266287324000075;5210506513130080000;0
168250;5;1;14;0;2021;8;18;5;3;1;5;1;1;0;0;0;1;0;330670,190592941828072;5689826,312301523983479;6,569172343000048;51,334475633000068;5210826505200670000;1
168251;5;3;15;0;2021;8;12;3;3;1;5;1;1;0;0;0;0;0;356097,293904448859394;5645425,159502828493714;6,951658205000058;50,942469970000047;5210817601100300000;0
168256;5;1;11;0;2021;8;12;2;3;6;4;1;0;1;0;0;0;0;344884,872999732382596;5677252,918999155983329;6,778518369000039;51,225555737000036;5210830500100500000;0
168257;5;1;16;0;2021;5;15;7;2;0;1;1;0;0;0;0;0;0;315417,663466637022793;5670426,670393474400043;6,360453979000056;51,155471594000062;5210501506100760000;0
168258;5;9;58;4;2021;9;16;2;3;0;1;1;0;0;0;0;0;0;434885,965640350244939;5694197,815534282475710;8,064063956000041;51,395272658000067;5210906313110510000;0
168260;5;1;11;0;2021;1;8;6;2;1;5;1;0;0;0;1;1;0;348405,840999760664999;5674801,887999240309000;6,829940712000052;51,204477442000041;5210108500300300000;1
168261;5;3;70;12;2021;8;10;3;3;5;3;1;1;0;0;0;0;0;297631,253148347139359;5649908,770150361582637;6,117910830000028;50,965188419000071;5210803610121080000;1
168262;5;1;14;0;2021;8;18;1;3;0;1;1;0;0;0;0;0;0;331724,972654233686626;5687184,837068676948547;6,585546904000068;51,311057724000079;5210808505100880000;0
168264;5;1;11;0;2021;8;18;5;3;5;3;1;1;0;0;0;0;0;345592,226999738253653;5676823,338999174535275;6,788825674000066;51,221887547000051;5210819500100970000;0
168265;5;1;66;4;2021;8;13;6;2;4;6;1;0;0;0;0;0;0;303947,359146744944155;5680699,690201390534639;6,191022098000076;51,243923503000076;5210806514121990000;1
168268;5;1;62;8;2021;8;21;1;3;6;6;1;0;1;0;0;2;0;332711,251949517987669;5663405,932874174788594;6,610769746000074;51,097711153000034;5210822513310080000;0
168270;5;1;12;0;2021;8;16;5;3;5;3;1;1;0;0;0;0;0;339276,368022502399981;5696280,735518369823694;6,689690889000076;51,394964010000081;5210819501214770000;0
168271;5;3;15;0;2021;8;9;2;3;2;2;1;1;0;0;0;0;0;354217,529999801889062;5642603,258999347686768;6,926048388000027;50,916638146000082;5210823601200060000;0
168273;5;3;15;0;2021;8;14;7;2;0;2;1;1;0;0;0;0;0;366107,840999870561063;5647736,527999479323626;7,093212792000031;50,965655321000042;5210807601510080000;0
168276;5;1;11;0;2021;5;11;5;3;0;1;1;0;0;0;0;0;0;346067,463847996667027;5676995,376918094232678;6,795551951000050;51,223561731000075;5210520500100600000;0
168283;5;3;15;0;2021;8;15;3;3;0;1;1;0;0;0;0;0;0;362293,532999848946929;5644039,587999442592263;7,040324026000064;50,931530636000048;5210824601600990000;0
168285;5;1;62;22;2021;8;4;3;3;5;1;1;1;0;0;0;2;0;339604,989916139282286;5680727,012159170582891;6,701410705000058;51,255310951000070;5210810513130000000;0
168289;5;3;70;16;2021;8;13;5;3;0;6;1;1;0;0;0;0;0;295462,074350465089083;5661508,950289292261004;6,080520275000026;51,068601597000054;5210826610111280000;0
168290;5;1;11;0;2021;4;7;4;3;5;2;1;1;0;0;0;0;0;349813,121148143894970;5670808,914536219090223;6,851740005000067;51,168968793000033;5210428500300000000;0
168292;5;3;58;24;2021;8;15;7;2;5;2;1;1;0;0;0;0;0;314023,812128495424986;5644151,208419352769852;6,354030904000069;50,918993200000045;5210814609224100000;0
168296;5;3;58;8;2021;6;12;2;1;8;1;1;0;0;0;0;0;0;320288,116684374399483;5632664,901640597730875;6,448702263000030;50,817787776000046;5210607609108400000;0
168298;5;1;58;12;2021;7;17;4;3;0;7;1;0;1;0;0;0;0;358957,186964599415660;5688355,241904931142926;6,975531537000052;51,328977221000059;5210728516200530000;1
168301;5;1;11;0;2021;5;17;5;3;3;2;1;0;0;0;1;0;0;350399,555999776348472;5670208,432999277487397;6,860371823000037;51,163726574000066;5210520500300500000;0
168303;5;3;15;0;2021;8;20;4;3;5;3;1;1;0;0;0;1;0;354024,319999800063670;5641742,559999343007803;6,923645974000067;50,908854442000063;5210811601200290000;0
168304;5;1;66;20;2021;7;11;7;3;0;1;1;0;0;0;0;0;0;305516,918999237008393;5675459,386996718123555;6,216323952000039;51,197394798000062;5210731514124580000;0
168305;5;3;15;0;2021;8;12;5;3;0;7;1;0;0;0;0;0;0;353473,392099525779486;5647907,106761172413826;6,913336289000029;50,964113401000077;5210805601300290000;0
168306;5;9;62;28;2021;6;16;7;3;4;5;1;1;0;0;0;0;0;402549,895058232359588;5664714,589247887954116;7,607428351000067;51,125602692000029;5210612307000870000;0
168307;5;1;66;32;2021;7;16;4;3;5;3;1;1;0;0;0;0;0;316750,120714733377099;5685189,885964790359139;6,371940881000057;51,288513589000047;5210728514113780000;0
168309;5;1;11;0;2021;6;9;2;3;0;3;1;0;0;0;1;0;0;345663,230999738909304;5676315,747999178245664;6,790060160000053;51,217345806000026;5210621500100400000;0
168311;5;1;66;12;2021;7;9;2;3;5;3;1;1;0;0;0;0;0;321742,262999489903450;5694260,425998153164983;6,438919413000065;51,371578650000060;5210719514210560000;0
168312;5;3;15;0;2021;7;13;3;3;5;3;1;0;0;0;0;0;0;355926,384009557776153;5646120,244483469054103;6,948952136000059;50,948673890000066;5210720601100180000;0
168313;5;3;62;20;2021;7;21;7;3;5;3;1;1;0;0;0;0;0;344625,902999725192785;5634387,078999163582921;6,793191215000036;50,840304973000059;5210717602600260000;0
168315;5;1;62;24;2021;8;18;1;2;0;1;1;0;0;0;0;0;0;339054,673757995478809;5673251,185622354969382;6,696887187000073;51,187986518000059;5210829513210870000;1
168316;5;1;62;20;2021;8;10;6;3;5;2;1;1;0;0;0;0;0;329307,458972579799592;5673827,148684596642852;6,557263739000064;51,190333480000049;5210806513120270000;1
168321;5;1;14;0;2021;8;13;6;2;5;2;1;1;0;0;0;0;0;331537,040999605320394;5690558,347998695448041;6,581258269000045;51,341309686000045;5210827505200990000;1
168323;5;3;34;12;2021;8;6;6;3;5;3;1;1;0;0;0;0;0;308757,113999268971384;5632808,227997232228518;6,285116847000040;50,815382775000046;5210820608312160000;0
168324;5;3;78;32;2021;8;17;1;3;0;7;1;0;0;0;0;0;0;375226,339775469154119;5666928,600595695897937;7,216385797000044;51,140202297000030;5210815606600790000;0
168325;5;3;16;0;2021;7;15;5;3;4;6;1;1;0;0;0;0;0;364419,897043867968023;5657369,556583022698760;7,065589870000053;51,051836098000081;5210715601700570000;0
168330;5;9;54;8;2021;8;19;7;2;4;1;1;1;0;0;0;0;0;384506,963999939151108;5683570,412999592721462;7,343628794000040;51,291733320000048;5210821310220090000;0
168333;5;1;11;0;2021;6;9;5;3;5;2;1;1;0;0;0;0;0;345760,336999741382897;5679176,611999176442623;6,790218063000054;51,243078207000053;5210617500200570000;0
168334;5;1;14;0;2021;7;19;3;2;0;1;1;0;0;0;0;0;0;329110,933742099441588;5691177,164049826562405;6,546161953000023;51,346144857000070;5210727505200270000;1
168335;5;3;15;0;2021;8;1;1;3;0;2;1;1;0;0;0;2;0;353922,640999798662961;5645837,430999340489507;6,920560025000043;50,945628054000053;5210822601300980000;0
168337;5;1;62;24;2021;8;15;3;2;9;1;1;0;0;0;0;0;0;342508,183999713510275;5667770,412999100983143;6,748664977000033;51,139702195000041;5210803513210870000;0
168341;5;3;15;0;2021;7;17;2;3;5;3;1;1;0;0;0;0;0;355285,349925599060953;5642502,736277975142002;6,941268916000070;50,916003527000044;5210726601200880000;0
168343;5;3;15;0;2021;8;16;6;2;0;1;1;0;0;0;0;0;0;352373,831999788060784;5645465,977999316528440;6,898678745000041;50,941895457000044;5210813601300190000;0
168345;5;3;70;16;2021;7;14;3;3;0;6;1;1;0;0;0;0;0;300932,219079826027155;5658546,052942618727684;6,160123975000033;51,043913715000031;5210720610111160000;0
168347;5;3;62;24;2021;6;13;7;3;0;1;1;0;0;0;0;0;0;342243,134993109852076;5644903,587488198652864;6,754835768000021;50,934159317000081;5210612602500580000;1
168349;5;1;11;0;2021;7;13;5;3;1;7;1;1;0;0;0;0;0;350972,303554534912109;5676879,268863221630454;6,865788682000073;51,223819961000061;5210701500200500000;0
168350;5;1;11;0;2021;6;16;5;3;5;3;1;1;0;0;0;0;0;351882,871590005233884;5669931,823226580396295;6,881684906000032;51,161626914000067;5210610500300500000;0
168352;5;3;15;0;2021;7;15;2;3;5;3;1;1;0;0;0;0;0;363813,053999857045710;5639992,810999458655715;7,063445261000027;50,895521063000047;5210726601620990000;0
168354;5;1;62;24;2021;8;17;3;2;4;6;1;0;0;0;0;0;0;335308,762999643571675;5674176,484998865053058;6,642907291000029;51,195232947000079;5210831513210880000;0
168359;5;1;11;0;2021;7;12;7;3;5;3;1;1;0;0;0;0;0;345809,394911417737603;5679403,709795232862234;6,790822552000066;51,245132041000033;5210717500200070000;0
168367;5;1;24;0;2021;8;19;6;2;5;3;1;1;0;0;0;0;0;371300,740999895147979;5681009,859999528154731;7,155250836000050;51,265889109000057;5210813503100990000;0
168368;5;3;15;0;2021;7;18;6;3;0;1;1;0;0;0;0;0;0;353900,085338631644845;5643220,972905317321420;6,921288058000073;50,922109078000062;5210730601200670000;0
168369;5;9;62;52;2021;8;16;5;3;0;7;1;1;0;0;0;0;0;421276,351366574876010;5674195,624962698668242;7,872893204000036;51,213722017000066;5210819307000370000;0
168375;5;3;70;16;2021;7;11;6;3;7;7;1;0;0;0;0;0;0;298523,583999099209905;5659155,293995851650834;6,125469774000067;51,048545852000075;5210723610111260000;0
168376;5;3;78;4;2021;8;7;3;3;5;3;1;1;0;0;0;0;0;368462,475999881513417;5650547,631999498233199;7,125709081000025;50,991463195000051;5210831606100380000;0
168380;5;1;16;0;2021;8;18;4;3;0;1;1;0;0;0;0;0;0;321634,851999483071268;5675942,954998176544905;6,446526211000048;51,206997555000044;5210811506100990000;0
168382;5;3;15;0;2021;8;19;6;3;3;6;1;0;0;0;1;0;0;353088,351395477540791;5648643,646957134827971;6,907559413000058;50,970634300000029;5210813601300480000;0
168384;5;3;15;0;2021;8;10;2;3;5;3;1;1;0;0;0;0;0;352077,744498293846846;5653847,674644932150841;6,891056414000047;51,017141223000067;5210823601400080000;0
168389;5;1;66;12;2021;8;12;6;3;5;3;1;1;0;0;0;0;0;320128,584944796748459;5694981,627069095149636;6,415395438000076;51,377548227000034;5210827514210990000;0
168392;5;1;16;0;2021;5;19;7;3;2;6;1;1;0;0;0;0;0;320838,935999469831586;5675194,223998127505183;6,435517859000072;51,200022501000035;5210501506100960000;0
168393;5;1;66;20;2021;8;20;1;3;0;7;1;1;0;0;0;1;0;304589,989999222569168;5676684,730996597558260;6,202406441000051;51,208083966000061;5210822514123990000;0
168397;5;1;58;28;2021;7;16;6;3;8;1;1;0;0;0;0;0;0;348167,365631312131882;5685858,884464181959629;6,821837977000030;51,303768049000041;5210730516300070000;0
168398;5;3;15;0;2021;8;16;5;3;0;7;1;0;1;0;0;0;0;352743,583999790251255;5644590,771999320015311;6,904291766000028;50,934124905000033;5210826601300280000;0
168399;5;3;15;0;2021;8;15;3;3;5;2;1;0;0;0;0;0;1;357431,611999821849167;5648938,564999386668205;6,969262007000054;50,974376131000042;5210824601400690000;0
168402;5;9;62;24;2021;8;11;3;3;5;3;1;0;0;0;1;0;0;409903,722999983467162;5691975,083999630063772;7,705622938000033;51,371873879000077;5210831307000670000;1
168405;5;1;62;24;2021;8;1;6;2;0;1;1;0;0;0;0;2;0;338469,324999676086009;5674434,388998979702592;6,687985958000070;51,198452334000081;5210806513210480000;0
168406;5;1;66;32;2021;7;18;3;2;5;7;1;0;0;0;0;0;0;317194,044419053010643;5684645,719189619645476;6,378578693000065;51,283768185000042;5210720514113980000;0
168407;5;3;15;0;2021;8;19;7;3;0;7;1;0;1;0;0;1;0;357549,854154891334474;5643586,542463710531592;6,973039033000020;50,926307092000059;5210828601500280000;1
168408;5;1;11;0;2021;6;16;4;3;4;6;1;0;0;1;0;0;0;344641,819766728207469;5676371,960405888035893;6,775422057000071;51,217573896000033;5210630500300000000;0
168409;5;1;11;0;2021;6;14;6;3;4;2;1;1;0;0;0;0;0;345259,576999736018479;5679345,280999165028334;6,782976563000034;51,244458150000071;5210618500200500000;0
168412;5;3;82;28;2021;8;17;1;3;7;7;1;0;1;0;0;0;0;375074,758316419087350;5634656,984870241954923;7,225321649000023;50,850106699000037;5210822607100040000;0
168419;5;1;66;28;2021;7;14;7;3;5;3;1;1;0;0;0;0;0;325809,222999540157616;5689024,652998410165310;6,499852600000054;51,325805745000082;5210731514215280000;0