OID_;ULAND;UREGBEZ;UKREIS;UGEMEINDE;UJAHR;UMONAT;USTUNDE;UWOCHENTAG;UKATEGORIE;UART;UTYP1;IstRad;IstPKW;IstFuss;IstKrad;IstSonstige;ULICHTVERH;IstGkfz;LINREFX;LINREFY;XGCSWGS84;YGCSWGS84;UIDENTSTLAE;IstStrassenzustand
168420;5;3;15;0;2021;7;5;2;3;6;5;1;0;1;0;0;1;0;359024,849999830126762;5644980,379999410361052;6,993474174000028;50,939195963000031;5210719601600690000;0
168424;5;3;70;8;2021;7;12;2;3;5;3;1;1;0;0;0;0;0;288425,926998893730342;5653512,443994078785181;5,984903387000031;50,994243360000041;5210726610112130000;0
168425;5;1;11;0;2021;8;16;4;3;5;3;1;1;0;0;0;0;0;348377,872100245207548;5671751,194992484524846;6,830828609000037;51,177057251000065;5210818500300000000;0
168428;5;3;15;0;2021;8;15;5;3;8;6;1;0;0;0;1;0;0;363205,755068669095635;5647999,843576002866030;7,051809819000027;50,967340027000034;5210812601500260000;0
168430;5;3;15;0;2021;8;11;2;3;3;6;1;1;0;0;0;0;0;356844,534003612585366;5644563,243999419733882;6,962626029000035;50,934910036000076;5210823601100740000;0
168431;5;1;11;0;2021;7;15;3;3;0;1;1;0;0;0;0;0;0;344598,573684019967914;5677169,314805176109076;6,774457694000034;51,224726651000026;5210727500100480000;0
168432;5;1;11;0;2021;8;13;6;3;6;6;1;0;1;0;0;0;0;351260,953042574226856;5670223,652170229703188;6,872676348000027;51,164087951000056;5210827500300470000;0
168434;5;3;62;32;2021;8;18;2;3;0;1;1;0;0;0;0;0;0;339308,030999680049717;5641488,701999021694064;6,714603483000076;50,902664713000036;5210830602400380000;0
168435;5;1;62;8;2021;8;15;6;3;0;3;1;1;0;0;0;0;0;331656,617529197596014;5661334,767555711790919;6,596686654000052;51,078794248000065;5210827513310080000;1
168436;5;1;16;0;2021;8;15;3;3;5;2;1;1;0;0;0;0;0;320807,728708869777620;5674234,966795561835170;6,435550368000065;51,191395534000037;5210803506100970000;1
168437;5;1;62;4;2021;8;14;1;3;8;1;1;0;0;0;0;0;0;349306,445984149351716;5665492,902499107643962;6,846722817000057;51,121066301000042;5210801513320070000;0
168438;5;3;15;0;2021;8;9;3;3;1;3;1;1;0;0;0;0;0;353008,802999793551862;5653762,449999324977398;6,904355620000047;51,016614105000031;5210810601400100000;1
168440;5;3;15;0;2021;7;18;5;3;0;1;1;0;0;0;0;0;0;354828,189411786384881;5643796,982022777199745;6,934254607000071;50,927519801000074;5210729601200220000;0
168444;5;3;15;0;2021;8;21;3;3;5;2;1;1;0;0;0;0;0;353914,519091746769845;5646750,407636627554893;6,920078198000056;50,953830596000046;5210817601300990000;0
168447;5;1;11;0;2021;6;14;3;3;5;2;1;1;0;0;0;0;0;348368,612311800010502;5671424,022623877972364;6,830834252000045;51,174114898000028;5210629500300000000;0
168448;5;1;11;0;2021;8;13;6;3;1;5;1;1;0;0;0;0;0;347489,971556574106216;5681309,673978930339217;6,814069923000034;51,262710003000052;5210806500200900000;0
168450;5;1;11;0;2021;5;15;5;3;3;1;1;1;0;0;0;0;0;345863,453999740071595;5676033,115999184548855;6,793046338000067;51,214860304000069;5210506500100490000;0
168452;5;1;62;22;2021;7;16;3;3;4;6;1;0;0;0;0;0;0;339538,011103328317404;5684538,798511965200305;6,698740607000047;51,289540340000030;5210727513130380000;0
168453;5;3;15;0;2021;5;20;7;3;0;1;1;0;0;0;0;2;0;350178,968999773263931;5644449,762999277561903;6,867877704000023;50,932197241000040;5210501601300070000;0
168455;5;1;11;0;2021;8;14;6;3;2;6;1;1;0;0;0;0;0;346925,109604857861996;5679245,983388971537352;6,806862866000074;51,244015287000082;5210806500200370000;1
168456;5;1;14;0;2021;7;13;1;3;4;6;1;0;0;0;0;0;0;334830,248883496969938;5692207,627210428938270;6,627731815000061;51,357093584000040;5210718505200070000;0
168457;5;3;15;0;2021;7;13;1;3;6;4;1;0;1;0;0;0;0;355630,216866568662226;5645959,616644635796547;6,944802447000029;50,947156262000078;5210725601110990000;0
168461;5;1;66;32;2021;5;14;5;3;5;3;1;1;0;0;0;0;0;318410,634999440051615;5681754,154997935518622;6,397473795000053;51,258182965000060;5210506514110550000;0
168466;5;3;15;0;2021;7;17;7;3;0;7;1;0;0;0;0;0;0;357573,507925274781883;5645659,977582329884171;6,972564991000070;50,944946825000045;5210731601000960000;0
168467;5;3;62;12;2021;7;22;7;2;0;1;1;0;0;0;0;2;0;350658,162438272498548;5633058,408902660012245;6,879346022000050;50,829953050000029;5210731602800180000;0
168471;5;1;11;0;2021;7;18;7;3;1;7;1;0;0;0;0;0;0;351397,747983762994409;5670721,087754290550947;6,874425857000062;51,168593483000052;5210731500300470000;0
168472;5;3;74;40;2021;7;15;7;2;0;1;1;0;0;0;0;0;0;406021,781723017804325;5641269,753159830346704;7,663103461000048;50,915413638000075;5210717605140570000;0
168475;5;1;14;0;2021;8;13;7;3;5;2;1;1;0;0;0;0;0;331029,811999600380659;5687921,046998677775264;6,575233300000036;51,317465831000050;5210807505100680000;0
168476;5;3;15;0;2021;7;10;7;3;3;6;1;1;0;0;0;0;0;356657,971999816596508;5644534,136999376118183;6,959984145000021;50,934602115000075;5210717601100970000;0
168477;5;9;62;32;2021;7;9;5;3;0;1;1;1;0;0;0;0;0;403495,371324436739087;5675588,637542642652988;7,618015451000076;51,223516304000043;5210722307000930000;0
168479;5;9;62;16;2021;7;19;1;2;5;3;1;0;0;0;0;0;0;414197,250038436613977;5693304,737911116331816;7,766969442000061;51,384492320000049;5210725307000080000;0
168480;5;3;78;28;2021;7;6;6;3;0;7;1;0;0;0;1;0;0;370734,647486841306090;5639988,724502321332693;7,161814981000020;50,897075134000033;5210723606400320000;0
168484;5;1;24;0;2021;8;22;4;3;0;1;1;0;0;0;0;2;0;378072,536999918520451;5683914,608999565243721;7,251275272000044;51,293485541000052;5210804503200980000;1
168485;5;3;15;0;2021;8;16;7;3;3;6;1;1;0;0;0;0;0;356477,442468602210283;5643755,598342964425683;6,957723177000048;50,927560577000065;5210828601100080000;0
168487;5;1;11;0;2021;6;13;2;3;6;4;1;0;1;0;0;0;0;345711,374921195209026;5678266,298754755407572;6,789909307000073;51,234885407000036;5210621500200500000;0
168490;5;3;62;32;2021;8;14;2;3;8;1;1;0;0;0;0;0;0;338187,915175769478083;5638120,067955106496811;6,700178259000040;50,872083310000050;5210830602400960000;0
168491;5;3;16;0;2021;8;17;2;2;0;3;1;1;0;0;0;0;0;360361,971718667075038;5658760,563005492091179;7,007192977000045;51,063364761000059;5210816601700580000;1
168493;5;1;66;36;2021;7;22;4;3;0;1;1;0;0;0;0;2;0;323007,181589157320559;5683351,500413443893194;6,462490410000044;51,273977710000054;5210728514218080000;0
168494;5;3;58;24;2021;7;11;5;3;8;1;1;0;0;0;0;0;0;312087,689918301068246;5642545,684609860181808;6,327343349000046;50,903943869000045;5210722609224370000;0
168495;5;3;74;36;2021;7;16;2;3;5;3;1;1;0;0;0;0;0;385258,514757431112230;5674167,381204681470990;7,357417165000072;51,207366964000073;5210719605152580000;0
168501;5;1;58;16;2021;8;15;6;2;5;3;1;0;0;0;0;0;0;355650,208464028313756;5669383,853317655622959;6,935745824000037;51,157665606000080;5210806516500070000;0
168505;5;3;70;12;2021;8;20;2;3;1;5;1;1;0;0;0;0;0;297631,464296149089932;5649908,614116154611111;6,117913920000035;50,965187092000065;5210809610121080000;1
168506;5;1;11;0;2021;8;11;6;3;4;7;1;1;0;0;0;0;0;350835,827999778091908;5668555,533999288454652;6,867292040000052;51,148987512000076;5210827500300070000;1
168508;5;3;58;24;2021;1;7;1;2;0;7;1;0;0;0;0;2;0;311511,383999320678413;5645155,244997460395098;6,317808113000069;50,927197124000031;5210103609224000000;1
168509;5;3;15;0;2021;7;22;4;3;6;4;1;0;1;0;0;2;0;355462,373107654973865;5645663,319812348112464;6,942532319000065;50,944451448000052;5210728601100790000;0
168510;5;3;62;12;2021;7;19;5;3;5;3;1;0;0;0;1;0;0;352456,728999787941575;5632914,929999316111207;6,904925061000029;50,829124858000057;5210715602800780000;0
168512;5;1;14;0;2021;4;21;4;3;1;5;1;1;0;0;0;2;0;330630,162092874757946;5689478,234582088887691;6,568763758000046;51,331336622000038;5210428505100480000;0
168513;5;3;15;0;2021;8;7;6;3;0;6;1;1;0;0;0;0;0;357176,239044520072639;5650470,796074999496341;6,965024836000055;50,988082793000046;5210806601400590000;1
168514;5;1;11;0;2021;1;14;4;3;5;3;1;0;0;0;0;0;0;344675,809752042405307;5677137,227736517786980;6,775576821000072;51,224459358000047;5210113500100000000;1
168515;5;9;58;40;2021;7;15;6;3;9;1;1;0;0;0;0;0;0;450222,329681413248181;5667639,420263033360243;8,288184563000073;51,158029279000061;5210716313240310000;0
168516;5;9;70;32;2021;7;15;5;3;4;1;1;0;0;0;1;0;0;437089,117004882544279;5640288,397945914417505;8,105152315000055;50,910813381000025;5210729315260230000;0
168518;5;3;15;0;2021;7;7;3;3;5;3;1;1;0;0;0;0;0;357811,502321906387806;5647849,741633720695972;6,975095202000034;50,964684875000046;5210720601400990000;0
168521;5;3;62;4;2021;7;9;7;2;5;3;1;1;0;0;0;0;0;332687,524999612942338;5652736,055998785421252;6,615361871000061;51,001839530000041;5210724602200870000;0
168522;5;1;62;24;2021;8;15;2;2;0;1;1;0;0;0;0;0;0;336158,707848414778709;5676687,077590314671397;6,653914543000042;51,218034039000031;5210816513210260000;1
168523;5;1;62;22;2021;6;23;3;2;0;1;1;0;0;0;0;2;0;339492,938379372470081;5680488,967086661607027;6,699913078000066;51,253140621000057;5210615513130080000;0
168524;5;1;12;0;2021;7;14;2;3;3;3;1;1;0;0;0;0;0;345199,749898690730333;5692671,853668097406626;6,776338339000063;51,364184761000047;5210726501325970000;0
168525;5;3;15;0;2021;8;5;6;3;5;3;1;1;0;0;0;1;0;362115,362999848090112;5640296,480999443680048;7,039204755000071;50,897847429000080;5210806601600890000;0
168526;5;1;58;26;2021;8;17;2;3;5;3;1;1;0;0;0;0;0;353206,497999794781208;5660830,801999326795340;6,904306417000043;51,080183732000080;5210802516900870000;0
168531;5;3;15;0;2021;8;18;6;3;2;6;1;1;0;0;0;0;0;356418,034702270291746;5642794,278886288404465;6,957256906000055;50,918906515000060;5210820601100080000;0
168535;5;3;15;0;2021;8;18;3;3;5;3;1;1;0;0;0;0;0;359541,823092375881970;5647067,710708431899548;7,000022398000056;50,958081168000035;5210824601500280000;0
168538;5;1;62;20;2021;7;9;2;2;0;1;1;0;0;0;0;0;0;330420,011605770327151;5671250,161226974800229;6,574385782000036;51,167512607000049;5210726513120580000;0
168539;5;1;11;0;2021;1;12;6;3;3;6;1;1;0;0;0;0;0;348312,891095236875117;5681568,170580912381411;6,825746073000062;51,265252318000080;5210122500200500000;0
168541;5;9;58;48;2021;8;14;3;3;5;3;1;1;0;0;0;0;0;467706,426000000908971;5672518,605999626219273;8,537755660000073;51,203156725000042;5210803313231480000;0
168542;5;3;15;0;2021;7;8;3;3;3;6;1;1;0;0;0;0;0;355502,083412455394864;5645577,904129473492503;6,943131084000072;50,943693790000054;5210720601110180000;0
168543;5;3;58;8;2021;8;10;1;3;0;1;1;0;0;0;0;0;0;321214,149409999139607;5633209,492304332554340;6,461569554000050;50,822966950000080;5210829609108750000;0
168544;5;9;66;8;2021;8;2;1;2;8;1;1;0;0;0;0;2;0;414456,139999985694885;5653025,873999616131186;7,780291527000031;51,022419178000064;5210801314120980000;0
168545;5;1;58;28;2021;7;17;7;3;0;1;1;0;0;0;0;0;0;350150,217524143867195;5684932,497835977002978;6,850650930000029;51,295969261000039;5210717516300270000;0
168547;5;3;15;0;2021;8;16;7;3;5;3;1;1;0;0;0;0;0;361083,545185586437583;5648904,624671760946512;7,021259336000071;50,974963590000073;5210828601510540000;1
168550;5;9;58;12;2021;8;20;1;3;4;6;1;0;0;0;0;2;0;469892,391819871962070;5692780,114984117448330;8,567335154000034;51,385463361000063;5210829313211840000;1
168552;5;1;58;4;2021;8;16;4;3;6;4;1;0;1;0;0;0;0;354320,473999804817140;5674289,523999344557524;6,914754887000072;51,201412267000080;5210825516600180000;0
168555;5;3;15;0;2021;7;9;3;3;5;3;1;0;0;0;1;0;0;354357,595999801531434;5643972,742999345064163;6,927492683000025;50,928980698000032;5210727601200990000;0
168559;5;1;58;32;2021;7;17;6;3;6;4;1;0;1;0;0;0;0;363395,678708152845502;5689754,887925494462252;7,038662182000053;51,342638916000055;5210730516100580000;0
168563;5;3;15;0;2021;8;12;4;3;0;1;1;0;0;0;0;0;0;353264,665000233799219;5653252,602999556809664;6,908207048000065;51,012097720000043;5210825601400990000;0
168566;5;3;15;0;2021;7;12;4;3;0;1;1;0;0;0;0;0;0;353796,588999797590077;5643164,832999337464571;6,919839054000022;50,921578350000061;5210721601200850000;0
168567;5;1;11;0;2021;6;12;3;2;0;3;1;1;0;0;0;0;0;348190,201999758370221;5675551,700999230146408;6,826538973000027;51,211157774000071;5210629500300000000;0
168568;5;9;62;32;2021;6;13;7;3;2;6;1;1;0;0;0;0;0;403588,026460019871593;5677393,953367851674557;7,618856057000073;51,239760898000043;5210612307000170000;0
168569;5;1;14;0;2021;8;13;6;3;5;3;1;1;0;0;0;0;0;329107,387840583920479;5689860,568927990272641;6,546742947000041;51,334315866000054;5210813505200780000;0
168571;5;3;62;40;2021;8;7;4;3;5;2;1;1;0;0;0;0;0;357382,323999822139740;5631686,965999387204647;6,975297287000046;50,819323443000030;5210804602900570000;0
168573;5;3;16;0;2021;8;16;3;3;5;3;1;1;0;0;0;0;0;359199,955999833531678;5658801,921999409794807;6,990604354000027;51,063452634000043;5210817601700290000;1
168574;5;1;11;0;2021;8;22;1;3;1;6;1;1;0;0;0;2;0;345711,882999739609659;5676744,297999177128077;6,790571841000030;51,221209677000047;5210808500100960000;1
168577;5;3;15;0;2021;8;13;5;2;0;1;1;0;0;0;0;0;0;351229,263077770359814;5647461,198340214788914;6,881583482000053;50,959531172000027;5210812601300570000;0
168581;5;1;11;0;2021;7;19;5;3;2;6;1;1;0;0;0;0;0;347080,645999751053751;5672768,381999211385846;6,811851494000052;51,185851894000052;5210708500300770000;1
168584;5;1;11;0;2021;7;8;2;3;4;2;1;0;0;0;1;0;0;347873,505419373512268;5675404,534624854102731;6,822070745000076;51,209751114000028;5210719500300960000;0
168585;5;1;11;0;2021;8;14;6;3;5;3;1;1;0;0;0;0;0;341882,268502965569496;5678732,424153916537762;6,734899343000052;51,238025439000069;5210827500100000000;0
168586;5;9;58;32;2021;8;13;7;2;2;6;1;0;0;0;0;0;0;454319,922000002115965;5689627,818999636918306;8,343967453000062;51,356080158000054;5210828313121540000;1
168588;5;3;82;68;2021;4;14;2;2;4;2;1;1;0;0;0;0;0;366905,788999874144793;5633338,362999483942986;7,109818387000075;50,836433244000034;5210426607400570000;0
168589;5;3;70;4;2021;8;16;5;3;5;2;1;0;0;0;1;0;0;311583,010218185372651;5661898,448661033064127;6,310137020000070;51,077618190000067;5210812610211270000;0
168591;5;9;58;12;2021;8;7;2;3;0;6;1;0;0;0;1;0;0;469568,537999999709427;5693841,046999633312225;8,562590370000066;51,394985600000041;5210802313211070000;0
168592;5;9;70;32;2021;8;17;3;3;5;3;1;1;0;0;0;0;0;435995,585999998264015;5640360,190999612212181;8,089587361000042;50,911338671000067;5210831315260770000;0
168593;5;1;62;24;2021;8;17;4;3;5;2;1;0;0;0;0;0;0;335965,982999649830163;5675578,709998890757561;6,651664224000058;51,208020455000053;5210818513210990000;0
168595;5;9;70;24;2021;8;19;2;3;5;6;1;0;0;0;0;0;0;429623,498262944631279;5646023,854309445247054;7,997869556000069;50,961520089000032;5210823315210680000;0
168597;5;1;66;28;2021;8;15;2;3;0;3;1;1;0;0;0;0;0;325493,763999536633492;5688464,399998394772410;6,495603771000049;51,320676075000051;5210830514215980000;1
168606;5;9;54;24;2021;7;12;6;3;5;3;1;1;0;0;0;0;0;380486,138166392222047;5682719,465422438457608;7,286275148000072;51,283255281000038;5210730310210080000;0
168607;5;3;15;0;2021;8;19;4;3;3;6;1;1;0;0;0;0;0;355020,970520377159119;5643950,285983435809612;6,936934948000044;50,928945991000035;5210804601100380000;0
168608;5;9;58;48;2021;7;12;6;3;0;7;1;0;0;0;0;0;0;469381,139999999664724;5666882,904999624937773;8,562206655000068;51,152572949000046;5210723313231110000;0
168609;5;1;62;24;2021;7;19;6;3;0;1;1;0;0;0;0;1;0;338624,620360265485942;5676637,038072267547250;6,689216065000039;51,218286712000065;5210716513210380000;0
168610;5;1;62;16;2021;7;12;1;3;8;1;1;0;0;0;0;0;0;335932,899999650195241;5680321,306998886168003;6,649019701000043;51,250621176000038;5210718513110570000;0
168613;5;3;34;16;2021;8;17;2;3;5;3;1;1;0;0;0;0;0;294017,344998992979527;5636060,355995269492269;6,074325273000056;50,839536811000073;5210830608416370000;0
168617;5;3;15;0;2021;8;17;6;3;0;1;1;0;0;0;0;1;0;354405,418516662903130;5643470,751932842656970;6,928373189000069;50,924481513000046;5210827601200520000;1
168618;5;1;62;24;2021;8;13;4;3;5;2;1;1;0;0;0;0;0;336473,432999657467008;5675820,576998906210065;6,658812199000067;51,210339054000031;5210811513210380000;0
168621;5;3;15;0;2021;4;11;2;3;0;6;1;0;0;0;0;0;1;356354,076549128629267;5645111,002526573836803;6,955434690000061;50,939710717000025;5210426601100780000;0
168622;5;3;82;68;2021;8;21;3;3;2;2;1;1;0;0;0;2;0;367216,644770068116486;5632370,991860551759601;7,114580979000038;50,827810030000080;5210810607400310000;1
168625;5;3;15;0;2021;8;11;3;3;0;7;1;0;0;0;1;0;0;358065,829130590893328;5651408,808910081163049;6,977324842000030;50,996732660000077;5210824601500870000;0
168626;5;3;74;16;2021;7;13;1;3;0;1;1;0;0;0;0;0;0;382893,357692846097052;5670255,747184079140425;7,324849613000026;51,171727745000055;5210718605116080000;0
168627;5;1;17;0;2021;5;10;3;3;5;3;1;1;0;0;0;0;0;351906,842015842907131;5695904,947885049507022;6,871263054000053;51,395024746000047;5210504502407600000;1
168628;5;3;15;0;2021;8;14;2;3;5;2;1;0;0;0;0;0;0;353805,923999798484147;5642680,941999338567257;6,920165725000061;50,917232135000063;5210802601200990000;0
168629;5;3;74;36;2021;7;13;3;3;0;1;1;0;0;0;0;0;0;385487,715999941341579;5673534,998999588191509;7,360898670000040;51,201728797000044;5210720605136780000;0
168632;5;3;15;0;2021;6;10;6;3;5;3;1;1;0;0;0;0;0;355330,740999808534980;5645077,578999359160662;6,940892472000030;50,939154510000037;5210625601100990000;0
168636;5;3;70;12;2021;6;14;7;3;0;7;1;0;1;0;0;0;0;301262,080813163891435;5652509,476507388055325;6,168130566000059;50,989810584000054;5210612610121980000;0
168637;5;1;11;0;2021;7;13;6;3;3;6;1;1;0;0;0;0;0;348676,332818786613643;5671331,761704575270414;6,835271819000070;51,173367370000051;5210702500300000000;0
168638;5;1;13;0;2021;8;19;6;2;5;7;1;1;0;0;0;1;0;357553,425999824889004;5696786,679999394342303;6,952018039000052;51,404393885000047;5210827502227580000;1
168642;5;3;15;0;2021;7;19;2;3;0;6;1;0;1;0;0;0;0;357999,125883190892637;5648360,992786385118961;6,977565785000024;50,969325737000077;5210726601400280000;0
168645;5;3;15;0;2021;7;16;7;3;0;7;1;1;0;0;0;0;0;355760,611548117361963;5644348,482060564681888;6,947295299000075;50,932709935000048;5210724601100070000;1
168646;5;1;11;0;2021;8;16;3;3;5;2;1;1;0;0;0;0;0;344930,104999733157456;5676971,274999160319567;6,779287480000050;51,223037344000033;5210817500100500000;1
168647;5;1;62;24;2021;7;18;4;3;1;5;1;1;0;0;0;0;0;342142,129999708384275;5669797,863999089226127;6,742547596000065;51,157818619000068;5210721513210960000;0
168648;5;1;13;0;2021;6;7;5;2;2;6;1;1;0;0;0;0;0;361515,364999849349260;5693745,405999442562461;7,010128499000075;51,378044801000044;5210617502000670000;0
168649;5;3;15;0;2021;8;18;2;3;0;1;1;0;0;0;0;0;0;364503,556086069904268;5638725,595369413495064;7,073728101000029;50,884294277000038;5210823601620890000;0
168650;5;1;58;20;2021;8;20;1;3;0;7;1;0;0;0;0;0;0;357457,912596419453621;5661920,467850573360920;6,964530101000037;51,091048197000077;5210801516800070000;0
168652;5;1;22;0;2021;8;14;7;3;2;2;1;1;0;0;0;0;0;362231,051999850198627;5667919,353999447077513;7,030353807000040;51,146126663000075;5210821503400070000;0
168653;5;1;66;32;2021;8;18;6;3;0;7;1;0;0;0;0;0;0;317515,319999427534640;5684229,401997866109014;6,383393228000045;51,280131546000064;5210813514110680000;0
168656;5;1;11;0;2021;3;14;3;3;5;3;1;1;0;0;0;0;0;344269,865920393727720;5679547,660312779247761;6,768720072000065;51,246007254000062;5210323500200000000;0
168657;5;1;12;0;2021;8;15;6;3;3;5;1;1;0;0;0;0;0;343630,818999723531306;5692695,463999120518565;6,753809216000036;51,363967157000047;5210820501327470000;0
168663;5;3;15;0;2021;8;20;7;2;0;1;1;0;0;0;0;1;0;355854,891005869023502;5642710,764353578910232;6,949283529000070;50,918015584000045;5210807601100990000;1
168664;5;9;62;52;2021;8;20;5;3;5;3;1;1;0;0;0;2;0;421227,550046023912728;5674396,087881252169609;7,872150612000041;51,215517533000082;5210819307000670000;0
168666;5;1;14;0;2021;4;19;2;2;5;3;1;1;0;0;0;0;0;329226,812511178664863;5690093,088454214856029;6,548344186000065;51,336440639000045;5210426505200080000;0
168668;5;3;82;44;2021;7;12;6;3;0;1;1;0;0;0;0;0;0;361414,109630206599832;5631622,777588438242674;7,032523093000066;50,819725494000068;5210730607400570000;0
168669;5;3;16;0;2021;8;10;5;3;5;3;1;1;0;0;0;0;0;362323,314999849535525;5654939,504999447613955;7,036618858000054;51,029498098000033;5210826601700990000;1
168670;5;1;14;0;2021;8;16;3;3;5;3;1;0;0;0;1;0;0;330696,695999597199261;5689834,651998655870557;6,569548512000040;51,334558448000053;5210831505200170000;0
168672;5;1;11;0;2021;2;17;6;3;1;5;1;1;0;0;0;0;0;344244,367999147623777;5676899,655497875064611;6,769506313000022;51,222207135000076;5210219500100000000;0
168674;5;1;12;0;2021;8;14;6;3;0;3;1;0;0;0;1;0;0;337272,291999667882919;5696612,999998921528459;6,660756758000048;51,397377989000063;5210827501215570000;1
168675;5;3;15;0;2021;8;3;7;2;1;5;1;1;0;0;0;2;0;354791,441208327189088;5642385,765257537364960;6,934293930000024;50,914828271000033;5210821601000870000;0
168676;5;1;16;0;2021;7;5;7;3;0;1;1;0;0;0;0;1;0;320431,979320147074759;5676015,805842431262136;6,429287962000046;51,207275125000081;5210717506100170000;0
168677;5;3;78;4;2021;8;7;1;3;0;7;1;1;0;0;0;0;0;367754,775741094723344;5647673,638122595846653;7,116676373000075;50,965470517000028;5210801606100090000;1
168678;5;1;14;0;2021;8;14;3;3;4;7;1;1;0;0;0;0;0;331878,392010367475450;5686466,704903429374099;6,588084539000022;51,304651332000049;5210810505100470000;0
168679;5;3;15;0;2021;8;23;3;3;0;7;1;1;0;0;0;2;0;355181,199045144021511;5644177,605307856574655;6,939123128000062;50,931029110000054;5210817601100870000;1
168683;5;9;70;40;2021;8;7;4;3;0;7;1;1;0;0;0;0;0;431596,745046715252101;5637181,709160920232534;8,027622014000031;50,882255185000076;5210825315110570000;0
168684;5;3;70;4;2021;8;18;5;3;5;3;1;0;0;1;0;0;0;312188,058999340981245;5662269,449997469782829;6,318571858000041;51,081149051000068;5210812610211270000;0
168685;5;1;11;0;2021;8;16;4;3;6;4;1;0;1;0;0;0;0;345843,149999740533531;5673470,666999179869890;6,793856556000037;51,191829911000070;5210825500300280000;0
168688;5;3;15;0;2021;8;10;5;3;3;3;1;0;0;0;1;0;0;352680,130999789573252;5643487,147999320179224;6,903835365000020;50,924190890000034;5210812601210990000;0
168689;5;9;62;52;2021;7;12;7;2;0;1;1;0;0;0;0;0;0;422242,962426799349487;5673706,138550372794271;7,886835726000072;51,209453757000063;5210724307000060000;0
168690;5;1;11;0;2021;8;7;2;3;5;3;1;1;0;0;0;0;0;344746,176999732851982;5679231,668999152258039;6,775676090000047;51,243297807000033;5210823500200050000;0
168691;5;1;66;16;2021;7;21;4;3;2;7;1;0;0;0;0;1;0;310643,656499898992479;5692403,616351604461670;6,280638351000050;51,351309245000039;5210728514120280000;0
168692;5;3;70;28;2021;7;16;2;3;0;3;1;1;0;0;0;0;0;296314,762999048456550;5647845,539995571598411;6,100341647000050;50,946194597000044;5210719610122070000;0
168697;5;1;58;20;2021;8;11;1;3;0;7;1;0;0;0;0;0;0;357261,889999820850790;5661144,651999387890100;6,962039372000049;51,084027445000061;5210815516800870000;0
168700;5;3;15;0;2021;8;16;6;3;0;1;1;0;0;0;0;0;0;355372,875999808311462;5644251,438999358564615;6,941819651000060;50,931740732000037;5210827601100990000;1
168702;5;1;66;32;2021;8;19;5;3;0;7;1;1;0;0;0;0;0;313840,867460583336651;5680505,195762839168310;6,332705025000053;51,245490782000047;5210826514111070000;0
168708;5;9;62;32;2021;6;15;1;3;0;7;1;0;0;0;0;0;0;403820,404436880722642;5679367,475959479808807;7,621653596000044;51,257541130000050;5210620307000990000;0
168709;5;3;15;0;2021;5;20;4;3;0;7;1;1;0;0;0;0;0;356788,708999818190932;5642778,096999380737543;6,962533280000059;50,918853202000037;5210505601100390000;0
168713;5;3;58;40;2021;8;6;4;3;5;3;1;1;0;0;0;1;0;325667,324999526143074;5633664,111998481675982;6,524516527000060;50,828409258000079;5210811609140090000;0
168714;5;3;70;4;2021;8;12;3;3;5;3;1;1;0;0;0;0;0;317736,318999422714114;5658236,211997941136360;6,399728662000030;51,046707226000080;5210824610211250000;0
168717;5;1;11;0;2021;7;14;3;3;0;7;1;1;0;0;0;0;0;343420,217151781544089;5677375,056791679933667;6,757506089000060;51,226253292000081;5210720500100480000;0
168721;5;1;16;0;2021;7;12;3;2;0;1;1;0;0;0;0;0;0;320525,708999467082322;5675511,069998104125261;6,430880782000031;51,202770472000054;5210727506100990000;1
168722;5;3;15;0;2021;7;23;6;3;1;1;1;1;0;0;0;2;0;359845,739563059061766;5647737,344309691339731;7,004089116000046;50,964173232000064;5210716601500080000;0
168723;5;1;22;0;2021;7;16;4;2;1;7;1;1;0;0;0;0;0;361373,238999845460057;5668657,592999437823892;7,017813427000021;51,152554028000054;5210728503400260000;0
168724;5;3;78;32;2021;8;15;4;2;4;6;1;0;0;0;0;0;0;376086,506999596022069;5667468,228436641395092;7,228489705000072;51,145239280000055;5210811606210590000;0
168725;5;1;11;0;2021;8;13;3;3;5;3;1;1;0;0;0;0;0;342157,503999711014330;5685191,122999085113406;6,735987849000026;51,296133506000047;5210824500200880000;0
168726;5;3;15;0;2021;7;16;3;3;5;3;1;1;0;0;0;0;0;356263,683999814093113;5643657,340999372303486;6,954722275000051;50,926624329000049;5210727601100370000;1
168727;5;1;11;0;2021;8;15;2;3;5;6;1;0;0;0;0;0;0;346787,886325518600643;5676702,686142845079303;6,805985989000021;51,221125551000057;5210830500200450000;0
168728;5;1;62;22;2021;8;11;7;2;2;1;1;0;0;0;0;0;0;339551,399952609091997;5680386,872543264180422;6,700795890000052;51,252239767000049;5210821513130180000;0
168729;5;9;62;24;2021;8;18;5;3;5;3;1;1;0;0;0;0;0;408765,877999981865287;5692567,259999630972743;7,689128494000045;51,377015591000031;5210812307000770000;0
168732;5;1;58;26;2021;8;13;1;2;0;7;1;0;0;0;0;0;0;351547,734943803399801;5662134,419519245624542;6,880106749000049;51,091471530000035;5210815516900870000;0
168733;5;1;11;0;2021;7;9;6;3;5;3;1;1;0;0;0;0;0;346885,037953153252602;5672515,390188466757536;6,809162522000065;51,183526240000049;5210723500300580000;0