OID_;ULAND;UREGBEZ;UKREIS;UGEMEINDE;UJAHR;UMONAT;USTUNDE;UWOCHENTAG;UKATEGORIE;UART;UTYP1;IstRad;IstPKW;IstFuss;IstKrad;IstSonstige;ULICHTVERH;IstGkfz;LINREFX;LINREFY;XGCSWGS84;YGCSWGS84;UIDENTSTLAE;IstStrassenzustand
168734;5;1;11;0;2021;8;13;1;3;1;1;1;1;0;0;0;0;0;343554,219873571768403;5672728,216896301135421;6,761449588000062;51,184536752000042;5210808500300270000;0
168737;5;1;11;0;2021;6;17;4;3;2;7;1;1;0;0;0;0;0;344512,271765833720565;5675512,830404764041305;6,773941002000072;51,209819027000037;5210630500300570000;0
168740;5;3;15;0;2021;7;10;3;3;4;7;1;1;0;0;0;0;0;356396,287455083802342;5645527,223886825144291;6,955871006000052;50,943461755000044;5210720601100470000;0
168741;5;3;58;8;2021;8;8;7;3;0;5;1;1;0;0;0;0;0;321255,777129377238452;5633067,776110382750630;6,462229031000049;50,821706631000040;5210807609108070000;0
168745;5;1;17;0;2021;7;11;2;2;5;7;1;0;0;0;0;0;0;350849,940999779850245;5696283,539999283850193;6,855923118000021;51,398149771000078;5210712502400570000;0
168746;5;3;15;0;2021;8;15;5;3;0;5;1;1;0;0;0;0;0;355254,569395634345710;5642046,589931260794401;6,941012290000060;50,911896502000047;5210805601200520000;0
168748;5;3;15;0;2021;8;7;6;3;0;2;1;1;0;0;0;0;0;357668,109091621823609;5644969,256727412343025;6,974180616000069;50,938762705000045;5210813601500910000;0
168749;5;3;78;4;2021;7;9;2;3;0;7;1;0;1;0;0;0;0;369571,469354213215411;5648202,424104789271951;7,142343909000033;50,970637331000034;5210726606100580000;0
168750;5;9;54;8;2021;8;13;6;3;1;5;1;1;0;0;0;0;0;382743,027817687951028;5684600,906777165830135;7,318003967000038;51,300635072000034;5210806310220990000;0
168754;5;1;62;24;2021;8;14;7;2;3;1;1;0;0;0;0;0;0;340566,675306209363043;5669713,237710777670145;6,720074265000051;51,156621439000048;5210821513210270000;0
168759;5;1;11;0;2021;8;13;5;2;5;3;1;1;0;0;0;0;0;345005,817999734543264;5681404,685999158769846;6,778451798000049;51,262893722000058;5210826500200180000;0
168761;5;1;62;24;2021;8;13;6;3;4;1;1;0;0;1;0;0;0;337591,915150338783860;5675489,977151922881603;6,674960827000064;51,207687839000073;5210820513210190000;0
168763;5;3;82;28;2021;8;19;7;3;5;3;1;1;0;0;0;0;0;373628,004999903030694;5632328,426999527961016;7,205583023000031;50,828862580000077;5210807607100570000;0
168765;5;3;70;16;2021;8;17;5;2;5;3;1;0;0;0;0;0;0;294757,118999026715755;5658988,531995248049498;6,071901314000058;51,045714999000040;5210805610111120000;0
168766;5;1;14;0;2021;8;17;6;3;5;3;1;0;0;0;0;0;0;331782,284681730903685;5686397,864571535959840;6,586739525000041;51,304004475000056;5210820505100170000;0
168770;5;3;62;28;2021;7;17;4;3;0;7;1;1;0;0;0;0;0;347363,901999749243259;5639593,834999222308397;6,829877525000029;50,887822929000038;5210728602700180000;0
168774;5;3;74;4;2021;6;18;1;2;5;3;1;1;0;0;0;0;0;409680,070596514269710;5652172,288303121924400;7,712423488000070;51,014014738000071;5210606605104580000;0
168776;5;3;78;28;2021;8;19;6;3;0;3;1;1;0;0;0;0;0;371726,298000118695199;5643230,396197918802500;7,174769245000050;50,926432640000030;5210827606400680000;1
168778;5;1;11;0;2021;8;3;1;3;5;3;1;1;0;0;0;2;0;345758,846241557970643;5676616,311985734850168;6,791298886000050;51,220072353000035;5210801500100780000;0
168779;5;1;11;0;2021;8;10;3;3;2;6;1;1;0;0;0;0;0;344951,982373651117086;5679705,662647664546967;6,778417012000034;51,247612783000079;5210831500200870000;0
168781;5;3;15;0;2021;8;16;5;3;0;4;1;0;1;0;0;0;0;355185,604999809525907;5645880,592999357730150;6,938508906000038;50,946334576000027;5210812601100870000;0
168784;5;1;16;0;2021;8;5;2;3;0;1;1;0;0;0;0;1;0;319060,537418916821480;5673654,571824435144663;6,410865622000074;51,185631390000026;5210802506100990000;0
168787;5;3;15;0;2021;7;16;2;3;0;7;1;0;0;0;0;0;0;354363,737999801523983;5643551,396999346092343;6,927748332000021;50,925195728000062;5210726601200120000;0
168788;5;1;11;0;2021;8;16;3;3;1;5;1;1;0;0;0;0;0;344631,705419223755598;5676222,238952428102493;6,775342215000023;51,216225840000050;5210817500300100000;1
168791;5;3;15;0;2021;8;7;4;3;0;5;1;1;0;0;0;0;0;354058,058659209869802;5645434,155383329838514;6,922647950000055;50,942038246000038;5210825601300080000;0
168797;5;3;15;0;2021;7;10;4;3;5;3;1;1;0;0;0;0;0;356271,895999813452363;5641006,943999372422695;6,955883160000042;50,902807520000067;5210721601200920000;0
168799;5;3;62;24;2021;8;18;2;3;5;3;1;1;0;0;0;0;0;343547,404999719001353;5644960,247999135404825;6,773358506000022;50,935023737000051;5210830602500890000;0
168800;5;3;70;12;2021;7;13;6;3;5;3;1;1;0;0;0;0;0;296762,147999060340226;5650352,615995626896620;6,105302147000032;50,968868731000043;5210723610121180000;0
168803;5;3;15;0;2021;7;11;6;3;5;3;1;1;0;0;0;0;0;354153,303996318019927;5644705,371499365195632;6,924294461000045;50,935512994000078;5210716601200750000;0
168807;5;1;58;16;2021;7;17;5;3;0;7;1;0;0;0;0;0;0;354927,537372069433331;5670320,880947975441813;6,925040721000073;51,165903292000053;5210729516500080000;0
168809;5;3;15;0;2021;5;9;5;3;5;3;1;1;0;0;0;0;0;363645,119999858550727;5638841,428999453783035;7,061488451000059;50,885133372000041;5210506601620380000;0
168810;5;3;15;0;2021;7;14;7;3;1;6;1;0;0;0;1;0;0;357994,062999824993312;5648529,917999394237995;6,977427767000052;50,970842610000034;5210717601400080000;0
168811;5;1;58;8;2021;7;12;6;2;0;6;1;1;0;0;0;0;0;361929,032999848946929;5673421,021999448537827;7,023925882000071;51,195496771000080;5210716516700580000;0
168812;5;1;62;4;2021;8;18;7;3;5;3;1;1;0;0;0;0;0;349331,939999768510461;5665853,552999259904027;6,846936113000027;51,124313796000081;5210814513320580000;0
168818;5;3;15;0;2021;8;18;3;2;5;3;1;1;0;0;0;0;0;353764,298999798484147;5646847,022999336943030;6,917902106000042;50,954660746000059;5210824601300190000;0
168821;5;3;16;0;2021;8;12;6;3;5;3;1;1;0;0;0;0;0;359908,815069888718426;5659485,025291578844190;7,000449479000054;51,069765042000029;5210813601700080000;0
168822;5;9;58;40;2021;7;13;5;2;0;1;1;0;0;0;0;0;0;453282,721979817375541;5670268,539858782663941;8,331602902000043;51,181927438000059;5210715313240910000;0
168826;5;3;62;16;2021;4;17;4;3;5;3;1;1;0;0;0;0;0;330631,732686295174062;5644491,503938799723983;6,589927021000051;50,927164237000056;5210428602250280000;0
168829;5;1;14;0;2021;7;11;2;3;0;5;1;0;0;0;1;0;0;330011,207870616577566;5690298,813961541280150;6,559495943000059;51,338523886000075;5210726505200270000;0
168830;5;3;15;0;2021;8;18;2;3;5;3;1;1;0;0;0;0;0;356255,695999815128744;5646955,351999374106526;6,953307322000057;50,956261074000054;5210816601400990000;1
168831;5;3;15;0;2021;7;23;1;3;1;1;1;1;0;0;0;2;0;362926,965780031867325;5636360,624229274690151;7,052214881000054;50,862667215000045;5210725601620080000;0
168832;5;1;58;26;2021;8;13;6;3;5;2;1;0;0;0;0;0;0;352230,029716998338699;5664957,202412348240614;6,888687065000056;51,117013909000036;5210813516900180000;0
168836;5;3;15;0;2021;7;14;7;3;1;1;1;1;0;0;0;0;0;355554,830924663692713;5643430,269014678895473;6,944732617000057;50,924406621000060;5210717601110270000;0
168837;5;1;11;0;2021;6;17;2;3;1;5;1;1;0;0;0;0;0;345469,983750595711172;5676209,501144278794527;6,787341059000028;51,216338862000043;5210614500300000000;0
168838;5;1;62;24;2021;7;14;5;3;5;3;1;1;0;0;0;0;0;338710,615218086168170;5678301,358213586732745;6,689697441000021;51,233264655000028;5210729513210690000;0
168841;5;3;34;12;2021;4;13;4;3;0;3;1;1;0;0;0;0;0;307484,686999246478081;5633076,606997104361653;6,266934545000026;50,817372001000081;5210414608312530000;0
168842;5;3;70;16;2021;7;15;3;3;0;7;1;0;0;0;0;0;0;297919,336901458911598;5660533,725359184667468;6,116090962000044;51,060713342000042;5210727610111140000;0
168848;5;3;58;24;2021;8;19;7;2;5;3;1;1;0;0;0;0;0;312153,418538218364120;5642464,808941848576069;6,328318723000052;50,903238761000068;5210814609224130000;0
168850;5;3;15;0;2021;7;18;4;3;1;5;1;1;0;0;0;0;0;356108,372579900547862;5647551,002810478210449;6,950975588000063;50,961577308000074;5210728601400560000;0
168851;5;3;62;36;2021;7;0;1;3;0;1;1;0;0;0;0;2;0;347266,446488879621029;5654312,621573893353343;6,822317606000070;51,020061492000082;5210718602300580000;0
168853;5;3;15;0;2021;8;13;2;3;3;2;1;1;0;0;0;0;0;359542,150999834761024;5644531,074999416247010;7,001005414000076;50,935284245000048;5210823601600080000;0
168858;5;3;70;4;2021;7;12;4;3;0;3;1;1;0;0;0;0;0;313269,195999356918037;5662993,022997565567493;6,333615615000042;51,088001488000032;5210721610211660000;0
168859;5;1;16;0;2021;8;13;3;3;5;3;1;1;0;0;0;0;0;320335,480580893345177;5674541,839789664372802;6,428645711000058;51,194003963000057;5210824506100990000;0
168860;5;9;62;48;2021;8;7;6;3;0;1;1;0;0;0;0;0;0;416073,247717745602131;5682204,818416370078921;7,796537867000040;51,284984652000048;5210806307000430000;0
168864;5;9;14;0;2021;4;17;5;3;1;1;1;1;0;0;0;0;0;394151,082999959588051;5691231,372999612241983;7,479611755000064;51,362470839000082;5210422302100880000;0
168865;5;3;62;8;2021;7;17;7;3;0;7;1;0;0;0;0;0;0;333544,993999619968235;5647747,411998823285103;6,629856130000064;50,957266146000052;5210703602100350000;1
168869;5;1;66;32;2021;6;10;5;3;0;2;1;1;0;0;0;0;0;317405,386999425478280;5681827,061997860670090;6,383045519000063;51,258516845000031;5210617514110280000;0
168874;5;3;82;40;2021;8;18;7;3;0;1;1;0;0;0;0;0;0;383114,738999935798347;5632283,779999567195773;7,340241161000051;50,830454643000053;5210807607200080000;0
168878;5;1;16;0;2021;8;20;3;3;3;2;1;1;0;0;0;0;0;320189,838999461382627;5670491,615998091176152;6,428589494000050;51,157574360000069;5210817506100990000;1
168880;5;7;58;8;2021;8;17;3;3;0;7;1;0;0;0;0;0;0;469573,829207704402506;5773656,316986156627536;8,555679517000044;52,112610630000063;5210803406130990000;0
168882;5;1;70;48;2021;8;15;2;3;5;2;1;1;0;0;0;0;0;336785,788999666459858;5726391,957998882979155;6,639968840000051;51,664775091000081;5210823518100990000;0
168884;5;5;66;76;2021;6;18;4;3;1;6;1;1;0;0;0;0;0;394865,046999963000417;5793622,492999663576484;7,458768300000031;52,282899046000068;5210630709500970000;0
168885;5;5;62;28;2021;7;18;1;3;0;1;1;0;0;0;0;0;0;379136,962259393185377;5723893,177182899788022;7,252858179000043;51,653024549000065;5210718701920350000;0
168886;5;9;13;0;2021;7;5;6;3;0;3;1;1;0;0;0;0;0;392351,783999958075583;5712527,665999619290233;7,447294306000060;51,553554445000032;5210723301203970000;0
168887;5;7;70;24;2021;7;17;7;3;3;6;1;0;0;1;0;0;0;491939,517975714057684;5792293,299587829038501;8,881845657000042;52,280947349000030;5210703410110080000;0
168888;5;5;13;0;2021;4;7;2;3;5;3;1;0;0;0;1;0;0;368474,225563013926148;5711391,087760824710131;7,103496602000064;51,538279311000053;5210426700100570000;0
168889;5;7;74;32;2021;7;17;6;3;5;1;1;1;0;0;0;0;0;476917,168000001460314;5733505,060999656096101;8,665607774000023;51,751969702000054;5210730411132990000;0
168891;5;5;15;0;2021;7;7;1;3;5;3;1;1;0;0;0;0;0;405330,537999978289008;5765929,350999664515257;7,619858359000034;52,035892988000057;5210718702100070000;0
168892;5;5;54;8;2021;7;19;6;3;5;3;1;1;0;0;0;0;0;337160,874999673105776;5746424,483998879790306;6,636004503000038;51,844850226000062;5210716705000080000;0
168893;5;1;13;0;2021;8;15;2;3;5;2;1;1;0;0;0;0;0;362044,959999850019813;5703885,311999453231692;7,013785631000076;51,469295483000053;5210816502103060000;1
168898;5;1;54;16;2021;5;19;7;2;0;7;1;0;1;0;0;0;0;304507,784005687572062;5733811,733439696952701;6,169643658000041;51,721109174000048;5210501515211420000;0
168899;5;1;12;0;2021;8;11;6;3;0;3;1;1;0;0;0;0;0;338534,384999680332839;5698114,449998965486884;6,678200174000040;51,411228340000036;5210806501213070000;0
168903;5;7;11;0;2021;7;7;6;3;5;3;1;1;0;0;0;0;0;471339,918000000528991;5754812,020999666303396;8,583048007000059;51,943282023000052;5210716400300020000;0
168905;5;5;66;84;2021;8;5;3;3;0;7;1;0;0;0;0;2;0;385268,802999941632152;5779298,782999629154801;7,323010841000041;52,152256000000079;5210817709300070000;0
168908;5;9;16;0;2021;8;15;6;2;1;5;1;1;0;0;0;0;0;372563,611529360525310;5709145,053044691681862;7,163242028000070;51,519032129000038;5210827300600330000;0
168910;5;1;70;8;2021;7;17;7;3;3;6;1;1;0;0;0;0;0;344143,202999729663134;5715124,264999125152826;6,751275289000034;51,565628088000039;5210703518400050000;0
168912;5;1;13;0;2021;8;9;7;3;5;3;1;1;0;0;0;0;0;361885,909075502306223;5699816,248592788353562;7,013085649000061;51,432690504000050;5210821502210180000;0
168913;5;5;66;84;2021;7;17;3;3;5;2;1;1;0;0;0;0;0;390123,118999952450395;5775531,114999646320939;7,395151577000036;52,119382393000080;5210720709300530000;0
168914;5;7;54;8;2021;4;7;3;3;0;7;1;1;0;0;0;0;0;458393,574998371303082;5750746,979400029405951;8,395203277000064;51,905917360000046;5210413405108000000;0
168916;5;7;74;36;2021;4;15;2;3;3;6;1;1;0;0;0;0;0;472797,056203631684184;5724830,830769989639521;8,606599901000038;51,673793126000078;5210426411236480000;0
168917;5;7;70;24;2021;7;17;5;2;1;1;1;1;0;0;0;0;0;494317,247264793142676;5793677,280984880402684;8,916676145000054;52,293419773000039;5210722410110870000;0
168918;5;9;16;0;2021;8;19;5;3;5;2;1;1;0;0;0;0;0;371820,769957907497883;5710296,788261188194156;7,152122280000071;51,529214706000062;5210812300700870000;0
168919;5;9;11;0;2021;7;10;5;3;1;5;1;1;0;0;0;0;0;376766,457447050139308;5707415,314045697450638;7,224391019000052;51,504418880000060;5210729300100870000;0
168920;5;7;74;20;2021;7;14;7;3;0;7;1;0;0;0;0;0;0;470143,667000000365078;5734637,119999654591084;8,567388060000042;51,761828035000065;5210703411220390000;0
168921;5;9;11;0;2021;8;18;7;3;5;2;1;1;0;0;0;1;0;372528,846492778509855;5698882,264241546392441;7,166443652000055;51,426791043000037;5210828300400070000;1
168922;5;7;66;44;2021;8;14;6;3;0;2;1;0;0;0;0;0;0;492579,423999999649823;5765020,885999670252204;8,891821750000076;52,035758286000032;5210820404301990000;0
168925;5;5;15;0;2021;7;11;1;3;0;6;1;0;0;0;0;0;0;406126,721383397467434;5756676,044077370315790;7,633995846000062;51,952855881000062;5210718702100060000;0
168928;5;7;74;32;2021;6;12;5;3;4;2;1;1;0;0;0;0;0;483302,886000000871718;5730227,671999655663967;8,758271467000043;51,722728535000044;5210617411132670000;0
168930;5;7;11;0;2021;8;18;5;3;5;3;1;1;0;0;0;0;0;467772,029101272113621;5763234,017300952225924;8,530352299000072;52,018806293000068;5210812400200990000;0
168931;5;1;54;64;2021;8;13;4;3;5;1;1;1;0;0;0;0;0;306124,108283942565322;5723069,298873843625188;6,198976502000050;51,625195774000076;5210811515000520000;0
168934;5;5;15;0;2021;7;22;3;3;0;7;1;0;0;0;0;2;0;406230,825860637240112;5754916,470455531030893;7,635990184000036;51,937057530000061;5210727702100460000;1
168935;5;1;54;36;2021;8;19;6;3;1;5;1;1;0;0;0;0;0;307141,427570728585124;5743983,235588910058141;6,202078480000068;51,813367191000054;5210806515000990000;0
168936;5;1;13;0;2021;7;11;4;3;0;3;1;1;0;0;0;0;0;366572,663223181851208;5701113,393923992291093;7,079979201000071;51,445470720000060;5210721502134400000;0
168939;5;1;13;0;2021;5;18;7;2;0;7;1;0;0;0;0;0;0;365725,945999870076776;5706128,885999487712979;7,065896984000062;51,490343102000054;5210501502337470000;0
168941;5;1;13;0;2021;8;5;4;3;5;3;1;1;0;0;0;1;0;361145,988999847322702;5709844,342999441549182;6,998506298000052;51,522624946000064;5210811502340270000;0
168944;5;1;70;24;2021;7;13;3;3;0;7;1;0;0;0;0;0;0;335340,574705660343170;5702641,236501369625330;6,630212198000038;51,450979274000076;5210720518200440000;0
168945;5;7;54;8;2021;8;11;3;3;5;3;1;1;0;0;0;0;0;456102,581869026646018;5754009,554318625479937;8,361487248000060;51,935073787000078;5210824405108990000;0
168952;5;5;54;56;2021;7;18;6;3;0;1;1;0;0;0;0;0;0;356348,343192861415446;5763104,664636747911572;6,907382575000042;51,999989738000068;5210723705000990000;0
168954;5;1;54;36;2021;8;20;4;3;0;1;1;0;0;0;0;0;0;301886,628847987391055;5740034,817001452669501;6,128200755000023;51,776073157000042;5210804515110990000;0
168957;5;5;54;64;2021;8;21;6;3;0;6;1;1;0;0;0;1;0;356983,308755816891789;5750707,192883102223277;6,921782327000074;51,888761004000060;5210806705000990000;0
168959;5;1;54;16;2021;8;20;2;3;6;7;1;1;1;0;0;0;0;303695,950114659033716;5729265,024366134777665;6,160464345000037;51,679994562000047;5210823515211990000;0
168962;5;9;16;0;2021;7;15;7;3;5;3;1;0;0;0;0;0;0;377391,678999917581677;5710614,548999570310116;7,232281808000039;51,533307729000057;5210703300600280000;0
168964;5;5;70;4;2021;7;14;6;3;0;3;1;1;0;0;0;0;0;424471,338077980093658;5735440,223755870014429;7,905521950000036;51,764749997000081;5210730711213770000;0
168966;5;7;66;8;2021;7;15;7;2;0;1;1;0;0;0;0;0;0;482691,213163236156106;5767801,311750715598464;8,747530201000075;52,060536023000054;5210731404154780000;1
168967;5;9;16;0;2021;7;17;5;3;2;6;1;1;0;0;0;0;0;374121,973932620137930;5710271,191289955750108;7,185288343000025;51,529502366000031;5210715300712870000;0
168968;5;5;54;8;2021;8;10;3;3;5;3;1;0;0;0;0;0;0;335855,334999660030007;5746239,080998828634620;6,617157110000051;51,842802419000066;5210803705000380000;0
168972;5;9;13;0;2021;8;8;4;3;4;2;1;1;0;0;0;0;0;386881,736999943852425;5705366,947999607771635;7,370727336000073;51,488123257000041;5210818301204670000;1
168976;5;9;78;24;2021;6;17;2;3;0;7;1;0;1;0;0;0;0;394958,873999963514507;5720316,064999628812075;7,482553344000053;51,624051455000028;5210614301301990000;0
168979;5;5;58;32;2021;5;12;7;3;5;3;1;1;0;0;0;0;0;387440,493999947793782;5754685,820999627932906;7,362843293000026;51,931501271000059;5210501706100080000;0
168982;5;5;54;4;2021;4;12;5;3;0;1;1;0;0;0;0;0;0;357307,554999828338623;5770781,946999393403530;6,918142881000051;52,069217250000065;5210429705000070000;0
168986;5;5;15;0;2021;7;0;4;2;3;6;1;0;0;0;0;2;0;405822,707608911208808;5758831,247092861682177;7,628982346000043;51,972176398000045;5210721702100370000;0
168989;5;5;70;4;2021;1;12;6;3;5;3;1;1;0;0;0;0;0;423184,244999992661178;5734938,027999654412270;7,886985609000021;51,760060337000027;5210115711215800000;1
168992;5;7;54;8;2021;8;9;5;3;0;7;1;0;0;0;0;0;0;461070,556147858500481;5747626,853347372263670;8,434466365000048;51,878058802000055;5210805405108970000;0
168999;5;5;15;0;2021;8;9;3;3;7;1;1;0;0;0;0;0;0;405972,630219590850174;5758009,162486726418138;7,631389368000043;51,964812525000070;5210810702100070000;0
169002;5;1;54;44;2021;6;8;7;2;1;5;1;1;0;0;0;0;0;320268,112499308772385;5737398,708431143313646;6,395705488000033;51,758599783000079;5210619515111080000;0
169003;5;1;13;0;2021;7;17;3;2;3;2;1;0;0;0;0;0;0;359960,051999839022756;5700087,425999427214265;6,985291251000035;51,434654669000054;5210720502213170000;0
169004;5;5;54;4;2021;7;15;7;3;4;6;1;0;0;0;0;0;0;364069,623957181349397;5773143,232506426051259;7,015793726000027;52,092135255000073;5210703705000520000;0
169005;5;7;54;36;2021;8;7;4;3;5;2;1;1;0;0;0;1;0;475079,100999999791384;5750055,156999668106437;8,637789423000072;51,900693616000069;5210811405236990000;0
169006;5;9;58;4;2021;8;18;1;2;0;3;1;1;0;0;0;0;0;429403,261999994516373;5701668,928999638184905;7,983780423000042;51,461785352000049;5210815313110780000;0
169009;5;5;66;68;2021;7;14;6;3;1;5;1;1;0;0;0;0;0;376046,869545266032219;5785848,526427140459418;7,185893192000037;52,209120257000052;5210716709300160000;0
169010;5;5;12;0;2021;8;19;7;2;5;3;1;1;0;0;0;0;0;356610,776999819092453;5710703,271999381482601;6,932829482000045;51,529209988000048;5210814701400090000;0
169013;5;1;13;0;2021;8;20;7;3;0;1;1;0;0;0;0;0;0;364039,070999862626195;5698723,563999472185969;7,044460927000046;51,423391752000043;5210814502200760000;0
169014;5;7;11;0;2021;7;15;2;3;0;1;1;0;0;0;0;0;0;468738,121860209852457;5766089,507641047239304;8,544169380000028;52,044534215000056;5210726400100100000;0
169015;5;1;19;0;2021;8;18;7;2;0;1;1;0;0;0;0;0;0;350463,318554829806089;5710963,074918258935213;6,844160460000069;51,529949942000030;5210828508000570000;1
169018;5;5;15;0;2021;7;17;3;3;0;2;1;0;0;0;0;0;0;405622,801658006384969;5757091,641963517293334;7,626551138000025;51,956506173000037;5210720702100330000;0
169019;5;5;54;8;2021;8;14;7;3;5;2;1;1;0;0;0;0;0;337497,971999675966799;5745597,741998896002769;6,641282156000045;51,837521332000051;5210821705000280000;0
169020;5;5;66;8;2021;5;15;2;2;3;2;1;1;0;0;0;0;0;399310,322999969124794;5781224,858999663963914;7,527601465000032;52,172306045000028;5210531709110400000;0
169026;5;7;66;20;2021;8;15;2;2;0;7;1;0;0;0;0;0;0;492686,976999999955297;5752089,496999664232135;8,893665284000065;51,919493889000080;5210809404101990000;0
169027;5;7;54;32;2021;8;5;6;3;0;3;1;1;0;0;0;1;0;461141,615326110273600;5740990,433424364775419;8,436244539000029;51,818397329000049;5210820405232630000;0
169028;5;1;70;28;2021;8;13;4;3;4;6;1;0;0;0;0;0;0;328811,477999578230083;5701921,614998552948236;6,536684736000041;51,442578498000046;5210825518210650000;0
169029;5;5;54;4;2021;7;10;1;3;0;1;1;0;0;0;0;0;0;364561,152108154259622;5773139,633260903880000;7,022965472000067;52,092223422000075;5210725705000990000;0
169031;5;1;70;48;2021;7;15;2;3;0;3;1;1;0;0;0;0;0;337880,104999678209424;5726362,578998925164342;6,655791651000072;51,664827908000063;5210726518100990000;0
169032;5;5;13;0;2021;8;16;4;3;6;7;1;0;1;0;0;0;0;368043,794623372144997;5708618,931417342275381;7,098332207000055;51,513266238000028;5210825700100460000;0
169034;5;9;15;0;2021;8;14;5;2;5;3;1;0;0;0;0;0;0;420601,471999990753829;5723007,094999648630619;7,852288331000068;51,652445767000074;5210805303100990000;0
169035;5;1;70;8;2021;7;17;6;3;0;7;1;0;0;0;1;0;0;343689,354519072920084;5715849,001287262886763;6,744410183000070;51,572013980000065;5210730518400470000;0
169039;5;5;54;68;2021;7;18;6;2;5;3;1;1;0;0;0;0;0;352065,782023783773184;5767591,682185666635633;6,843105337000054;52,039179195000031;5210730705000800000;0
169042;5;5;54;60;2021;1;12;4;3;0;3;1;1;0;0;0;0;0;353383,343999803997576;5757061,824999326840043;6,866803505000064;51,944921322000027;5210120705000400000;1
169044;5;5;54;20;2021;8;9;6;3;8;1;1;0;0;0;0;0;0;365944,105952173471451;5785638,336939504370093;7,038208540000028;52,204866857000070;5210806705000990000;1
169046;5;7;74;32;2021;8;14;3;3;0;1;1;0;0;0;0;0;0;483084,371166653931141;5731249,697709511965513;8,755058342000041;51,731911321000041;5210831411132990000;0
169047;5;9;78;28;2021;8;7;5;3;5;6;1;1;0;0;0;0;0;399708,104999970644712;5698163,226999623700976;7,557444836000059;51,425789995000059;5210826317140990000;1
169049;5;9;78;24;2021;8;19;2;3;1;5;1;1;0;0;0;1;0;392177,168470519594848;5716509,725374428555369;7,443554560000052;51,589313041000082;5210816301301770000;0
169053;5;5;58;16;2021;7;17;6;3;9;1;1;1;0;0;0;0;0;381081,001851125620306;5743525,796876223757863;7,274235565000026;51,829883186000075;5210716706100060000;0
169056;5;5;58;36;2021;6;11;5;2;0;7;1;0;0;0;0;0;0;387831,724371464923024;5729861,065894722938538;7,376571885000033;51,708465166000053;5210617706000260000;0
169061;5;1;17;0;2021;5;20;7;3;0;1;1;0;0;0;0;0;0;352647,513999794609845;5698835,561999319121242;6,880684306000035;51,421551253000075;5210501502402080000;0
169062;5;7;11;0;2021;2;16;4;3;0;2;1;1;0;0;0;0;0;472171,016999999992549;5762798,526999671012163;8,594490842000027;52,015129022000053;5210224400200000000;0
169064;5;5;54;8;2021;7;7;2;3;3;2;1;1;0;0;0;0;0;336669,852999669499695;5745688,760998860001564;6,629230115000041;51,838097449000031;5210726705000880000;0
169069;5;7;58;32;2021;8;12;5;3;0;7;1;0;0;0;0;0;0;464101,901817111298442;5777176,077984251081944;8,475403540000059;52,143926468000075;5210819406140990000;1
169071;5;5;62;24;2021;8;13;2;2;0;7;1;0;0;0;0;0;0;366652,625893477350473;5727645,124052284285426;7,071063189000029;51,683918392000066;5210816701500890000;1
169072;5;9;13;0;2021;8;14;5;3;2;3;1;1;0;0;0;0;0;393999,267999960109591;5709483,296999622136354;7,471965141000055;51,526502212000082;5210819301202070000;0
169073;5;7;11;0;2021;8;14;2;3;5;2;1;1;0;0;0;0;0;464227,868221188895404;5759073,275834362953901;8,479140936000022;51,981181592000041;5210809400300990000;0
169075;5;1;54;40;2021;7;8;3;3;5;3;1;1;0;0;0;0;0;294105,171999097801745;5741575,619994524866343;6,014651002000051;51,787100442000053;5210720515110990000;0
169077;5;7;58;8;2021;7;15;3;3;0;1;1;0;0;0;0;0;0;467566,383869207464159;5776801,357466489076614;8,526065496000058;52,140771876000031;5210720406130400000;0
169079;5;1;70;48;2021;7;12;1;3;5;3;1;1;0;0;0;0;0;336348,200999663211405;5727916,695998864248395;6,632932973000038;51,678345753000031;5210725518100990000;0
169082;5;5;62;24;2021;7;8;4;3;5;3;1;1;0;0;0;0;0;367278,447999877855182;5724054,192999506369233;7,081474614000058;51,651797036000062;5210728701500140000;0
169084;5;5;66;28;2021;8;8;6;3;5;3;1;1;0;0;0;0;0;411551,490999985486269;5792993,305999681353569;7,703474913000036;52,280182511000078;5210820709700780000;0
169085;5;9;16;0;2021;8;11;2;3;5;3;1;1;0;0;0;0;0;372105,171999898739159;5711336,959999542683363;7,155842207000035;51,538627234000046;5210816300700280000;1
169087;5;7;74;20;2021;7;14;7;3;5;3;1;1;0;0;0;0;0;472238,436119596473873;5733838,089021459221840;8,597803814000031;51,754751641000041;5210703411220090000;0
169089;5;7;11;0;2021;7;1;3;2;0;7;1;0;0;0;0;2;0;468386,854000000283122;5765289,789999669417739;8,539121661000024;52,037324347000038;5210727400100070000;0
169090;5;5;54;12;2021;8;12;3;3;0;1;1;0;0;0;0;0;0;351333,242220861837268;5746598,322318909689784;6,841510128000039;51,850365684000053;5210824705000990000;0
169091;5;9;11;0;2021;8;16;2;3;0;1;1;0;0;0;0;0;0;376887,395455629564822;5702999,332836965098977;7,227672347000066;51,464756863000048;5210823300513880000;0
169092;5;5;15;0;2021;7;17;6;3;0;7;1;0;0;0;0;0;0;404529,567914311774075;5757706,674802076071501;7,610475662000056;51,961847702000057;5210723702100570000;0
169093;5;1;70;48;2021;5;15;6;2;1;7;1;1;0;0;0;0;0;332694,957584681920707;5723111,578937910497189;6,582441641000059;51,634102914000039;5210528518100000000;0
169095;5;1;13;0;2021;8;17;3;3;5;3;1;1;0;0;0;0;0;363936,644999859854579;5706209,486999470740557;7,040108673000020;51,490639693000048;5210824502338370000;0