OID_;ULAND;UREGBEZ;UKREIS;UGEMEINDE;UJAHR;UMONAT;USTUNDE;UWOCHENTAG;UKATEGORIE;UART;UTYP1;IstRad;IstPKW;IstFuss;IstKrad;IstSonstige;ULICHTVERH;IstGkfz;LINREFX;LINREFY;XGCSWGS84;YGCSWGS84;UIDENTSTLAE;IstStrassenzustand
169098;5;5;15;0;2021;5;14;1;3;0;1;1;0;0;0;0;0;0;408363,700077235698700;5764296,606431530788541;7,664501522000023;52,021726673000046;5210509702100000000;0
169101;5;7;54;8;2021;8;6;4;3;5;2;1;1;0;0;0;1;0;460838,070000002160668;5754606,156999666243792;8,430295761000025;51,940791022000042;5210818405108870000;1
169102;5;7;62;20;2021;7;18;2;3;0;1;1;0;0;0;0;0;0;528056,282061087898910;5741711,249830864369869;9,407102608000059;51,825524970000060;5210726407102000000;1
169103;5;5;66;84;2021;7;22;5;3;8;7;1;1;0;0;0;2;0;385473,019999941810966;5778114,721999628469348;7,326393530000075;52,141657362000046;5210715709300170000;0
169104;5;9;13;0;2021;8;10;1;3;0;1;1;0;0;0;0;0;0;391348,877564777620137;5703812,582886235788465;7,435520649000068;51,475028008000038;5210801301103080000;0
169107;5;7;11;0;2021;8;18;3;3;5;3;1;1;0;0;0;0;0;464805,911772355437279;5759754,057141214609146;8,487487301000044;51,987339159000044;5210810400300580000;1
169108;5;1;70;48;2021;8;11;6;3;6;2;1;0;1;0;0;0;0;335222,807999652810395;5725637,390998821705580;6,617745227000057;51,657540185000073;5210827518100600000;0
169109;5;5;13;0;2021;8;14;6;3;4;6;1;1;0;0;0;0;0;366210,984915638342500;5715561,134329218417406;7,069295538000063;51,575221702000078;5210820700200670000;0
169110;5;1;54;36;2021;7;7;3;3;5;3;1;1;0;0;0;0;0;302551,836999233812094;5741840,197995996102691;6,136803445000055;51,792520603000071;5210727515110990000;0
169111;5;1;12;0;2021;7;13;4;3;5;2;1;1;0;0;0;0;0;341937,501999709755182;5700782,357999069616199;6,725903551000044;51,436157650000041;5210721501312260000;0
169113;5;7;54;8;2021;7;15;6;3;5;3;1;1;0;0;0;0;0;459017,795194813981652;5749981,643052835017443;8,404367506000028;51,899082784000029;5210730405108000000;0
169114;5;9;11;0;2021;7;9;6;3;5;3;1;1;0;0;0;0;0;375978,029874125495553;5703426,387080680578947;7,214438098000073;51,468396426000027;5210730300500130000;0
169116;5;5;62;28;2021;6;8;6;3;5;3;1;1;0;0;0;0;0;378830,544964364729822;5723081,160936020314693;7,248712290000071;51,645660758000076;5210604701920900000;0
169117;5;1;70;8;2021;4;14;2;3;5;3;1;1;0;0;0;0;0;345764,483999745920300;5714417,616999167948961;6,774958323000021;51,559724703000029;5210426518400140000;0
169118;5;5;66;76;2021;8;12;6;2;0;1;1;0;0;0;0;0;0;392944,705027600750327;5793370,054316842928529;7,430708453000022;52,280259661000059;5210827709500040000;1
169119;5;5;15;0;2021;8;3;6;2;1;7;1;1;0;0;0;2;0;406629,684999980032444;5758745,583999661728740;7,640749904000074;51,971542578000026;5210813702100270000;0
169121;5;7;74;24;2021;7;18;7;2;0;1;1;0;0;0;0;0;0;475889,798999999649823;5741371,068999659270048;8,650178311000047;51,822650627000030;5210724411224030000;1
169122;5;1;12;0;2021;8;12;2;3;6;7;1;0;1;0;0;0;0;344432,700999732129276;5700453,043999139219522;6,761917778000054;51,433889413000031;5210802501311990000;0
169125;5;9;78;40;2021;7;11;7;3;5;3;1;1;0;0;0;0;0;405758,677999978885055;5724495,727999644353986;7,637393512000074;51,663534687000038;5210724317240990000;0
169128;5;5;66;76;2021;7;20;5;3;3;6;1;0;0;0;0;0;0;393642,507999961264431;5793179,642999658361077;7,440993284000058;52,278683857000033;5210722709500570000;0
169132;5;9;62;40;2021;7;14;2;2;0;1;1;0;0;0;0;0;0;418055,776999989524484;5697407,795999635010958;7,821457788000032;51,421948957000041;5210719307000470000;0
169133;5;5;54;68;2021;8;18;7;3;1;5;1;1;0;0;0;0;0;350417,749434445053339;5767515,283818978816271;6,819129010000040;52,038050678000047;5210828705000990000;1
169136;5;5;15;0;2021;8;15;2;3;3;2;1;1;0;0;0;0;0;403980,500999976880848;5757465,333999654278159;7,602554296000051;51,959583893000058;5210816702100770000;0
169139;5;7;74;32;2021;7;14;7;2;0;1;1;0;0;0;0;0;0;483383,735999999567866;5729148,698999654501677;8,759493413000030;51,713029553000069;5210724411132990000;0
169142;5;5;62;36;2021;8;18;3;2;5;3;1;1;0;0;0;0;0;388856,971999948844314;5718408,281999617815018;7,395045239000069;51,605732196000076;5210831701930040000;0
169144;5;5;58;12;2021;8;16;4;3;4;6;1;1;0;0;0;0;0;374449,546941914595664;5755716,638590395450592;7,173614574000055;51,937986110000054;5210825706200990000;0
169145;5;5;54;12;2021;8;7;6;3;0;2;1;1;0;0;0;0;0;352622,627123325131834;5745013,679751878604293;6,860891770000023;51,836469678000071;5210827705000990000;1
169148;5;9;74;44;2021;7;12;1;3;5;3;1;1;0;0;0;0;0;454181,982211485505104;5703693,891075678169727;8,340168017000053;51,482540720000031;5210718316400880000;0
169154;5;1;54;44;2021;8;18;5;3;8;1;1;0;0;0;0;0;0;320059,903505641967058;5737581,511729806661606;6,392597296000076;51,760174877000054;5210805515111030000;0
169156;5;5;66;12;2021;8;9;6;3;5;3;1;1;0;0;0;0;0;405247,010999978519976;5773391,554999664425850;7,616569441000024;52,102950747000079;5210827709100990000;0
169159;5;1;70;48;2021;7;8;1;3;5;7;1;1;0;0;0;0;0;335664,831999656744301;5728029,861998837441206;6,623004583000068;51,679162891000033;5210718518100170000;0
169160;5;9;13;0;2021;8;10;4;3;5;3;1;1;0;0;0;0;0;388926,525531305931509;5713184,803919170051813;7,397701661000042;51,558796891000043;5210825301205070000;0
169161;5;5;66;76;2021;7;8;5;3;5;3;1;1;0;0;0;0;0;393781,668999959714711;5791828,010999657213688;7,443457959000057;52,266563351000059;5210701709500000000;0
169162;5;9;13;0;2021;7;14;7;2;0;7;1;0;0;0;0;0;0;403976,155073090456426;5710405,356249738484621;7,615486236000038;51,536575420000077;5210703301304180000;0
169166;5;7;11;0;2021;4;13;2;3;5;3;1;1;0;0;0;0;0;468593,693000000901520;5766632,751999672502279;8,542013605000022;52,049410143000046;5210426400100250000;0
169168;5;5;54;12;2021;8;13;2;3;1;7;1;1;0;0;0;0;0;352380,597890308126807;5745736,961155978962779;6,857072850000066;51,842904381000039;5210809705000990000;0
169172;5;1;13;0;2021;7;14;5;3;5;2;1;1;0;0;0;0;0;362301,235844459384680;5705915,952408354729414;7,016681407000021;51,487605991000066;5210729502325970000;0
169176;5;5;62;32;2021;7;16;6;3;5;3;1;1;0;0;0;0;0;374869,516999907791615;5719992,706999560818076;7,192596711000022;51,617037200000027;5210716701110470000;0
169181;5;7;11;0;2021;4;9;4;3;0;2;1;1;0;0;0;0;0;470901,628000000491738;5764382,642999673262239;8,575859825000066;52,029306182000028;5210428400200800000;0
169183;5;5;54;48;2021;7;13;7;3;0;3;1;1;0;0;0;0;0;341287,933999710716307;5745843,847999028861523;6,696131999000045;51,840822183000057;5210724705000600000;0
169189;5;9;13;0;2021;8;12;5;3;1;1;1;1;0;0;0;0;0;395217,409808123484254;5705096,409109817817807;7,490821991000075;51,487297620000049;5210805301102370000;0
169192;5;7;11;0;2021;8;15;3;3;5;3;1;1;0;0;0;0;0;471003,089000000618398;5763378,912999670952559;8,577423743000054;52,020287286000041;5210824400200380000;0
169193;5;9;78;20;2021;8;16;3;3;4;3;1;1;0;0;0;0;0;407084,884767080657184;5716618,184055445715785;7,658653307000066;51,592943831000071;5210824317210990000;0
169194;5;9;78;28;2021;7;12;2;3;4;6;1;1;0;0;0;0;0;400669,642999972216785;5700278,387999629601836;7,570677177000050;51,444972589000031;5210712317140080000;0
169195;5;7;54;8;2021;6;14;2;3;5;3;1;1;0;0;0;0;0;456342,736999999731779;5753919,690999664366245;8,364991613000029;51,934284763000051;5210607405108700000;0
169198;5;5;66;8;2021;7;17;5;3;0;3;1;0;0;0;0;0;0;399622,218725649639964;5781238,328591698780656;7,532156748000034;52,172483931000045;5210722709110570000;0
169203;5;5;62;8;2021;8;14;3;3;5;3;1;1;0;0;0;0;0;385488,996092019602656;5723958,391185915097594;7,344616540000061;51,654940503000034;5210817701910060000;1
169204;5;9;74;40;2021;7;12;5;3;0;7;1;0;0;0;0;0;0;438646,710809513926506;5714084,337138293311000;8,114657202000046;51,574485218000063;5210729316100080000;0
169206;5;9;62;40;2021;7;14;6;3;1;5;1;1;0;0;0;0;0;416539,931629036553204;5698920,916607178747654;7,799305099000037;51,435330513000054;5210716307000170000;0
169207;5;5;54;4;2021;7;13;5;3;0;7;1;0;1;0;0;0;0;363728,060999861918390;5772656,369999479502439;7,011005702000034;52,087676604000080;5210715705000350000;1
169208;5;7;54;44;2021;7;14;7;3;5;3;1;1;0;0;0;0;0;465497,922000001184642;5748166,754999663680792;8,498726534000070;51,883204472000045;5210703405244090000;0
169214;5;1;12;0;2021;7;15;3;3;0;5;1;1;0;0;0;0;0;344025,973685111850500;5708370,398533111438155;6,752577179000070;51,504913938000072;5210720501112990000;0
169216;5;9;11;0;2021;8;18;7;3;4;6;1;0;0;0;0;0;0;371344,618999893777072;5699130,259999530389905;7,149329062000049;51,428752212000063;5210821300400040000;0
169219;5;5;54;8;2021;8;18;6;3;5;2;1;1;0;0;0;0;0;335401,310999655164778;5745843,875998808071017;6,610760390000053;51,839118501000030;5210820705000280000;0
169222;5;5;58;16;2021;6;17;1;3;0;1;1;0;0;0;0;0;0;381636,322192878462374;5744336,469213249161839;7,282013220000067;51,837286777000031;5210613706100600000;0
169223;5;5;62;12;2021;8;14;2;3;1;5;1;1;0;0;0;0;0;359330,221440603956580;5725024,827736161649227;6,966266145000077;51,658586495000065;5210830701610950000;0
169224;5;5;66;84;2021;7;9;1;3;1;1;1;1;0;0;0;0;0;385933,408483556471765;5779248,720426507294178;7,332737510000072;52,151943774000074;5210725709300760000;0
169228;5;5;70;44;2021;2;14;4;3;0;6;1;1;0;0;0;0;0;417291,342999990098178;5760318,921999666839838;7,795539605000045;51,987374268000053;5210224711142700000;0
169230;5;5;62;32;2021;8;17;7;3;9;7;1;0;0;0;0;0;0;375987,988999913446605;5718771,299999566748738;7,209175677000076;51,606307751000031;5210821701110270000;0
169237;5;5;66;76;2021;8;12;5;3;5;3;1;1;0;0;0;0;0;392075,953999958001077;5794328,219999659806490;7,417672140000036;52,288700901000027;5210826709500560000;0
169239;5;7;70;24;2021;6;9;7;2;0;7;1;1;0;0;0;0;0;496686,849350917153060;5792803,393936220556498;8,951429216000065;52,285582483000042;5210619410110890000;0
169242;5;9;58;4;2021;7;15;2;3;0;1;1;0;0;0;0;0;0;429660,718772531487048;5698349,850665628910065;7,988145616000054;51,431977549000067;5210719313110160000;0
169245;5;1;70;24;2021;8;23;7;3;0;1;1;0;0;0;0;2;0;336152,851482376456261;5702355,348535535857081;6,642024244000027;51,448646414000052;5210814518200990000;0
169246;5;5;54;4;2021;8;5;5;3;5;2;1;1;0;0;0;1;0;364618,928999866358936;5772431,613999491557479;7,024089446000062;52,085875673000032;5210826705000070000;0
169247;5;1;13;0;2021;8;16;1;2;0;1;1;0;0;0;0;0;0;357472,233999826014042;5705240,566999390721321;6,947447560000057;51,480340550000051;5210822502321080000;0
169248;5;1;54;16;2021;8;14;2;2;0;7;1;0;0;0;0;0;0;304065,800118593499064;5728772,089170843362808;6,166083709000020;51,675696912000035;5210816515211990000;1
169251;5;5;62;4;2021;7;12;2;3;5;2;1;0;0;0;0;0;1;384590,552983759902418;5715747,835157843306661;7,334338820000028;51,580962442000043;5210719701800670000;0
169252;5;9;16;0;2021;7;15;7;3;5;2;1;1;0;0;0;0;0;377420,210999917238951;5711400,104999573901296;7,232419428000071;51,540374022000037;5210724300600670000;0
169254;5;1;54;52;2021;8;8;2;3;5;3;1;1;0;0;0;0;0;309698,309999318793416;5702255,691997084766626;6,261797093000041;51,439481209000064;5210802515210990000;0
169255;5;7;54;48;2021;7;18;4;3;5;2;1;1;0;0;0;0;0;442074,776945324614644;5766099,344384234398603;8,155423655000050;52,042477656000074;5210721405148080000;0
169257;5;9;58;4;2021;7;23;3;3;0;1;1;0;0;0;0;2;0;427106,122714135795832;5701458,023441359400749;7,950763120000033;51,459598050000068;5210720313110080000;0
169259;5;9;74;52;2021;5;11;6;3;2;7;1;1;0;0;1;0;0;423989,295999993570149;5711722,515999644994736;7,903695599000059;51,551466625000046;5210514316200900000;0
169264;5;9;62;24;2021;8;13;6;3;5;3;1;0;0;0;1;0;0;411053,300249043852091;5696789,626238511875272;7,720927474000064;51,415336187000037;5210813307000070000;0
169266;5;9;74;40;2021;7;15;5;3;8;1;1;0;0;0;0;0;0;438548,034667659550905;5715493,992447471246123;8,112986745000057;51,587148010000078;5210715316100980000;0
169268;5;1;12;0;2021;8;15;6;3;5;3;1;1;0;0;0;0;0;339435,968999688513577;5703086,985998991876841;6,688898830000028;51,456160165000028;5210813501223160000;0
169269;5;7;66;16;2021;7;14;7;3;0;7;1;0;0;0;0;0;0;502062,006000000052154;5751616,628999667242169;9,029979709000031;51,915286502000072;5210717404103080000;0
169271;5;7;58;36;2021;7;8;6;3;0;1;1;0;0;0;0;0;0;491282,064961139112711;5778879,283715624362230;8,872554113000035;52,160337292000065;5210730406150630000;0
169272;5;9;13;0;2021;2;6;2;3;0;7;1;0;0;0;0;1;0;396453,376999965868890;5705728,465999625623226;7,508431615000063;51,493206663000080;5210222301102580000;0
169273;5;5;58;36;2021;8;6;4;3;5;3;1;1;0;0;0;0;0;388066,260579323396087;5729903,738383827731013;7,379951195000046;51,708895540000071;5210818706300510000;1
169274;5;9;78;36;2021;8;16;1;3;5;1;1;0;0;0;0;0;0;407835,159005641005933;5708994,313556483015418;7,671479911000063;51,524534475000053;5210829317110450000;1
169275;5;7;54;40;2021;8;8;1;3;5;3;1;1;0;0;0;0;0;461072,293000000528991;5761756,800999673083425;8,432891886000050;52,005095753000035;5210815405140990000;0
169277;5;7;62;20;2021;7;16;7;2;0;1;1;0;0;0;0;0;0;525668,444000000134110;5737282,952999658882618;9,372127412000054;51,785824675000072;5210717407000770000;0
169278;5;9;54;36;2021;8;17;6;3;5;3;1;1;0;0;0;0;0;389352,823592092841864;5699325,844264745712280;7,408194654000056;51,434312883000075;5210806300800550000;0
169279;5;5;66;84;2021;8;18;3;3;8;1;1;0;0;0;0;0;0;390115,376547919586301;5776362,447174118831754;7,394770064000056;52,126852234000069;5210831709300150000;0
169282;5;5;12;0;2021;8;20;2;3;0;1;1;0;0;0;0;0;0;355107,710111185908318;5708495,603607172146440;6,912083590000066;51,508988819000081;5210809701400100000;1
169284;5;9;13;0;2021;8;20;6;3;5;2;1;1;0;0;0;1;0;393007,134999957866967;5712177,831999618560076;7,456849734000059;51,550534675000051;5210827301203680000;1
169288;5;7;74;20;2021;7;20;5;3;5;3;1;1;0;0;0;0;0;469531,557000000029802;5734764,341999659314752;8,558507840000061;51,762938921000057;5210722411220030000;0
169289;5;1;12;0;2021;8;14;2;3;4;3;1;1;0;0;0;0;0;339695,504476085305214;5699004,319943182170391;6,694479597000054;51,419552867000050;5210802501213660000;0
169291;5;7;54;28;2021;8;14;4;3;5;3;1;1;0;0;0;0;0;452768,675986617803574;5744482,736420301720500;8,314302199000053;51,849150152000050;5210804405228990000;0
169294;5;7;70;4;2021;8;12;5;3;1;5;1;1;0;0;0;0;0;485581,767041766084731;5783502,434521730989218;8,789026411000066;52,201782824000077;5210805410230990000;0
169298;5;7;11;0;2021;8;17;2;2;5;3;1;1;0;0;0;0;0;473341,563000001013279;5763442,352999674156308;8,611496844000044;52,020974956000032;5210809400200990000;0
169301;5;7;54;8;2021;8;14;3;3;5;3;1;1;0;0;0;0;0;464346,979000001214445;5754430,079999666661024;8,481357147000040;51,939443898000036;5210803405108680000;0
169303;5;5;54;8;2021;8;9;2;3;0;7;1;0;0;0;0;0;0;335866,033243232406676;5746817,151579372584820;6,617037919000040;51,847998611000037;5210816705000620000;0
169304;5;1;19;0;2021;7;18;5;2;6;1;1;0;1;0;0;0;0;350886,690645826049149;5704020,476252181455493;6,853193601000044;51,467679853000050;5210729508000180000;0
169308;5;7;74;32;2021;7;16;5;3;0;1;1;0;0;0;0;0;0;483778,519043353386223;5730097,597620271146297;8,765163328000028;51,721572959000071;5210715411132770000;0
169310;5;7;54;48;2021;6;8;6;3;5;3;1;1;0;0;0;0;0;439812,300616163760424;5763937,177254537120461;8,122820295000054;52,022799062000047;5210604405148000000;0
169316;5;1;12;0;2021;8;21;3;3;0;7;1;0;0;0;0;2;0;345554,459067220799625;5706836,525973815470934;6,775254505000021;51,491551938000043;5210817501115090000;1
169317;5;9;15;0;2021;8;13;3;2;9;1;1;0;0;0;0;0;0;412777,941502791829407;5727994,239307338371873;7,737981265000030;51,696117150000077;5210810303200180000;0
169319;5;7;11;0;2021;7;22;6;3;5;3;1;1;0;0;0;2;0;466071,502135301940143;5761319,988866714760661;8,505761668000048;52,001496626000062;5210716400300790000;0
169320;5;9;74;40;2021;8;0;1;2;1;7;1;1;0;0;0;2;0;437936,980340752750635;5714373,618048263713717;8,104365840000071;51,577008305000049;5210815316100990000;0
169321;5;1;54;36;2021;8;20;6;3;5;6;1;1;0;0;0;0;0;301206,673999209888279;5740722,197995794937015;6,117964177000033;51,782004737000079;5210806515110990000;0
169322;5;1;13;0;2021;7;17;1;3;5;2;1;1;0;0;0;0;0;361359,435999847017229;5699527,280999444425106;7,005629819000035;51,429965156000037;5210725502210370000;1
169323;5;7;54;12;2021;5;15;4;3;5;3;1;1;0;0;0;0;0;455972,122000000439584;5768450,307999676093459;8,357734382000046;52,064891557000067;5210519405112000000;0
169324;5;7;54;8;2021;8;17;3;3;5;3;1;1;0;0;0;0;0;457690,451999999582767;5750673,967999666929245;8,384992180000040;51,905207985000061;5210803405108770000;0
169326;5;7;74;36;2021;8;17;1;3;5;3;1;1;0;0;0;0;0;472714,894000001251698;5724280,698999648913741;8,605454704000067;51,668842768000047;5210808411236990000;1
169329;5;9;13;0;2021;7;15;7;3;0;1;1;0;0;0;0;0;0;398124,272198743186891;5712028,880102118477225;7,530670196000074;51,550143002000027;5210703301306880000;0
169331;5;9;13;0;2021;8;12;4;3;3;7;1;1;0;0;0;0;0;392571,243503388948739;5710076,811137782409787;7,451206701000046;51,531567083000027;5210825301202070000;0
169332;5;9;13;0;2021;7;12;7;3;5;3;1;1;0;0;0;0;0;395773,274760062806308;5707362,506617287173867;7,498155695000037;51,507769487000076;5210731301101080000;0
169335;5;7;54;48;2021;7;9;6;3;5;3;1;1;0;0;0;0;0;441851,183999998494983;5765760,486999673768878;8,152221589000021;52,039407949000065;5210723405148570000;0
169336;5;7;54;28;2021;7;16;3;3;0;7;1;0;0;0;0;0;0;450817,091060282662511;5745238,377939902245998;8,285864161000063;51,855775190000031;5210720405228990000;0
169342;5;7;74;32;2021;8;11;5;3;5;3;1;1;0;0;0;0;0;481474,312000001780689;5730281,874999653548002;8,731796132000056;51,723158455000032;5210805411132990000;0
169345;5;9;78;20;2021;8;18;5;3;0;7;1;0;0;0;0;0;0;408092,296999980695546;5716714,083999641239643;7,673167230000047;51,593971151000062;5210805317210990000;0
169347;5;7;66;20;2021;8;4;1;3;8;7;1;1;0;0;0;2;0;491186,837870414368808;5754052,594921616837382;8,871802346000038;51,937122469000030;5210801404000980000;0
169348;5;1;54;44;2021;7;11;6;3;7;7;1;0;0;0;0;0;0;321263,430361065082252;5738989,857755945995450;6,409293070000047;51,773210173000052;5210723515111380000;0
169350;5;5;54;20;2021;8;15;5;3;3;6;1;0;0;0;0;0;1;365865,674182049930096;5782918,564000418409705;7,038137975000041;52,180409569000062;5210826705000990000;0
169352;5;9;15;0;2021;8;7;2;3;5;3;1;1;0;0;0;0;0;418337,580073862336576;5726352,748795602470636;7,818788968000035;51,682197398000028;5210830303100990000;1
169353;5;9;13;0;2021;8;23;7;3;0;1;1;0;0;0;0;2;0;392290,939563577994704;5708283,928488463163376;7,447715315000039;51,515398553000068;5210821301201760000;0
169354;5;7;54;16;2021;6;17;2;3;5;3;1;1;0;0;0;0;0;446929,441999998874962;5757206,042999666184187;8,227577138000072;51,963011705000042;5210614405116800000;0
169355;5;1;70;48;2021;8;18;4;3;6;7;1;0;1;0;0;0;0;334975,065362498164177;5725608,641107160598040;6,614180418000046;51,657209229000046;5210804518100990000;0
169359;5;5;66;12;2021;8;9;3;3;0;1;1;0;0;0;0;0;0;405257,793185674585402;5772235,670132320374250;7,617048197000031;52,092563285000040;5210810709100990000;0
169360;5;5;54;12;2021;8;13;3;3;5;3;1;1;0;0;0;0;0;351029,392691397108138;5744406,900507908314466;6,838045651000073;51,830595209000080;5210824705000080000;0
169361;5;1;13;0;2021;8;13;2;3;0;7;1;1;0;0;0;0;0;362716,796318203210831;5701583,634199125692248;7,024345766000067;51,448774989000071;5210823502106060000;0
169363;5;1;13;0;2021;8;17;4;3;5;3;1;1;0;0;0;0;0;357384,760999823920429;5704601,305999392643571;6,946446803000072;51,474574115000053;5210825502321560000;0
169364;5;7;74;32;2021;8;16;2;2;3;2;1;1;0;0;0;0;0;481304,888000002130866;5727731,297999653965235;8,729480183000021;51,700219825000033;5210802411132990000;0
169365;5;9;13;0;2021;8;9;3;3;0;7;1;0;0;0;0;0;0;393606,151999958790839;5708258,255999621003866;7,466670336000050;51,515417034000052;5210803301101480000;0
169367;5;1;70;48;2021;7;14;6;3;1;5;1;1;0;0;0;0;0;334732,580923161469400;5725236,821533657610416;6,610853760000055;51,653797688000054;5210723518100160000;0
169369;5;7;54;24;2021;8;15;1;2;0;1;1;0;0;0;0;0;0;452468,166145288385451;5738217,080502491444349;8,310799876000033;51,792792751000036;5210815405224990000;0
169371;5;5;66;12;2021;8;20;7;3;5;2;1;0;0;0;0;1;0;402787,743999975733459;5772806,985999662429094;7,580841749000058;52,097269905000076;5210821709110990000;0
169372;5;5;15;0;2021;4;8;6;3;1;5;1;1;0;0;0;0;0;405979,133963288739324;5750639,215261381119490;7,633497977000047;51,898568853000029;5210423702100600000;0
169376;5;7;70;24;2021;7;14;7;3;5;3;1;1;0;0;0;0;0;492322,056340808048844;5792281,592386342585087;8,887453339000047;52,280847572000027;5210717410110770000;0
169381;5;7;58;12;2021;7;10;2;3;0;1;1;0;0;0;0;0;0;475735,777927233837545;5767870,685051437467337;8,646073546000025;52,060898753000060;5210726406110080000;0
169386;5;7;70;4;2021;7;14;1;3;5;3;1;0;0;0;0;0;0;486165,020199185237288;5783853,626821584999561;8,797546407000027;52,204955199000040;5210718410230270000;0
169389;5;1;12;0;2021;8;0;1;2;0;1;1;0;0;0;0;2;0;343049,289952143095434;5710212,277785774320364;6,737695959000064;51,521192280000037;5210801501134270000;0
169390;5;7;11;0;2021;8;15;3;3;1;1;1;1;0;0;0;0;0;473972,432943054474890;5764160,154947435483336;8,620635924000055;52,027458472000035;5210810400200970000;0
169393;5;1;70;28;2021;8;7;6;3;5;3;1;1;0;0;0;0;0;328788,080407440662384;5701776,744296370074153;6,536418456000035;51,441269981000062;5210813518210990000;0
169394;5;5;58;44;2021;7;20;3;3;5;3;1;0;0;0;0;0;0;395278,106097796000540;5752793,107096813619137;7,477370560000054;51,916019627000026;5210713706300700000;0
169395;5;1;54;40;2021;6;8;2;3;5;3;1;1;0;0;0;0;0;294087,700999096967280;5740893,770994532853365;6,014802531000043;51,780971639000029;5210607515000090000;0
169397;5;5;54;4;2021;7;19;1;3;8;6;1;0;0;0;0;0;0;363737,457885309122503;5771515,604069562628865;7,011598507000031;52,077428665000070;5210718705000400000;0
169398;5;1;19;0;2021;5;17;5;2;0;1;1;0;0;0;0;0;0;350239,566999778151512;5705639,070999272167683;6,843197874000055;51,482052682000074;5210506508000680000;1
169399;5;1;54;56;2021;5;17;4;3;5;3;1;1;0;0;0;0;0;311258,920999355614185;5727481,572997163981199;6,270689768000068;51,666569176000053;5210526515211000000;0
169400;5;5;13;0;2021;8;21;1;2;5;2;1;1;0;0;0;2;0;366008,041999870911241;5708862,224999491125345;7,068919562000076;51,514973485000041;5210829700100570000;1
169401;5;7;11;0;2021;8;12;5;2;5;3;1;1;0;0;0;0;0;471823,742000000551343;5761964,363999670371413;8,589499309000075;52,007611778000069;5210826400200990000;0
169402;5;5;62;28;2021;7;13;2;3;5;3;1;1;0;0;0;0;0;378879,099999922327697;5724223,958999585360289;7,249017927000068;51,655941881000047;5210726701920000000;0
169403;5;9;78;20;2021;8;8;4;3;4;6;1;0;0;0;1;0;0;407369,023999980650842;5715789,280999640002847;7,662972791000072;51,585539499000049;5210811317210710000;0
169405;5;7;74;32;2021;6;15;7;3;3;2;1;1;0;0;0;0;0;482671,804196244105697;5732947,624766960740089;8,748999780000076;51,747165243000040;5210612411132690000;0
169407;5;7;11;0;2021;8;16;2;3;3;2;1;1;0;0;0;0;0;468423,928000000305474;5764534,290999671444297;8,539731887000073;52,030534059000047;5210823400200930000;0
169408;5;1;54;8;2021;8;18;2;3;5;3;1;0;0;0;0;0;0;309879,056999347172678;5747080,167996935546398;6,240044317000070;51,842117810000047;5210809515111080000;0
169409;5;1;13;0;2021;8;16;1;3;0;3;1;0;0;0;1;0;0;361606,644999849610031;5703525,445999447256327;7,007619969000075;51,465954578000037;5210822502103080000;0
169410;5;5;70;52;2021;8;20;3;3;0;1;1;0;0;0;0;0;0;429698,447819974273443;5756205,807589251548052;7,977028827000026;51,952108094000039;5210803711112680000;0
169411;5;9;15;0;2021;7;17;6;3;0;5;1;1;0;0;0;0;0;414749,552838222123682;5722203,302315659821033;7,767914671000028;51,644363138000074;5210716303100080000;0
169412;5;9;74;52;2021;8;17;4;3;5;3;1;1;0;0;0;0;0;423221,810009039938450;5712630,500084387138486;7,892430085000058;51,559525439000026;5210825316200350000;0
169414;5;7;62;36;2021;5;17;2;3;4;6;1;1;0;0;0;0;0;510186,599999999627471;5704735,125999642536044;9,146733741000048;51,493667589000040;5210510407301700000;0
169418;5;5;62;36;2021;3;17;6;3;5;3;1;1;0;0;0;0;0;390195,348999953828752;5719858,360999619588256;7,413909690000025;51,619028239000045;5210326701930400000;0
169419;5;5;54;44;2021;6;12;4;3;0;7;1;1;0;0;0;0;0;365303,626716934144497;5743731,660537052899599;7,045327990000033;51,828151880000064;5210609705000700000;0
169420;5;9;13;0;2021;4;20;4;3;3;6;1;1;0;0;0;0;0;390717,359025420621037;5701497,132122246548533;7,427146834000041;51,454094193000060;5210428301103980000;0
169423;5;7;54;8;2021;8;19;3;3;0;1;1;0;0;0;0;0;0;457174,169999999925494;5750474,291999664157629;8,377512842000044;51,903373331000068;5210810405108370000;1
169425;5;7;62;8;2021;7;16;3;2;0;3;1;0;0;0;0;0;0;525527,723000001162291;5723701,084999652579427;9,369091603000072;51,663713899000072;5210727407120000000;0
169428;5;1;12;0;2021;4;10;1;3;4;2;1;1;0;0;0;0;0;345044,295999737456441;5711189,875999152660370;6,765998516000025;51,530526672000065;5210425501135870000;0
169429;5;1;13;0;2021;8;11;2;2;0;2;1;1;0;0;0;0;0;361864,774933042004704;5707328,247961701825261;7,009846214000049;51,500190871000029;5210816502325060000;1
169431;5;9;54;36;2021;4;18;4;2;3;6;1;0;0;0;0;0;0;380321,642106814309955;5698670,580950763076544;7,278551276000030;51,426587806000043;5210428300800660000;0
169432;5;7;11;0;2021;8;15;1;3;5;3;1;1;0;0;0;2;0;465990,789000000804663;5766094,160999674350023;8,504111510000030;52,044414295000081;5210822400100990000;0
169437;5;5;54;8;2021;4;10;5;2;5;2;1;1;0;0;0;0;0;335671,701999657787383;5744627,560998823493719;6,615259137000066;51,828271459000064;5210429705000870000;0