OID_;ULAND;UREGBEZ;UKREIS;UGEMEINDE;UJAHR;UMONAT;USTUNDE;UWOCHENTAG;UKATEGORIE;UART;UTYP1;IstRad;IstPKW;IstFuss;IstKrad;IstSonstige;ULICHTVERH;IstGkfz;LINREFX;LINREFY;XGCSWGS84;YGCSWGS84;UIDENTSTLAE;IstStrassenzustand
169438;5;5;66;8;2021;8;15;6;3;5;3;1;1;0;0;0;0;0;399371,583999969996512;5781388,856999659910798;7,528448329000071;52,173791189000042;5210806709100340000;0
169444;5;5;15;0;2021;7;6;3;3;5;3;1;1;0;0;0;0;0;404655,843999977223575;5752738,798999655991793;7,613690260000055;51,917216045000032;5210720702100600000;0
169445;5;5;70;28;2021;8;12;5;3;1;5;1;0;0;0;0;0;1;441697,905168659985065;5741380,192219616845250;8,154118210000036;51,820211031000042;5210826711411170000;0
169447;5;5;54;4;2021;7;8;6;2;5;3;1;1;0;0;0;0;0;363210,629875248298049;5770912,213618947193027;7,004157721000070;52,071877076000078;5210723705000070000;0
169449;5;9;78;40;2021;8;17;5;3;9;1;1;0;0;0;0;0;0;406963,987860468216240;5725059,212094834074378;7,654665468000076;51,668800694000026;5210812317240750000;0
169451;5;5;15;0;2021;6;13;3;3;5;3;1;1;0;0;0;0;0;401136,648850054480135;5758791,533664427697659;7,560797617000048;51,971005630000036;5210615702100770000;0
169453;5;5;13;0;2021;8;10;4;3;3;6;1;1;0;0;0;0;0;363205,508240568451583;5711751,799149980768561;7,027432965000060;51,540268587000071;5210811700200660000;0
169456;5;7;54;48;2021;2;22;7;3;1;5;1;1;0;0;0;2;0;442128,686495516449213;5765596,709159996360540;8,156294671000069;52,037964636000027;5210227405148900000;0
169457;5;7;54;28;2021;8;18;7;2;5;3;1;1;0;0;0;0;0;449931,274000001139939;5745711,555999660864472;8,272934638000038;51,859950502000061;5210814405228080000;0
169458;5;1;13;0;2021;4;12;1;3;0;7;1;0;0;0;0;0;0;358492,092999831773341;5703322,917999407276511;6,962892525000029;51,463364458000058;5210425502307070000;0
169459;5;7;66;20;2021;8;6;2;3;5;3;1;1;0;0;0;1;0;491423,854999111033976;5755478,025064222514629;8,875214468000024;51,949942249000060;5210830404101020000;0
169460;5;7;58;24;2021;8;15;7;3;3;5;1;1;0;0;0;0;0;480512,214404891245067;5782810,835956024006009;8,714887261000058;52,195409051000070;5210821406220990000;0
169464;5;7;11;0;2021;8;5;6;3;4;6;1;1;0;0;0;0;0;470421,026999999769032;5763860,029999669641256;8,568899942000030;52,024582121000037;5210813400200990000;0
169465;5;5;62;20;2021;7;11;4;2;5;2;1;1;0;0;0;0;0;371251,876999894157052;5717215,834999537095428;7,141391692000070;51,591266103000066;5210721701200270000;0
169468;5;7;54;8;2021;8;15;7;3;5;3;1;1;0;0;0;0;0;456452,952000000514090;5751343,416999662294984;8,366920540000024;51,911131336000039;5210821405108990000;0
169470;5;5;62;4;2021;7;9;6;3;5;3;1;1;0;0;0;0;0;382776,815999933518469;5712106,564999591559172;7,309388450000029;51,547861449000038;5210730701800000000;0
169471;5;5;58;16;2021;5;19;5;3;4;2;1;1;0;0;0;0;0;381079,452999929897487;5743526,340999599546194;7,274212912000053;51,829887747000043;5210506706000660000;0
169472;5;5;54;20;2021;5;12;1;2;5;3;1;1;0;0;0;0;0;366761,462999877519906;5783995,199999514967203;7,050808524000047;52,190300720000039;5210509705000600000;0
169473;5;1;13;0;2021;4;15;2;3;5;3;1;1;0;0;0;0;0;362498,782999852672219;5705960,801999455317855;7,019507444000055;51,488057094000055;5210426502325070000;0
169474;5;5;58;36;2021;8;16;1;3;8;1;1;0;0;0;0;0;0;387751,259314735420048;5729914,773478841409087;7,375390511000035;51,708931785000061;5210822706300990000;0
169475;5;5;62;4;2021;8;15;6;3;0;7;1;0;0;0;0;0;0;383901,865999937057495;5709653,063999595120549;7,326415771000029;51,526042404000066;5210813701800370000;0
169476;5;5;15;0;2021;5;15;4;3;5;3;1;1;0;0;0;0;0;404069,585999975912273;5758513,216999657452106;7,603557680000051;51,969018000000062;5210526702100900000;0
169477;5;1;70;8;2021;8;11;4;3;5;3;1;1;0;0;0;0;0;342810,597999720834196;5715322,435999089851975;6,731975783000053;51,567038716000070;5210804518400660000;0
169478;5;7;62;20;2021;8;13;4;1;5;2;1;0;0;0;0;0;1;526339,313999999314547;5736387,622999658808112;9,381785146000027;51,777743496000028;5210825407101380000;0
169479;5;9;58;4;2021;5;15;5;3;5;3;1;1;0;0;0;0;0;430276,077872315421700;5698374,618628399446607;7,996991424000043;51,432276289000072;5210506313110680000;0
169480;5;5;66;12;2021;8;10;7;3;9;1;1;0;0;0;0;0;0;404862,381743026897311;5772190,804001288488507;7,611290731000054;52,092092182000044;5210814709100990000;0
169484;5;7;58;8;2021;8;13;6;3;6;3;1;0;1;0;0;0;0;470090,436673875898123;5777426,671789402142167;8,562891835000073;52,146536183000080;5210806406130470000;1
169486;5;1;54;16;2021;8;12;3;3;0;5;1;1;0;0;0;0;0;303886,198999244719744;5729541,963996252045035;6,163057114000026;51,682548049000047;5210831515110990000;0
169488;5;5;70;36;2021;8;17;2;3;1;5;1;1;0;0;0;0;0;434499,709029462188482;5761259,788434647023678;8,045917424000038;51,998128320000035;5210802711121970000;0
169490;5;1;54;40;2021;8;23;6;2;0;1;1;0;0;0;0;2;0;296993,909027569927275;5741533,064556255936623;6,056500766000056;51,787773740000034;5210827515110520000;1
169492;5;5;66;12;2021;8;17;4;3;2;3;1;1;0;0;0;0;0;405689,624999978579581;5772281,020999670028687;7,623337123000056;52,093044673000065;5210811709110990000;0
169493;5;9;11;0;2021;7;14;7;3;1;5;1;1;0;0;0;0;0;377288,876647916622460;5703993,186142530292273;7,233104020000042;51,473776310000062;5210724300500780000;0
169494;5;1;54;16;2021;7;20;2;3;0;1;1;0;0;0;0;0;0;305238,032430673018098;5728740,424885105341673;6,183033933000047;51,675820149000060;5210726515211050000;0
169495;5;9;13;0;2021;4;16;7;3;0;7;1;0;0;0;1;0;0;393826,485224442556500;5708032,832530612125993;7,469912422000050;51,513432271000056;5210403301101900000;1
169498;5;7;70;24;2021;7;7;7;3;0;1;1;0;0;0;0;0;0;492588,483316852711141;5794159,953076910227537;8,891317417000039;52,297738629000037;5210731410110080000;0
169500;5;1;54;44;2021;7;13;4;3;0;2;1;1;0;0;0;0;0;320276,161057537421584;5737307,312446890398860;6,395869236000067;51,757781444000045;5210728515111990000;0
169501;5;9;62;40;2021;8;7;5;3;5;3;1;1;0;0;0;0;0;416424,393999988213181;5699205,093999637290835;7,797576234000076;51,437868190000074;5210826307000440000;1
169505;5;7;11;0;2021;8;18;3;3;3;2;1;1;0;0;0;0;0;466198,832598435692489;5756917,926674596965313;8,508050178000076;51,961926973000061;5210824400300990000;0
169507;5;5;13;0;2021;8;3;1;2;0;7;1;0;0;0;0;2;0;367522,895999878644943;5707946,376999506726861;7,091082525000047;51,507100281000078;5210815700100570000;0
169513;5;7;66;20;2021;8;11;5;3;5;2;1;1;0;0;0;0;0;490519,319000001065433;5754613,017999663949013;8,862077089000024;51,942150273000038;5210819404101180000;1
169514;5;5;58;16;2021;6;10;5;3;0;1;1;0;0;0;0;0;0;380956,886978341266513;5743590,812856329604983;7,272412919000033;51,830441058000076;5210617706100960000;0
169515;5;1;70;48;2021;8;7;2;3;2;1;1;1;0;0;0;0;0;335209,995206272229552;5725875,898954942822456;6,617447736000031;51,659679113000038;5210830518100990000;0
169517;5;1;70;24;2021;5;17;5;3;5;3;1;1;0;0;0;0;0;335407,696999648585916;5705360,363998848944902;6,629911536000066;51,475427671000034;5210506518200270000;0
169519;5;1;70;20;2021;8;13;7;3;0;7;1;0;0;0;0;0;0;329275,871355644427240;5709355,993285283446312;6,539768128000048;51,509505244000081;5210807518300370000;0
169520;5;7;11;0;2021;7;23;7;2;0;1;1;0;0;0;0;2;0;466097,579000001773238;5760048,012999666854739;8,506267327000046;51,990062354000031;5210724400300990000;1
169521;5;5;13;0;2021;8;19;3;2;0;1;1;0;0;0;0;0;0;368728,899860048666596;5716190,433973327279091;7,105374671000050;51,581468973000028;5210824700200770000;0
169522;5;1;54;36;2021;8;13;6;3;5;3;1;1;0;0;0;0;0;301629,725999216549098;5739787,711995864287019;6,124622958000032;51,773763186000053;5210820515110020000;0
169524;5;5;54;24;2021;4;18;4;3;0;1;1;1;0;0;0;0;0;370052,986688264645636;5775937,565240697935224;7,102015137000024;52,118682042000046;5210428705000500000;0
169525;5;7;54;8;2021;7;21;6;3;0;7;1;0;0;0;0;1;0;457177,601118744350970;5750428,922825315967202;8,377568349000057;51,902965700000038;5210723405108990000;0
169528;5;5;66;76;2021;4;6;4;3;1;3;1;1;0;0;0;0;0;394233,838964401744306;5794700,758551761507988;7,449180323000064;52,292468557000063;5210421709500570000;0
169529;5;5;13;0;2021;5;20;7;3;5;3;1;1;0;0;0;1;0;366885,737398637458682;5714054,639941973611712;7,079597640000031;51,561843225000075;5210501700200720000;0
169532;5;5;70;8;2021;7;11;4;2;5;3;1;1;0;0;0;0;0;433488,881042935885489;5734185,750508537515998;8,036413054000036;51,754616100000078;5210707711311900000;0
169533;5;9;54;36;2021;7;19;3;3;1;5;1;1;0;0;0;0;0;381192,329999930225313;5698531,064999580383301;7,291115993000062;51,425517064000076;5210720300800570000;0
169537;5;5;15;0;2021;8;13;6;3;4;6;1;0;0;0;0;0;0;407853,066999981179833;5756810,732999658212066;7,659073272000057;51,954355256000042;5210820702100460000;0
169538;5;1;70;48;2021;7;19;3;3;5;3;1;1;0;0;0;0;0;334727,534999646246433;5726109,799998804926872;6,610368211000036;51,661638746000051;5210720518100970000;0
169541;5;7;70;24;2021;8;15;3;3;6;4;1;0;1;0;0;0;0;495758,923999999649823;5793838,342999685555696;8,937812812000061;52,294880823000028;5210817410110990000;0
169543;5;1;70;20;2021;4;16;3;3;5;3;1;1;0;0;0;0;0;330074,220791461877525;5708283,917085260152817;6,551777945000026;51,500114871000051;5210427518300740000;0
169546;5;7;66;44;2021;8;19;6;3;0;1;1;0;0;0;0;0;0;490835,362999999895692;5765696,310999672859907;8,866378535000024;52,041804863000038;5210813404301930000;0
169547;5;7;54;28;2021;8;12;4;3;8;1;1;0;0;0;0;0;0;451106,199000000022352;5744082,622999662533402;8,290225138000039;51,845409783000036;5210804405228760000;0
169551;5;1;19;0;2021;8;9;7;3;3;5;1;1;0;0;0;0;0;348468,626905182376504;5712437,915871407836676;6,814790978000076;51,542669819000082;5210821508000570000;0
169554;5;1;54;12;2021;7;0;7;3;3;6;1;1;0;0;0;2;0;314352,428443098440766;5710870,014242937788367;6,324157671000023;51,518398957000045;5210731515210990000;0
169555;5;7;11;0;2021;8;13;2;3;1;7;1;1;0;0;0;0;0;468508,034621099010110;5762773,953437279909849;8,541119812000034;52,014712289000045;5210816400200990000;1
169557;5;1;70;24;2021;7;5;4;3;5;3;1;1;0;0;0;1;0;335706,440999651327729;5703263,888998858630657;6,635183766000068;51,456679535000035;5210714518200990000;1
169560;5;9;58;4;2021;7;15;7;2;0;1;1;0;0;0;0;0;0;428320,414602614007890;5700158,963699743151665;7,968501872000047;51,448074144000032;5210717313110780000;0
169561;5;5;62;24;2021;4;15;1;3;0;7;1;0;1;0;0;0;0;371656,697144746780396;5724747,765643395483494;7,144472418000021;51,659046590000059;5210425701500480000;0
169563;5;9;13;0;2021;8;8;4;3;3;7;1;1;0;0;0;0;0;391859,817226910032332;5703716,249720787629485;7,442904283000075;51,474260022000067;5210818301103280000;0
169566;5;7;11;0;2021;8;12;5;3;3;6;1;1;0;0;0;0;0;470869,224250172264874;5760542,331954613327980;8,575714214000072;51,994777423000073;5210812400200990000;0
169569;5;1;70;28;2021;7;15;6;2;0;1;1;0;0;0;1;0;0;331763,818375176750124;5701478,185813209041953;6,579337014000032;51,439479377000055;5210723518210340000;0
169570;5;7;58;12;2021;8;20;6;3;5;7;1;1;0;0;0;1;0;478694,256328347139060;5772687,983461795374751;8,688925253000036;52,104331317000060;5210820406110580000;0
169571;5;7;54;8;2021;2;5;3;3;0;6;1;1;0;0;0;2;0;460222,787000000476837;5748729,190999668091536;8,422024281000063;51,887909735000051;5210216405108700000;0
169574;5;1;70;8;2021;8;18;3;3;4;2;1;1;0;0;0;0;0;343092,513999721966684;5714554,919999096542597;6,736382613000046;51,560221399000056;5210824518400990000;0
169575;5;7;58;24;2021;8;16;1;3;0;7;1;0;0;0;1;0;0;481109,705000000074506;5784330,331999681890011;8,723543876000065;52,209090943000035;5210815406220830000;1
169576;5;9;16;0;2021;5;20;7;3;5;3;1;1;0;0;0;1;0;377417,891999918036163;5711039,042999569326639;7,232511744000021;51,537128515000063;5210501300600670000;0
169577;5;1;13;0;2021;7;22;3;3;0;1;1;0;0;0;0;2;0;364051,961349098943174;5707982,942909808829427;7,041085335000048;51,506604542000048;5210720502339470000;0
169578;5;7;74;32;2021;7;22;5;3;3;2;1;1;0;0;0;2;0;482257,495000000111759;5730180,611999651417136;8,743139622000058;51,722273300000040;5210715411132370000;0
169580;5;7;54;12;2021;7;13;6;2;0;1;1;0;0;0;0;0;0;455763,882000000216067;5767124,737999670207500;8,354868552000028;52,052957696000078;5210723405112070000;0
169581;5;5;54;48;2021;8;16;7;2;0;7;1;0;0;0;0;0;0;342002,009999715723097;5746311,283999050036073;6,706275034000043;51,845224107000035;5210814705000990000;0
169582;5;1;13;0;2021;8;7;2;3;0;5;1;1;0;0;0;0;0;359291,850999834947288;5702545,459999419748783;6,974707219000038;51,456577480000078;5210823502307570000;0
169583;5;5;15;0;2021;7;2;1;3;0;1;1;0;0;0;0;2;0;402898,474999975413084;5757447,028999652713537;7,586817061000033;51,959231453000029;5210725702100460000;0
169584;5;5;62;12;2021;8;16;5;3;5;3;1;1;0;0;0;0;0;359432,988999838009477;5725260,901999425143003;6,967655969000020;51,660733526000058;5210805701610380000;0
169585;5;5;66;8;2021;7;15;1;3;5;3;1;0;0;0;0;0;0;399862,708999970927835;5781438,266999667510390;7,535613222000052;52,174324623000075;5210718709110070000;0
169587;5;1;70;24;2021;8;11;4;3;0;5;1;1;0;0;0;0;0;332921,998224025592208;5706496,078377900645137;6,593614576000050;51,484902164000061;5210825518200990000;0
169588;5;1;54;16;2021;7;22;1;3;5;3;1;1;0;0;0;2;0;305340,190780146047473;5731613,280091525986791;6,182907328000056;51,701655422000044;5210718515211990000;0
169591;5;9;78;4;2021;7;12;1;3;0;3;1;0;0;0;0;0;0;404421,983979157172143;5718256,486834758892655;7,619776373000036;51,607224973000029;5210725317220500000;0
169592;5;7;54;8;2021;8;12;4;3;5;3;1;1;0;0;0;0;0;456452,952000000514090;5751343,416999662294984;8,366920540000024;51,911131336000039;5210825405108990000;0
169593;5;1;70;32;2021;8;16;1;3;0;7;1;0;0;0;0;0;0;332070,060613551177084;5713231,199429173022509;6,578147629000057;51,545156005000081;5210815518310990000;0
169598;5;1;70;48;2021;8;13;3;3;1;5;1;1;0;0;0;0;0;335045,964759286493063;5727894,084358135238290;6,614125578000028;51,677761709000038;5210824518100990000;0
169602;5;5;62;20;2021;4;10;1;3;0;7;1;0;0;0;0;0;0;371816,943095359951258;5714513,105624256655574;7,150530914000058;51,567105750000053;5210425701200470000;0
169606;5;7;11;0;2021;8;11;2;3;3;2;1;1;0;0;0;0;0;467244,140966232866049;5762586,210564848035574;8,522721824000030;52,012951193000049;5210830400300990000;0
169607;5;9;78;20;2021;8;16;7;3;5;3;1;1;0;0;0;0;0;407818,269999979995191;5717160,200999641790986;7,669095142000060;51,597936589000028;5210814317210570000;0
169608;5;1;12;0;2021;7;18;7;3;0;7;1;1;0;0;0;0;0;340368,355999696999788;5702366,868999024853110;6,702632580000056;51,449953886000060;5210717501222680000;1
169609;5;5;58;12;2021;7;11;4;2;5;3;1;1;0;0;0;0;0;374579,284999908879399;5755236,565999569371343;7,175675876000071;51,933701196000072;5210728706000850000;0
169610;5;1;54;36;2021;8;11;3;3;0;3;1;1;0;0;0;0;0;301845,453999219462276;5739712,965995898470283;6,127788340000052;51,773168363000082;5210824515110820000;0
169612;5;5;66;84;2021;8;9;1;3;0;5;1;1;0;0;0;0;0;386371,484969058074057;5778620,476276014000177;7,339347888000020;52,146388091000063;5210801709300170000;0
169614;5;9;78;32;2021;8;9;2;3;0;1;1;0;0;0;0;0;0;393075,249138551764190;5728268,207884363830090;7,452920091000067;51,695172200000059;5210816317250990000;0
169620;5;5;54;4;2021;4;20;4;2;0;7;1;0;0;0;0;0;0;361125,872999849729240;5773028,042999450117350;6,972898852000071;52,090369411000040;5210428705000000000;0
169621;5;7;54;8;2021;6;11;7;3;0;7;1;0;0;0;0;0;0;459316,002000000327826;5750375,863999664783478;8,408654838000075;51,902648933000080;5210612405108080000;0
169626;5;5;62;4;2021;7;16;1;3;0;1;1;0;0;0;0;0;0;383566,201837589964271;5710790,855892840772867;7,321203120000064;51,536199560000057;5210718701800650000;0
169632;5;7;54;20;2021;8;7;5;3;3;7;1;0;0;0;0;0;1;447749,116829796694219;5748017,329889219254255;8,240900779000071;51,880480179000074;5210826405220990000;0
169634;5;5;70;52;2021;8;17;5;3;5;3;1;1;0;0;0;0;0;430589,421369176357985;5756320,499871861189604;7,989968194000028;51,953251049000073;5210805711111870000;0
169635;5;5;58;16;2021;8;17;4;3;4;7;1;0;0;0;0;0;0;389890,720769539475441;5744153,564660262316465;7,401827509000043;51,837331397000071;5210825706100180000;0
169636;5;5;66;8;2021;8;10;2;3;5;3;1;1;0;0;0;0;0;398454,746999968774617;5780532,945999657735229;7,515301845000067;52,165930572000036;5210802709100240000;0
169637;5;5;62;24;2021;8;15;4;3;5;3;1;1;0;0;0;0;0;370468,186999891884625;5725165,717999536544085;7,127144448000024;51,662529940000070;5210818701500690000;0
169641;5;5;15;0;2021;8;12;2;3;1;7;1;1;0;0;0;0;0;405838,499999978579581;5758980,602999661117792;7,629171205000034;51,973521548000065;5210830702100280000;0
169643;5;5;70;4;2021;8;19;4;3;5;3;1;1;0;0;0;0;0;425659,095133327879012;5736485,567976443096995;7,922506549000047;51,774306321000040;5210811711212280000;0
169645;5;5;54;4;2021;8;18;3;3;0;7;1;0;0;0;0;0;0;363376,078999859280884;5771099,230999477207661;7,006495276000066;52,073598341000036;5210803705000990000;0
169647;5;5;62;24;2021;7;9;6;3;5;3;1;1;0;0;0;0;0;370950,784326002001762;5725359,944728741422296;7,134046440000077;51,664386426000078;5210723701500270000;0
169651;5;9;78;36;2021;7;15;2;3;0;7;1;0;0;0;0;0;0;408827,014448383823037;5710492,593089822679758;7,685385114000042;51,538163984000050;5210726317110840000;0
169652;5;5;70;4;2021;7;19;7;3;5;3;1;1;0;0;0;0;0;424489,451393232680857;5735313,559360805898905;7,905811907000043;51,763613768000027;5210731711211300000;1
169657;5;7;66;20;2021;8;18;3;2;5;2;1;1;0;0;0;0;0;491038,722009837627411;5755422,779697487130761;8,869612121000046;51,949439465000069;5210824404101270000;0
169658;5;7;70;4;2021;7;2;6;3;0;1;1;0;0;0;0;2;0;488614,987653874792159;5782611,124932236969471;8,833439485000042;52,193840401000045;5210716410230570000;0
169659;5;9;13;0;2021;7;17;7;3;2;3;1;1;0;0;0;0;0;396906,195999966003001;5707407,716999625787139;7,514461254000025;51,508383705000028;5210703301302380000;0
169661;5;1;12;0;2021;7;15;6;3;5;3;1;1;0;0;0;0;0;340686,665999699383974;5698424,767999032512307;6,708982778000063;51,414625199000056;5210716501212080000;0
169662;5;1;54;20;2021;8;19;2;3;8;1;1;0;0;0;0;0;0;321201,026590609923005;5712855,043556261807680;6,421753235000040;51,538438731000042;5210816515210990000;0
169664;5;1;13;0;2021;8;13;5;3;0;6;1;0;0;0;1;0;0;361247,757999848574400;5699761,499999443069100;7,003932607000024;51,432042601000035;5210812502210970000;0
169665;5;7;11;0;2021;8;16;1;2;8;1;1;0;0;0;0;0;0;468303,086000000126660;5764820,818999674171209;8,537943945000052;52,033103229000062;5210801400100990000;0
169667;5;1;12;0;2021;8;13;2;3;6;6;1;0;1;0;0;0;0;344516,810100602917373;5704531,611856240779161;6,761334352000063;51,470558177000044;5210830501125580000;0
169673;5;1;12;0;2021;8;14;4;3;0;2;1;1;0;0;0;0;0;346407,942999745719135;5698131,638999186456203;6,791318091000051;51,413570115000027;5210825501316570000;0
169675;5;9;78;20;2021;7;13;2;3;5;3;1;1;0;0;0;0;0;406942,910999979823828;5716489,669999642297626;7,656638425000040;51,591765169000041;5210719317210570000;0
169678;5;7;54;8;2021;3;7;4;3;5;3;1;1;0;0;0;0;0;456585,208000000566244;5751855,510999664664268;8,368778575000022;51,915745666000078;5210317405108700000;0
169679;5;5;54;8;2021;7;17;3;3;5;3;1;0;0;0;0;0;0;335987,893999661318958;5745332,325998833402991;6,619509494000056;51,834695590000081;5210727705000990000;0
169681;5;5;66;40;2021;8;13;3;3;5;3;1;1;0;0;0;0;0;422136,288138529285789;5781847,053145710378885;7,861163869000052;52,181592202000047;5210824709800480000;0
169682;5;9;11;0;2021;3;17;3;3;0;1;1;0;0;0;0;0;0;376106,433128858916461;5705147,972782440483570;7,215682007000055;51,483897136000053;5210302300100700000;0
169685;5;7;11;0;2021;8;18;3;3;5;3;1;1;0;0;0;0;0;466948,574157010763884;5761823,441233389079571;8,518488962000049;52,006075893000059;5210831400300520000;0
169686;5;1;70;8;2021;8;15;4;3;2;6;1;0;0;0;0;0;0;343801,153003728017211;5714945,176132474094629;6,746423830000026;51,563924401000065;5210811518400990000;0
169687;5;7;62;20;2021;8;14;7;3;6;6;1;0;1;0;0;0;0;526308,501959160901606;5736400,319345418363810;9,381339502000060;51,777859099000068;5210821407101000000;0
169689;5;7;58;8;2021;8;15;3;3;1;1;1;1;0;0;0;0;0;469667,345999999903142;5775984,181999677792192;8,556837580000035;52,133544440000037;5210817406130990000;1
169691;5;9;78;40;2021;7;15;1;3;5;3;1;1;0;0;0;0;0;408933,507935325615108;5725839,653663678094745;7,682933761000072;51,676138850000029;5210725317240990000;0
169692;5;9;13;0;2021;7;20;5;3;6;7;1;0;1;0;0;0;0;393720,322999960742891;5708155,296999620273709;7,468346160000067;51,514513080000029;5210715301101880000;0
169693;5;7;70;24;2021;8;12;2;3;5;3;1;0;0;0;0;0;0;491780,041802464984357;5793382,468537874519825;8,879481419000058;52,290737161000038;5210823410110340000;0
169694;5;5;62;14;2021;8;13;1;3;5;2;1;1;0;0;0;0;0;361992,051999851129949;5712960,313999455422163;7,009472327000026;51,550833189000059;5210808701300570000;0
169696;5;9;16;0;2021;7;17;3;3;5;3;1;1;0;0;0;0;0;379266,010999922640622;5711227,206999579444528;7,259081548000040;51,539217952000058;5210720300600950000;0
169698;5;5;70;4;2021;7;11;1;3;5;3;1;0;0;0;0;0;0;423734,208999992348254;5733854,355999656021595;7,895190424000020;51,750393665000047;5210718711214370000;0
169699;5;1;70;24;2021;6;12;1;3;2;2;1;1;0;0;0;0;0;336292,821581868454814;5699116,857344884425402;6,645533729000022;51,419591556000057;5210613518200070000;0
169701;5;1;54;8;2021;8;7;3;3;1;2;1;1;0;0;0;0;0;310564,264030780643225;5747255,342321595177054;6,249883037000075;51,843923866000068;5210817515111990000;0
169703;5;5;15;0;2021;8;19;4;3;5;2;1;0;0;0;1;0;0;404370,636988141573966;5757635,700852014124393;7,608183000000054;51,961182448000045;5210804702100840000;1
169704;5;5;54;20;2021;8;11;7;3;0;7;1;1;0;0;0;0;0;365604,644364441744983;5787016,374280069023371;7,032696907000059;52,217166316000032;5210828705000020000;0
169707;5;5;13;0;2021;8;16;6;2;5;3;1;1;0;0;0;0;0;362459,657071546651423;5710160,217509921640158;7,017306428000040;51,525784926000028;5210820700200270000;0
169708;5;7;54;40;2021;6;10;2;3;0;1;1;0;0;0;0;0;0;460668,987999999895692;5762738,545999670401216;8,426904016000037;52,013893695000036;5210614405140700000;0
169709;5;9;74;16;2021;8;16;5;3;5;3;1;1;0;0;0;0;0;454073,584999999031425;5718146,789999648928642;8,336720203000027;51,612478711000051;5210819316300880000;1
169712;5;5;54;8;2021;8;17;4;3;5;3;1;1;0;0;0;0;0;333148,076999632641673;5744457,385998714715242;6,578753198000072;51,825994810000054;5210825705000060000;0
169713;5;1;17;0;2021;7;18;5;3;5;2;1;1;0;0;0;0;0;354191,910529810003936;5701112,296352121978998;6,901943438000046;51,442408905000036;5210729502402570000;0
169714;5;5;66;40;2021;8;14;4;2;0;1;1;0;0;0;0;0;0;422549,347960911691189;5782590,674050612375140;7,867034120000028;52,188334700000041;5210804709800070000;1
169716;5;9;15;0;2021;8;9;4;3;5;3;1;1;0;0;0;0;0;418795,002668977715075;5726464,146050309762359;7,825377966000076;51,683265145000064;5210818303100070000;0
169717;5;9;78;16;2021;6;16;4;3;0;3;1;1;0;0;0;0;0;405284,978999977931380;5707385,855999633669853;7,635163420000026;51,509653850000063;5210630317120400000;0
169718;5;5;58;20;2021;4;7;3;3;5;3;1;1;0;0;0;0;0;391296,761999955400825;5759028,555999638512731;7,417534875000058;51,971298558000058;5210427706000470000;0
169719;5;1;54;32;2021;7;10;4;3;1;1;1;1;0;0;0;0;0;309513,506692076101899;5718289,995297510176897;6,250479296000037;51,583429292000062;5210721515212070000;0
169720;5;7;11;0;2021;8;16;6;2;2;6;1;1;0;0;0;0;0;467383,806832694448531;5763468,779946958646178;8,524672701000043;52,020894268000063;5210813400100370000;0
169721;5;9;78;24;2021;7;11;7;3;5;3;1;1;0;0;0;0;0;398629,954493402503431;5719879,073421664535999;7,535694031000048;51,620796814000073;5210724301301270000;0
169722;5;5;70;28;2021;5;7;3;3;4;6;1;0;0;0;0;0;0;441515,174999999813735;5742448,741999659687281;8,151286842000047;51,829798455000059;5210518711413900000;0
169724;5;7;54;8;2021;8;13;6;3;5;3;1;0;0;0;0;0;0;457052,408000000752509;5750893,188999664038420;8,375690894000059;51,907130081000048;5210820405108780000;0
169725;5;5;58;16;2021;3;5;2;3;3;3;1;1;0;0;0;2;0;381793,291999931447208;5743661,318999605253339;7,284521090000055;51,831252327000072;5210315706100500000;0
169726;5;5;66;84;2021;8;12;3;3;5;3;1;1;0;0;0;0;0;386192,699999943375587;5778755,385999632999301;7,336690996000073;52,147563707000074;5210817709300890000;1
169728;5;9;15;0;2021;7;15;7;3;5;2;1;1;0;0;0;0;0;420237,396999991498888;5728613,077999653294683;7,845746108000071;51,702789938000080;5210703303100070000;0
169731;5;5;62;14;2021;6;19;3;2;5;3;1;0;0;0;0;0;0;361045,645292214117944;5715445,381309058517218;6,994848717000025;51,572932032000040;5210615701300300000;0
169732;5;1;54;36;2021;8;12;2;3;4;6;1;1;0;0;0;0;0;303770,666999252513051;5742547,198996167629957;6,154054147000068;51,799298413000031;5210823515110990000;0
169734;5;5;66;84;2021;8;15;6;3;5;3;1;1;0;0;0;0;0;390225,487999952398241;5775812,019999641925097;7,396555519000060;52,121927292000066;5210827709300480000;0
169735;5;7;54;36;2021;8;8;4;3;3;6;1;0;0;0;0;0;0;473769,338693669997156;5749809,154103860259056;8,618771964000075;51,898421701000075;5210804405236850000;0
169736;5;1;12;0;2021;8;16;5;3;5;7;1;1;0;0;0;0;0;346471,058999749831855;5704557,636999186128378;6,789437896000038;51,471325614000079;5210812501127380000;0
169737;5;5;62;24;2021;7;7;4;3;5;3;1;1;0;0;0;0;0;370375,327999892644584;5725934,680999532341957;7,125517347000027;51,669418935000067;5210721701500680000;0
169740;5;5;66;76;2021;8;16;1;3;0;1;1;0;0;0;0;0;0;392608,929392063058913;5794454,672589119523764;7,425442848000046;52,289941762000069;5210829709500210000;1
169741;5;9;78;36;2021;7;12;4;3;0;6;1;0;0;0;0;0;0;406155,598860292695463;5709994,980288393795490;7,647010261000048;51,533253030000026;5210721317110180000;0