OID_;ULAND;UREGBEZ;UKREIS;UGEMEINDE;UJAHR;UMONAT;USTUNDE;UWOCHENTAG;UKATEGORIE;UART;UTYP1;IstRad;IstPKW;IstFuss;IstKrad;IstSonstige;ULICHTVERH;IstGkfz;LINREFX;LINREFY;XGCSWGS84;YGCSWGS84;UIDENTSTLAE;IstStrassenzustand
169748;5;5;15;0;2021;8;9;7;3;0;7;1;0;0;0;0;0;0;405678,917255632579327;5757318,763205511495471;7,627305165000053;51,958557160000055;5210814702100760000;0
169749;5;9;74;28;2021;11;15;4;3;4;6;1;0;0;0;0;0;0;452283,230481799691916;5723446,266647089272738;8,310142945000052;51,659976681000046;5211110316300990000;0
169750;5;1;70;48;2021;8;16;3;3;6;4;1;0;1;0;0;0;0;335317,367224894464016;5725729,895432732999325;6,619067466000047;51,658398928000054;5210810518100990000;0
169751;5;5;66;76;2021;7;12;4;3;0;3;1;1;0;0;0;0;0;391557,183999955654144;5792425,333999656140804;7,410681420000060;52,271497409000062;5210728709000060000;0
169752;5;9;13;0;2021;7;12;3;2;0;1;1;0;0;0;0;0;0;396921,292015263810754;5705089,811121756210923;7,515355907000071;51,487551480000036;5210720301102470000;0
169755;5;7;54;48;2021;5;13;2;3;5;3;1;1;0;0;0;0;0;439874,624707212671638;5763862,184682236984372;8,123741670000072;52,022131647000037;5210510405148000000;0
169757;5;1;54;52;2021;7;10;2;3;5;3;1;1;0;0;0;0;0;309959,469620360061526;5702905,485673423856497;6,265201433000072;51,445405036000068;5210712515210060000;0
169761;5;5;66;8;2021;7;16;4;3;4;6;1;0;0;0;1;0;0;399717,590999972075224;5781440,278999660164118;7,533491204000029;52,174316350000026;5210721709100680000;0
169762;5;1;19;0;2021;7;15;5;3;4;6;1;0;0;0;0;0;0;349087,062003296799958;5705730,109499365091324;6,826573755000027;51,482564369000045;5210722508000180000;0
169764;5;9;13;0;2021;7;15;7;3;4;6;1;0;0;0;1;0;0;392219,269659504294395;5708461,545851746574044;7,446628512000075;51,516981379000072;5210724301202980000;1
169766;5;9;74;28;2021;8;22;6;2;5;2;1;1;0;0;0;2;0;455114,872999999672174;5722309,753999650478363;8,351223931000050;51,649991700000044;5210827316300990000;1
169767;5;5;62;32;2021;7;18;6;3;0;1;1;0;0;0;0;0;0;377501,399999919347465;5715152,712999572977424;7,232282220000059;51,574117685000033;5210730701120370000;0
169768;5;5;70;4;2021;8;14;3;3;6;6;1;0;1;0;0;0;0;424764,905723274685442;5734440,338212432339787;7,909991661000049;51,755800854000029;5210831711213600000;0
169771;5;7;54;8;2021;8;15;4;2;5;2;1;1;0;0;0;0;0;456662,832000001333654;5750654,610999664291739;8,370058186000051;51,904954958000076;5210825405108070000;0
169777;5;7;74;32;2021;8;15;5;2;5;7;1;1;0;0;0;0;0;480734,571054504252970;5729838,483222594484687;8,721111265000047;51,719146866000074;5210819411132580000;1
169781;5;5;70;4;2021;9;14;5;3;5;2;1;1;0;0;0;0;0;425187,088999993167818;5736530,375999657437205;7,915656978000072;51,774646238000059;5210909711211990000;0
169782;5;1;13;0;2021;8;19;3;3;0;1;1;0;0;0;0;0;0;359286,587999837473035;5700342,408999416977167;6,975507507000032;51,436779139000066;5210803502211060000;0
169787;5;5;62;8;2021;7;18;2;3;5;3;1;1;0;0;0;0;0;384425,807999938726425;5722858,394999600946903;7,329617485000028;51,644836507000036;5210726701910070000;0
169788;5;9;74;52;2021;8;9;4;3;5;3;1;1;0;0;0;0;0;424672,427999992854893;5712049,581999646499753;7,913476459000037;51,554498585000033;5210818316200170000;1
169789;5;5;66;76;2021;5;16;6;3;0;4;1;0;1;0;0;0;0;393568,272843108512461;5793295,406888626515865;7,439869026000054;52,279709881000031;5210528709500800000;0
169791;5;5;58;24;2021;8;16;3;2;5;3;1;0;0;0;0;0;0;393346,010862127877772;5736343,583990857005119;7,454361871000060;51,767806015000076;5210831706300250000;0
169793;5;5;54;68;2021;8;18;4;3;5;3;1;1;0;0;0;0;0;351551,494999792426825;5767321,452999286353588;6,835730064000074;52,036613881000051;5210811705000270000;0
169794;5;9;16;0;2021;8;15;5;3;0;1;1;0;0;0;0;0;0;372631,059502011165023;5710548,608931669965386;7,163706154000067;51,531661193000048;5210826300700970000;0
169795;5;5;54;8;2021;8;15;2;3;3;6;1;0;0;0;0;0;0;337748,019999678246677;5746798,654998904094100;6,644344956000054;51,848382545000050;5210823705000990000;0
169796;5;1;13;0;2021;8;17;4;3;6;1;1;0;1;0;0;0;0;361860,625982993282378;5701944,579307092353702;7,011891569000056;51,451810374000047;5210825502101700000;0
169801;5;1;70;24;2021;7;14;2;3;5;5;1;1;0;0;0;0;0;333495,779607910662889;5706944,389984915032983;6,601659407000056;51,489098940000076;5210719518200670000;0
169804;5;7;11;0;2021;8;16;3;3;5;3;1;1;0;0;0;0;0;467146,450567913241684;5762587,387609213590622;8,521298340000044;52,012956000000031;5210831400300960000;0
169805;5;5;62;32;2021;8;8;1;3;6;4;1;0;1;0;0;0;0;375609,143367780372500;5720630,756232088431716;7,203047773000037;51,622935358000063;5210801701110680000;0
169808;5;7;74;8;2021;7;17;5;2;6;6;1;0;1;0;0;0;0;487344,631557584740222;5737072,050487011671066;8,816535330000022;51,784374128000081;5210722411108990000;0
169814;5;7;11;0;2021;7;11;6;3;1;5;1;1;0;0;0;0;0;467239,028117951005697;5762215,230076804757118;8,522682819000067;52,009615543000052;5210716400300600000;0
169815;5;1;70;8;2021;7;19;1;3;4;6;1;0;0;0;0;0;0;344163,749999730847776;5717123,106999125331640;6,750684804000059;51,583592723000038;5210725518400480000;0
169817;5;7;54;32;2021;7;17;5;3;0;1;1;0;0;0;0;0;0;458404,734898442402482;5733911,578119782730937;8,397388977000048;51,754555816000050;5210729405232480000;0
169820;5;5;70;28;2021;6;2;1;3;1;5;1;1;0;0;0;2;0;442649,543772983364761;5747990,237415906041861;8,166826925000066;51,879735400000072;5210620711413990000;0
169821;5;1;13;0;2021;8;15;7;3;5;3;1;1;0;0;0;0;0;364201,044517937116325;5703063,257516825571656;7,045124185000020;51,462429594000071;5210807502136670000;0
169822;5;5;15;0;2021;6;2;1;3;4;6;1;0;1;0;0;2;0;407243,115008941851556;5756572,836867790669203;7,650264090000064;51,952115517000038;5210613702100100000;0
169823;5;9;74;40;2021;7;18;2;3;0;4;1;0;1;0;0;0;0;438681,082999998703599;5711923,499999647960067;8,115530162000027;51,555061832000035;5210719316100080000;0
169824;5;7;70;32;2021;8;15;4;2;0;1;1;0;0;0;0;0;0;494466,217439364641905;5787322,477202760055661;8,918964653000046;52,236288155000068;5210811410120990000;0
169826;5;7;74;16;2021;8;11;7;2;6;4;1;0;1;0;0;0;0;467099,343000000342727;5710279,521999644115567;8,525569930000074;51,542653798000060;5210821411216740000;0
169832;5;5;54;8;2021;8;18;2;3;5;3;1;0;0;0;0;0;0;336194,026143101975322;5745758,384916542097926;6,622296839000057;51,838583561000064;5210802705000990000;0
169834;5;5;70;52;2021;5;20;7;3;0;1;1;0;0;0;0;1;0;428941,543850231915712;5753095,326610174030066;7,966659563000064;51,924049954000054;5210501711114100000;0
169835;5;9;74;16;2021;8;16;3;3;5;3;1;1;0;0;0;0;0;455839,417999998666346;5720381,458999652415514;8,361939285000062;51,632711877000077;5210831316300380000;0
169846;5;5;54;12;2021;7;16;6;3;0;7;1;0;0;0;0;0;0;351759,198999791406095;5745594,627999296411872;6,848120124000047;51,841460918000053;5210723705000570000;0
169848;5;5;15;0;2021;8;7;5;3;0;5;1;1;0;0;0;0;0;406816,404024703428149;5756900,836404385045171;7,643967806000035;51,954992414000060;5210819702100630000;0
169849;5;9;16;0;2021;7;6;2;2;4;6;1;0;0;0;0;1;0;371412,101444174535573;5712083,111090414226055;7,145581588000027;51,545175397000037;5210726300700080000;1
169850;5;5;66;40;2021;8;10;3;2;4;2;1;1;0;0;0;0;0;421876,404999992810190;5782455,048999678343534;7,857223527000031;52,187020661000076;5210824709800680000;0
169852;5;9;15;0;2021;8;13;2;3;5;3;1;1;0;0;0;0;0;417760,425999988801777;5728397,356999650597572;7,809960662000037;51,700493159000075;5210809303100990000;0
169853;5;5;13;0;2021;8;18;6;3;5;3;1;1;0;0;0;0;0;363186,129912071861327;5710490,045791689306498;7,027643993000027;51,528925345000061;5210820700200470000;0
169854;5;7;11;0;2021;8;19;3;3;4;6;1;0;0;0;1;0;0;467645,434298683889210;5764053,871176805347204;8,528430031000028;52,026169919000040;5210831400100050000;0
169855;5;5;62;36;2021;8;15;7;2;5;2;1;0;0;0;0;0;0;389557,799210283905268;5721194,964199261739850;7,404282864000038;51,630916947000060;5210814701930540000;0
169857;5;5;70;12;2021;8;9;5;3;5;3;1;1;0;0;0;0;0;439205,333999997936189;5753536,100999668240547;8,115818122000064;51,929228015000035;5210805711131770000;0
169860;5;5;66;12;2021;4;10;1;2;5;3;1;1;0;0;0;0;0;405015,529999977909029;5772235,827999662607908;7,613512957000069;52,092523174000064;5210425709100070000;0
169861;5;1;13;0;2021;6;14;7;3;0;1;1;0;0;0;0;0;0;357472,233999826014042;5705240,566999390721321;6,947447560000057;51,480340550000051;5210612502321570000;0
169863;5;9;13;0;2021;8;23;6;3;0;1;1;0;0;0;0;2;0;398326,819745394401252;5707418,217422936111689;7,534921573000076;51,508735503000082;5210820301302680000;0
169867;5;9;78;36;2021;8;15;6;3;5;2;1;1;0;0;0;0;0;409059,318999982438982;5711166,643999639898539;7,688559567000027;51,544260711000049;5210820317110610000;0
169868;5;5;70;4;2021;8;16;5;3;1;5;1;1;0;0;1;0;0;424735,332539444789290;5735398,232915975153446;7,909355815000026;51,764408064000065;5210826711213570000;1
169869;5;9;54;36;2021;8;16;7;3;5;3;1;1;0;0;0;0;0;383309,534999935887754;5700016,221999589353800;7,321065540000063;51,439305504000060;5210821300800580000;0
169871;5;5;58;16;2021;7;15;7;3;2;6;1;1;0;0;0;0;0;381243,695768898352981;5744769,804892675951123;7,276168469000027;51,841097870000056;5210731706000480000;1
169873;5;5;15;0;2021;8;12;2;3;5;3;1;1;0;0;0;0;0;404363,515999976545572;5755718,021999657154083;7,608613084000069;51,943944403000046;5210809702100360000;0
169874;5;9;16;0;2021;7;9;7;3;1;5;1;1;0;0;0;0;0;376593,919835152104497;5712930,901190588250756;7,219973671000048;51,553951711000082;5210724300612160000;0
169875;5;5;54;20;2021;5;9;5;3;5;6;1;1;0;0;0;0;0;364137,748872864991426;5786117,026334190741181;7,011599142000023;52,208725713000035;5210506705000580000;1
169880;5;1;54;64;2021;8;14;3;3;4;6;1;0;0;1;0;0;0;305656,145999268628657;5722819,966996522620320;6,192362658000036;51,622795198000063;5210824515212540000;0
169881;5;5;54;8;2021;8;12;3;3;1;5;1;1;0;0;0;0;0;335890,955216145142913;5745402,273333441466093;6,618070654000064;51,835295486000064;5210831705000580000;0
169883;5;5;58;12;2021;6;14;7;3;0;2;1;1;0;0;0;0;0;373891,336999906226993;5754774,568999566137791;7,165844084000071;51,929394029000036;5210612706200590000;0
169885;5;7;58;24;2021;8;20;2;3;0;7;1;0;0;0;0;1;0;480204,535000000149012;5782370,222999680787325;8,710411613000076;52,191436738000050;5210802406220080000;0
169889;5;7;11;0;2021;6;12;3;3;6;6;1;0;1;0;0;0;0;467499,710194487124681;5759235,194397090002894;8,526763309000046;51,982838391000030;5210615400300750000;0
169891;5;7;62;20;2021;7;10;2;3;5;2;1;1;0;0;0;0;0;526345,338000000454485;5736343,228999655693769;9,381869091000056;51,777344061000065;5210726407101990000;0
169895;5;7;74;12;2021;6;0;4;3;7;5;1;1;0;0;0;2;0;480945,758265757933259;5724224,935226900503039;8,724475044000030;51,668680847000076;5210616411112790000;0
169896;5;9;13;0;2021;8;11;4;2;5;2;1;1;0;0;0;0;0;392384,332999957725406;5708183,719999620690942;7,449091350000060;51,514515638000034;5210825301101670000;0
169897;5;5;66;76;2021;8;8;6;3;5;3;1;1;0;0;0;0;0;392404,416962644085288;5793640,210610158741474;7,422705555000050;52,282582096000056;5210820709500650000;0
169898;5;5;66;28;2021;7;8;4;3;5;7;1;0;0;0;1;0;0;412305,139999985694885;5792873,642999680712819;7,714550396000050;52,279227704000050;5210721709700550000;0
169902;5;1;17;0;2021;4;8;6;3;4;2;1;1;0;0;0;0;0;353999,517968703061342;5699683,302033353596926;6,899766251000074;51,429518720000033;5210423502401380000;0
169903;5;7;66;44;2021;7;11;6;3;3;6;1;1;0;0;0;0;0;492623,905720846727490;5764172,076502077281475;8,892488515000025;52,028127324000081;5210716404301380000;0
169904;5;5;70;20;2021;5;0;6;2;0;1;1;0;0;0;0;2;0;432933,757999996654689;5743739,711999660357833;8,026523963000045;51,840439760000038;5210514711421500000;0
169908;5;1;13;0;2021;8;15;3;3;5;3;1;1;0;0;0;0;0;359213,184999834746122;5702559,690999416634440;6,973570031000065;51,456685805000063;5210810502307080000;1
169914;5;3;34;36;2021;7;12;2;3;6;7;1;0;1;0;0;0;0;299945,220999109558761;5633250,058996194973588;6,159942857000033;50,816375006000044;5210719608436810000;0
169918;5;3;66;16;2021;7;4;5;3;0;7;1;0;0;0;0;2;0;344075,226109018549323;5614191,313380150124431;6,793926173000045;50,658673860000079;5210722603116310000;0
169924;5;3;82;72;2021;8;13;2;3;5;3;1;1;0;0;0;0;0;367663,610999875701964;5609753,542999481782317;7,129040453000073;50,624624393000033;5210816600320330000;1
169943;5;3;15;0;2021;8;16;4;3;0;3;1;0;0;0;0;0;0;353023,906999791972339;5645826,274999324232340;6,907779964000042;50,945299374000058;5210825601300990000;0
169951;5;3;14;0;2021;8;5;4;3;0;1;1;0;0;0;0;1;0;367448,262124375440180;5622552,907085876911879;7,121408475000067;50,739618287000042;5210818600140030000;1
169970;5;3;70;32;2021;7;13;7;2;5;3;1;1;0;0;0;0;0;293001,658072020858526;5663771,267095092684031;6,044155782000075;51,088036269000042;5210731610114480000;0
169975;5;5;54;28;2021;7;16;5;2;5;3;1;1;0;0;0;0;0;357880,422999830916524;5743963,665999403223395;6,937582861000067;51,828397565000046;5210715705000980000;1
169981;5;1;58;28;2021;7;18;6;3;5;3;1;1;0;0;0;0;0;350368,408999778330326;5685236,080999277532101;6,853650908000020;51,298754558000041;5210723516310230000;0
169984;5;3;15;0;2021;8;15;2;3;5;3;1;1;0;0;0;0;0;358276,318768977187574;5642753,838679259642959;6,983692843000028;50,919002472000045;5210830601600290000;0
169985;5;1;12;0;2021;7;14;4;3;5;3;1;1;0;0;0;0;0;344328,903999730944633;5708219,300999138504267;6,757005173000039;51,503639873000054;5210728501112600000;0
169988;5;5;62;24;2021;7;19;4;3;5;3;1;0;0;0;0;0;0;367294,777110281400383;5724151,371339585632086;7,081673636000062;51,652674179000030;5210721701500260000;0
169990;5;3;14;0;2021;8;12;2;3;6;4;1;0;1;0;0;0;0;362189,610021825879812;5619911,963672392070293;7,047912400000030;50,714658174000078;5210823600310990000;0
169995;5;1;66;32;2021;8;15;6;3;5;3;1;1;0;0;0;0;0;318204,952999436296523;5681736,324997920542955;6,394538302000058;51,257957261000058;5210827514110080000;1
170003;5;1;24;0;2021;8;18;5;3;0;3;1;1;0;0;0;0;0;367352,916350780986249;5678689,386649668216705;7,099556696000036;51,244129579000059;5210819503100350000;0
170009;5;1;13;0;2021;7;15;5;3;1;5;1;1;0;0;0;0;0;358551,134908667765558;5702648,068530278280377;6,964011850000077;51,457314948000032;5210722502307990000;0
170015;5;3;66;44;2021;7;10;7;2;0;7;1;0;0;0;0;0;0;331044,627129315398633;5618009,666950950399041;6,607985606000057;50,689348303000031;5210724603144470000;0
170019;5;7;70;8;2021;7;7;6;3;0;3;1;1;0;0;0;0;0;475679,954489666968584;5803040,239966092631221;8,642731135000076;52,377086394000059;5210723410220570000;0
170029;5;3;14;0;2021;7;10;6;2;0;1;1;0;0;0;0;0;0;362307,563140496611595;5619080,746479850262403;7,049892266000029;50,707215370000029;5210716600310270000;0
170032;5;3;62;28;2021;8;17;5;3;6;4;1;0;1;0;0;0;0;347569,916199396364391;5639674,641665348783135;6,832770607000043;50,888603472000057;5210819602700780000;0
170036;5;3;15;0;2021;8;11;3;3;1;5;1;1;0;0;0;0;0;364962,046548145823181;5638452,615162916481495;7,080343127000049;50,881948180000052;5210824601620730000;0
170038;5;5;66;48;2021;7;8;7;3;5;3;1;1;0;0;0;0;0;427859,599999994039536;5799438,602999689057469;7,941096936000065;52,340501321000033;5210717709700670000;0
170047;5;5;15;0;2021;8;17;2;3;0;7;1;1;0;0;0;0;0;399278,553977587260306;5760103,999858833849430;7,533372687000053;51,982468520000054;5210809702100030000;0
170051;5;1;62;8;2021;8;12;6;3;6;7;1;0;1;0;0;0;0;330994,629619644023478;5662792,920037386938930;6,586562878000052;51,091700262000074;5210820513310270000;0
170057;5;1;13;0;2021;8;19;1;3;0;7;1;0;0;0;0;0;0;361827,215143467299640;5700568,397796975448728;7,011948326000038;51,439435315000026;5210815502210550000;0
170073;5;3;66;16;2021;8;18;4;3;0;1;1;0;0;0;1;0;0;344486,799999723210931;5614412,676999166607857;6,799651676000053;50,660773164000034;5210811603116080000;0
170077;5;5;62;12;2021;8;13;7;3;1;5;1;1;0;0;0;0;0;359070,750999835319817;5726015,737999418750405;6,962117831000057;51,667425604000073;5210821701610450000;0
170081;5;1;58;20;2021;8;10;6;3;2;6;1;1;0;0;0;0;0;356405,776946749538183;5663721,291425405070186;6,948799837000024;51,106968990000041;5210827516800830000;1
170083;5;5;15;0;2021;7;18;1;3;0;1;1;0;0;0;0;0;0;406128,618999979458749;5758081,205999663099647;7,633639462000076;51,965486447000046;5210725702100070000;1
170091;5;5;12;0;2021;7;15;3;3;5;3;1;1;0;0;0;0;0;358290,818314131349325;5710976,244772125035524;6,956923291000066;51,532087034000028;5210720701400130000;0
170095;5;3;82;48;2021;8;19;6;2;5;3;1;1;0;0;0;0;0;354082,821790382266045;5610131,420329324901104;6,937014321000049;50,624780200000032;5210813600330530000;0
170098;5;5;58;16;2021;8;14;1;3;0;1;1;0;0;0;0;0;0;382124,939244681037962;5742796,360555218532681;7,289626347000024;51,823548844000072;5210808706000220000;0
170104;5;1;58;26;2021;8;4;7;3;0;7;1;0;0;0;0;2;0;351816,043476968072355;5662868,423530133441091;6,883634182000037;51,098136834000059;5210821516910570000;0
170111;5;5;62;32;2021;8;18;7;3;0;1;1;0;0;0;0;0;0;379711,946459003724158;5718482,522579060867429;7,263024395000059;51,604520217000072;5210821701110450000;0
170113;5;3;14;0;2021;6;7;2;3;5;3;1;1;0;0;0;0;0;368220,123999879695475;5617492,295999493449926;7,134148949000064;50,694308373000069;5210607600380570000;0
170122;5;7;66;40;2021;8;15;5;3;1;5;1;0;0;0;0;0;1;485733,703551847487688;5759893,693110205233097;8,792237984000053;51,989526431000058;5210805404101990000;1
170129;5;5;62;12;2021;4;21;4;3;0;1;1;0;0;0;0;2;0;358234,491147107444704;5726599,364037394523621;6,949796730000060;51,672459532000062;5210428701610790000;0
170143;5;1;13;0;2021;7;18;3;3;0;7;1;1;0;0;0;0;0;361999,762346697971225;5700691,346304319798946;7,014381432000050;51,440582243000051;5210720502210870000;0
170158;5;3;14;0;2021;7;9;3;3;0;6;1;0;1;0;0;0;0;366011,071421056054533;5622052,546962868422270;7,101233652000076;50,734791239000060;5210720600110680000;0
170164;5;1;14;0;2021;7;13;3;3;5;3;1;0;0;0;1;0;0;332401,672999616712332;5693092,836998730897903;6,592466827000067;51,364335131000075;5210727505200990000;0
170167;5;7;54;40;2021;8;19;4;3;0;1;1;0;0;0;0;0;0;459793,799000000581145;5761822,891999673098326;8,414259760000050;52,005598809000048;5210811405140990000;0
170171;5;1;11;0;2021;8;20;2;3;0;2;1;0;0;0;1;2;0;345062,318999736569822;5679383,963999161496758;6,780135908000034;51,244752187000074;5210830500200280000;0
170177;5;9;78;20;2021;8;19;3;3;0;3;1;0;0;0;0;0;0;407154,057544275186956;5715923,663870904594660;7,659835353000062;51,586712105000061;5210803317210080000;0
170184;5;3;14;0;2021;8;12;6;3;3;6;1;1;0;0;0;0;0;366484,139670295640826;5619678,348351487889886;7,108793125000034;50,713560833000031;5210820600110290000;0
170197;5;3;14;0;2021;8;11;2;3;2;7;1;1;0;0;0;0;0;366891,475999873131514;5622626,213999481871724;7,113495488000069;50,740149812000027;5210802600140080000;0
170198;5;1;14;0;2021;7;8;5;3;5;3;1;1;0;0;0;0;0;335013,257999642752111;5691415,731998845934868;6,630725088000077;51,350032165000073;5210729505200070000;0
170201;5;1;70;8;2021;8;7;6;3;5;1;1;0;0;0;0;0;0;342356,084999714978039;5716657,484999073669314;6,724824306000073;51,578906620000055;5210827518400990000;0
170205;5;3;14;0;2021;6;22;3;3;0;7;1;0;0;0;0;2;0;365545,271857080981135;5623495,255771730095148;7,094110201000035;50,747650550000060;5210615600110130000;0
170207;5;3;14;0;2021;7;16;1;3;2;5;1;1;0;0;0;0;0;370225,046518497169018;5617303,058376828208566;7,162587124000027;50,693058238000049;5210725600380530000;0
170212;5;1;66;32;2021;7;19;3;3;5;3;1;1;0;0;0;0;0;318204,952999436296523;5681736,324997920542955;6,394538302000058;51,257957261000058;5210727514110990000;1
170224;5;1;11;0;2021;8;18;7;3;4;6;1;0;0;0;1;0;0;344247,494945870712399;5677085,417818153277040;6,769470345000059;51,223877125000058;5210814500100260000;0
170227;5;5;58;24;2021;8;15;7;3;0;1;1;0;0;0;0;0;0;392636,322999957948923;5736502,874999631196260;7,444031858000073;51,769102074000045;5210828706300150000;1
170238;5;3;15;0;2021;8;16;2;3;0;7;1;0;0;0;1;0;0;353314,726553926244378;5646346,108972914516926;6,911707476000061;50,950044985000034;5210816601300560000;1
170242;5;3;82;12;2021;7;17;7;3;6;6;1;0;1;0;0;0;0;360169,066297803074121;5624043,700495436787605;7,017742223000027;50,751309704000050;5210717600360580000;0
170244;5;5;66;8;2021;7;3;6;2;0;3;1;1;0;0;0;2;0;399926,861999971792102;5780382,884999664500356;7,536862298000074;52,164850738000041;5210730709110070000;0
170249;5;3;15;0;2021;6;19;3;3;0;1;1;0;0;1;0;0;0;358970,554888936690986;5640057,913606621325016;6,994604930000037;50,894943940000076;5210615601220760000;0
170250;5;1;11;0;2021;8;16;3;3;3;6;1;1;0;0;0;0;0;344709,726949714124203;5675703,082602808251977;6,776683251000065;51,211582240000041;5210817500300480000;1
170252;5;3;15;0;2021;7;11;5;3;0;6;1;0;0;0;1;0;0;356611,155337520875037;5644417,930139498785138;6,959364032000053;50,933546138000054;5210729601110560000;0
170255;5;7;54;8;2021;4;12;4;3;5;3;1;1;0;0;0;0;0;456764,314000001177192;5750378,697999667376280;8,371567833000029;51,902482230000032;5210421405108200000;0
170265;5;9;16;0;2021;4;19;4;3;4;6;1;1;0;0;0;0;0;376869,599142653867602;5710467,068381348624825;7,224810117000061;51,531868645000031;5210428300600770000;0
170271;5;1;58;20;2021;7;19;5;3;1;5;1;1;0;0;0;0;0;356533,831631159409881;5666970,935782469809055;6,949334757000031;51,136204149000037;5210715516800670000;0
170276;5;1;17;0;2021;7;17;1;3;5;3;1;1;0;0;0;0;0;350921,949999781325459;5702056,286999285221100;6,854528856000059;51,450039960000026;5210718502403870000;0
170299;5;1;62;4;2021;8;11;5;2;5;3;1;1;0;0;0;0;0;347811,301999754272401;5663495,845999225974083;6,826217395000072;51,102725855000074;5210819513320540000;0
170301;5;3;62;12;2021;8;17;2;3;5;3;1;1;0;0;0;0;0;352208,291930307634175;5632588,075873646885157;6,901531593000072;50,826124136000033;5210802602800700000;0
170303;5;1;70;48;2021;6;14;1;3;1;5;1;1;0;0;0;0;0;335124,097999650053680;5725950,585998814553022;6,616171756000028;51,660324889000037;5210613518100890000;0
170312;5;1;12;0;2021;8;12;3;3;0;5;1;1;0;0;0;0;0;346529,868393082171679;5701268,658347211778164;6,791711088000056;51,441789746000040;5210810501314760000;0
170321;5;3;58;44;2021;8;17;6;3;0;3;1;1;0;0;0;0;0;316801,214611550793052;5614929,739664820954204;6,408068887000070;50,657368574000031;5210806609144580000;0
170325;5;3;82;64;2021;6;15;7;3;5;2;1;1;0;0;0;0;0;350213,651219443418086;5612713,848012568429112;6,881307574000061;50,647007183000028;5210612600340090000;0
170329;5;1;58;20;2021;8;15;4;3;0;7;1;0;0;0;0;0;0;356746,919679569080472;5664076,873556928709149;6,953528452000057;51,110249820000035;5210825516800270000;0
170335;5;1;12;0;2021;8;18;2;3;1;7;1;1;0;0;0;0;0;340917,011042376980186;5697436,501949427649379;6,712735741000074;51,405810606000045;5210823501212990000;0
170348;5;5;15;0;2021;7;4;7;3;4;6;1;0;0;0;1;2;0;406128,618999979458749;5758081,205999663099647;7,633639462000076;51,965486447000046;5210717702100360000;0
170357;5;3;15;0;2021;7;21;5;2;0;5;1;1;0;0;0;1;0;353840,002349654212594;5645871,155517959967256;6,919370942000057;50,945910179000066;5210729601300880000;0
170359;5;9;62;32;2021;6;10;7;3;3;6;1;1;0;0;0;0;0;405209,969064757227898;5677082,304561350494623;7,642166531000044;51,237231115000043;5210619307200360000;0
170363;5;3;14;0;2021;8;11;1;3;5;3;1;0;0;1;0;0;0;366431,467999869026244;5620032,983999475836754;7,107919114000026;50,716736208000043;5210801600110770000;0
170367;5;1;14;0;2021;8;8;4;3;5;3;1;1;0;0;0;0;0;331804,307999609038234;5688297,674998711794615;6,586159224000028;51,321078942000042;5210825505100870000;0
170378;5;1;11;0;2021;4;19;5;2;0;1;1;0;0;0;0;0;0;348513,918999763205647;5671540,360999239608645;6,832862318000025;51,175198801000079;5210422500300720000;0
170380;5;7;74;32;2021;8;17;4;3;3;2;1;0;0;0;0;0;0;481607,627999999560416;5734618,655999658629298;8,733496861000049;51,762155956000072;5210825411232990000;0
170387;5;3;82;64;2021;8;9;1;2;5;3;1;1;0;0;0;0;0;355851,480156525038183;5614977,740739731118083;6,960116933000052;50,668775692000054;5210822600340990000;1
170391;5;3;15;0;2021;5;22;5;2;1;1;1;1;0;0;0;2;0;355840,928907039575279;5637296,293731434270740;6,951221867000072;50,869352767000066;5210506601220850000;1
170394;5;7;74;32;2021;8;10;5;3;5;3;1;1;0;0;0;0;0;482280,982011901214719;5729675,105199292302132;8,743505360000029;51,717728880000038;5210819411132720000;1
170401;5;1;11;0;2021;8;13;2;3;2;3;1;1;0;0;0;0;0;345081,936999734491110;5674218,527999164536595;6,782648859000062;51,198343950000037;5210830500300430000;0
170404;5;3;15;0;2021;7;19;6;3;0;7;1;1;0;0;0;0;0;355154,047483171336353;5645200,292822044342756;6,938330508000035;50,940212954000060;5210716601100870000;0
170406;5;7;11;0;2021;7;11;3;3;0;7;1;0;0;0;0;0;0;471179,731856864877045;5754970,009886607527733;8,580704414000024;51,944694195000068;5210720400300460000;0
170410;5;3;82;24;2021;8;11;1;2;0;7;1;0;0;0;0;0;0;371232,175951167009771;5617358,810313818976283;7,176819361000071;50,693783191000080;5210815600120990000;0
170414;5;5;66;20;2021;8;2;7;1;1;6;1;1;0;0;0;2;0;404257,795182395726442;5805028,687363781034946;7,593165054000053;52,387131410000052;5210821709700500000;1
170418;5;3;66;28;2021;8;17;5;2;0;7;1;0;0;0;0;0;0;334132,095999621786177;5607619,292998872697353;6,656308646000070;50,596873968000068;5210812603228270000;0
170423;5;3;16;0;2021;8;13;2;3;1;7;1;0;0;0;0;0;0;359580,244171283207834;5659176,841321475803852;6,995882446000053;51,066915137000080;5210809601700380000;0
170428;5;9;78;36;2021;8;9;4;3;7;5;1;0;0;0;1;0;0;408931,397999981418252;5709185,410999638959765;7,687227872000051;51,526430164000033;5210825317110990000;0
170453;5;1;58;24;2021;8;19;5;3;0;1;1;0;0;0;0;0;0;356993,597664606757462;5680838,302297284826636;6,950377484000057;51,260937548000072;5210805516400950000;0