OID_;ULAND;UREGBEZ;UKREIS;UGEMEINDE;UJAHR;UMONAT;USTUNDE;UWOCHENTAG;UKATEGORIE;UART;UTYP1;IstRad;IstPKW;IstFuss;IstKrad;IstSonstige;ULICHTVERH;IstGkfz;LINREFX;LINREFY;XGCSWGS84;YGCSWGS84;UIDENTSTLAE;IstStrassenzustand
170454;5;3;58;24;2021;7;11;5;3;0;1;1;0;0;0;0;0;0;314754,977004300802946;5643905,577069208025932;6,364546464000057;50,917021828000031;5210722609224870000;0
170455;5;1;13;0;2021;7;14;3;3;0;5;1;1;0;0;0;0;0;361901,346270732581615;5700550,806759608909488;7,013021108000032;51,439295312000070;5210720502210470000;0
170464;5;9;70;40;2021;7;12;3;3;5;3;1;1;0;0;0;0;0;428654,878999995067716;5632685,153999611735344;7,986685900000055;50,841469473000075;5210727315110090000;0
170465;5;1;12;0;2021;8;11;7;3;6;6;1;0;1;0;0;0;0;344290,135922615416348;5696919,388413855805993;6,761420631000021;51,402100427000050;5210814501319480000;0
170469;5;1;54;16;2021;8;15;4;3;0;1;1;0;0;0;0;0;0;303502,992890466935933;5728201,295526720583439;6,158275312000058;51,670374399000082;5210825515211580000;0
170473;5;1;24;0;2021;10;19;2;3;6;6;1;0;1;0;0;2;0;370797,250029821880162;5677225,203484533354640;7,149404112000070;51,231760910000048;5211018503100690000;0
170489;5;7;70;8;2021;7;20;6;3;5;3;1;1;0;0;0;0;0;473846,661000001244247;5803235,621999690309167;8,615784886000029;52,378758444000027;5210730410220570000;0
170490;5;1;62;22;2021;7;18;5;3;0;7;1;0;0;0;0;0;0;339008,860304404050112;5680171,131639409810305;6,693125172000066;51,250148475000060;5210722513130370000;0
170499;5;1;11;0;2021;7;15;1;3;8;7;1;0;0;0;0;0;0;348296,699999759905040;5673075,267999235540628;6,829109163000055;51,188933521000081;5210718500300500000;0
170506;5;7;54;16;2021;8;18;2;3;5;3;1;1;0;0;0;0;0;447649,127000000327826;5756503,886999670416117;8,238157904000047;51,956767403000072;5210823405116570000;0
170515;5;1;13;0;2021;7;16;2;2;5;2;1;1;0;0;0;0;0;366535,527999872341752;5703000,396999495103955;7,078733170000021;51,462419978000071;5210719502135560000;0
170517;5;1;54;16;2021;6;5;4;3;5;3;1;1;0;0;0;0;0;302663,516999225132167;5730314,724996071308851;6,144956792000073;51,689059417000067;5210616515000550000;0
170531;5;3;58;28;2021;6;10;7;2;0;1;1;0;0;0;0;0;0;321021,717748829163611;5621594,104057792574167;6,464491273000021;50,718554598000026;5210605609128500000;1
170536;5;1;66;28;2021;4;13;5;3;0;7;1;0;0;0;0;0;0;320610,589816223829985;5686244,727933086454868;6,426714855000057;51,299218161000056;5210429514216080000;0
170540;5;5;54;20;2021;8;7;6;3;5;3;1;1;0;0;0;0;0;366035,020975781604648;5785625,978830769658089;7,039543046000063;52,204777919000037;5210827705000010000;0
170547;5;3;15;0;2021;8;18;5;3;0;4;1;0;1;1;0;0;0;355880,035097239539027;5644896,985688578337431;6,948776756000029;50,937669099000061;5210819601110260000;0
170551;5;5;15;0;2021;8;7;2;3;5;3;1;0;0;0;1;0;0;407754,214999980293214;5757287,844999661669135;7,657507096000074;51,958627415000080;5210823702100840000;0
170565;5;3;14;0;2021;8;13;6;3;0;3;1;1;0;0;0;0;0;366745,020939049310982;5618641,659916570410132;7,112860518000048;50,704302875000053;5210820600110000000;1
170568;5;3;14;0;2021;8;7;6;3;6;4;1;0;1;0;0;0;0;369626,256536770612001;5621038,442958457395434;7,152794501000074;50,726498998000068;5210820600140990000;0
170569;5;1;24;0;2021;8;19;1;3;1;1;1;1;0;0;0;0;0;375961,332999912090600;5682782,290999554097652;7,221404497000037;51,282852597000044;5210815503200380000;0
170577;5;3;82;64;2021;8;7;3;3;0;7;1;0;0;0;0;0;0;353193,422366577200592;5620554,189090797677636;6,920312456000033;50,718227326000033;5210831600340860000;0
170585;5;9;13;0;2021;7;14;1;2;0;7;1;0;1;0;0;0;0;392759,944783590734005;5705786,506022090092301;7,455231266000055;51,493039829000054;5210718301101120000;0
170593;5;1;58;20;2021;7;11;7;3;0;7;1;0;0;0;0;0;0;356504,029141508042812;5665443,361790716648102;6,949517285000070;51,122469085000034;5210731516800680000;0
170596;5;7;54;32;2021;7;19;2;3;0;3;1;0;0;0;0;0;1;464615,683090033940971;5740076,132333012297750;8,486737244000039;51,810407744000031;5210719405232870000;0
170602;5;1;11;0;2021;8;9;3;3;4;3;1;1;0;0;0;0;0;349948,410999774001539;5677807,844999268651009;6,850747841000043;51,231895757000075;5210824500200920000;0
170605;5;3;15;0;2021;8;18;2;2;5;2;1;1;0;0;0;0;0;356837,178999817930162;5637630,829999383538961;6,965239984000050;50,872606845000064;5210830601200540000;0
170614;5;5;66;76;2021;4;6;3;3;5;3;1;1;0;0;0;0;0;396220,688999964855611;5796638,026999667286873;7,477704626000047;52,310258285000032;5210427709500800000;0
170615;5;1;66;36;2021;4;13;5;3;3;5;1;0;0;0;0;0;1;327213,688868735916913;5681274,740231392905116;6,523740446000033;51,256611748000068;5210429514217770000;1
170620;5;9;74;8;2021;8;17;7;3;5;3;1;1;0;0;0;0;0;442777,306999997235835;5715414,966999646276236;8,174038937000034;51,586882927000033;5210814316100170000;0
170639;5;1;16;0;2021;8;13;3;3;1;5;1;1;0;0;0;0;0;321227,844134268350899;5672801,968055246397853;6,442269315000033;51,178654118000054;5210810506100010000;0
170654;5;3;15;0;2021;8;16;5;3;0;1;1;0;0;0;0;0;0;353933,298999798484147;5647220,488999342545867;6,920156751000036;50,958059807000041;5210805601300090000;0
170663;5;5;62;20;2021;5;15;7;3;0;1;1;0;0;0;0;0;0;371191,248968699015677;5717428,829312441870570;7,140438779000021;51,593166393000047;5210501701200150000;0
170670;5;5;54;8;2021;8;17;4;3;5;3;1;1;0;0;0;0;0;337195,737999673932791;5748149,330998882651329;6,635697843000059;51,860355600000048;5210811705000990000;0
170679;5;1;12;0;2021;8;17;2;3;5;3;1;1;0;0;0;0;0;347555,462999756447971;5704951,780999215319753;6,804869108000048;51,475160251000034;5210823501127080000;0
170688;5;3;34;2;2021;8;18;3;3;0;7;1;0;0;0;0;0;0;293288,595998971723020;5629504,247995188459754;6,067680722000034;50,780396637000081;5210831608100780000;0
170689;5;9;14;0;2021;7;20;4;3;0;7;1;1;0;0;0;0;0;393167,401999957859516;5691799,880999611690640;7,465316987000051;51,367396824000082;5210721302000680000;0
170693;5;3;66;16;2021;8;7;5;3;0;1;1;0;0;0;0;0;0;343625,938999717123806;5613754,189999146386981;6,787759176000066;50,654625270000054;5210826603116670000;1
170697;5;3;14;0;2021;7;9;5;3;1;7;1;1;0;0;0;0;0;362448,820999850519001;5619797,995999440550804;7,051624344000061;50,713695264000080;5210701600310080000;0
170706;5;3;82;8;2021;7;15;2;3;0;1;1;0;0;0;0;0;0;373471,766999901272357;5613229,073999518528581;7,209925213000076;50,657154127000069;5210719600130530000;0
170711;5;3;62;12;2021;8;18;1;3;5;2;1;1;0;0;0;0;0;352208,291930307634175;5632588,075873646885157;6,901531593000072;50,826124136000033;5210808602800970000;0
170717;5;7;74;20;2021;7;18;6;2;5;3;1;1;0;0;0;0;0;466418,111000000499189;5732582,689999653026462;8,513605984000037;51,743145575000028;5210716411220370000;0
170729;5;5;62;16;2021;6;11;5;3;6;6;1;0;1;0;0;0;0;378564,686654252931476;5731035,040923200547695;7,242105012000025;51,717086670000072;5210617701700680000;0
170731;5;3;82;24;2021;8;14;3;3;0;7;1;0;0;0;0;0;0;371318,809190585277975;5617097,139032660052180;7,178136446000053;50,691450351000071;5210810600120230000;0
170736;5;1;14;0;2021;8;10;4;3;5;3;1;0;0;0;0;0;0;330373,335999591276050;5689567,866998644545674;6,565038017000063;51,332065321000073;5210811505200670000;0
170749;5;5;70;4;2021;8;17;5;3;5;2;1;1;0;0;0;0;0;424706,239999993704259;5734621,440999655053020;7,909102643000040;51,757421030000046;5210819711213080000;1
170757;5;3;15;0;2021;8;14;4;3;5;3;1;0;0;0;1;0;0;354907,251220489852130;5643696,053762752562761;6,935419015000036;50,926632673000029;5210825601210930000;0
170758;5;3;15;0;2021;8;15;6;3;4;6;1;0;0;0;0;0;0;356872,835999819450080;5651336,511999379843473;6,960363710000024;50,995787459000042;5210827601400490000;0
170763;5;7;74;36;2021;7;21;7;2;4;6;1;0;0;1;0;1;0;471424,271919672377408;5724915,783952649682760;8,586740734000045;51,674488795000059;5210717411236960000;0
170769;5;3;62;20;2021;8;7;6;3;1;5;1;1;0;0;0;0;0;343072,466232820414007;5632704,313933543860912;6,771865574000060;50,824764546000040;5210827602600750000;0
170776;5;5;13;0;2021;8;19;5;3;5;3;1;0;0;0;0;0;0;368374,408560696057975;5709467,464156754314899;7,102777091000064;51,520968927000069;5210812700100070000;0
170782;5;1;14;0;2021;8;12;7;3;5;2;1;1;0;0;0;0;0;330771,155999598093331;5690025,454998664557934;6,570525744000065;51,336294766000037;5210814505200780000;0
170787;5;7;54;48;2021;6;16;2;2;5;3;1;1;0;0;0;0;0;442149,062999998219311;5765560,760999673977494;8,156597788000056;52,037643591000062;5210621405148500000;1
170791;5;3;15;0;2021;8;6;6;3;0;7;1;0;0;0;0;1;0;359535,420999835245311;5647817,774999415501952;6,999641750000023;50,964820492000058;5210820601500050000;0
170794;5;1;11;0;2021;7;16;4;3;1;5;1;0;0;0;1;0;0;344739,243803318589926;5676303,586853384971619;6,776845551000065;51,216986033000069;5210728500300460000;0
170796;5;5;70;52;2021;8;7;7;3;5;3;1;1;0;0;0;0;0;431191,371999995782971;5757098,202999666333199;7,998570294000046;51,960317132000057;5210814711111480000;0
170803;5;3;14;0;2021;8;12;3;3;2;6;1;0;0;0;0;0;0;370718,265999889932573;5615534,831999501213431;7,170185001000050;50,677274554000064;5210831600380070000;0
170806;5;3;82;28;2021;7;2;7;2;0;1;1;0;0;0;0;2;0;377024,137392641976476;5639002,927069699391723;7,251539308000076;50,889587992000031;5210731607100080000;0
170807;5;9;13;0;2021;7;18;3;3;5;2;1;1;0;0;0;0;0;396206,763999965973198;5706586,345999626442790;7,504628140000023;51,500872639000079;5210720301302080000;0
170820;5;9;16;0;2021;8;11;2;3;8;1;1;0;0;0;0;0;0;373397,064638264477253;5708662,294065367430449;7,175421541000048;51,514880927000036;5210830300700860000;1
170829;5;5;66;76;2021;7;0;1;3;3;6;1;0;0;0;0;2;0;395378,311976695433259;5796088,306778259575367;7,465523800000028;52,305157950000080;5210718709500430000;0
170835;5;7;54;40;2021;4;15;5;3;5;3;1;1;0;0;0;0;0;460125,668000000528991;5761791,699999667704105;8,419097923000038;52,005342318000032;5210429405140600000;0
170842;5;1;11;0;2021;8;16;2;3;5;2;1;1;0;0;0;0;0;347688,134947802871466;5676153,870862320065498;6,819100731000049;51,216434983000056;5210816500200360000;1
170851;5;1;16;0;2021;7;6;6;3;0;1;1;0;0;0;0;0;0;321220,201999473385513;5667264,437998166307807;6,444910673000038;51,128906415000074;5210723506100020000;0
170861;5;9;13;0;2021;7;20;6;3;0;1;1;0;0;0;0;0;0;393762,594999959692359;5709225,684999622404575;7,468632426000056;51,524142196000071;5210730301201910000;0
170862;5;7;70;24;2021;8;10;2;3;1;1;1;0;0;0;0;0;1;493864,799046511761844;5792044,834576081484556;8,910071812000069;52,278738383000075;5210816410110880000;0
170867;5;1;58;26;2021;5;16;7;2;6;6;1;0;1;0;0;0;0;352373,607519214041531;5661539,768412487581372;6,892134628000065;51,086341009000080;5210501516910770000;0
170873;5;5;70;4;2021;3;9;5;3;5;3;1;1;0;0;0;0;0;424626,166007983498275;5734839,347956586629152;7,907895454000027;51,759369176000064;5210304711213500000;0
170880;5;1;11;0;2021;7;9;4;3;5;3;1;1;0;0;0;0;0;345356,349039560183883;5676391,098631007596850;6,785636954000040;51,217939832000070;5210728500300430000;0
170881;5;3;82;28;2021;8;18;6;2;5;3;1;1;0;0;0;0;0;374749,266999905928969;5635240,449999531731009;7,220500518000051;50,855280721000042;5210813607100080000;0
170882;5;1;66;28;2021;6;1;4;3;0;7;1;0;0;0;0;2;0;325095,708252932876348;5689166,901825087144971;6,489552293000031;51,326864668000042;5210616514215080000;0
170884;5;9;78;24;2021;8;9;6;2;5;3;1;1;0;0;0;0;0;397484,645000077784061;5719245,619999410584569;7,519341113000053;51,614895532000048;5210813301301710000;0
170891;5;1;11;0;2021;6;8;3;3;1;7;1;1;0;0;0;0;0;345718,817619482055306;5677989,634096980094910;6,790134978000026;51,232401465000066;5210601500200990000;0
170901;5;9;54;36;2021;8;4;4;3;0;1;1;0;0;0;0;2;0;384555,967652883380651;5700058,719224838539958;7,338977125000042;51,439942871000028;5210818300510240000;1
170909;5;9;14;0;2021;7;16;2;3;0;7;1;0;0;0;0;0;0;394234,976707904599607;5691354,603666478767991;7,480779673000029;51,363594160000048;5210719302100990000;0
170914;5;5;54;24;2021;8;12;4;3;8;1;1;0;0;0;0;0;0;371456,252999897114933;5776212,172999558970332;7,122395317000041;52,121477682000034;5210811705000480000;0
170919;5;3;70;20;2021;8;13;2;3;0;1;1;0;0;0;0;0;0;305815,998999233357608;5659715,391996817663312;6,229079965000039;51,056087924000053;5210802610221170000;0
170921;5;3;62;12;2021;7;18;3;3;5;3;1;1;0;0;0;0;0;351851,753786662593484;5632089,593192389234900;6,896674176000033;50,821553293000079;5210720602800970000;0
170924;5;5;15;0;2021;7;18;1;3;0;1;1;0;0;0;0;0;0;406128,618999979458749;5758081,205999663099647;7,633639462000076;51,965486447000046;5210725702100570000;1
170930;5;3;62;32;2021;8;19;7;3;0;1;1;0;0;0;0;0;0;338932,944503224454820;5642160,005859289318323;6,708977278000020;50,908592173000045;5210821602400520000;0
170941;5;3;58;12;2021;7;18;2;3;0;1;1;0;0;0;0;0;0;326529,946030428633094;5614057,349789800122380;6,545983127000056;50,652509163000047;5210726609112570000;0
233966;5;3;70;24;2021;10;13;1;3;4;6;1;0;0;0;0;0;0;284630,906127189286053;5657397,104951260611415;5,928598426000065;51,027718559000050;5211017610113520000;0
233967;5;1;54;40;2021;11;12;1;3;0;7;1;0;0;0;0;0;0;294664,742825191526208;5735598,344629637897015;6,026283613000032;51,733634937000033;5211114515110990000;1
233968;5;3;70;8;2021;1;15;2;2;3;6;1;0;0;0;1;0;0;291816,934030198899563;5655624,545674059540033;6,031946839000057;51,014447365000080;5210118610112910000;1
233969;5;3;34;2;2021;4;17;4;3;0;1;1;0;0;0;0;0;0;291878,742470405763015;5624153,659266646020114;6,050733539000021;50,731839120000075;5210421608100550000;0
233970;5;3;34;2;2021;9;10;1;3;0;1;1;0;0;0;0;0;0;292376,799855956924148;5625315,982884719967842;6,057126844000038;50,742456193000066;5210912608100870000;0
233971;5;3;34;16;2021;3;16;2;3;0;1;1;0;0;0;0;0;0;294393,457408790418413;5633291,451074833050370;6,081212348000065;50,814802782000072;5210308608404180000;0
233972;5;3;70;16;2021;3;9;4;3;0;1;1;0;0;0;0;0;0;296054,951600154628977;5664959,970447950065136;6,087023469000030;51,099805259000050;5210331610111480000;0
233973;5;3;34;2;2021;9;11;6;3;0;1;1;0;0;0;0;0;0;294655,958741287351586;5623248,103395011276007;6,090538907000052;50,724694276000037;5210903608200780000;1
233974;5;1;66;20;2021;5;11;6;3;0;7;1;0;0;0;0;0;0;297168,040979906625580;5678236,751232324168086;6,095415996000042;51,219435076000082;5210514514124080000;0
233975;5;3;34;2;2021;6;20;7;3;0;7;1;0;0;0;0;0;0;295182,646256122563500;5624718,269675487652421;6,097174547000066;50,738084249000053;5210626608200560000;0
233976;5;3;34;2;2021;6;21;4;3;0;1;1;0;0;0;0;2;0;295623,015170178201515;5627112,843941487371922;6,102078707000032;50,759745949000035;5210630608200880000;1
233977;5;3;70;28;2021;4;16;4;3;0;6;1;0;1;0;0;0;0;296565,829841748753097;5647945,149505181238055;6,103855309000039;50,947177837000027;5210428610122170000;0
233978;5;3;34;16;2021;9;15;6;3;3;6;1;0;0;1;0;0;0;296475,977068989537656;5638792,009509576484561;6,107680505000076;50,864940331000071;5210924608416930000;0
233979;5;3;34;2;2021;2;17;6;2;0;1;1;0;0;0;0;0;0;296230,257119999732822;5625069,716581149026752;6,111807587000044;50,741609220000043;5210212608100620000;2
233980;5;1;54;64;2021;5;15;1;2;3;1;1;0;0;0;0;0;0;301109,169880697096232;5719335,323054588399827;6,128737716000046;51,589913940000031;5210530515212090000;0
233981;5;1;54;16;2021;6;19;5;3;0;6;1;1;0;0;0;0;0;301939,165008547890466;5732621,226296834647655;6,133181400000069;51,709517158000040;5210603515000920000;0
233982;5;3;34;2;2021;4;17;3;2;9;1;1;0;0;0;0;0;0;298089,415219623944722;5631737,680038739927113;6,134463954000068;50,802147603000037;5210427608200260000;0
233983;5;3;34;36;2021;12;17;6;3;0;6;1;1;0;0;0;2;0;298641,738250973867252;5634765,239420995116234;6,140630881000050;50,829532050000068;5211217608436070000;1
233984;5;1;66;20;2021;4;16;5;2;5;3;1;1;0;0;0;0;0;300346,679971754318103;5676798,029149202629924;6,141674112000032;51,207634223000071;5210415514124270000;0
233985;5;3;34;36;2021;12;15;6;3;0;7;1;0;1;0;0;0;0;298853,365837740479037;5635046,078820875845850;6,143478017000064;50,832127994000075;5211231608436780000;0
233986;5;3;34;2;2021;6;16;1;3;3;6;1;0;0;0;0;0;0;299008,828750930377282;5628114,875468321144581;6,149475984000048;50,769928315000072;5210613608200570000;0
233987;5;1;66;20;2021;6;17;3;2;5;7;1;0;0;0;0;0;0;301197,910846661368851;5679786,008333668112755;6,152187858000048;51,234766280000031;5210601514123880000;0
233988;5;3;34;2;2021;6;18;3;3;8;1;1;0;0;0;0;0;0;299347,408320893067867;5623094,245097368955612;6,157006099000057;50,724951208000050;5210615608200080000;0
233989;5;3;34;2;2021;5;17;7;3;0;6;1;0;0;0;0;0;0;299583,161135976319201;5619069,073786118067801;6,162526819000050;50,688878843000055;5210529608200570000;0
233990;5;3;34;2;2021;10;17;7;3;0;1;1;0;0;0;0;0;0;299995,289839798235334;5627884,542952802963555;6,163573167000038;50,768200404000027;5211023608200560000;1
233991;5;3;34;2;2021;6;7;4;2;4;6;1;0;0;0;0;0;0;300011,808239886537194;5627871,490092177875340;6,163814215000059;50,768088859000045;5210602608200880000;0
233992;5;3;34;2;2021;7;11;7;3;3;6;1;0;0;0;0;0;0;300065,432888581301086;5627821,850232797674835;6,164600686000028;50,767661482000051;5210703608200670000;0
233993;5;1;54;8;2021;9;10;1;3;0;1;1;0;0;0;0;0;0;305219,113435768638737;5750612,950925957411528;6,170493709000027;51,872237204000044;5210919515111020000;1
233994;5;3;34;2;2021;6;12;6;3;4;6;1;1;0;0;0;0;0;300994,018431044416502;5631206,212610825896263;6,175920497000050;50,798378746000026;5210604608200080000;0
233995;5;1;66;20;2021;6;11;5;3;5;3;1;1;0;0;0;0;0;302890,787248745618854;5678199,439131344668567;6,177278897000065;51,221104153000056;5210603514123190000;0
233996;5;1;54;8;2021;9;15;3;2;0;3;1;1;0;0;0;0;0;305625,355259902076796;5748800,427202239632607;6,177407010000024;51,856101986000056;5210928515000090000;0
233997;5;3;34;2;2021;9;15;7;3;8;6;1;0;0;0;0;0;0;301404,281537285831291;5623008,617761751636863;6,186157812000033;50,724888684000064;5210925608200760000;1
233998;5;1;66;20;2021;6;21;4;3;0;1;1;0;0;0;0;0;0;303637,874529810505919;5679033,298608476296067;6,187507022000034;51,228850722000061;5210602514124970000;0
233999;5;3;34;2;2021;1;14;7;3;4;7;1;0;0;0;1;0;0;301492,704476133338176;5621417,072988061234355;6,188265198000067;50,710623488000067;5210123608200930000;0
234000;5;3;34;2;2021;10;7;2;3;0;1;1;0;0;0;0;1;0;301587,313756777148228;5622922,698067944496870;6,188794025000050;50,724179468000045;5211004608200280000;1
234001;5;1;66;4;2021;6;16;3;3;3;2;1;0;0;0;0;0;0;304099,294479571748525;5683599,287444909103215;6,191608686000052;51,270017841000026;5210601514122080000;0
234002;5;1;54;64;2021;12;18;5;1;0;7;1;0;0;0;0;2;0;306864,117922351637390;5723798,491036373190582;6,209252008000021;51,631998971000030;5211202515212230000;1
234003;5;3;70;20;2021;12;7;4;1;0;7;1;0;0;0;0;0;0;304692,428381190169603;5659076,993036299943924;6,213411758000063;51,049972985000068;5211229610221670000;1
234004;5;1;54;12;2021;5;11;7;3;0;5;1;1;0;0;0;0;0;307425,192757739569061;5709550,664889663457870;6,225155793000056;51,504230984000060;5210529515210060000;0
234005;5;3;34;32;2021;1;11;2;2;0;1;1;0;0;0;0;0;0;304366,065196260286029;5624389,328997437842190;6,227337045000070;50,738295423000068;5210118608332580000;1
234006;5;1;66;16;2021;9;18;7;3;4;6;1;0;0;0;0;0;0;307279,187803274719045;5689490,148640453815460;6,233957391000047;51,324011065000036;5210904514117090000;0
234007;5;3;34;12;2021;2;11;6;3;0;6;1;0;0;0;1;0;0;305499,426938607008196;5636475,260938328690827;6,236982269000066;50,847236482000028;5210219608312630000;0
234008;5;1;54;52;2021;5;22;5;3;5;3;1;1;0;0;0;2;0;308658,821851706481539;5704060,981239566579461;6,245882673000040;51,455345152000064;5210520515210590000;0
234009;5;1;66;16;2021;3;13;3;3;0;7;1;0;1;0;0;0;0;308145,278914956608787;5683857,471027160063386;6,249400049000030;51,273713040000075;5210330514119070000;0
234010;5;1;54;52;2021;2;9;3;3;0;7;1;0;0;0;0;0;0;308909,734266642481089;5699919,339863969944417;6,251724598000067;51,418231882000043;5210223515210010000;0
234011;5;1;54;52;2021;4;14;3;3;0;7;1;0;0;0;0;0;0;309621,887282014766242;5701381,872314264997840;6,261168539000039;51,431607284000052;5210413515210070000;1
234012;5;1;54;24;2021;3;12;1;3;0;7;1;0;0;0;1;0;0;311518,056580316857435;5742946,333017544820905;6,266057994000050;51,805547497000077;5210314515110820000;1
234013;5;3;58;36;2021;2;16;3;3;0;7;1;0;0;0;0;0;0;309871,665242667950224;5648618,421199440024793;6,292695262000052;50,957767252000053;5210223609236380000;0
234014;5;3;58;36;2021;6;14;6;3;0;1;1;0;0;0;0;0;0;309977,313023698399775;5649556,453911545686424;6,293708005000042;50,966227994000064;5210625609236680000;0
234015;5;3;70;4;2021;6;17;7;3;6;7;1;0;1;0;0;0;0;311084,774992691760417;5662597,134305126965046;6,302667403000044;51,083730269000057;5210612610211310000;0
234016;5;3;34;12;2021;6;20;3;2;0;1;1;0;0;0;0;0;0;310519,382974240463227;5633667,852891106158495;6,309660452000060;50,823683824000057;5210601608312090000;0
234017;5;1;54;32;2021;11;14;1;2;8;6;1;1;0;0;0;0;0;313624,520566032908391;5718143,622212785296142;6,309825010000054;51,583488981000073;5211121515212690000;0
234018;5;1;54;12;2021;9;22;4;3;8;7;1;0;0;0;0;2;0;313723,554911369690672;5710021,281835885718465;6,315552498000045;51,510568788000057;5210908515210070000;0
234019;5;1;54;12;2021;1;10;6;2;0;1;1;0;0;0;0;0;0;313722,977221165550873;5709510,518235953524709;6,315813961000060;51,505981001000066;5210101515210010000;1
234020;5;1;66;8;2021;9;16;1;2;0;6;1;0;0;0;0;0;0;313683,900456426315941;5689574,552977262996137;6,325728138000045;51,326902971000038;5210905514213890000;0
234021;5;3;34;32;2021;6;13;1;3;0;7;1;0;0;0;0;0;0;311743,834239838761277;5626827,632715645246208;6,330530315000033;50,762637234000067;5210627608332770000;0
234022;5;1;16;0;2021;9;9;7;2;0;7;1;0;1;0;0;0;0;313740,925226844497956;5674563,747378888539970;6,334360797000045;51,192089630000055;5210925506100390000;0
234023;5;3;58;24;2021;6;12;7;3;8;1;1;0;0;0;0;0;0;312966,670856692944653;5646244,175171515904367;6,337934125000061;50,937452479000058;5210605609224780000;0
234024;5;3;58;24;2021;6;15;4;2;9;1;1;0;0;0;0;0;0;312948,364835477550514;5641823,962698655202985;6,339940187000025;50,897740129000056;5210609609224580000;0
234025;5;1;66;8;2021;9;13;1;2;7;1;1;0;0;0;0;0;0;315541,162689241755288;5690469,637271795421839;6,351892059000022;51,335548281000058;5210905514213590000;0
234026;5;1;54;56;2021;9;10;5;2;9;1;1;0;0;0;0;0;0;316958,146277323772665;5726203,833951690234244;6,353676896000024;51,656977937000079;5210916515211520000;0
234027;5;1;66;32;2021;7;10;7;2;0;6;1;1;0;0;0;0;0;315576,553239752247464;5682360,390323094092309;6,356589414000041;51,262718899000049;5210710514111580000;0
234028;5;1;66;8;2021;4;18;7;3;0;1;1;0;0;0;0;0;0;316330,022741963621229;5689257,775960613042116;6,363828806000072;51,324918134000029;5210424514214280000;0
234029;5;1;66;32;2021;3;10;6;3;5;3;1;1;0;0;0;0;0;316141,594089315040037;5682056,753573784604669;6,364835217000063;51,260173963000057;5210319514110870000;0
234030;5;1;66;8;2021;6;17;7;2;8;1;1;0;0;0;0;0;0;316663,104739041649736;5690871,978166602551937;6,367773344000057;51,339525140000035;5210626514213990000;0
234031;5;1;66;32;2021;5;12;1;2;0;1;1;0;0;0;0;0;0;316775,431832533795387;5682179,172500809654593;6,373846788000037;51,261477649000028;5210530514110890000;0
234032;5;1;66;8;2021;6;17;4;3;5;7;1;1;0;0;0;0;0;317865,474838360561989;5689649,209373018704355;6,385641995000071;51,328927932000056;5210609514214240000;0
234033;5;1;66;12;2021;6;17;4;2;3;1;1;0;0;0;0;0;0;318763,851221284538042;5697573,485167333856225;6,394484190000071;51,400395869000079;5210602514210190000;0
234034;5;1;54;28;2021;12;15;6;2;0;1;1;0;0;0;0;0;0;318927,232814175717067;5701594,962606361135840;6,394776289000049;51,436571191000041;5211217515210520000;1
234035;5;1;66;12;2021;6;17;7;3;0;1;1;0;0;0;0;0;0;319687,522871429566294;5698634,958402253687382;6,407209078000051;51,410225048000029;5210605514210680000;0
234036;5;3;66;36;2021;12;13;2;3;0;1;1;0;0;0;0;0;0;316467,412720594205894;5605692,609065801836550;6,407919234000076;50,574278329000038;5211227603236290000;1
234037;5;1;16;0;2021;9;16;6;3;0;1;1;0;0;0;0;0;0;318835,891713952296413;5667608,771087566390634;6,410698484000022;51,131250489000081;5210903506100590000;0
234038;5;3;58;44;2021;6;16;1;3;0;1;1;0;0;0;0;0;0;317128,361275984381791;5613762,649413830600679;6,413268639000023;50,646986396000045;5210606609144580000;0
234039;5;3;66;36;2021;6;10;4;3;0;1;1;0;0;0;0;0;0;317506,733805774652865;5609489,592237834818661;6,420717513000056;50,608716095000034;5210602603236810000;0
234040;5;1;66;28;2021;9;20;1;2;2;1;1;0;0;0;0;1;0;320357,903329530498013;5684188,528137232176960;6,424128391000067;51,280667744000027;5210905514216620000;0
234041;5;3;58;24;2021;1;7;4;3;0;7;1;0;0;0;0;2;0;318935,092753467091825;5642699,983492060564458;6,424549555000056;50,907517907000056;5210120609000560000;1
234042;5;1;16;0;2021;4;16;4;3;6;6;1;0;1;0;0;0;0;320613,379240990558174;5668999,068128478713334;6,435383669000032;51,144299362000027;5210428506100080000;0
234043;5;3;58;8;2021;1;11;2;3;0;7;1;0;0;0;0;0;0;319437,064367791113909;5633760,893786481581628;6,436093579000044;50,827369214000043;5210111609108970000;2
234044;5;1;66;28;2021;6;19;7;2;3;6;1;0;0;0;0;0;0;321753,888715318811592;5687709,013218691572547;6,442366008000022;51,312731002000078;5210612514215070000;0
234045;5;5;54;32;2021;12;7;4;3;5;3;1;1;0;0;0;1;0;324298,665355596167501;5745676,157216602936387;6,449851463000073;51,834229753000045;5211201705000290000;1
234046;5;1;70;4;2021;1;17;6;3;4;6;1;1;0;0;0;2;0;323832,324752913205884;5719215,370024157688022;6,456467471000053;51,596399322000082;5210108518301050000;1
234047;5;1;70;52;2021;11;6;2;3;8;1;1;0;0;0;0;2;0;324195,547962408338208;5728873,077436568215489;6,456855029000053;51,683264732000055;5211108518320540000;1