OID_;ULAND;UREGBEZ;UKREIS;UGEMEINDE;UJAHR;UMONAT;USTUNDE;UWOCHENTAG;UKATEGORIE;UART;UTYP1;IstRad;IstPKW;IstFuss;IstKrad;IstSonstige;ULICHTVERH;IstGkfz;LINREFX;LINREFY;XGCSWGS84;YGCSWGS84;UIDENTSTLAE;IstStrassenzustand
234048;5;3;58;44;2021;6;13;1;3;0;7;1;0;0;0;0;0;0;320805,389903880306520;5619235,206690989434719;6,462574775000064;50,697295320000080;5210627609144730000;0
234049;5;1;16;0;2021;1;4;6;3;2;6;1;1;0;0;0;2;0;322919,095436592877377;5673256,202003562822938;6,466217089000054;51,183260958000062;5210122506100670000;1
234050;5;5;54;32;2021;10;12;6;3;0;7;1;0;0;0;0;0;0;325960,816956986440346;5747767,693605125881732;6,472898259000033;51,853537206000055;5211008705000980000;0
234051;5;1;66;36;2021;12;13;5;3;0;7;1;0;0;0;0;0;0;323759,124221703154035;5682405,934554185718298;6,473725690000038;51,265716424000061;5211202514217690000;1
234052;5;3;62;4;2021;9;17;7;3;3;6;1;0;0;0;0;0;0;323050,973575389769394;5652771,605569880455732;6,478137080000067;50,999276244000043;5210925602200880000;1
234053;5;1;16;0;2021;3;12;1;3;0;7;1;0;1;0;0;0;0;323919,114462122553959;5673067,532867428846657;6,480603562000056;51,181874919000052;5210328506100320000;0
234054;5;3;58;8;2021;6;11;1;3;0;1;1;0;0;0;0;0;0;323004,876146970374975;5633979,204992495477200;6,486596819000056;50,830432258000030;5210613609108870000;0
234055;5;1;16;0;2021;5;17;1;3;0;6;1;0;1;0;0;0;0;324662,472854044521227;5678258,003409842029214;6,488692646000061;51,228732205000028;5210509506100580000;0
234056;5;1;70;12;2021;4;12;3;2;0;1;1;0;0;0;0;0;0;327519,417376406607218;5735576,981359418481588;6,501569653000047;51,744515567000064;5210413518110570000;0
234057;5;1;66;28;2021;1;15;6;3;0;7;1;0;0;0;0;0;0;326104,237758573086467;5690156,161307154223323;6,503530330000046;51,336060857000064;5210101514000980000;0
234058;5;1;70;20;2021;10;13;4;3;0;1;1;0;0;0;0;0;0;327203,185472336481325;5709575,799226698465645;6,509821993000060;51,510849837000080;5211013518300090000;1
234059;5;5;54;8;2021;6;13;4;3;4;2;1;1;0;0;0;0;0;328734,828064872242976;5748700,039709981530905;6,512674396000023;51,862770177000073;5210616705000080000;0
234060;5;1;66;36;2021;6;22;4;3;8;1;1;0;0;0;0;2;0;326585,148440080811270;5678659,565350267104805;6,516008313000043;51,232927102000076;5210602514219980000;0
234061;5;3;66;24;2021;11;9;7;2;0;1;1;0;0;0;0;0;0;324157,404066242859699;5601799,521038636565208;6,518254675000037;50,541665422000051;5211120603224110000;1
234062;5;1;62;20;2021;6;12;1;2;0;7;1;0;0;0;0;0;0;328636,082757802214473;5677810,796259462833405;6,545762659000047;51,225921388000074;5210620513120070000;1
234063;5;1;70;28;2021;5;18;7;3;3;6;1;0;0;1;0;0;0;329885,290164096571971;5703303,681243020109832;6,551456726000026;51,455317917000059;5210529518210340000;0
234064;5;3;62;4;2021;10;20;2;3;0;1;1;0;0;0;0;2;0;328721,295919787080493;5652495,259373182430863;6,559000629000025;50,998509182000078;5211025602200170000;1
234065;5;5;54;8;2021;6;16;3;2;0;2;1;0;0;0;0;0;0;332413,051074554561637;5747513,254962826147676;6,566617036000025;51,853226001000053;5210622705000070000;0
234066;5;1;70;28;2021;6;18;6;3;3;7;1;0;0;0;0;0;0;331012,442866029159632;5703344,741704653948545;6,567644995000023;51,456024327000080;5210625518210520000;0
234067;5;5;54;8;2021;9;3;7;2;0;1;1;0;0;0;0;2;0;332724,962931132700760;5747470,806395072489977;6,571162177000076;51,852938235000067;5210925705000390000;0
234068;5;3;62;16;2021;4;13;3;3;3;6;1;0;0;0;0;0;0;329561,409415524569340;5647755,303564458154142;6,573184165000043;50,956172705000029;5210420602250430000;0
234069;5;1;62;8;2021;11;12;7;3;0;1;1;0;0;0;0;0;0;330487,649897948431317;5662788,144881349988282;6,579332237000074;51,091507750000062;5211120513310370000;0
234070;5;1;14;0;2021;11;7;3;3;1;7;1;1;0;0;0;0;0;331566,950825040519703;5694214,514971896074712;6,579956126000070;51,374165279000067;5211102505200290000;1
234071;5;1;62;8;2021;6;7;1;3;7;7;1;0;1;0;0;0;0;330569,472000000067055;5662292,221999999135733;6,580732152000053;51,087076387000081;5210606513310490000;1
234072;5;3;66;12;2021;9;10;1;3;0;1;1;0;0;0;0;0;0;328743,504832445294596;5588349,696083113551140;6,589078022000024;50,422175469000081;5210919603212190000;0
234073;5;1;70;32;2021;6;17;4;2;3;6;1;0;0;0;0;0;0;333152,028432713705115;5715960,483698608353734;6,592441725000072;51,569995970000036;5210609518310090000;0
234074;5;1;14;0;2021;6;17;2;2;8;1;1;0;0;0;0;0;0;332392,502308566530701;5686804,914778335019946;6,595294230000036;51,307841453000037;5210614505100370000;0
234075;5;1;14;0;2021;5;19;1;3;9;1;1;0;0;0;0;0;0;333226,736110252677463;5692622,840422757901251;6,604528029000051;51,360355487000049;5210509505200370000;0
234076;5;5;54;8;2021;9;8;5;3;4;6;1;1;0;0;0;0;0;335404,286346777109429;5747985,683264395222068;6,609783991000029;51,858360012000048;5210930705000270000;0
234077;5;3;62;8;2021;6;15;5;3;0;1;1;0;0;0;0;0;0;332172,185460651002359;5648629,334887113422155;6,609920162000037;50,964791837000064;5210603602100960000;0
234078;5;3;58;60;2021;9;12;1;3;0;1;1;1;0;0;0;0;0;331713,233478780370206;5627822,672493912279606;6,612963143000059;50,777713078000033;5210912609160080000;0
234079;5;1;70;24;2021;6;16;1;3;0;1;1;0;0;0;0;0;0;334352,620016892615240;5705635,336124700494111;6,614603877000036;51,477590096000029;5210613518200990000;0
234080;5;5;54;8;2021;6;18;4;3;0;1;1;0;0;0;0;0;0;335678,368006567703560;5745509,512368986383080;6,614937056000031;51,836196360000031;5210602705000170000;0
234081;5;1;70;24;2021;6;23;4;3;7;7;1;0;0;0;1;2;0;334221,944127151044086;5699229,817937468178570;6,615724702000023;51,420004613000060;5210623518200640000;0
234082;5;3;58;60;2021;5;14;5;2;0;1;1;0;0;0;0;0;0;331884,817614734929521;5626410,478169430978596;6,616040092000048;50,765074189000075;5210513609160910000;0
234083;5;1;62;8;2021;6;15;3;3;6;7;1;0;1;0;0;0;0;333272,762239712290466;5665517,244644699618220;6,617806388000076;51,116843892000077;5210629513310780000;0
234084;5;1;62;16;2021;7;18;2;3;0;1;1;0;0;0;0;0;0;333784,838632542756386;5677641,295848145149648;6,619511328000044;51,225921012000072;5210712513110830000;0
234085;5;1;70;24;2021;6;11;6;3;5;3;1;0;0;0;0;0;0;335141,111222757841460;5701805,932832874357700;6,627733271000068;51,443416793000040;5210611518200090000;0
234086;5;1;62;24;2021;7;18;1;2;8;1;1;0;0;0;0;0;0;334223,606982970261015;5669869,596249759197235;6,629376809000064;51,156223855000064;5210711513210370000;0
234087;5;1;70;24;2021;4;18;4;3;4;1;1;1;0;0;0;0;0;335887,858000000007451;5708247,005999999120831;6,635477581000032;51,501500992000047;5210414518200970000;1
234088;5;1;70;24;2021;12;6;6;3;0;1;1;0;0;0;0;2;0;335704,685414441919420;5700837,475586674176157;6,636284889000024;51,434879765000062;5211231518200870000;1
234089;5;5;54;8;2021;1;8;7;3;0;7;1;0;1;0;0;0;0;337301,147320921067148;5743334,685214389115572;6,639491392000025;51,817133672000068;5210123705000870000;1
234090;5;1;62;24;2021;10;13;6;2;8;1;1;0;0;0;0;0;0;335200,698252291767858;5677611,123893001116812;6,639784231000021;51,226060455000038;5211008513210460000;0
234091;5;1;62;8;2021;9;3;4;2;2;6;1;1;0;0;0;2;0;334916,585678717819974;5667424,308839491568506;6,640398526000070;51,134454165000079;5210929513310680000;1
234092;5;1;62;22;2021;5;8;5;3;4;6;1;1;0;0;0;0;0;335479,667343835171778;5682280,618497559800744;6,641629978000026;51,268094005000080;5210527513130380000;1
234093;5;1;62;22;2021;5;15;1;3;3;6;1;0;0;0;0;0;0;335546,820771202968899;5682450,270923756062984;6,642513704000066;51,269637621000072;5210502513130880000;0
234094;5;1;70;12;2021;9;14;1;3;0;6;1;1;0;0;0;0;0;337327,941595325944945;5736811,780688284896314;6,642937731000075;51,758541915000080;5210919518110580000;0
234095;5;5;54;8;2021;5;13;7;3;0;7;1;0;1;0;0;0;0;338195,561178767064121;5744953,360129332169890;6,651699762000021;51,831934956000055;5210529705000470000;0
234096;5;1;62;24;2021;10;12;7;3;0;6;1;0;1;0;0;0;0;336280,481562564731576;5677366,888701559975743;6,655346250000036;51,224176815000078;5211009513210080000;1
234097;5;1;70;24;2021;12;15;2;3;0;7;1;0;0;0;1;0;0;337311,031176511314698;5698098,144865674898028;6,660632096000029;51,410732200000041;5211213518200880000;0
234098;5;1;70;44;2021;3;17;3;3;0;7;1;0;1;0;0;0;0;338206,898459609481506;5716838,057059643790126;6,664911362000055;51,579353289000039;5210323518120180000;0
234099;5;5;54;48;2021;10;14;1;3;0;6;1;0;0;0;0;0;0;339852,806669119745493;5748224,279004491865635;6,674215408000066;51,861797742000078;5211010705000770000;0
234100;5;5;54;48;2021;10;13;1;3;3;2;1;0;0;0;0;0;0;339850,021185282152146;5746488,709762257523835;6,674979099000041;51,846204986000032;5211010705000590000;0
234101;5;1;62;24;2021;9;16;3;3;0;1;1;0;0;0;0;0;0;337603,670648472383618;5670868,183792850002646;6,677218366000034;51,166165253000031;5210921513210360000;0
234102;5;5;54;48;2021;12;14;5;3;0;7;1;0;0;0;0;0;0;340328,125083174789324;5745935,803334979340434;6,682169215000044;51,841374695000070;5211223705000180000;2
234103;5;1;62;24;2021;3;18;6;2;0;1;1;0;0;0;0;0;0;338089,136149234604090;5673889,165425973013043;6,682794893000050;51,193445982000071;5210319513210380000;0
234104;5;1;62;22;2021;12;13;4;2;9;1;1;0;0;0;0;0;0;338527,371716687106527;5683287,251684218645096;6,684824932000026;51,278009914000052;5211215513130370000;1
234105;5;1;62;24;2021;9;12;5;3;3;6;1;0;0;0;0;0;0;338745,504819898633286;5669543,185481703840196;6,694129867000072;51,154583216000049;5210930513210390000;0
234106;5;1;62;24;2021;7;16;2;2;8;1;1;0;0;0;0;0;0;338945,749005192366894;5670486,597596895880997;6,696568502000048;51,163116148000029;5210712513210080000;0
234107;5;1;62;22;2021;3;16;3;3;0;2;1;1;0;0;0;0;0;339415,549063713406213;5681919,735564198344946;6,698162768000032;51,265974057000051;5210330513130980000;0
234108;5;1;62;22;2021;4;15;5;3;0;7;1;0;0;0;1;0;0;339465,147119778557681;5681984,631324008107185;6,698843963000058;51,266571104000036;5210401513130380000;0
234109;5;5;54;48;2021;1;12;1;3;0;1;1;0;0;0;0;0;0;341708,431730393669568;5747968,732138280756772;6,701257784000063;51,860031380000066;5210131705000870000;1
234110;5;1;62;24;2021;6;19;4;3;0;7;1;0;0;0;0;0;0;339465,215758841601200;5669792,012507352977991;6,704301552000061;51,157021285000042;5210609513210880000;0
234111;5;5;54;48;2021;11;16;5;2;0;1;1;0;0;0;0;2;0;341885,649975334294140;5745834,805513559840620;6,704805063000038;51,840910497000039;5211118705000470000;1
234112;5;1;12;0;2021;5;13;1;3;0;7;1;0;1;0;0;0;0;340560,851212107460015;5703271,969256252050400;6,704992580000066;51,458140062000041;5210530501222160000;0
234113;5;1;11;0;2021;6;10;1;3;0;7;1;0;0;0;1;0;0;340310,910289899271447;5682286,617351497523487;6,710822113000063;51,269521997000027;5210620500200450000;0
234114;5;1;11;0;2021;6;12;4;3;0;1;1;0;0;0;0;0;0;340589,660776904609520;5683130,522690264508128;6,714438290000032;51,277182452000034;5210609500200480000;0
234115;5;1;12;0;2021;2;14;3;2;0;1;1;0;0;0;0;0;0;340843,352979867660906;5689739,417607551440597;6,715124156000059;51,336633490000054;5210223501320160000;1
234116;5;3;66;28;2021;4;13;1;3;0;7;1;0;0;0;0;0;0;338487,461132228840142;5610285,193229536525905;6,716636818000040;50,622051089000081;5210418603228660000;1
234117;5;3;62;20;2021;9;15;3;3;0;7;1;0;0;0;0;0;0;339593,051061524427496;5634606,383969514630735;6,721672037000076;50,840902394000068;5210921602600050000;0
234118;5;3;66;44;2021;10;14;1;2;8;1;1;0;0;0;0;0;0;339232,620084813039284;5616251,178360914811492;6,724573200000066;50,675867058000051;5211024603144290000;0
234119;5;1;11;0;2021;7;14;7;2;0;7;1;0;1;0;0;0;0;341540,526954506174661;5689544,732276535592973;6,725211015000070;51,335078993000081;5210710500200160000;0
234120;5;1;11;0;2021;5;16;1;3;3;5;1;1;0;0;0;0;0;341570,224900955043267;5689575,428508571349084;6,725623333000044;51,335363070000028;5210530500200190000;0
234121;5;1;62;24;2021;6;13;3;2;0;1;1;0;0;0;0;0;0;341091,349619565648027;5673573,119644518941641;6,725864627000021;51,191448989000037;5210608513210750000;0
234122;5;5;54;48;2021;7;22;1;2;0;1;1;0;0;0;0;2;0;343135,672060680226423;5739258,619923992082477;6,725911937000035;51,782181579000053;5210711705000860000;0
234123;5;3;66;28;2021;5;19;4;2;0;1;1;0;0;0;0;0;0;339425,074544009694364;5607048,948502059094608;6,731280720000029;50,593228969000052;5210519603228610000;0
234124;5;1;11;0;2021;2;9;1;3;5;2;1;0;0;0;0;0;0;342305,872147514950484;5686127,217157149687409;6,737700564000022;51,304585443000065;5210228500200380000;0
234125;5;3;62;20;2021;10;19;6;2;0;7;1;0;0;0;0;1;0;341035,486875273287296;5633596,535865979269147;6,742580528000076;50,832226186000071;5211008602600070000;0
234126;5;1;11;0;2021;9;8;5;2;3;6;1;0;0;0;0;0;0;342923,346205958281644;5686469,307553991675377;6,746400941000047;51,307829875000039;5210909500200560000;0
234127;5;1;11;0;2021;12;15;2;3;0;7;1;0;0;0;0;0;0;343156,034768924408127;5676167,280538341030478;6,754254024000033;51,215328598000042;5211206500300260000;1
234128;5;1;62;24;2021;10;7;2;3;0;7;1;0;0;0;1;1;0;342872,571059706271626;5666432,094536375254393;6,754453191000039;51,127777011000035;5211004513210670000;1
234129;5;3;62;32;2021;9;18;5;3;4;6;1;0;0;0;0;0;0;342012,044773969566450;5635826,483844370581210;6,755475382000043;50,852531507000037;5210923602400190000;0
234130;5;1;11;0;2021;6;14;4;2;0;1;1;0;0;0;0;0;0;343326,219216806988697;5676258,762219477444887;6,756648813000027;51,216197305000037;5210602500300560000;0
234131;5;1;11;0;2021;10;8;6;2;0;1;1;0;0;0;0;0;0;343349,689635401940905;5676272,645002738572657;6,756978536000076;51,216328485000076;5211029500300670000;0
234132;5;1;11;0;2021;4;22;6;3;0;1;1;0;0;0;0;2;0;343364,413923003885429;5676432,044588171876967;6,757119570000043;51,217764772000066;5210423500300050000;0
234133;5;1;11;0;2021;10;12;1;3;0;7;1;0;1;0;0;0;0;343474,470195042493287;5679285,268331765197217;6,757447805000027;51,243431892000046;5211031500100590000;0
234134;5;1;11;0;2021;9;12;6;3;6;4;1;0;1;0;0;0;0;343837,720610589836724;5687285,802430503070354;6,759151287000066;51,315417810000042;5210910500200170000;0
234135;5;1;11;0;2021;3;12;3;3;0;7;1;0;0;0;0;0;0;344066,261459006345831;5676578,669483868405223;6,767097428000056;51,219274352000070;5210302500100970000;0
234136;5;1;11;0;2021;3;14;6;2;6;6;1;0;1;0;0;0;0;344276,727407621918246;5678938,178541787900031;6,769083371000022;51,240532750000057;5210326500200260000;0
234137;5;1;11;0;2021;9;7;2;2;0;7;1;0;0;0;0;0;0;344290,111515059776139;5677180,406071349978447;6,770038897000063;51,224742253000045;5210913500100900000;0
234138;5;3;62;36;2021;6;15;2;3;0;7;1;0;0;0;0;0;0;343687,780588748981245;5654474,957405537366867;6,771263683000029;51,020558480000034;5210621602300860000;0
234139;5;3;66;16;2021;6;10;7;2;0;1;1;0;0;0;0;0;0;342632,759720967442263;5613837,616812350228429;6,773684377000052;50,655107490000034;5210612603116720000;0
234140;5;3;66;16;2021;6;10;7;3;0;6;1;0;0;0;0;0;0;342638,796029226854444;5613815,962803347036242;6,773778908000054;50,654914533000067;5210605603116380000;1
234141;5;1;11;0;2021;7;12;7;2;0;7;1;0;0;0;0;0;0;344507,634568844281603;5673019,895763208158314;6,774954491000074;51,187417742000036;5210710500300040000;0
234142;5;5;54;12;2021;10;14;2;2;5;3;1;0;0;0;0;0;1;347184,131705084058922;5750326,731202525086701;6,779667880000034;51,882742912000026;5211018705000760000;0
234143;5;1;70;16;2021;9;12;4;3;0;1;1;0;0;0;0;0;0;346364,207505252445117;5722760,864988033659756;6,779949450000061;51,634851060000074;5210908518410980000;0
234144;5;1;70;16;2021;9;17;1;2;4;6;1;0;0;0;0;0;0;347119,676077111391351;5722316,816758397035301;6,791051176000053;51,631067173000076;5210905518410540000;0
234145;5;1;62;4;2021;10;6;2;3;0;7;1;0;0;0;0;2;0;345536,100581402657554;5665539,744291006587446;6,792870160000064;51,120483140000033;5211025513320590000;0
234146;5;1;62;24;2021;3;12;5;2;0;7;1;0;0;0;0;0;0;345795,188242450589314;5671147,274481298401952;6,794167789000028;51,170940020000046;5210325513000170000;0
234147;5;1;11;0;2021;11;16;1;3;6;7;1;0;1;0;0;0;0;346404,673049723263830;5689705,666889924556017;6,794913191000035;51,337859820000062;5211114500200860000;0
234148;5;1;12;0;2021;4;18;5;2;0;1;1;0;0;0;0;0;0;346816,544928786228411;5699013,709543805569410;6,796808022000050;51,421606231000055;5210415501315100000;0
234149;5;5;54;12;2021;6;15;3;3;0;2;1;0;0;0;0;0;0;348484,776160547626205;5743263,792209777049720;6,801645916000041;51,819640491000030;5210615705000690000;0
234150;5;1;62;4;2021;2;14;5;3;4;3;1;0;0;0;0;0;0;346269,079117710236460;5667162,763887242414057;6,802643153000076;51,135264222000046;5210218513320870000;0
234151;5;1;62;4;2021;9;17;3;3;5;3;1;1;0;0;0;0;0;346325,909926127642393;5661269,038420602679253;6,805964926000058;51,082320078000066;5210914513320490000;0
234152;5;1;19;0;2021;4;18;6;3;0;1;1;0;0;0;0;0;0;348022,660526560503058;5711413,991545223630965;6,808806862000040;51,533349862000080;5210423508000140000;0
234153;5;1;11;0;2021;6;15;7;3;0;6;1;0;0;0;0;0;0;347008,462414148147218;5673247,006757440976799;6,810615554000037;51,190133329000048;5210619500300970000;0
234154;5;1;11;0;2021;6;8;3;3;4;6;1;0;0;0;1;0;0;347261,058712068479508;5679747,213388982228935;6,811458460000040;51,248609167000041;5210629500200990000;0
234155;5;3;62;36;2021;5;12;6;3;0;7;1;0;0;0;0;0;0;346693,424300087150186;5652707,016706520691514;6,814832222000064;51,005481140000029;5210514602300980000;0
234156;5;3;66;40;2021;5;15;1;3;0;7;1;0;0;0;0;0;0;345824,441628432949074;5618717,444911320693791;6,816768234000051;50,699813484000060;5210530603140280000;0
234157;5;1;70;36;2021;4;18;5;2;0;7;1;0;0;0;0;0;0;349131,469958969799336;5729244,968761001713574;6,817105914000024;51,693859359000044;5210429518401680000;1
234158;5;1;58;28;2021;11;15;4;3;4;5;1;0;0;0;0;0;0;348124,975114786066115;5684683,256585006602108;6,821730566000042;51,293193098000074;5211110516300890000;0
234159;5;3;62;36;2021;10;17;1;2;0;7;1;0;0;0;0;0;0;347199,024390158127062;5650263,156028160825372;6,823061434000067;50,983655100000078;5211010602300160000;0
234160;5;1;11;0;2021;4;13;7;3;7;1;1;0;0;0;0;0;0;348202,039405358897056;5680606,993004105985165;6,824566279000067;51,256586043000027;5210417500200470000;0
234161;5;1;11;0;2021;6;15;6;2;6;4;1;0;1;0;0;0;0;348210,901250168215483;5680517,594675268977880;6,824731109000027;51,255785103000051;5210618500200090000;0
234162;5;1;58;28;2021;10;15;6;2;0;7;1;0;1;0;0;0;0;348650,333163354371209;5688784,919101778417826;6,827519108000047;51,330188682000028;5211008516300770000;0
234163;5;5;54;40;2021;9;16;1;3;0;6;1;1;0;0;0;0;0;350176,810359336435795;5739560,553768567740917;6,827777143000048;51,786823852000055;5210905705000260000;0
234164;5;1;11;0;2021;6;15;3;3;0;1;1;0;0;0;0;0;0;348685,499222100945190;5675095,384016599506140;6,833817163000049;51,207188871000028;5210608500300180000;0
234165;5;3;66;40;2021;3;10;2;2;0;7;1;0;1;0;0;0;0;347095,478456291602924;5619939,731971939094365;6,834247040000037;50,711133177000079;5210315603140090000;1
234166;5;3;62;20;2021;6;18;7;3;1;6;1;1;0;0;0;0;0;347544,406415856617969;5631054,087668902240694;6,835997071000065;50,811129839000046;5210612602600710000;0
234167;5;1;70;36;2021;12;12;3;3;4;7;1;0;0;0;1;0;0;350415,315418805344962;5728229,330624807626009;6,836102694000033;51,685077398000033;5211207518401280000;1
234168;5;1;62;4;2021;2;11;3;3;0;1;1;0;0;0;0;0;0;348591,924328554538079;5665974,764758253470063;6,836318353000024;51,125207885000066;5210216513320060000;2
234169;5;1;58;28;2021;9;16;5;3;1;5;1;1;0;0;0;0;0;349502,183910082792863;5686217,820804199203849;6,840820958000052;51,307347800000059;5210902516310030000;0
234170;5;1;11;0;2021;6;17;6;3;0;6;1;0;1;0;0;0;0;349145,162999217107426;5670288,150695621035993;6,842411279000032;51,164113498000063;5210604500300590000;0
234171;5;5;54;12;2021;7;15;5;3;7;6;1;1;0;0;0;0;0;351466,624251967528835;5747921,859155893325806;6,842876395000076;51,862292908000029;5210701705000990000;1
234172;5;3;62;28;2021;5;15;5;3;8;1;1;0;0;0;0;0;0;348455,336990641779266;5638790,723684201948345;6,845716377000031;50,880893263000075;5210520602700410000;1
234173;5;1;11;0;2021;1;15;1;2;0;7;1;0;0;0;0;0;0;349715,770882836193778;5681355,565527459606528;6,845928709000020;51,263713508000080;5210110500200470000;0
234174;5;1;11;0;2021;5;13;1;3;1;5;1;1;0;0;0;0;0;350036,143197781289928;5677233,853014890104532;6,852243732000034;51,226761028000055;5210509500200820000;0
234175;5;1;62;4;2021;9;16;1;3;0;1;1;0;0;0;0;0;0;349720,634215089550707;5665938,118803957477212;6,852451159000054;51,125175800000079;5210905513320080000;0
234176;5;5;54;12;2021;12;7;2;3;4;1;1;0;0;0;0;2;0;352385,454654307221062;5747359,530014680698514;6,856450520000067;51,857484272000079;5211213705000390000;1
234177;5;3;62;28;2021;11;14;1;3;0;1;1;0;0;0;0;0;0;349327,506051639793441;5640168,299877564422786;6,857537402000048;50,893500772000039;5211114602700960000;1
234178;5;3;62;12;2021;6;15;5;3;0;1;1;0;0;0;0;0;0;349636,598031139059458;5634446,495277816429734;6,864281025000025;50,842162642000062;5210617602800380000;0
234179;5;1;58;26;2021;6;13;6;2;8;1;1;0;0;0;0;0;0;350423,614328361582011;5660536,883819013834000;6,864727551000044;51,076823820000072;5210604516900970000;0
234180;5;1;11;0;2021;3;15;4;3;5;3;1;0;0;0;0;0;0;350820,817237206618302;5670683,192675438709557;6,866195408000067;51,168102775000079;5210303500300990000;0
234181;5;3;15;0;2021;5;15;1;3;0;7;1;0;1;0;0;0;0;350133,235133489244618;5645965,037762876600027;6,866604056000028;50,945802160000028;5210530601300990000;0
234182;5;5;54;12;2021;9;2;1;2;0;1;1;0;0;0;0;2;0;353496,399189325748011;5749445,349607448093593;6,871686042000022;51,876518003000058;5210919705000690000;0
234183;5;1;19;0;2021;11;16;7;3;5;3;1;1;0;0;0;0;0;352389,917385192296933;5706851,879962040111423;6,873636368000064;51,493515702000082;5211106508000340000;0
234184;5;3;62;28;2021;6;14;6;3;3;6;1;0;0;0;0;0;0;350504,906355921528302;5641114,957856640219688;6,873879366000040;50,902313830000026;5210611602700780000;0
234185;5;3;15;0;2021;9;20;7;3;0;1;1;0;0;0;0;2;0;350780,790603443747386;5648508,179040222428739;6,874772746000076;50,968823760000078;5210911601300170000;0
234186;5;1;58;26;2021;3;18;4;3;0;7;1;0;1;0;0;0;0;351263,585577053483576;5662303,504958898760378;6,875982456000031;51,092917343000067;5210331516910120000;0
234187;5;3;15;0;2021;5;21;5;2;0;7;1;0;0;0;0;1;0;350758,923398944316432;5644199,366642739623785;6,876227557000050;50,930097427000078;5210513601300780000;0
234188;5;1;17;0;2021;3;19;4;3;6;1;1;0;1;0;0;2;0;352339,156141630257480;5698286,800650864839554;6,876481187000024;51,416540023000039;5210317502401060000;0
234189;5;1;11;0;2021;7;10;6;3;0;7;1;0;0;0;1;0;0;351661,893934645515401;5673667,519543028436601;6,876984971000070;51,195138814000074;5210709500300100000;0
234190;5;1;11;0;2021;6;18;2;3;5;3;1;1;0;0;0;0;0;351592,485999999567866;5670005,688999999314547;6,877504498000064;51,162215423000077;5210607500300270000;0
234191;5;1;11;0;2021;9;19;3;3;5;3;1;1;0;0;0;0;0;351832,940009129059035;5671302,744741847738624;6,880406471000072;51,173933199000032;5210907500300570000;0
234192;5;3;15;0;2021;2;17;7;3;7;7;1;0;1;0;0;0;0;351178,699250183301046;5643967,027154678478837;6,882291651000060;50,928117974000031;5210227601210780000;1
234193;5;5;54;12;2021;5;15;4;3;8;7;1;0;0;0;0;0;0;354197,013954931695480;5745604,158503441140056;6,883477419000030;51,842188385000043;5210519705000690000;1
234194;5;1;17;0;2021;5;15;1;3;0;1;1;0;0;0;0;0;0;352874,016111850854941;5697839,592760913074017;6,884352972000045;51,412660589000041;5210509502402570000;0
234195;5;3;62;28;2021;5;23;7;3;4;6;1;0;0;0;0;2;0;351368,093365214299411;5641361,627951718866825;6,886046239000052;50,904753383000070;5210529602700480000;0
234196;5;1;17;0;2021;1;16;1;3;6;6;1;0;1;0;0;0;0;353109,087547722330783;5699859,057651983574033;6,886893758000042;51,430867901000056;5210110502401870000;0
234197;5;3;15;0;2021;6;12;5;3;7;7;1;0;0;0;0;0;0;351994,519881514657754;5658900,510146055370569;6,887806275000059;51,062526248000040;5210610601420060000;0
234198;5;1;17;0;2021;6;11;7;3;4;7;1;0;0;0;1;0;0;353375,469597937946673;5699863,624974176287651;6,890721126000074;51,430977932000076;5210619502401380000;0
234199;5;1;58;28;2021;2;13;5;3;4;2;1;1;0;0;0;0;0;352910,427593846339732;5682374,493076601065695;6,891265908000037;51,273702881000077;5210204516300980000;1
234200;5;3;15;0;2021;3;17;4;2;5;3;1;0;0;0;1;0;0;351962,437754931335803;5644045,694636343047023;6,893404126000064;50,929026580000027;5210331601200380000;0
234201;5;3;15;0;2021;1;11;6;2;0;1;1;0;0;0;0;0;0;352312,530391156557016;5655911,909458520822227;6,893560422000064;51,035751567000034;5210101601400960000;1
234202;5;3;62;12;2021;1;10;7;3;6;6;1;0;1;0;0;0;0;351691,690141434082761;5633131,611871954053640;6,893981875000065;50,830876617000058;5210102602800040000;1
234203;5;1;11;0;2021;10;11;5;2;0;1;1;0;0;0;0;0;0;352742,434738494863268;5668557,934496285393834;6,894531340000071;51,149502796000036;5211014500300860000;1
234204;5;3;15;0;2021;12;17;3;2;0;7;1;0;1;0;0;2;0;352115,261927908053622;5643846,254654073156416;6,895658167000022;50,927273505000073;5211207601200580000;1
234205;5;3;15;0;2021;6;20;4;3;0;1;1;0;0;0;0;0;0;352605,013845778652467;5655445,916045264340937;6,897918592000053;51,031639061000078;5210602601400570000;0
234206;5;3;62;12;2021;9;13;2;3;0;6;1;0;1;0;0;0;0;352060,373753255465999;5633107,398729602806270;6,899223291000055;50,830753364000032;5210906602800480000;0
234207;5;3;15;0;2021;11;13;2;3;0;7;1;0;1;0;0;0;0;352391,282238441461232;5644017,529480664059520;6,899513657000057;50,928883370000051;5211101601200590000;1
234208;5;3;15;0;2021;10;17;4;3;5;3;1;0;0;0;0;1;0;352443,764375892118551;5644037,575390383601189;6,900251834000073;50,929076941000062;5211006601200380000;1
234209;5;5;54;60;2021;4;16;4;2;2;6;1;0;0;0;0;0;0;356143,214797512686346;5757766,618785811588168;6,906634018000034;51,951974382000060;5210428705000980000;0