OID_;ULAND;UREGBEZ;UKREIS;UGEMEINDE;UJAHR;UMONAT;USTUNDE;UWOCHENTAG;UKATEGORIE;UART;UTYP1;IstRad;IstPKW;IstFuss;IstKrad;IstSonstige;ULICHTVERH;IstGkfz;LINREFX;LINREFY;XGCSWGS84;YGCSWGS84;UIDENTSTLAE;IstStrassenzustand
234210;5;3;82;48;2021;9;19;3;3;0;3;1;0;0;0;1;0;0;352201,613001609628554;5611986,759819118306041;6,909696780000047;50,640980485000057;5210921600330580000;0
234211;5;1;58;28;2021;5;13;1;3;0;1;1;0;0;0;0;0;0;354424,339965397608466;5686736,516899060457945;6,911175776000050;51,313289109000038;5210530516300970000;0
234212;5;5;54;56;2021;10;17;1;3;0;1;1;0;0;0;0;0;0;356613,154733506555203;5760734,186879610642791;6,912228511000023;51,978759446000026;5211010705000090000;0
234213;5;3;15;0;2021;4;15;6;3;0;1;1;0;0;0;0;0;0;353762,022438430634793;5657747,710719088092446;6,913478229000020;51,052619621000076;5210402601400370000;0
234214;5;5;62;12;2021;6;22;6;2;0;1;1;0;0;0;0;0;0;355773,625008389353752;5725524,369835334829986;6,914676761000067;51,662173795000058;5210625701610280000;0
234215;5;3;16;0;2021;9;10;3;3;8;1;1;0;0;0;0;0;0;354102,369606604683213;5658292,340704763308167;6,918111318000058;51,057600486000069;5210928601700140000;0
234216;5;1;17;0;2021;7;10;1;3;6;3;1;0;1;0;0;0;0;355101,368840727373026;5692770,510042686946690;6,918427819000044;51,367683623000062;5210704502407170000;0
234217;5;3;15;0;2021;9;18;4;3;3;6;1;0;0;0;0;0;0;354250,144641250022687;5647810,606593880802393;6,924428782000064;50,963443218000066;5210922601400680000;0
234218;5;5;54;28;2021;6;14;2;3;0;7;1;0;0;0;0;0;0;357028,039513676601928;5743606,800146520137787;6,925369308000029;51,824973526000065;5210614705000070000;0
234219;5;3;15;0;2021;9;16;2;3;0;7;1;0;0;0;0;0;0;354286,708899881690741;5644681,802340845577419;6,926201188000050;50,935334906000037;5210906601200290000;0
234220;5;3;15;0;2021;6;15;6;3;4;6;1;0;0;0;0;0;0;354437,844319580530282;5644961,422362126410007;6,928238951000026;50,937885939000068;5210611601300590000;0
234221;5;3;15;0;2021;4;8;3;3;4;3;1;0;0;0;0;0;0;354437,195584053173661;5644193,976385676302016;6,928536259000055;50,930988954000043;5210427601200670000;0
234222;5;3;15;0;2021;10;8;3;3;1;5;1;1;0;0;0;0;0;354601,457509119762108;5647891,925580002367496;6,929395705000047;50,964262773000030;5211026601400090000;0
234223;5;3;15;0;2021;11;16;5;3;0;1;1;0;0;0;0;0;0;354498,830322730646003;5643970,836804926395416;6,929501819000052;50,928999209000040;5211111601200890000;0
234224;5;5;62;12;2021;10;16;3;2;0;1;1;0;0;0;0;0;0;357175,215242816542741;5735494,110676910728216;6,930842955000060;51,752115360000062;5211012701620490000;1
234225;5;3;15;0;2021;1;15;4;3;0;1;1;0;0;0;0;0;0;354726,913520268630236;5646772,933761237189174;6,931627757000058;50,954238381000039;5210120601300980000;0
234226;5;1;58;16;2021;6;18;6;3;5;3;1;0;0;0;0;0;0;355406,368745168088935;5668394,120408514514565;6,932658890000027;51,148709899000039;5210618516500680000;0
234227;5;5;54;4;2021;10;14;5;3;8;1;1;0;0;0;0;0;0;358429,893021747702733;5772475,820897458121181;6,933803197000032;52,084724691000076;5211028705000890000;0
234228;5;3;15;0;2021;6;12;2;3;0;7;1;0;1;0;0;0;0;354812,605180765560362;5643534,863953974097967;6,934137381000028;50,925160287000040;5210628601200450000;1
234229;5;3;15;0;2021;9;15;2;3;0;1;1;0;0;0;0;0;0;354884,816810092655942;5643414,836226757615805;6,935211929000047;50,924099792000050;5210920601210690000;0
234230;5;3;16;0;2021;6;18;1;3;0;3;1;1;0;0;0;0;0;355374,948009181069210;5660019,534967615269125;6,935567136000031;51,073443947000044;5210627601700960000;0
234231;5;3;82;12;2021;9;11;5;2;5;3;1;0;0;0;0;0;0;354985,294288112083450;5628792,812413091771305;6,942433821000066;50,792718405000073;5210902600360280000;0
234232;5;3;15;0;2021;12;14;5;3;5;3;1;0;0;0;0;0;0;355581,584411246469244;5648058,962477156892419;6,943277622000039;50,966010420000032;5211202601400990000;0
234233;5;3;62;40;2021;2;14;1;2;6;6;1;0;1;0;0;0;0;355225,015488426433876;5632399,031563565135002;6,944410407000021;50,825187447000076;5210221602900380000;0
234234;5;3;16;0;2021;6;10;7;3;0;6;1;0;0;0;0;0;0;356236,169405018794350;5656861,952306386083364;6,949106623000034;51,045284281000079;5210612601700290000;0
234235;5;3;16;0;2021;6;10;5;3;0;7;1;0;1;0;0;0;0;356235,591729641659185;5656864,307802981697023;6,949097452000046;51,045305305000056;5210624601700190000;0
234236;5;3;16;0;2021;6;17;4;3;5;3;1;0;0;0;0;0;0;356292,837506964919157;5656918,815683441236615;6,949891914000034;51,045809473000077;5210602601700690000;0
234237;5;1;58;24;2021;5;16;2;3;0;7;1;0;0;0;0;0;0;357202,878669973637443;5680932,337680432945490;6,953337383000076;51,261835044000065;5210531516400090000;0
234238;5;1;58;24;2021;3;12;1;2;0;1;1;0;0;0;0;0;0;357194,950340010109358;5676625,435453655198216;6,954941527000074;51,223129567000058;5210307516400110000;0
234239;5;3;82;12;2021;2;12;1;2;3;1;1;0;0;0;0;0;0;355818,257192737655714;5626632,442423108965158;6,955091775000028;50,773510739000073;5210221600360660000;0
234240;5;1;13;0;2021;3;14;3;3;6;6;1;0;1;0;0;0;0;358036,901350637897849;5703465,309958084486425;6,956287013000065;51,464530013000058;5210302502322080000;0
234241;5;5;62;12;2021;11;13;5;3;6;4;1;0;1;0;0;0;0;358835,464935015072115;5727051,787804123014212;6,958299152000052;51,676676228000076;5211118701610090000;1
234242;5;3;82;12;2021;5;13;2;3;5;3;1;1;0;0;0;0;0;356141,005896095070057;5628372,575242900289595;6,958985219000056;50,789229676000048;5210517600360490000;0
234243;5;3;15;0;2021;10;13;1;3;0;7;1;0;1;0;0;0;0;356886,173866550845560;5648491,516254038549960;6,961673997000048;50,970223290000035;5211003601400790000;0
234244;5;3;15;0;2021;3;13;4;2;4;6;1;0;0;0;0;0;0;356821,818420545314439;5645214,965291993692517;6,962046863000069;50,940761353000028;5210331601100570000;0
234245;5;3;15;0;2021;7;17;5;3;4;6;1;0;0;0;0;0;0;356877,746700747637078;5645263,522247981280088;6,962823314000048;50,941211614000053;5210708601000590000;1
234246;5;3;15;0;2021;4;9;7;3;0;1;1;0;0;0;0;0;0;356881,209454913798254;5645317,327129640616477;6,962851431000047;50,941696013000069;5210410601110170000;1
234247;5;3;15;0;2021;6;15;2;3;6;6;1;0;1;0;0;0;0;356874,276332238514442;5645175,007596233859658;6,962808726000048;50,940415281000071;5210614601110490000;0
234248;5;3;15;0;2021;4;7;3;3;6;4;1;0;1;0;0;0;0;356874,499062020622659;5645134,612156007438898;6,962827765000043;50,940052307000030;5210413601100950000;0
234249;5;3;82;12;2021;11;19;4;3;0;7;1;0;0;0;0;2;0;356411,837466718163341;5628247,975774339400232;6,962873763000061;50,788177031000032;5211124600360190000;0
234250;5;3;15;0;2021;9;9;4;3;6;4;1;0;1;0;0;0;0;356874,391538116149604;5645148,887404315173626;6,962820626000052;50,940180570000052;5210922601100490000;0
234251;5;3;15;0;2021;6;17;2;3;4;6;1;0;0;0;1;0;0;356874,306790259783156;5645162,575101131573319;6,962814044000027;50,940303559000029;5210628601100070000;0
234252;5;3;15;0;2021;5;13;6;3;4;6;1;0;0;0;0;0;0;356878,900042625726201;5645015,536667076870799;6,962937140000065;50,938983279000070;5210528601110290000;0
234253;5;5;54;64;2021;6;18;5;3;0;1;1;0;0;0;0;0;0;360034,412577349168714;5754780,418031156994402;6,964433751000058;51,926135068000065;5210610705000090000;0
234254;5;3;15;0;2021;12;13;6;2;0;7;1;0;0;0;0;0;0;357163,895146937924437;5646194,224738800898194;6,966528543000038;50,949646718000054;5211231601100780000;0
234255;5;3;15;0;2021;11;13;6;3;2;6;1;0;0;0;0;0;0;357176,843740194279235;5645294,954356692731380;6,967065416000025;50,941568258000075;5211112601500910000;0
234256;5;3;15;0;2021;10;17;6;3;5;3;1;0;0;0;1;0;0;357302,955318149703089;5645401,793568277731538;6,968817420000050;50,942559640000070;5211008601500890000;0
234257;5;3;62;40;2021;10;8;5;3;0;7;1;0;1;0;0;0;0;356993,583242697292008;5629803,957042260095477;6,970515860000035;50,802304699000047;5211014602900670000;1
234258;5;3;15;0;2021;12;19;4;3;5;3;1;1;0;0;0;2;0;357581,607367563992739;5647032,209137613885105;6,972143436000067;50,957280988000036;5211201601400490000;1
234259;5;3;15;0;2021;7;13;6;3;0;4;1;0;1;0;0;0;0;357542,224113523494452;5645162,854833866469562;6,972314385000061;50,940471477000074;5210702601500470000;0
234260;5;5;62;12;2021;6;16;6;2;0;1;1;0;0;0;0;0;0;359868,121766922995448;5725914,275172827765346;6,973680969000043;51,666713300000026;5210604701610140000;0
234261;5;1;13;0;2021;10;13;1;2;0;7;1;0;0;0;0;0;0;359012,566322519967798;5692357,320101896300912;6,974740590000067;51,364955011000063;5211024502249570000;0
234262;5;3;15;0;2021;3;19;3;2;3;6;1;0;0;0;0;0;0;357812,543365321704186;5641481,567973573692143;6,977594877000058;50,907454451000035;5210330601200770000;0
234263;5;3;16;0;2021;9;16;2;2;0;7;1;0;1;0;0;0;0;358300,088267864426598;5656359,443122360855341;6,978726746000063;51,041281123000033;5210920601700870000;0
234264;5;3;15;0;2021;10;14;1;3;6;7;1;0;1;0;0;0;0;358101,921259680879302;5646263,418640766292810;6,979846785000063;50,950500244000068;5211024601500270000;0
234265;5;5;54;64;2021;7;14;4;3;0;7;1;0;0;0;0;0;0;361102,699564904265571;5750089,840111340396106;6,981850260000044;51,884255355000050;5210707705000990000;0
234266;5;1;58;20;2021;6;20;6;3;6;2;1;0;1;0;0;0;0;358786,619931958965026;5664235,510144959203899;6,982585430000029;51,112181632000045;5210618516800290000;0
234267;5;3;82;4;2021;3;14;4;2;0;1;1;0;0;0;0;0;0;357743,182534466963261;5622392,881822330877185;6,984012606000022;50,735883828000055;5210303600370760000;0
234268;5;1;58;4;2021;11;10;7;2;0;1;1;0;0;0;0;0;0;359209,606093287351541;5674891,381499601528049;6,984454165000045;51,208046766000052;5211120516600570000;1
234269;5;3;62;40;2021;3;11;5;3;0;1;1;0;0;0;0;0;0;358067,340559971693438;5632410,610174885950983;6,984735791000048;50,825995287000069;5210304602900220000;1
234270;5;3;16;0;2021;5;9;3;3;0;1;1;0;0;0;0;0;0;358986,562119661597535;5656929,850470250472426;6,988290351000046;51,046576204000075;5210525601700690000;1
234271;5;3;15;0;2021;10;19;2;3;0;7;1;0;0;0;0;2;0;358744,655745741736609;5647543,203995054587722;6,988494453000044;50,962159574000054;5211025601400390000;1
234272;5;5;54;4;2021;12;8;5;3;0;7;1;0;0;0;0;1;0;362139,153027441992890;5769178,209776111878455;6,989234687000021;52,056030826000040;5211209705000590000;2
234273;5;3;15;0;2021;9;20;5;3;0;1;1;0;0;0;0;2;0;358757,889608403318562;5640830,253788273781538;6,991284159000031;50,901833088000046;5210930601600080000;0
234274;5;3;15;0;2021;6;18;4;3;0;3;1;0;0;0;0;0;0;358794,003169012896251;5640236,713234115391970;6,992026940000073;50,896507696000072;5210609601200220000;0
234275;5;5;54;16;2021;3;19;4;3;5;2;1;1;0;0;0;0;0;362097,565735297859646;5756478,371399571187794;6,993738267000026;51,941906977000031;5210331705000920000;0
234276;5;3;16;0;2021;9;17;2;2;3;6;1;0;0;0;0;0;0;359506,261919903045055;5655781,455409128218889;6,996145010000021;51,036383000000058;5210913601700260000;0
234277;5;3;16;0;2021;10;8;2;2;4;6;1;0;0;0;0;0;0;359508,007006968022324;5655631,032165270298719;6,996228210000027;51,035031582000045;5211004601700480000;1
234278;5;5;54;20;2021;10;15;6;3;0;1;1;1;0;0;0;0;0;363151,803246016730554;5781767,685453770682216;6,998934844000075;52,169402186000070;5211015705000120000;0
234279;5;3;15;0;2021;11;16;3;3;0;7;1;0;1;0;0;1;0;359554,608865682093892;5649209,391714568249881;6,999377397000046;50,977331712000080;5211102601500710000;1
234280;5;1;58;12;2021;9;18;4;2;8;1;1;0;0;0;0;0;0;360768,489005295676179;5688585,405730901286006;7,001423152000029;51,331491927000059;5210915516210530000;1
234281;5;1;13;0;2021;5;3;1;3;0;6;1;0;1;0;0;2;0;361079,007180429354776;5699689,689017608761787;7,001534737000043;51,431355933000077;5210530502210970000;0
234282;5;3;15;0;2021;7;14;3;2;7;1;1;0;0;0;0;0;0;359487,715433813515119;5634744,023975197225809;7,003995495000026;50,847312836000071;5210706601620560000;0
234283;5;3;16;0;2021;3;14;1;2;6;4;1;0;1;0;0;0;0;360336,535511240654159;5656011,439238219521940;7,007890817000032;51,038652259000060;5210321601700490000;0
234284;5;1;13;0;2021;9;18;1;3;0;3;1;0;0;0;0;0;0;361623,216579948028084;5703021,921514865942299;7,008055471000034;51,461433786000043;5210912502104750000;0
234285;5;1;58;8;2021;2;18;7;3;0;7;1;0;1;0;0;1;0;360881,933648461825214;5674383,418386158533394;7,008576440000070;51,203891619000046;5210220516700280000;0
234286;5;3;82;12;2021;1;18;4;3;6;6;1;0;1;0;0;2;0;359654,834326160314959;5624331,855250010266900;7,010347271000057;50,753775382000072;5210120600360930000;0
234287;5;1;13;0;2021;6;7;4;2;0;7;1;0;0;0;0;0;0;361641,365000000223517;5696059,485999999567866;7,011036091000051;51,398870955000064;5210609502229980000;0
234288;5;5;54;4;2021;6;6;5;3;9;1;1;0;0;0;0;0;0;363810,093707734427880;5774383,215890653431416;7,011512220000043;52,103213185000072;5210617705000880000;0
234289;5;5;62;12;2021;3;16;2;2;0;1;1;0;0;0;0;0;0;362551,293602352845483;5726708,153733116574585;7,012142105000066;51,674509881000063;5210301701610780000;0
234290;5;3;15;0;2021;9;17;7;3;0;1;1;0;0;0;0;0;0;360724,715790143061895;5640165,062791489064693;7,019491670000036;50,896332614000073;5210911601000580000;0
234291;5;3;82;32;2021;6;7;6;2;0;7;1;0;0;0;0;0;0;359900,050865297787823;5609109,663391572423279;7,019591058000060;50,617023731000074;5210618600350130000;0
234292;5;3;82;32;2021;2;16;5;3;6;6;1;0;1;0;0;0;0;359954,685438643093221;5609161,964780679903924;7,020343123000032;50,617506922000075;5210204600350460000;0
234293;5;1;13;0;2021;6;14;5;2;5;7;1;0;0;0;0;0;0;362899,083878104574978;5709120,709728410467505;7,024041324000052;51,516550405000032;5210610502340670000;0
234294;5;5;54;20;2021;6;1;7;3;0;1;1;0;0;0;0;2;0;365143,878444305388257;5786629,026027174666524;7,026110805000030;52,213573293000081;5210626705000990000;0
234295;5;1;13;0;2021;6;13;3;3;7;7;1;0;0;0;0;0;0;362721,037686395749915;5696414,217234558425844;7,026409667000053;51,402321062000055;5210601502242170000;0
234296;5;5;54;4;2021;2;14;1;3;3;6;1;0;0;0;0;0;0;364936,373027221357916;5777916,936327933333814;7,026543940000067;52,135241347000033;5210221705000420000;0
234297;5;1;58;8;2021;9;17;4;3;0;7;1;0;0;0;0;0;0;362192,934866672207136;5675556,335810413584113;7,026880386000073;51,214750219000052;5210908516710280000;0
234298;5;3;82;12;2021;9;17;1;3;4;6;1;0;0;0;0;0;0;360966,474720118800178;5629043,816802820190787;7,027148968000063;50,796439887000076;5210905600360520000;0
234299;5;3;15;0;2021;6;18;2;3;4;6;1;0;0;0;0;0;0;361236,971148412674665;5636768,838004929013550;7,028060624000034;50,865932868000073;5210621601620140000;0
234300;5;3;82;32;2021;6;16;1;3;9;1;1;0;0;0;0;0;0;360585,996099796029739;5609192,111556611955166;7,029250260000026;50,617929124000057;5210613600350670000;0
234301;5;3;15;0;2021;6;16;7;2;3;6;1;0;0;0;0;0;0;361420,076533015351743;5639605,385930348187685;7,029585838000060;50,891469888000074;5210605601200280000;0
234302;5;1;13;0;2021;10;12;2;3;2;2;1;0;0;0;0;0;0;363181,182014783960767;5699191,953766348771751;7,031948757000066;51,427394516000049;5211018502211370000;0
234303;5;3;15;0;2021;9;18;5;3;4;6;1;1;0;0;0;0;0;361829,128970839607064;5640880,411843045614660;7,034915941000065;50,903027010000073;5210909601600090000;1
234304;5;3;82;44;2021;6;10;6;2;4;6;1;0;0;0;0;0;0;361642,387051943922415;5629240,895738231018186;7,036659730000054;50,798372897000036;5210625607000320000;0
234305;5;5;54;16;2021;6;2;1;2;0;1;1;0;0;0;0;2;0;365262,199612736701965;5761715,680812975391746;7,037694263000049;51,989743411000063;5210627705000090000;0
234306;5;3;16;0;2021;10;15;6;3;5;3;1;0;0;0;0;0;0;362611,724174217553809;5660180,160270017571747;7,038740074000032;51,076665664000075;5211029601700040000;0
234307;5;1;58;32;2021;9;15;2;3;7;1;1;0;0;0;0;0;0;363457,179674852755852;5690108,020487016998231;7,039409193000040;51,345827189000033;5210906516100480000;0
234308;5;5;54;20;2021;6;16;6;3;0;6;1;0;0;0;0;0;0;365999,570160973526072;5782545,731455410830677;7,040242410000076;52,177092051000045;5210611705000020000;0
234309;5;5;62;12;2021;2;10;4;3;0;1;1;0;0;0;0;0;0;364670,251646612829063;5732947,704937680624425;7,040346515000067;51,731093949000069;5210224701620940000;1
234310;5;1;13;0;2021;6;23;5;3;0;1;1;0;0;0;0;2;0;363914,304228624561802;5704070,148588330484927;7,040611391000027;51,471409169000026;5210624502338270000;0
234311;5;5;54;24;2021;5;19;2;3;2;6;1;0;0;0;0;0;0;366028,985951472015586;5774204,355611621402204;7,043959656000027;52,102147831000082;5210531705000020000;0
234312;5;3;82;32;2021;2;10;1;3;0;7;1;0;1;0;0;0;0;361823,428012073447462;5609335,031829729676247;7,046678433000068;50,619508158000031;5210207600350280000;1
234313;5;1;13;0;2021;1;15;1;3;0;7;1;0;1;0;0;0;0;364212,265046325686853;5695906,263631019741297;7,048029234000069;51,398115208000036;5210131502242150000;0
234314;5;3;15;0;2021;10;10;4;3;0;7;1;1;0;0;0;0;0;362741,737480055773631;5640308,757891647517681;7,048101993000046;50,898106990000031;5211027601600790000;0
234315;5;5;54;4;2021;4;15;3;3;4;1;1;1;0;0;0;0;0;366504,688093239557929;5772106,231590857729316;7,051722458000029;52,083409896000035;5210420705000020000;0
234316;5;5;54;20;2021;6;20;4;2;8;2;1;0;0;0;0;0;0;366886,615578740020283;5781685,051734674721956;7,053545005000046;52,169573134000075;5210609705000490000;0
234317;5;1;13;0;2021;4;13;7;2;0;1;1;0;0;0;0;0;0;364839,689075993665028;5699100,996350241824985;7,055825171000038;51,426975096000035;5210417502212870000;0
234318;5;3;82;12;2021;6;10;3;2;6;6;1;0;1;0;0;0;0;362948,323316388530657;5626244,997779594734311;7,056297087000075;50,771757138000055;5210601600360570000;0
234319;5;5;54;44;2021;10;15;4;3;0;7;1;1;0;0;0;0;0;365969,513944328122307;5740310,396650198847055;7,056308628000068;51,797568333000072;5211006705000990000;1
234320;5;1;13;0;2021;6;10;1;2;6;7;1;0;1;0;0;0;0;364981,157970991451293;5695686,954553736373782;7,059158800000034;51,396327859000053;5210606502231070000;0
234321;5;1;22;0;2021;3;14;1;3;0;7;1;0;1;0;0;0;0;364426,145415350969415;5673343,913124037906528;7,059671542000046;51,195401731000061;5210307503400380000;0
234322;5;3;14;0;2021;6;14;6;3;0;1;1;0;0;0;0;0;0;363090,288861035543960;5621234,220805374905467;7,060171971000045;50,726755180000055;5210618600110430000;0
234323;5;5;54;36;2021;6;17;5;3;2;1;1;0;0;0;0;0;0;367029,005866395658813;5767432,578428531065583;7,061189705000061;52,041540010000062;5210603705000860000;0
234324;5;3;15;0;2021;10;6;2;3;0;7;1;0;0;0;0;2;0;363985,399899172247387;5650400,854902761057019;7,062008146000039;50,989103461000070;5211004601500990000;0
234325;5;3;15;0;2021;12;12;1;2;0;1;1;0;0;0;0;0;0;363989,795403924246784;5644625,076834068633616;7,064229897000075;50,937195189000079;5211219601600920000;1
234326;5;3;15;0;2021;4;16;7;3;3;3;1;1;0;0;0;0;0;364263,697999999858439;5648033,913000000640750;7,066854861000024;50,967896484000050;5210410601500070000;1
234327;5;1;22;0;2021;9;12;2;3;0;7;1;0;0;0;0;0;0;365196,477927253989037;5672007,122949563898146;7,071191551000027;51,183570110000062;5210906503400890000;0
234328;5;1;22;0;2021;12;15;6;3;0;1;1;0;0;0;0;0;0;365237,151814550277777;5671976,740826231427491;7,071784569000044;51,183306653000045;5211231503400080000;1
234329;5;3;82;44;2021;9;17;5;3;0;1;1;0;0;0;0;0;0;364416,100633379654028;5630562,462569296360016;7,075507634000076;50,810906375000059;5210923607400880000;0
234330;5;1;13;0;2021;5;16;1;3;3;7;1;0;0;0;0;0;0;366109,753653623163700;5695006,883060710504651;7,075628550000033;51,390483652000057;5210530502000970000;0
234331;5;1;13;0;2021;9;13;7;3;0;7;1;0;0;0;0;0;0;366317,543158694577869;5696995,192153355106711;7,077864180000063;51,408401219000041;5210918502231380000;0
234332;5;1;13;0;2021;4;14;3;2;0;7;1;0;0;0;0;0;0;366332,201759349729400;5696945,037588882260025;7,078093722000062;51,407953944000042;5210427502215870000;0
234333;5;1;13;0;2021;10;21;2;3;0;7;1;0;0;0;0;2;0;366394,237433871661779;5697142,586605641059577;7,078910723000035;51,409743898000045;5211004502211770000;0
234334;5;3;14;0;2021;10;11;5;3;0;1;1;0;0;0;0;0;0;364741,751428411749657;5625148,485663918778300;7,082119757000044;50,762322862000076;5211014600110580000;1
234335;5;5;13;0;2021;1;13;4;3;0;7;1;0;1;0;0;0;0;367101,820676428964362;5711936,834372707642615;7,083513332000052;51,542862290000073;5210106700100220000;0
234336;5;1;13;0;2021;2;17;6;3;0;7;1;0;1;0;0;0;0;366794,631181916629430;5699661,701822179369628;7,083717597000032;51,432476924000071;5210219502210080000;0
234337;5;3;15;0;2021;4;15;4;3;0;1;1;0;0;0;0;0;0;365428,955046603572555;5644142,090609716251493;7,084878847000027;50,933191960000045;5210428601600070000;0
234338;5;1;22;0;2021;2;14;1;3;4;6;1;0;0;0;0;0;0;366217,477818390121683;5671541,815873956307769;7,085964795000052;51,179628165000054;5210228503400670000;0
234339;5;5;13;0;2021;9;8;4;3;7;7;1;0;1;0;0;0;0;367472,570229132892564;5713208,784813186153769;7,088377445000049;51,554380037000044;5210908700200170000;0
234340;5;3;82;44;2021;11;14;5;2;0;1;1;0;0;0;0;0;0;365455,855328152771108;5631963,507410941645503;7,089743413000065;50,823741103000032;5211111607400390000;1
234341;5;3;14;0;2021;2;10;3;3;0;1;1;0;0;0;0;0;0;365131,858893184224144;5618612,532697890885174;7,090039226000044;50,703669136000030;5210223600110070000;0
234342;5;3;82;44;2021;6;14;7;2;3;6;1;0;0;0;0;0;0;365501,093916527752299;5631941,060930761508644;7,090393561000042;50,823549869000033;5210619607400870000;0
234343;5;1;22;0;2021;2;9;4;3;0;7;1;0;0;0;1;0;0;366802,152917174680624;5670704,593696175143123;7,094635072000074;51,172240354000053;5210203503400680000;1
234344;5;3;14;0;2021;6;7;4;3;4;6;1;0;0;0;0;0;0;365656,265664241858758;5624236,475028460845351;7,095412198000076;50,754338260000054;5210609600110380000;0
234345;5;1;24;0;2021;5;10;7;3;3;2;1;0;0;0;0;0;0;367294,425335303938482;5679732,134135044179857;7,098332575000029;51,253487312000061;5210529503100880000;0
234346;5;1;22;0;2021;10;14;3;3;0;7;1;0;0;0;1;0;0;367062,407816764782183;5670627,706147573888302;7,098384191000036;51,171609903000046;5211026503400690000;0
234347;5;1;24;0;2021;2;16;1;3;4;6;1;0;0;0;0;0;0;367318,635355990845710;5679719,455437694676220;7,098684001000038;51,253379000000052;5210221503100280000;0
234348;5;5;13;0;2021;3;16;2;2;0;1;1;0;0;0;0;0;0;368249,631250482285395;5714326,890217753127217;7,099160399000027;51,564610106000032;5210329700000080000;0
234349;5;1;13;0;2021;9;13;5;3;4;6;1;0;0;0;0;0;0;367924,248483431525528;5699181,371546729467809;7,100137647000054;51,428424691000032;5210902502248850000;0
234350;5;3;15;0;2021;12;12;1;3;5;7;1;0;0;0;1;0;0;366545,819145376968663;5644264,525567658245564;7,100719066000067;50,934551882000051;5211219601600890000;1
234351;5;1;24;0;2021;5;16;4;3;3;6;1;0;0;0;0;0;0;367506,338527182291728;5679903,123306396417320;7,101304180000056;51,255073298000070;5210526503100690000;1
234352;5;3;14;0;2021;10;16;2;3;6;4;1;0;1;0;0;0;0;366310,631791024061386;5622936,954513970762491;7,105155413000034;50,742809309000052;5211011600110080000;0
234353;5;3;14;0;2021;9;16;3;3;6;4;1;0;1;0;0;0;0;366315,416799216298386;5622946,663399890996516;7,105219670000054;50,742897674000062;5210914600110690000;0
234354;5;5;13;0;2021;9;15;1;3;4;6;1;0;0;0;0;0;0;368705,707748982706107;5705786,166334197856486;7,108919942000057;51,487962892000041;5210912700000260000;0
234355;5;3;14;0;2021;6;13;2;3;4;1;1;0;0;1;0;0;0;366696,514723840227816;5624849,900398511439562;7,109929054000077;50,760091565000039;5210621600140520000;0
234356;5;3;14;0;2021;9;14;6;3;0;1;1;0;0;0;0;0;0;366727,374919823487289;5624132,869240445084870;7,110625943000059;50,753653990000032;5210910600140090000;1
234357;5;1;13;0;2021;10;9;7;3;5;3;1;0;0;0;0;0;0;368714,935959006892517;5699647,992027133703232;7,111331790000065;51,432801917000063;5211016502146070000;0
234358;5;3;14;0;2021;2;12;2;3;6;6;1;0;1;0;0;0;0;366804,718921721563675;5623121,385296667926013;7,112087606000046;50,744580526000050;5210201600140050000;1
234359;5;3;14;0;2021;6;17;3;3;4;6;1;0;0;0;0;0;0;366865,896133966336492;5622438,845615894533694;7,113200857000038;50,738459877000082;5210608600140290000;0
234360;5;3;14;0;2021;9;5;4;3;0;6;1;0;1;0;0;2;0;366915,316150907310657;5624320,137271017767489;7,113221107000072;50,755380279000065;5210929600140620000;0
234361;5;5;66;68;2021;9;9;4;3;4;1;1;1;0;0;0;0;0;371082,834413685079198;5785326,424261262640357;7,113483048000035;52,203289941000037;5210929709300290000;1
234362;5;3;14;0;2021;10;17;6;3;0;7;1;0;0;0;0;0;0;366717,536777147848625;5615200,708138096146286;7,113712519000046;50,673368953000079;5211001600310690000;0
234363;5;1;24;0;2021;6;20;7;2;3;6;1;0;0;0;0;0;0;368378,618565018987283;5678216,279640848748386;7,114417339000056;51,240115250000031;5210619503100190000;0
234364;5;3;82;72;2021;5;14;4;2;8;1;1;0;0;0;0;0;0;366667,762246260477696;5610022,926964198239148;7,114872482000067;50,626818801000070;5210512600320790000;0
234365;5;5;13;0;2021;5;14;5;2;0;6;1;0;0;0;0;0;0;369288,904646859678905;5712222,173832783475518;7,114928132000045;51,545937347000063;5210513700100910000;0
234366;5;1;13;0;2021;9;15;6;2;0;7;1;0;0;0;0;0;0;368987,888317883538548;5699548,439766466617584;7,115293025000028;51,431970424000042;5210917502111180000;0
234367;5;3;14;0;2021;5;18;2;3;2;6;1;0;0;0;0;0;0;367081,043099195172545;5620849,769249491393566;7,116821129000073;50,724226458000032;5210531600110200000;0
234368;5;3;14;0;2021;9;16;5;3;0;6;1;0;0;0;0;0;0;367271,475393948843703;5620653,449213216081262;7,119588246000035;50,722505451000075;5210909600380580000;0
234369;5;3;14;0;2021;2;17;4;3;3;6;1;0;0;0;0;0;0;367519,455209058185574;5621066,966614530421793;7,122950910000043;50,726278778000051;5210217600140230000;0
234370;5;3;14;0;2021;4;20;6;3;5;3;1;0;0;0;0;1;0;367606,514454313437454;5622957,423820178955793;7,123504672000024;50,743290214000069;5210430600140570000;0
234371;5;3;14;0;2021;4;19;7;2;9;1;1;0;0;0;0;1;0;367809,047000000253320;5622594,768999999389052;7,126503766000042;50,740076786000031;5210417600140070000;0