OID_;ULAND;UREGBEZ;UKREIS;UGEMEINDE;UJAHR;UMONAT;USTUNDE;UWOCHENTAG;UKATEGORIE;UART;UTYP1;IstRad;IstPKW;IstFuss;IstKrad;IstSonstige;ULICHTVERH;IstGkfz;LINREFX;LINREFY;XGCSWGS84;YGCSWGS84;UIDENTSTLAE;IstStrassenzustand
234372;5;5;58;12;2021;5;21;5;3;0;7;1;0;0;0;1;0;0;371095,757711989805102;5749307,810788362286985;7,127252494000061;51,879627786000071;5210513706000150000;0
234373;5;3;78;8;2021;9;20;5;3;3;6;1;0;0;0;0;2;0;368971,100855542696081;5661298,534508205018938;7,129063526000039;51,088204559000076;5210902606700970000;0
234374;5;3;14;0;2021;12;19;5;3;0;1;1;0;0;0;0;2;0;368072,692452678107657;5622880,378619341179729;7,130135931000041;50,742703833000064;5211202600140090000;0
234375;5;3;82;72;2021;3;16;4;3;5;3;1;1;0;0;0;0;0;367732,355659826891497;5608325,459934016689658;7,130520890000071;50,611803954000038;5210303600320000000;0
234376;5;3;14;0;2021;6;12;4;3;0;7;1;0;0;0;0;0;0;368104,901033769652713;5619927,370264337398112;7,131648551000069;50,716169125000079;5210609600380990000;0
234377;5;3;82;56;2021;3;18;2;3;6;6;1;0;1;0;0;0;0;368372,663536107284017;5627106,264165556058288;7,132873719000031;50,780754567000031;5210322607500080000;0
234378;5;5;13;0;2021;9;11;4;3;4;6;1;0;0;0;0;0;0;370838,309706797823310;5708508,905082346871495;7,138622161000058;51,512923222000040;5210908700100280000;0
234379;5;3;14;0;2021;6;22;4;3;3;6;1;0;0;0;0;2;0;368802,706603676371742;5624612,193704746663570;7,139859927000032;50,758435044000066;5210602600140770000;0
234380;5;5;58;40;2021;10;13;1;2;0;1;1;0;0;0;0;0;0;372361,568161780247465;5762095,236193601042032;7,140886874000046;51,994830974000081;5211031706000050000;1
234381;5;3;14;0;2021;4;16;6;3;0;7;1;0;0;0;0;0;0;368876,798502071353141;5619347,204818272963166;7,142782812000064;50,711129137000057;5210423600380980000;1
234382;5;3;14;0;2021;5;16;1;3;0;7;1;0;1;0;0;0;0;368949,695450149709359;5620050,291678642854095;7,143565051000053;50,717465074000074;5210509600110080000;0
234383;5;1;24;0;2021;2;17;1;3;6;4;1;0;1;0;0;0;0;370498,861168870818801;5681106,680577028542757;7,143728240000030;51,266577642000073;5210228503100870000;0
234384;5;3;14;0;2021;9;8;6;3;4;1;1;0;0;0;0;0;0;368983,418878494761884;5619408,904474992305040;7,144270226000060;50,711707748000038;5210917600380690000;0
234385;5;3;14;0;2021;10;8;3;3;2;6;1;0;0;0;0;0;0;369015,980189096415415;5620277,387144368141890;7,144422876000021;50,719521200000031;5211005600140240000;0
234386;5;3;82;56;2021;9;12;7;3;4;6;1;0;0;0;0;0;0;369296,667031139833853;5628800,575539568439126;7,145370654000033;50,796192241000028;5210918607500190000;0
234387;5;3;14;0;2021;9;16;6;3;5;3;1;0;0;0;0;0;0;369183,444429755792953;5620973,527859995141625;7,146547024000029;50,725815989000068;5210903600140810000;0
234388;5;3;78;4;2021;6;7;4;3;0;1;1;0;0;0;0;0;0;370032,785392125719227;5653053,393822068348527;7,147174827000072;51,014341204000061;5210616606110080000;0
234389;5;1;24;0;2021;3;17;4;3;0;7;1;0;0;0;0;0;0;370743,651547393179499;5681213,621485401876271;7,147196438000037;51,267594328000030;5210324503100480000;0
234390;5;3;78;8;2021;2;11;4;3;0;1;1;0;0;0;0;0;0;370283,042709920904599;5662472,927827425301075;7,147364102000040;51,099057800000026;5210224606700080000;0
234391;5;3;14;0;2021;7;0;7;3;0;1;1;0;0;0;0;2;0;369228,696528321597725;5620195,392220579087734;7,147463692000031;50,718832118000080;5210710600140490000;1
234392;5;3;14;0;2021;3;18;3;3;6;6;1;0;1;0;0;0;0;369439,891988062998280;5620074,052320930175483;7,150496812000029;50,717788972000051;5210330600140970000;0
234393;5;9;11;0;2021;9;17;2;3;0;1;1;0;0;0;0;0;0;371595,097770525957458;5705801,255504565313458;7,150507824000044;51,488761985000053;5210906300210600000;0
234394;5;3;78;28;2021;7;16;7;2;0;7;1;0;0;0;0;0;0;370000,826453179703094;5638727,262162175960839;7,151834547000021;50,885572401000047;5210710606400740000;0
234395;5;3;14;0;2021;3;13;6;3;0;6;1;0;1;0;0;0;0;369660,878501349128783;5624233,067439583130181;7,152154709000058;50,755220763000068;5210305600140390000;0
234396;5;3;14;0;2021;4;16;3;2;5;3;1;0;0;0;0;0;0;369560,898279404500499;5619489,907846746034920;7,152416517000063;50,712565701000074;5210420600380980000;0
234397;5;5;62;20;2021;4;16;3;3;4;6;1;0;0;0;0;0;0;371991,307699999772012;5715156,109999999403954;7,152811041000064;51,572924003000026;5210427701200260000;0
234398;5;1;24;0;2021;2;13;1;3;0;7;1;0;0;0;0;0;0;371127,691999999806285;5677589,078999999910593;7,154003559000046;51,235105950000047;5210221503100680000;0
234399;5;3;14;0;2021;11;13;3;3;2;2;1;0;0;0;0;0;0;369754,086418778053485;5619873,860674634575844;7,155015867000031;50,716060097000081;5211109600140020000;0
234400;5;5;62;20;2021;11;17;1;2;0;1;1;0;0;0;0;2;0;372361,763207237469032;5719516,321930643171072;7,156567835000033;51,612192920000041;5211121701200180000;1
234401;5;3;82;56;2021;6;15;6;3;0;1;1;0;0;0;0;0;0;370152,388629711698741;5628783,287458085455000;7,157512396000072;50,796229212000071;5210625607000380000;0
234402;5;5;58;12;2021;10;3;1;2;0;1;1;0;0;0;0;2;0;373411,750278633378912;5754057,721863942220807;7,159136383000032;51,922843278000073;5211017706000370000;0
234403;5;5;62;16;2021;9;15;7;3;5;3;1;1;0;0;0;0;0;372907,310999999754131;5732462,183000000193715;7,159732689000066;51,728658658000029;5210911701700930000;1
234404;5;9;11;0;2021;9;13;3;3;0;1;1;0;0;0;0;0;0;372386,925841394753661;5699692,538219550624490;7,164111453000032;51,434041210000032;5210914300512770000;0
234405;5;1;24;0;2021;1;14;7;3;6;6;1;0;1;0;0;0;0;372002,081608714535832;5681311,180387383326888;7,165190294000070;51,268755151000050;5210102503200380000;0
234406;5;5;62;20;2021;3;18;5;2;0;1;1;0;0;0;0;1;0;372944,623707834456582;5714257,484520495869219;7,166884886000048;51,565063695000049;5210325701200810000;1
234407;5;3;14;0;2021;3;13;3;2;4;6;1;0;0;0;0;0;0;370545,496566315356176;5618172,128712964244187;7,166817145000039;50,700941166000064;5210330600380580000;0
234408;5;3;14;0;2021;3;17;3;3;4;6;1;0;0;0;0;0;0;370545,858907177811489;5618170,156537529081106;7,166822964000062;50,700923520000060;5210330600380180000;0
234409;5;3;14;0;2021;3;16;4;3;4;6;1;0;0;0;0;0;0;370599,639331198588479;5618981,068298128433526;7,167299925000066;50,708224252000036;5210303600140880000;0
234410;5;3;14;0;2021;9;15;3;3;0;7;1;0;0;0;0;0;0;370604,723169368924573;5617291,217763626947999;7,167963971000063;50,693036397000071;5210928600380390000;0
234411;5;3;78;32;2021;5;12;1;3;0;7;1;0;0;0;0;0;0;371705,542000000365078;5659701,114000000059605;7,168653609000046;51,074465456000041;5210502606210980000;0
234412;5;5;58;12;2021;10;7;6;3;2;5;1;0;0;0;0;1;0;374157,993578644469380;5756884,602452490478754;7,168948228000033;51,948416105000035;5211001706000070000;0
234413;5;9;11;0;2021;10;17;7;2;0;1;1;0;0;0;0;0;0;372901,162531232228503;5703341,612572877667844;7,170194483000046;51,466951829000038;5211009300200890000;0
234414;5;3;14;0;2021;11;16;5;3;1;5;1;0;0;0;1;0;0;370763,968240843038075;5616138,966918010264635;7,170620339000038;50,682714915000076;5211118600380090000;0
234415;5;3;82;56;2021;5;6;7;3;0;7;1;0;0;0;1;0;0;371251,451995018986054;5628942,462587775662541;7,173043385000028;50,797905123000078;5210508607500230000;0
234416;5;1;24;0;2021;2;15;1;3;4;6;1;0;0;0;0;0;0;372603,145057406451087;5681347,462629731744528;7,173788714000068;51,269215916000064;5210221503200680000;0
234417;5;1;24;0;2021;7;15;6;3;0;1;1;0;0;0;0;0;0;372643,646991500165313;5681358,730685676448047;7,174364971000045;51,269326241000044;5210702503200170000;0
234418;5;3;82;24;2021;6;5;6;2;0;1;1;0;0;0;0;0;0;371206,895223803294357;5617329,039962692186236;7,176471991000028;50,693510006000054;5210625600120580000;1
234419;5;3;14;0;2021;7;10;7;2;0;1;1;0;0;0;0;0;0;371607,645702645415440;5621394,508628043346107;7,180728692000059;50,730140713000026;5210710600140580000;1
234420;5;3;14;0;2021;5;12;1;3;0;6;1;0;0;1;0;0;0;371529,403089241823182;5615639,489536266773939;7,181623048000063;50,678394885000046;5210509600380030000;0
234421;5;3;82;24;2021;7;12;3;2;6;6;1;0;1;0;0;0;0;371549,436403626983520;5616497,417560998350382;7,181608356000027;50,686110760000076;5210706600120030000;1
234422;5;9;11;0;2021;3;17;2;2;0;7;1;0;0;0;1;0;0;373763,430894427525345;5700653,712916932068765;7,183560890000024;51,442987949000042;5210329300210490000;0
234423;5;3;82;24;2021;7;10;1;3;6;6;1;0;1;0;0;0;0;371694,770541510079056;5616172,731779291294515;7,183777356000064;50,683224401000075;5210704600120090000;0
234424;5;1;24;0;2021;9;11;7;3;0;7;1;0;1;0;0;0;0;373331,390111381304450;5681550,008327703922987;7,184150566000028;51,271198638000044;5210911503200250000;0
234425;5;5;58;40;2021;6;12;4;3;5;3;1;0;0;0;0;0;0;375567,316962144803256;5763044,268090091645718;7,187209944000074;52,004086958000073;5210602706000350000;0
234426;5;9;11;0;2021;5;17;5;3;0;1;1;0;0;0;0;0;0;374337,481836724618915;5705381,833089948631823;7,190135873000031;51,485608623000076;5210513300200780000;0
234427;5;9;11;0;2021;2;12;1;2;0;1;1;0;0;0;0;0;0;374353,757243608008139;5705407,396944813430309;7,190361058000065;51,485841987000072;5210228300220590000;0
234428;5;5;66;68;2021;12;15;4;2;0;6;1;0;0;1;0;0;0;376594,392900464124978;5785678,799794657155871;7,193963969000038;52,207717941000055;5211215709300640000;1
234429;5;1;24;0;2021;4;18;3;3;0;1;1;0;0;0;0;0;0;374165,783941420901101;5681779,245819859206676;7,196024878000060;51,273443798000073;5210427503200870000;0
234430;5;3;78;32;2021;3;15;1;2;0;1;1;0;0;0;0;0;0;373731,027716711338144;5660998,462891924194992;7,197097777000067;51,086575186000061;5210307606700890000;0
234431;5;3;14;0;2021;2;13;1;3;0;7;1;0;0;0;0;0;0;372607,903155274805613;5613639,675690303556621;7,197568708000063;50,660656533000065;5210214600380300000;0
234432;5;1;24;0;2021;12;21;4;3;8;1;1;0;0;0;0;2;0;374420,819047114462592;5682060,229210970923305;7,199580423000043;51,276025437000044;5211215503200270000;0
234433;5;9;11;0;2021;7;14;7;3;2;6;1;0;0;0;0;0;0;374998,713425078720320;5705230,632634461857378;7,199707771000021;51,484396280000055;5210710300100470000;0
234434;5;3;82;24;2021;4;17;4;3;0;1;1;0;0;0;0;0;0;372809,591605774417985;5615528,173207809217274;7,199771581000050;50,677675514000043;5210428600120730000;0
234435;5;3;82;56;2021;2;16;1;3;6;1;1;0;1;0;0;0;0;373341,989196141599678;5627620,336105328053236;7,203148453000040;50,786482018000072;5210221607100010000;0
234436;5;3;78;24;2021;6;15;1;3;0;1;1;0;0;0;0;0;0;373771,016231174056884;5644540,756541782990098;7,203394673000048;50,938661441000079;5210613606400420000;0
234437;5;3;14;0;2021;2;15;1;3;0;7;1;0;1;0;0;0;0;373193,808389996585902;5612441,616983568295836;7,206264474000022;50,650015517000043;5210221600380430000;0
234438;5;3;82;24;2021;9;19;4;3;0;1;1;0;0;0;0;0;0;373290,562471153680235;5615164,221136244945228;7,206700288000036;50,674509015000069;5210908600120870000;0
234439;5;9;16;0;2021;9;5;2;2;0;1;1;0;0;0;0;2;0;375857,080806497717276;5713457,853916609659791;7,209164940000051;51,558525902000042;5210920300600090000;0
234440;5;1;24;0;2021;5;13;2;2;6;6;1;0;1;0;0;0;0;375474,184139278426301;5682200,794651011005044;7,214625557000033;51,277519996000080;5210531503200780000;0
234441;5;3;82;8;2021;6;11;3;3;8;7;1;0;0;0;0;0;0;373805,345893894322217;5612259,600309636443853;7,214972501000034;50,648512225000047;5210629600130270000;0
234442;5;3;82;8;2021;12;19;6;3;6;6;1;0;1;0;0;0;0;374127,084131777868606;5613049,673969721421599;7,219252605000065;50,655683560000057;5211217600130830000;0
234443;5;5;58;16;2021;5;15;5;3;5;3;1;0;0;0;1;0;0;377533,617740976798814;5748920,457312502898276;7,220870527000045;51,877597775000027;5210520706000280000;0
234444;5;5;62;32;2021;5;20;6;2;0;1;1;0;0;0;0;1;0;376753,645469332579523;5715505,549820728600025;7,221373514000049;51,577125748000071;5210528701120830000;0
234445;5;5;62;16;2021;6;1;1;3;0;1;1;0;0;0;0;2;0;377361,952819827944040;5735458,313336835242808;7,223144398000045;51,756577102000051;5210613701700780000;0
234446;5;5;62;32;2021;1;12;7;2;0;7;1;0;0;0;0;0;0;377322,014591746265069;5721297,383119448088109;7,227545590000034;51,629302486000029;5210123701110150000;0
234447;5;9;54;16;2021;7;17;2;3;0;1;1;0;0;0;0;0;0;376701,187280094716698;5694651,245380632579327;7,227898535000065;51,389687654000056;5210712310110680000;0
234448;5;9;11;0;2021;4;18;6;3;0;1;1;0;0;0;0;0;0;377103,169776472146623;5707605,290859431028366;7,229173838000065;51,506199604000074;5210416300120740000;0
234449;5;9;11;0;2021;9;17;3;3;0;1;1;0;0;0;0;0;0;377108,768246682768222;5707553,917910340242088;7,229272366000032;51,505739110000036;5210928300300980000;0
234450;5;9;16;0;2021;1;14;6;3;0;7;1;0;1;0;0;0;0;377862,508418251876719;5714133,101723508909345;7,237844962000054;51,565032420000080;5210122300600370000;0
234451;5;3;82;60;2021;7;16;2;3;6;6;1;0;1;0;0;0;0;375934,186967918183655;5630497,832965377718210;7,238932144000046;50,812907115000030;5210705607100260000;0
234452;5;5;62;32;2021;10;13;2;2;0;1;1;0;0;0;0;0;0;378027,754871121433098;5717827,926542554982007;7,238944378000042;51,598274883000045;5211025701110970000;1
234453;5;9;54;28;2021;10;13;1;3;6;1;1;0;1;0;0;0;0;377720,057676221127622;5691967,689167802222073;7,243458367000073;51,365789168000049;5211010310140570000;0
234454;5;3;82;20;2021;4;12;7;2;3;1;1;0;0;0;0;0;0;376580,543831052142195;5627997,100763042457402;7,248942909000050;50,790567123000073;5210424607500580000;0
234455;5;9;11;0;2021;9;15;3;3;0;1;1;0;0;0;0;0;0;378545,180984063248616;5697958,046291244216263;7,253255626000055;51,419805847000077;5210928300500370000;0
234456;5;9;11;0;2021;4;18;3;3;4;6;1;0;0;0;0;0;0;378693,689244938606862;5698109,600935346446931;7,255338508000023;51,421199772000080;5210427300500870000;0
234457;5;1;20;0;2021;7;21;2;2;8;7;1;0;0;0;0;0;0;378039,584353845799342;5670501,422969231382012;7,255369345000076;51,172921357000064;5210705503300280000;0
234458;5;5;58;16;2021;5;11;5;3;0;7;1;0;0;0;1;0;0;380311,642164299555589;5748284,815774584189057;7,261428345000070;51,872488409000027;5210520706000970000;0
234459;5;9;11;0;2021;9;20;4;2;0;7;1;0;0;0;0;2;0;379127,246000000275671;5698385,479000000283122;7,261476852000044;51,423771904000034;5210908300500170000;0
234460;5;3;82;20;2021;5;13;6;3;5;2;1;0;0;0;0;0;0;377556,524127826327458;5624605,686795583926141;7,263912397000070;50,760289662000048;5210528607200080000;0
234461;5;5;62;32;2021;6;18;7;2;0;1;1;0;0;0;0;0;0;379920,131094709504396;5718938,834704556502402;7,265872848000072;51,608665727000073;5210605701110260000;0
234462;5;3;82;20;2021;6;22;6;3;0;1;1;0;0;0;0;2;0;378357,111175915633794;5625331,096340475603938;7,275018362000026;50,766978595000069;5210625607200080000;0
234463;5;9;54;28;2021;9;13;3;3;5;3;1;1;0;0;0;0;0;380046,085470173507929;5688561,521719275973737;7,278003461000026;51,335670957000048;5210921310140570000;0
234464;5;3;82;60;2021;9;13;3;2;0;1;1;0;0;0;0;0;0;378840,872796244628262;5631193,004521032795310;7,279941795000070;50,819771165000077;5210921607100480000;0
234465;5;5;66;68;2021;7;22;7;2;8;1;1;0;0;0;0;2;0;382471,571941277594306;5785340,231006613932550;7,280050719000030;52,205960044000051;5210710709300370000;0
234466;5;9;11;0;2021;11;11;7;3;6;6;1;0;1;0;0;0;0;380973,186481270240620;5703913,767474807798862;7,286154593000049;51,473849645000030;5211120300310100000;0
234467;5;5;58;16;2021;9;7;4;3;2;6;1;0;0;1;0;0;0;381975,802973489742726;5743822,851460438221693;7,287113420000026;51,832742644000064;5210929706100200000;0
234468;5;9;11;0;2021;10;15;5;2;0;7;1;0;1;0;0;0;0;381370,151200044667348;5703333,485122811049223;7,292062488000056;51,468717575000028;5211007300300090000;0
234469;5;9;11;0;2021;2;16;7;3;0;1;1;0;0;0;0;0;0;381975,201774681219831;5701886,780154681764543;7,301252345000023;51,455841362000058;5210220300310570000;0
234470;5;3;82;20;2021;6;20;1;2;8;1;1;0;0;0;0;0;0;380391,786597741593141;5621407,889641495421529;7,305132087000061;50,732136171000036;5210620607000080000;0
234471;5;5;62;4;2021;2;16;2;3;0;1;1;0;0;0;0;0;0;383008,083708816149738;5710600,201002499088645;7,313223010000058;51,534370604000060;5210222701800540000;1
234472;5;5;58;16;2021;3;15;1;2;4;6;1;0;0;0;1;0;0;384233,346048561041243;5748415,218465035781264;7,318323642000053;51,874488131000078;5210328706000890000;0
234473;5;9;54;32;2021;6;14;7;3;4;6;1;1;0;0;0;0;0;383047,162900659081060;5694082,071425585076213;7,319249687000024;51,385915334000060;5210605310120480000;1
234474;5;5;62;4;2021;12;7;2;2;0;1;1;0;0;0;0;2;0;383848,478883645846508;5712292,744553399272263;7,324775530000068;51,549756411000033;5211206701800350000;2
234475;5;5;62;4;2021;11;15;1;3;0;7;1;0;1;0;0;0;0;383913,135568711673841;5712639,777057273313403;7,325593095000045;51,552888779000057;5211128701800790000;0
234476;5;5;62;8;2021;10;14;4;3;0;7;1;0;1;0;0;0;0;384147,330562795803417;5722210,155184822157025;7,325809159000073;51,638953039000057;5211013701910750000;0
234477;5;3;82;20;2021;3;14;3;3;8;6;1;0;0;0;0;0;0;381919,696712950943038;5620877,834068508818746;7,326942675000055;50,727684081000064;5210323607200620000;0
234478;5;5;66;24;2021;9;15;1;2;2;7;1;0;0;0;0;0;0;385797,198268838226795;5773727,446452317759395;7,332601066000052;52,102296216000070;5210905709300390000;0
234479;5;3;74;20;2021;3;13;7;3;4;6;1;0;0;0;0;0;0;383132,650086911919061;5653049,758624080568552;7,333839701000045;51,017120058000046;5210320605120080000;0
234480;5;5;62;8;2021;2;12;1;3;0;1;1;0;0;0;0;0;0;385167,140230189892463;5726395,871851098723710;7,339164802000028;51,676782173000049;5210221701910280000;0
234481;5;9;54;36;2021;6;16;3;3;0;1;1;0;0;0;0;0;0;384660,199396536278073;5701365,226300764828920;7,340050322000025;51,451707036000073;5210608300800470000;0
234482;5;3;74;16;2021;5;13;1;2;0;1;1;0;0;0;0;0;0;384063,870491551933810;5668178,904237295500934;7,342255060000070;51,153298587000052;5210502605116080000;0
234483;5;3;82;52;2021;3;17;4;3;0;1;1;0;0;0;0;0;0;383202,121838731516618;5628758,092255262658000;7,342603765000035;50,798779810000042;5210331607300030000;0
234484;5;9;54;32;2021;6;16;6;3;0;1;1;0;0;0;0;0;0;384774,684531013248488;5696513,444801563397050;7,343275539000047;51,408122196000079;5210604310120390000;0
234485;5;3;74;16;2021;2;14;1;2;0;1;1;0;0;0;0;0;0;384227,436999999918044;5667933,093000000342727;7,344671886000071;51,151122227000030;5210228605116370000;0
234486;5;9;54;32;2021;3;17;4;3;0;1;1;0;0;0;0;0;0;385361,952263228129596;5692141,312794514931738;7,353127255000061;51,368943717000036;5210303310120170000;0
234487;5;3;82;40;2021;11;17;2;2;0;7;1;0;0;0;0;2;0;384183,306077588640619;5633621,471380618400872;7,354985217000035;50,842694007000034;5211129607000930000;1
234488;5;5;62;8;2021;9;17;4;3;0;6;1;0;0;0;0;0;0;386296,992777983832639;5725698,136567058041692;7,355725799000027;51,670740959000057;5210908701910660000;0
234489;5;9;54;32;2021;2;8;3;3;0;1;1;0;0;0;0;0;0;385811,501669796300121;5695313,537915700115263;7,358562648000031;51,397546939000051;5210216310120770000;2
234490;5;5;58;32;2021;9;11;1;3;2;1;1;0;1;0;0;0;0;387238,348440308240242;5750869,656770225614309;7,361153823000052;51,897162937000076;5210905706000030000;0
234491;5;3;74;36;2021;12;17;5;3;6;6;1;0;1;0;0;2;0;385997,609678320004605;5673238,314232682809234;7,368288224000025;51,199164019000079;5211230605136290000;1
234492;5;5;58;36;2021;2;16;4;3;6;6;1;0;1;0;0;0;0;387549,332540397765115;5729703,629867326468229;7,372537351000062;51,706993637000039;5210224706300920000;0
234493;5;5;58;32;2021;5;10;1;2;4;6;1;0;0;0;1;0;0;388521,039971366175450;5751044,612527833320200;7,379731430000049;51,898993426000061;5210530706100170000;0
234494;5;9;54;32;2021;6;14;1;2;0;7;1;0;1;0;0;0;0;387575,968402416387107;5693693,918978210538626;7,384428488000026;51,383341715000029;5210613310121000000;0
234495;5;5;66;60;2021;4;15;4;3;4;6;1;0;0;0;0;0;0;390505,698059196234681;5790852,609578616917133;7,395787845000029;52,257154917000037;5210421709500570000;0
234496;5;5;58;32;2021;4;19;2;3;6;6;1;0;1;0;0;0;0;390348,992535000434145;5755982,314422696828842;7,404715584000030;51,943734186000029;5210426706100980000;0
234497;5;9;14;0;2021;3;9;3;3;0;1;1;0;1;0;0;0;0;389707,425198437354993;5694986,074073843657970;7,414644115000044;51,395374389000040;5210316302100080000;1
234498;5;3;74;36;2021;5;12;1;2;2;1;1;0;0;0;0;0;0;389215,289743545989040;5671725,985333405435085;7,414790185000072;51,186203095000053;5210523605136980000;0
234499;5;9;54;20;2021;9;15;1;3;4;6;1;0;0;0;0;0;0;389865,031250696047209;5695714,933312967419624;7,416682408000042;51,401956320000068;5210926310130280000;0
234500;5;3;82;36;2021;6;8;5;3;3;6;1;0;0;1;0;0;0;389117,960820291715208;5639786,257773931138217;7,423177107000072;50,899077870000042;5210610607300030000;0
234501;5;5;58;36;2021;4;15;7;2;3;6;1;1;0;0;0;0;0;391098,953781379736029;5731272,958748685196042;7,423398099000053;51,721798955000054;5210424706300650000;0
234502;5;3;74;8;2021;9;15;7;3;0;1;1;0;0;0;0;0;0;389374,325679748435505;5650675,978759389370680;7,423512882000068;50,997016710000082;5210911605108340000;0
234503;5;3;74;52;2021;9;17;2;3;6;6;1;0;1;0;0;0;0;390343,919040235516150;5664186,138208582066000;7,433230464000076;51,118645856000057;5210913605152570000;0
234504;5;5;66;76;2021;11;10;3;3;0;7;1;0;1;0;0;0;0;393174,901223858469166;5793739,838854335248470;7,433964283000023;52,283627760000059;5211116709500060000;1
234505;5;5;58;24;2021;5;13;4;2;0;1;1;0;0;0;0;0;0;392147,254754789290018;5736703,037364799529314;7,436884718000044;51,770807118000050;5210526706300810000;0
234506;5;5;66;84;2021;6;15;7;3;4;6;1;1;0;0;0;0;0;393020,278094178473111;5775531,735820183530450;7,437449671000024;52,119956175000027;5210626709100180000;0
234507;5;5;58;24;2021;5;12;7;3;0;1;1;0;0;0;0;0;0;392262,560342507611495;5736886,265159590169787;7,438498334000030;51,772476167000036;5210529706000290000;0
234508;5;5;66;76;2021;9;15;7;3;0;7;1;0;0;0;0;0;0;393593,586660207191017;5793295,659369553439319;7,440239861000066;52,279717051000034;5210918709500570000;0
234509;5;5;66;76;2021;7;13;4;3;0;7;1;0;0;0;0;0;0;393742,177481085527688;5795190,943599401041865;7,441819491000047;52,296779074000028;5210707709500570000;0
234510;5;9;13;0;2021;9;14;1;3;4;6;1;0;0;1;0;0;0;392173,375986485800240;5710409,075412700884044;7,445371188000024;51,534477749000075;5210905301202560000;1
234511;5;3;82;16;2021;6;12;6;3;5;3;1;0;0;0;1;0;0;390713,702428870485164;5625474,940292767249048;7,450128484000061;50,770731182000077;5210611607300890000;0
234512;5;5;58;24;2021;11;8;1;3;0;1;1;0;0;0;0;0;0;393549,899826294044033;5736510,826157597824931;7,457264234000036;51,769348002000072;5211114706300130000;1
234513;5;5;66;4;2021;6;11;1;2;0;7;1;0;0;0;0;0;0;394885,297996988054365;5768731,770188394933939;7,466776188000040;52,059198594000065;5210613709110970000;0
234514;5;9;14;0;2021;3;19;3;3;0;1;1;0;0;0;0;2;0;393364,259007021144498;5690443,637187439948320;7,468550513000025;51,355242919000034;5210323302100580000;0
234515;5;9;78;32;2021;9;19;3;3;6;1;1;0;1;0;0;0;0;394708,839618695492391;5724037,840067164972425;7,477822775000050;51,657457297000065;5210914317250510000;0
234516;5;9;13;0;2021;9;13;1;3;0;6;1;0;1;0;0;0;0;395235,188185396604240;5705557,365943969227374;7,490941148000047;51,491444281000042;5210905301102080000;0
234517;5;9;54;4;2021;5;15;5;3;0;1;1;0;0;0;0;0;0;394742,249381629866548;5680051,015890851616859;7,491400019000025;51,262081693000027;5210513310240290000;0
234518;5;9;78;32;2021;12;6;6;3;4;1;1;1;0;0;0;2;0;395995,791759661340620;5729519,520842972211540;7,494787876000032;51,706968148000044;5211210317250810000;1
234519;5;9;13;0;2021;6;18;4;3;4;7;1;0;0;0;0;0;0;395818,026703873823863;5705779,412983199581504;7,499267848000045;51,493547883000076;5210602301102170000;0
234520;5;9;13;0;2021;11;11;6;3;6;4;1;0;1;0;0;0;0;396295,935740472516045;5705702,517038680613041;7,506172158000027;51,492944558000033;5211105301101570000;0
234521;5;3;74;48;2021;9;11;1;3;0;1;1;0;0;0;0;0;0;395120,285651015990879;5646475,206952706910670;7,506578015000059;50,960330016000057;5210905605148890000;0
234522;5;3;74;48;2021;9;11;1;3;0;1;1;0;0;0;0;0;0;395120,285651015990879;5646475,206952706910670;7,506578015000059;50,960330016000057;5210905605148990000;0
234523;5;5;66;76;2021;11;14;2;3;0;1;1;0;0;0;0;0;0;398192,849031189456582;5792889,393217300996184;7,507755533000022;52,276936817000035;5211129709500870000;1
234524;5;5;58;44;2021;5;16;5;2;8;1;1;0;0;0;0;0;0;397313,315689058625139;5747839,826237312518060;7,508426113000041;51,871878198000047;5210527706300180000;1
234525;5;9;13;0;2021;5;11;1;3;5;3;1;0;0;0;1;0;0;396689,497964274254628;5705568,561226212419569;7,511878464000063;51,491812523000078;5210530301102480000;0
234526;5;9;13;0;2021;9;17;1;3;3;6;1;0;0;0;0;0;0;397078,289962065871805;5705465,094081277959049;7,517506915000070;51,490953396000066;5210926301404780000;0
234527;5;9;13;0;2021;9;10;1;2;6;7;1;0;1;0;0;0;0;397088,403778455161955;5705428,387647173367441;7,517663245000051;51,490625292000061;5210926301102570000;0
234528;5;9;13;0;2021;6;21;5;3;0;1;1;0;0;0;0;0;0;397283,822613172291312;5704984,789852643385530;7,520606121000071;51,486673441000050;5210603301404930000;0
234529;5;9;13;0;2021;10;14;1;3;0;7;1;0;1;0;0;0;0;397288,455979504797142;5705001,600667334161699;7,520667940000067;51,486825390000035;5211024301102980000;0
234530;5;9;13;0;2021;5;19;1;2;4;7;1;0;0;0;1;0;0;397408,159675724746194;5705042,184559879824519;7,522379596000064;51,487211919000060;5210530301404630000;0
234531;5;9;13;0;2021;6;22;6;3;4;1;1;0;0;0;0;2;0;397665,746774362225551;5705095,513710892759264;7,526072818000046;51,487737957000036;5210604301404030000;1
234532;5;5;66;76;2021;6;17;2;3;0;7;1;1;0;0;0;0;0;399404,898862434900366;5787775,027460779063404;7,527038495000056;52,231194109000057;5210614709500540000;0
234533;5;5;66;76;2021;12;7;3;2;0;7;1;0;0;0;0;2;0;399526,587242258945480;5793324,758910268545151;7,527168095000036;52,281095070000049;5211214709500570000;1