OID_;ULAND;UREGBEZ;UKREIS;UGEMEINDE;UJAHR;UMONAT;USTUNDE;UWOCHENTAG;UKATEGORIE;UART;UTYP1;IstRad;IstPKW;IstFuss;IstKrad;IstSonstige;ULICHTVERH;IstGkfz;LINREFX;LINREFY;XGCSWGS84;YGCSWGS84;UIDENTSTLAE;IstStrassenzustand
234534;5;5;15;0;2021;7;19;4;3;4;6;1;1;0;0;0;0;0;398936,356852892320603;5763588,272131856530905;7,527364244000069;52,013722984000026;5210707702100680000;0
234535;5;5;66;8;2021;6;21;4;2;2;1;1;0;0;0;0;1;0;399231,245003841177095;5778244,310685648582876;7,527330076000055;52,145503215000076;5210602709100790000;0
234536;5;3;74;48;2021;6;18;7;3;0;1;1;0;0;0;0;0;0;396579,557434663758613;5644687,468573640100658;7,527857645000040;50,944522752000069;5210619605148670000;0
234537;5;5;66;8;2021;10;7;5;3;0;6;1;0;0;0;0;1;0;399310,737661678052973;5780047,681899487972260;7,527956779000021;52,161725969000031;5211007709100270000;0
234538;5;5;58;44;2021;7;16;3;3;0;6;1;0;0;0;0;0;1;398838,553531852317974;5749366,893986390903592;7,530125390000023;51,885882481000067;5210706706300790000;0
234539;5;5;58;28;2021;6;20;5;2;0;1;1;0;0;0;0;0;0;398889,011698794492986;5732311,543913110159338;7,535834895000050;51,732592978000071;5210617706300170000;0
234540;5;3;74;24;2021;7;20;2;3;2;6;1;0;1;0;0;0;0;397740,174673914327286;5659820,701065087690949;7,540106973000036;51,080771010000035;5210712605124970000;0
234541;5;5;15;0;2021;2;14;3;3;8;6;1;0;0;0;0;0;1;400008,550396049104165;5752801,701803606003523;7,546123023000064;51,916966351000042;5210223702100660000;0
234542;5;9;14;0;2021;4;10;7;3;0;6;1;0;1;0;0;0;0;398880,339496188506018;5691880,325130322016776;7,547333068000057;51,369165958000053;5210417302130950000;0
234543;5;5;15;0;2021;2;8;6;2;0;1;1;0;0;0;0;0;0;400173,385793059074786;5754894,605099035426974;7,547911852000027;51,935807321000027;5210219702100070000;2
234544;5;5;58;4;2021;2;13;7;2;8;6;1;0;0;0;1;0;0;400490,992376241716556;5736694,661156124435365;7,557770273000074;51,772277261000056;5210220706300540000;0
234545;5;5;15;0;2021;3;18;6;3;5;2;1;1;0;0;0;1;0;400752,911611416260712;5749276,486576718278229;7,557957394000027;51,885413968000080;5210319702100070000;0
234546;5;9;78;28;2021;7;17;5;2;8;6;1;0;0;0;0;0;0;399987,909399997675791;5698399,029159747995436;7,561401486000022;51,427959071000032;5210708317140280000;1
234547;5;5;15;0;2021;12;9;5;2;0;1;1;0;0;0;0;0;0;401126,027858178713359;5753932,804064056836069;7,562040735000039;51,927332509000053;5211209702100070000;2
234548;5;5;15;0;2021;4;16;3;2;5;3;1;0;0;0;0;0;0;401573,703504192177206;5758299,633942885324359;7,567298904000040;51,966661911000074;5210413702100070000;0
234549;5;9;78;28;2021;1;9;4;3;0;1;1;0;0;0;0;0;0;400861,281038854620419;5698006,703463047742844;7,574069866000059;51,424585907000051;5210113317140060000;2
234550;5;9;13;0;2021;3;17;6;3;0;7;1;0;1;0;0;0;0;401577,303871542739216;5708658,440029041841626;7,581398014000058;51,520459352000046;5210326301304580000;0
234551;5;5;15;0;2021;11;13;3;3;4;6;1;0;0;0;0;0;0;402730,951983583392575;5754786,140396111644804;7,585132725000051;51,935285323000073;5211102702100770000;0
234552;5;5;15;0;2021;10;15;1;3;0;2;1;0;0;1;0;0;0;402869,496733054984361;5748313,853082998655736;7,588971779000076;51,877134209000076;5211017702100550000;0
234553;5;5;15;0;2021;11;15;3;3;0;1;1;0;0;0;0;0;0;403126,006600742926821;5761201,691238039173186;7,589067498000077;51,993019054000058;5211109702100450000;0
234554;5;5;15;0;2021;1;19;6;3;0;1;1;0;0;0;0;2;0;402930,160838274925482;5748957,906307296827435;7,589671605000035;51,882933790000038;5210129702100060000;1
234555;5;5;15;0;2021;6;16;3;3;1;5;1;0;0;0;0;0;0;403034,554558084812015;5748285,838675038889050;7,591376685000057;51,876911128000074;5210608702100170000;0
234556;5;5;15;0;2021;4;12;3;2;0;7;1;0;1;0;0;0;0;403209,621854458120652;5755745,299756593070924;7,591823187000045;51,943990027000041;5210427702100570000;0
234557;5;5;66;16;2021;5;17;1;3;0;7;1;0;1;0;0;0;0;403962,434189228457399;5793680,757929995656013;7,592069623000043;52,285087671000042;5210530709500870000;0
234558;5;9;78;4;2021;6;18;1;3;4;6;1;0;0;0;0;0;0;403093,008786925754976;5718595,519584966823459;7,600497302000065;51,610045336000042;5210613317220370000;0
234559;5;9;13;0;2021;7;12;2;2;0;7;1;0;0;0;0;0;0;403297,291105666488875;5709557,589441170915961;7,605934018000028;51,528838941000060;5210705301304660000;0
234560;5;5;15;0;2021;3;8;3;3;0;1;1;0;0;0;0;0;0;404377,491725500847679;5756600,994574530050159;7,608570718000067;51,951883304000035;5210330702100570000;0
234561;5;5;58;4;2021;5;17;5;3;0;1;1;0;0;0;0;0;0;404245,784383869031444;5739277,112235875800252;7,611460041000043;51,796144924000032;5210513706000570000;0
234562;5;5;15;0;2021;6;17;6;3;5;3;1;1;0;0;0;0;0;404618,011481908266433;5757460,973370738327503;7,611830735000069;51,959654425000053;5210611702100770000;0
234563;5;5;66;12;2021;3;16;4;3;5;2;1;0;0;1;0;0;0;404899,076303013134748;5768760,684233717620373;7,612782329000026;52,061267882000038;5210303709100070000;0
234564;5;5;66;12;2021;5;11;6;3;5;3;1;1;0;0;0;0;0;405017,820895501528867;5774450,925480892881751;7,612928772000032;52,112433230000079;5210528709000770000;0
234565;5;5;15;0;2021;6;15;7;3;7;7;1;0;1;0;0;0;0;404914,797595404554158;5757830,561733494512737;7,616046417000064;51,963027263000072;5210619702100270000;0
234566;5;5;66;12;2021;9;13;5;3;7;7;1;0;0;0;0;0;1;405431,808572844020091;5771223,252814740873873;7,619868317000055;52,083493229000055;5210930709100490000;0
234567;5;5;66;80;2021;6;18;3;3;5;3;1;1;0;0;0;0;0;405635,765347252134234;5781418,763633592054248;7,620015278000039;52,175166869000066;5210622709100390000;0
234568;5;5;15;0;2021;11;12;4;3;1;6;1;0;0;0;0;0;0;405280,654583308962174;5757197,295263176783919;7,621544379000056;51,957397655000079;5211117702100260000;1
234569;5;5;66;16;2021;7;17;4;3;0;3;1;1;0;0;0;0;0;406173,512626382405870;5793967,980140963569283;7,624394270000039;52,288051139000061;5210707709700510000;0
234570;5;5;15;0;2021;2;5;2;3;0;1;1;0;0;0;0;2;0;405785,776222061715089;5758354,439385212957859;7,628575727000054;51,967884387000026;5210201702100960000;2
234571;5;5;15;0;2021;3;17;4;3;4;1;1;0;0;0;0;0;0;405798,460044759092852;5757140,624987965449691;7,629093229000034;51,956976240000074;5210324702100730000;0
234572;5;5;15;0;2021;6;16;1;3;6;4;1;0;1;0;0;0;0;405831,638569710368756;5757161,903692046180367;7,629570093000041;51,957173122000029;5210613702100060000;0
234573;5;5;15;0;2021;9;20;5;3;0;4;1;0;1;0;0;2;0;405991,442700591986068;5758344,209334191866219;7,631571377000057;51,967827256000078;5210916702100870000;0
234574;5;5;15;0;2021;3;17;3;3;5;3;1;0;0;0;0;0;0;405991,232060660258867;5757352,212984812445939;7,631839859000024;51,958910713000080;5210302702100860000;0
234575;5;5;15;0;2021;11;18;5;3;0;6;1;0;0;0;0;2;0;406165,774618958006613;5757901,361830702051520;7,634229263000066;51,963876198000037;5211118702100740000;0
234576;5;5;15;0;2021;7;6;3;3;0;7;1;0;0;0;0;0;0;406177,571012303873431;5757669,800186488777399;7,634464168000022;51,961796807000042;5210706702100770000;1
234577;5;5;66;16;2021;2;15;3;2;5;3;1;1;0;0;0;0;0;406896,392819426371716;5789718,512931470759213;7,636162027000069;52,249979904000043;5210202709500070000;1
234578;5;5;15;0;2021;10;17;7;2;9;6;1;0;1;0;0;1;0;406597,740991864586249;5766086,005804321728647;7,638283847000025;52,037515959000075;5211009702100970000;0
234579;5;5;66;12;2021;5;15;4;3;0;1;1;0;0;0;0;0;0;406689,351946391339879;5769179,010164318606257;7,638774338000076;52,065332363000039;5210512709000670000;0
234580;5;5;15;0;2021;10;14;4;3;5;3;1;0;0;0;0;0;0;407020,415901923784986;5757728,481441138312221;7,646711728000071;51,962465859000076;5211020702100580000;0
234581;5;5;15;0;2021;9;14;1;3;2;6;1;0;0;0;0;0;0;407066,635265622055158;5752843,738007857464254;7,648704319000046;51,918566853000073;5210926702100860000;0
234582;5;9;62;24;2021;5;16;5;3;0;3;1;1;0;0;0;0;0;405988,877837257110514;5692978,475015702657402;7,649130870000022;51,380259083000055;5210520307100720000;0
234583;5;5;15;0;2021;6;7;4;3;0;6;1;0;0;0;0;0;0;407622,648976446129382;5759233,718093798495829;7,655069393000076;51,976096112000050;5210609702100540000;0
234584;5;9;78;36;2021;6;16;4;3;0;1;1;0;0;0;0;0;0;407044,534554786281660;5709843,263891207985580;7,659862642000064;51,532036290000065;5210609317110470000;0
234585;5;9;78;20;2021;5;16;2;3;6;6;1;0;1;0;0;0;0;407339,982692857505754;5715835,444596736691892;7,662541549000025;51,585949695000068;5210531317210150000;0
234586;5;9;78;4;2021;11;11;4;3;6;6;1;0;1;0;0;0;0;407431,336257714778185;5718448,857394216582179;7,663170106000052;51,609457015000032;5211110317220270000;0
234587;5;9;78;36;2021;1;14;5;3;5;3;1;1;0;0;0;0;0;407303,984721635060851;5707077,109370416961610;7,664329717000044;51,507213293000063;5210114317110080000;0
234588;5;9;78;36;2021;5;16;7;2;0;7;1;0;0;0;0;0;0;407316,402031747798901;5707186,042564606294036;7,664479954000058;51,508194560000049;5210508317110550000;1
234589;5;5;58;4;2021;10;16;1;2;0;6;1;0;0;0;0;0;0;407845,607760943821631;5730833,281617086380720;7,665884821000077;51,720849055000031;5211010706000650000;0
234590;5;5;15;0;2021;6;15;1;3;3;6;1;0;0;0;0;0;0;408217,256414228584617;5748963,747761817649007;7,666463185000055;51,883881746000043;5210620702100730000;0
234591;5;5;66;12;2021;7;16;6;3;0;7;1;0;1;0;0;0;0;409178,530377286777366;5773279,082066893577576;7,673984143000041;52,102599265000038;5210709709110480000;0
234592;5;9;62;24;2021;3;16;3;2;3;7;1;1;0;0;0;0;0;408357,195026397472247;5702613,744678867980838;7,680659879000075;51,467262300000073;5210323307000550000;0
234593;5;9;78;36;2021;2;14;1;3;0;7;1;0;1;0;0;0;0;408712,188561750808731;5708529,733764247968793;7,684238725000057;51,520500677000030;5210228317110870000;0
234594;5;9;78;36;2021;2;15;1;2;0;7;1;0;0;0;0;0;0;408994,126169813971501;5706875,329664181917906;7,688728360000027;51,505674159000080;5210221317110570000;0
234595;5;9;15;0;2021;4;15;3;3;8;1;1;0;0;0;0;0;0;409302,587598805897869;5720795,190606221556664;7,689578634000043;51,630853210000055;5210427303100570000;0
234596;5;5;15;0;2021;6;14;6;3;4;7;1;0;0;0;0;0;0;410406,570870948839001;5752517,260779907926917;7,697339716000045;51,916179644000067;5210625702100070000;0
234597;5;9;62;20;2021;7;17;7;2;0;1;1;0;0;0;0;0;0;409214,246087381208781;5669614,390989855863154;7,701399683000034;51,170746815000030;5210710307000060000;0
234598;5;5;66;28;2021;9;13;6;3;0;6;1;0;0;0;0;0;0;411539,109369791927747;5792603,079638829454780;7,703395848000071;52,276673075000076;5210924709700570000;0
234599;5;9;78;20;2021;7;17;4;3;0;1;1;0;0;0;0;0;0;410233,261419891088735;5716922,285259380936623;7,704013544000077;51,596187974000031;5210707317210070000;0
234600;5;5;15;0;2021;9;9;2;3;0;7;1;0;0;0;0;0;0;410984,926719858078286;5757736,783593485131860;7,704395470000065;51,963189392000061;5210906702100870000;0
234601;5;5;66;28;2021;9;20;2;2;0;1;1;0;0;0;0;2;0;412173,143521528050769;5798109,415509099140763;7,711250325000037;52,326266907000047;5210920709700340000;0
234602;5;3;74;40;2021;5;16;1;2;0;1;1;0;0;0;0;0;0;410675,089105114806443;5651287,768270328640938;7,726822197000047;51,006218095000065;5210509605140830000;0
234603;5;5;70;16;2021;12;15;2;3;5;3;1;0;0;0;1;0;0;412286,930245922296308;5739405,486953733488917;7,728000477000023;51,798617866000029;5211206711221380000;1
234604;5;5;66;88;2021;11;6;2;3;5;3;1;1;0;0;0;2;0;413177,586908105527982;5786302,313660263083875;7,729024781000021;52,220300735000080;5211122709800880000;1
234605;5;5;70;40;2021;9;17;6;3;8;1;1;0;0;0;0;0;0;414252,286451343446970;5747412,441934286616743;7,754510047000053;51,870897913000078;5210903711232170000;0
234606;5;5;66;28;2021;11;7;5;3;4;1;1;0;0;0;0;1;0;415068,565683318825904;5791644,307942622341216;7,755356317000064;52,268611854000028;5211125709000170000;1
234607;5;5;70;16;2021;11;12;1;2;8;1;1;0;0;0;0;0;0;414702,820211996440776;5737481,026343861594796;7,763499561000060;51,781692252000028;5211128711221500000;0
234608;5;5;70;44;2021;5;17;1;3;3;6;1;0;0;1;0;0;0;415754,442634045146406;5755423,886596089228988;7,774364633000062;51,943142061000060;5210530711141570000;0
234609;5;9;78;12;2021;7;14;6;1;0;6;1;0;0;0;0;0;0;415545,286799026129302;5708592,459646884351969;7,782686501000057;51,522127694000062;5210709317130910000;0
234610;5;9;62;16;2021;6;18;6;3;2;1;1;0;0;0;0;0;0;415838,647046049882192;5696516,456821091473103;7,789789667000036;51,413611063000076;5210618307000120000;0
234611;5;5;70;44;2021;6;16;1;3;5;3;1;0;0;0;0;0;0;416931,748999999836087;5760014,736999999731779;7,790377883000076;51,984586296000032;5210627711142570000;0
234612;5;5;66;56;2021;6;20;5;3;0;4;1;0;1;0;0;0;0;418320,355369328171946;5798190,091743741184473;7,801411181000049;52,327941489000068;5210610709700740000;0
234613;5;9;78;8;2021;2;13;7;3;0;1;1;0;0;0;0;0;0;417141,713178222882561;5716151,199856032617390;7,803910430000030;51,590314851000073;5210227317230870000;0
234614;5;9;15;0;2021;2;14;1;3;7;1;1;0;0;0;0;0;0;417266,561351080134045;5719556,190695618279278;7,804908778000026;51,620942734000039;5210228303100010000;0
234615;5;9;15;0;2021;3;17;4;3;0;1;1;0;0;0;0;0;0;417878,418533412972465;5729194,625791976228356;7,811479862000056;51,707677468000043;5210324303100750000;0
234616;5;5;70;44;2021;9;17;6;3;9;1;1;0;0;0;0;0;0;418759,787769005983137;5758909,115127455443144;7,817252989000053;51,974918132000028;5210917711142390000;0
234617;5;9;15;0;2021;9;14;2;2;0;7;1;0;0;0;1;0;0;419413,839553659898229;5725880,359953911975026;7,834462137000060;51,678106304000039;5210906303100070000;0
234618;5;9;66;24;2021;4;17;7;2;2;7;1;0;1;0;0;0;0;418525,103087843104731;5654741,535119055770338;7,837909145000026;51,038435096000057;5210424314110880000;0
234619;5;9;15;0;2021;10;14;6;3;5;3;1;1;0;0;0;0;0;419869,152348574949428;5728553,730717344209552;7,840432009000040;51,702203965000081;5211001303100060000;0
234620;5;9;66;24;2021;6;17;4;3;0;7;1;0;0;0;0;0;0;418750,209136859630235;5656888,580551031976938;7,840637313000059;51,057770167000058;5210602314110080000;0
234621;5;9;78;12;2021;6;14;3;3;0;1;1;0;0;0;0;0;0;419554,251813197974116;5703937,593676529824734;7,841519515000073;51,480866284000058;5210608317130210000;0
234622;5;9;15;0;2021;4;16;1;2;6;1;1;0;1;0;0;0;0;420190,547835442994256;5728206,240353907458484;7,845161415000064;51,699125973000037;5210425303100570000;0
234623;5;5;70;40;2021;9;16;1;3;0;6;1;1;0;0;0;0;0;421617,692182560916990;5743534,388236762955785;7,862348615000030;51,837120208000044;5210926711231000000;0
234624;5;5;70;40;2021;2;11;3;3;3;1;1;0;0;0;0;0;1;421716,007060237112455;5740396,598414189182222;7,864484733000040;51,808926957000040;5210223711231870000;0
234625;5;9;62;8;2021;7;16;7;3;0;1;1;0;0;0;0;0;0;421759,536697539268062;5693688,754298347048461;7,875535281000055;51,389037658000063;5210710307000830000;0
234626;5;5;66;92;2021;3;12;7;3;0;1;1;0;0;0;0;0;0;423443,938091181858908;5792017,975766908377409;7,877983068000049;52,273200520000046;5210306709700070000;0
234627;5;5;66;92;2021;5;15;1;2;0;1;1;0;0;0;0;0;0;423450,252976174000651;5792018,989993892610073;7,878075371000023;52,273210515000073;5210509709700560000;0
234628;5;5;66;40;2021;3;15;4;3;0;7;1;0;0;0;0;0;0;423551,043553001713008;5780199,902293316088617;7,882223013000043;52,166983890000040;5210331709800010000;0
234629;5;9;66;4;2021;2;10;1;2;0;1;1;0;0;0;0;0;0;421947,422878314508125;5662934,574864726513624;7,884943032000024;51,112571233000040;5210221314210840000;2
234630;5;5;66;92;2021;9;19;3;2;0;1;1;0;0;0;0;1;0;424336,636092360597104;5797598,481265082955360;7,889810119000060;52,323486222000042;5210921709700970000;0
234631;5;9;74;52;2021;10;18;5;3;0;1;1;1;0;0;0;0;0;423306,659380021388642;5711418,446776749566197;7,893918178000035;51,548640664000061;5211007316200780000;0
234632;5;5;70;4;2021;9;23;5;2;0;7;1;0;0;0;0;2;0;424151,164809505455196;5734420,932088749483228;7,901105755000060;51,755543617000058;5210923711213080000;0
234633;5;5;66;92;2021;3;16;3;3;0;1;1;0;0;0;0;0;0;425146,839090027147904;5798209,338125478476286;7,901559649000035;52,329088199000068;5210330709700070000;0
234634;5;9;62;52;2021;9;15;3;3;8;1;1;0;0;0;0;0;0;423914,721054701425601;5674990,842950220219791;7,910491220000040;51,221229129000051;5210914307000070000;0
234635;5;9;74;12;2021;4;14;5;2;8;1;1;0;0;0;0;0;0;425351,520555173396133;5704586,223731527104974;7,924851079000064;51,487492460000055;5210401316200480000;0
234636;5;9;58;44;2021;4;14;7;2;0;1;1;0;0;0;0;0;0;425458,635520806303248;5687320,180998933501542;7,930023168000048;51,332279825000057;5210403313130630000;0
234637;5;5;66;48;2021;12;6;3;3;0;1;1;0;0;0;0;2;0;427641,794999999925494;5791498,618000000715256;7,939607132000049;52,269100520000052;5211228709700370000;2
234638;5;5;70;52;2021;7;15;7;2;5;3;1;1;0;0;0;0;0;427133,479144566692412;5754001,054445150308311;7,940179488000069;51,931958303000044;5210710711114780000;0
234639;5;9;66;24;2021;6;15;1;2;0;7;1;0;0;0;0;0;0;426649,747852723812684;5656614,782052576541901;7,953391031000024;51,056372048000071;5210627314110090000;0
234640;5;9;58;44;2021;9;16;3;3;7;1;1;0;0;0;0;0;0;427052,994379339041188;5682692,699372569099069;7,953851271000076;51,290883165000082;5210907313130070000;0
234641;5;9;74;48;2021;5;20;7;2;8;7;1;0;0;0;0;0;0;427870,844260841608047;5723177,935086341574788;7,957312718000026;51,654961403000073;5210515316200850000;0
234642;5;5;70;52;2021;11;19;6;3;7;1;1;0;0;0;0;2;0;428331,660000000149012;5754639,122999999672174;7,957470568000076;51,937849848000042;5211119711112650000;0
234643;5;9;58;44;2021;4;17;3;2;0;6;1;0;0;0;0;0;0;427741,924380411277525;5688175,899559785611928;7,962618308000060;51,340267930000039;5210427313130710000;0
234644;5;5;70;52;2021;11;5;3;3;3;6;1;0;0;0;1;2;0;428964,292436697403900;5754977,123632126487792;7,966601765000064;51,940969457000051;5211102711112000000;1
234645;5;9;58;44;2021;6;20;6;3;0;1;1;0;0;0;0;1;0;428153,979149061604403;5689361,826211996376514;7,968293586000073;51,350982244000079;5210618313130470000;0
234646;5;9;58;4;2021;6;15;5;3;0;1;1;0;0;0;0;0;0;428322,651478777697776;5699064,003949256613851;7,968755816000055;51,438230348000047;5210603313110880000;0
234647;5;9;70;24;2021;9;19;6;3;0;7;1;0;0;1;0;1;0;427756,145999999716878;5649043,710799999535084;7,970683701000041;50,988440742000080;5210924315210070000;0
234648;5;9;66;4;2021;9;17;4;2;0;6;1;1;0;0;0;0;0;427956,689933164219838;5660460,120256641879678;7,971269740000025;51,091110714000081;5210929314210560000;1
234649;5;9;58;44;2021;6;17;5;2;4;6;1;0;0;0;0;0;0;428305,622582130890805;5683976,480382542125881;7,971554467000033;51,302584213000046;5210610313130030000;0
234650;5;9;74;48;2021;2;17;4;3;5;3;1;1;0;0;0;1;0;428909,914811581780668;5722914,557201159186661;7,972384281000075;51,652726004000044;5210224316200830000;0
234651;5;9;58;44;2021;4;15;1;3;0;1;1;0;0;0;0;0;0;428838,297668702434748;5690590,332563761621714;7,977872902000058;51,362113270000066;5210425313130670000;0
234652;5;9;58;44;2021;9;18;3;2;0;1;1;0;0;0;0;0;0;428945,208872044633608;5687894,399064393714070;7,979946619000032;51,337888779000082;5210928313130390000;1
234653;5;9;74;12;2021;12;13;3;3;7;1;1;0;1;0;0;0;0;429291,757078218332026;5703520,317952327430248;7,981805152000049;51,478416073000062;5211221316200380000;0
234654;5;9;58;44;2021;9;13;1;2;4;6;1;0;0;0;0;0;0;429208,489372287411243;5689844,521478563547134;7,983337687000073;51,355454296000062;5210912313130760000;1
234655;5;5;70;52;2021;11;10;7;3;0;6;1;0;1;0;0;0;0;430521,385237426322419;5756540,530881865881383;7,988933836000058;51,955220550000035;5211120711112880000;0
234656;5;5;70;52;2021;6;8;2;3;5;3;1;0;0;0;0;0;0;430590,444323172851000;5757386,043869521468878;7,989767781000069;51,962830017000044;5210628711111270000;0
234657;5;9;66;12;2021;5;16;6;2;0;1;1;0;0;0;0;0;0;429509,973245367291383;5670095,954868283122778;7,991560382000046;51,177938577000077;5210514314220070000;0
234658;5;9;74;40;2021;1;16;4;2;3;2;1;1;0;0;0;0;0;430134,039945731172338;5711948,495020900852978;7,992261108000037;51,554292687000043;5210106316200070000;0
234659;5;9;58;44;2021;5;12;2;3;3;6;1;0;0;0;0;0;0;429932,039660781738348;5687989,776485265232623;7,994092304000048;51,338868772000069;5210531313130610000;0
234660;5;9;70;40;2021;9;18;5;3;6;4;1;0;1;0;0;0;0;429605,191367062623613;5636314,870085010305047;7,999482804000024;50,874221925000029;5210909315110170000;0
234661;5;5;70;52;2021;10;14;4;2;0;7;1;0;0;0;1;0;0;431597,602431084786076;5755930,069851649925113;8,004714098000022;51,949866129000043;5211006711113280000;1
234662;5;9;58;44;2021;10;10;7;3;4;6;1;1;0;0;0;0;0;430818,630550543544814;5686703,528373453766108;8,007068134000065;51,327413181000054;5211023313130460000;0
234663;5;9;70;24;2021;10;21;3;3;0;1;1;0;0;1;0;2;0;430351,615079570154194;5643000,532478906214237;8,008814274000031;50,934425185000066;5211012315210590000;0
234664;5;5;70;52;2021;9;15;4;3;4;3;1;0;0;0;0;0;0;431894,808943762618583;5756493,654272734187543;8,008926190000068;51,954969048000066;5210908711111680000;0
234665;5;9;70;24;2021;9;13;2;3;9;1;1;0;0;0;0;0;0;430470,696094284125138;5645567,308722164481878;8,010018583000033;50,957518058000062;5210927315210890000;0
234666;5;9;58;4;2021;6;15;7;2;8;1;1;0;0;0;0;0;0;431180,761823009001091;5697376,671813795343041;8,010197472000073;51,423414867000076;5210619313110680000;0
234667;5;5;70;52;2021;6;14;2;3;0;1;1;0;0;0;0;0;0;432154,817601790069602;5756547,072242215275764;8,012698707000027;51,955481041000041;5210614711113530000;0
234668;5;9;58;44;2021;6;17;7;2;9;1;1;0;0;0;0;0;0;431397,274098305962980;5692091,485859568230808;8,014332919000026;51,375924393000048;5210626313130980000;0
234669;5;9;58;4;2021;5;15;7;3;4;6;1;0;0;0;0;0;0;431622,628839219571091;5697343,397665298543870;8,016558099000065;51,423169201000064;5210515313110880000;1
234670;5;5;70;20;2021;6;13;5;2;0;6;1;0;0;0;1;0;0;432540,066396669019014;5746643,060603400692344;8,020243675000074;51,866493057000071;5210610711421080000;0
234671;5;5;70;52;2021;7;18;7;3;4;6;1;0;0;0;0;0;0;432718,133491026936099;5756387,744556010700762;8,020926132000056;51,954117175000079;5210710711115060000;0
234672;5;5;70;8;2021;9;18;5;3;0;1;1;0;0;0;0;0;0;432586,957450756104663;5735168,374571070075035;8,023157759000071;51,763342079000040;5210909711313180000;0
234673;5;5;70;8;2021;9;19;5;3;0;6;1;0;1;0;0;0;0;432794,322273416677490;5736676,171265017241240;8,025870308000037;51,776922117000026;5210909711313090000;0
234674;5;9;74;24;2021;11;16;1;3;0;1;1;0;0;0;0;0;0;433543,830040939908940;5727483,326702733524144;8,038488181000048;51,694367075000059;5211114316100990000;1
234675;5;9;58;4;2021;3;16;4;2;0;1;1;0;0;0;0;0;0;433539,858062114450149;5699305,968872353434563;8,043760274000022;51,441041928000061;5210331313110480000;0
234676;5;9;58;44;2021;4;18;4;3;0;1;1;0;0;0;0;0;0;433710,290949334856123;5684276,947971013374627;8,049015895000025;51,305940792000058;5210428313130260000;0
234677;5;9;70;24;2021;1;16;3;3;0;7;1;0;0;0;0;0;0;433360,035877617832739;5646904,848739491775632;8,050906776000033;50,969885732000080;5210105315210280000;1
234678;5;9;74;24;2021;10;12;1;3;8;1;1;0;0;0;0;0;0;434377,858182527648751;5723295,489273295737803;8,051340402000051;51,656815614000038;5211024316100290000;1
234679;5;5;70;36;2021;5;15;1;2;3;6;1;0;0;0;0;0;0;435495,422946296981536;5762175,052399610169232;8,060246641000049;52,006472880000047;5210509711121680000;0
234680;5;9;74;32;2021;9;15;1;2;4;6;1;0;0;0;0;0;0;435026,163185213517863;5701819,797333847731352;8,064680630000055;51,463815219000026;5210905316100110000;0
234681;5;9;58;4;2021;4;18;7;2;6;6;1;0;1;0;0;0;0;435242,474733675946482;5693472,333858605474234;8,069319974000052;51,388790874000051;5210424313110780000;0
234682;5;5;70;8;2021;6;16;5;3;9;7;1;0;0;0;0;0;0;435830,064754636900034;5736423,872805882245302;8,069912877000036;51,775010251000026;5210603711313280000;0
234683;5;9;58;44;2021;9;13;6;2;0;1;1;0;0;0;0;0;0;435810,758345599053428;5681626,137231852859259;8,079621380000049;51,282348452000065;5210924313130660000;0
234684;5;9;74;24;2021;3;16;3;2;0;2;1;0;0;0;0;0;0;437217,727276500081643;5721831,912911206483841;8,092651754000030;51,643981930000052;5210330316100760000;0
234685;5;5;70;36;2021;2;14;3;2;9;7;1;0;0;0;1;0;0;438092,294099428225309;5758030,577756976708770;8,098822934000054;51,969510336000042;5210223711121770000;0
234686;5;5;70;8;2021;6;17;4;1;4;1;1;0;0;0;1;0;0;438493,016694563033525;5733642,013874209485948;8,108997366000040;51,750299680000069;5210602711312380000;0
234687;5;9;74;32;2021;9;20;7;3;0;1;1;0;0;0;0;2;0;439535,369481060304679;5705135,729487265460193;8,129016059000037;51,494127594000076;5210918316100280000;0
234688;5;9;74;40;2021;6;12;1;2;0;7;1;0;0;0;0;0;0;440160,939513315272052;5712165,303170544095337;8,136831961000041;51,557394723000073;5210606316100480000;1
234689;5;9;58;4;2021;3;12;1;2;0;7;1;0;0;0;0;0;0;440602,830597328895237;5696839,979970568791032;8,145784213000070;51,419655402000046;5210328313110380000;1
234690;5;9;74;40;2021;6;10;5;2;8;1;1;0;0;0;0;0;0;441021,089733319240622;5714504,930958584882319;8,148845279000057;51,578520052000044;5210603316100180000;0
234691;5;9;58;4;2021;5;11;1;3;0;7;1;0;1;0;0;2;0;442103,783979594998527;5694349,493478479795158;8,167774188000067;51,397418944000037;5210530313110280000;0
234692;5;9;58;4;2021;9;16;5;3;0;1;1;0;0;0;0;0;0;442735,419025787792634;5694142,037337731570005;8,176886055000068;51,395617831000038;5210909313110280000;0
234693;5;9;70;32;2021;7;18;7;2;0;1;1;0;0;0;0;0;0;442269,939063672849443;5636195,984395559877157;8,179482989000064;50,874556947000031;5210703315260970000;1
234694;5;9;58;32;2021;9;15;1;2;6;4;1;0;1;0;0;0;0;443017,792777369322721;5689256,804819824174047;8,181727839000075;51,351723121000077;5210926313121280000;0