OID_;ULAND;UREGBEZ;UKREIS;UGEMEINDE;UJAHR;UMONAT;USTUNDE;UWOCHENTAG;UKATEGORIE;UART;UTYP1;IstRad;IstPKW;IstFuss;IstKrad;IstSonstige;ULICHTVERH;IstGkfz;LINREFX;LINREFY;XGCSWGS84;YGCSWGS84;UIDENTSTLAE;IstStrassenzustand
234695;5;5;70;28;2021;6;14;1;2;4;6;1;1;0;0;0;0;0;444356,255984694638755;5736450,484051443636417;8,193474082000023;51,776162155000065;5210606711411570000;0
234696;5;9;58;32;2021;7;20;1;2;0;1;1;0;0;0;0;0;0;444797,677440615603700;5692771,287630576640368;8,206738740000048;51,383497800000043;5210711313121070000;1
234697;5;9;58;16;2021;7;18;4;3;5;3;1;0;0;1;0;0;0;444964,745885545446072;5677406,755865993909538;8,211510962000034;51,245369075000042;5210707313123110000;0
234698;5;7;54;16;2021;6;1;1;3;0;7;1;0;0;0;0;2;0;446403,850707792327739;5757155,994921345263720;8,219935919000022;51,962511340000049;5210620405116680000;0
234699;5;7;54;48;2021;5;18;6;3;0;1;1;0;0;0;0;0;0;447955,464297517668456;5765481,148191154934466;8,241252291000023;52,037503312000069;5210521405148280000;0
234700;5;9;58;32;2021;9;16;1;3;0;1;1;0;0;0;0;0;0;448446,860910341609269;5690013,097551870159805;8,259573015000058;51,359041655000055;5210926313121170000;0
234701;5;7;54;28;2021;9;13;5;3;1;7;1;1;0;0;0;0;0;449808,508875889121555;5744109,359123755246401;8,271384750000038;51,845534990000033;5210916405228580000;0
234702;5;9;58;40;2021;5;13;1;2;0;1;1;0;0;0;0;0;0;449606,555469718296081;5661683,566849008202553;8,280212809000034;51,104422799000076;5210509313240310000;1
234703;5;9;74;4;2021;6;19;4;3;8;1;1;1;0;0;0;0;0;450745,250717786431778;5709043,576039358973503;8,289931825000053;51,530351005000057;5210602316300780000;0
234704;5;7;54;24;2021;6;18;6;3;5;3;1;1;0;0;0;0;0;451262,864232976804487;5736189,185263191349804;8,293609517000050;51,774457014000063;5210618405224060000;0
234705;5;7;54;28;2021;4;18;6;3;4;6;1;0;0;0;0;0;0;451972,405394392844755;5743996,525339589454234;8,302810510000029;51,844710912000039;5210416405228080000;0
234706;5;7;54;28;2021;6;11;5;3;7;1;1;0;0;0;0;0;0;452180,284051389025990;5743275,353723229840398;8,305927643000075;51,838245034000067;5210610405228580000;0
234707;5;9;58;40;2021;7;11;4;2;0;1;1;0;0;0;0;0;0;451512,402148071676493;5670459,257752677425742;8,306250655000042;51,183494860000053;5210707313240410000;0
234708;5;9;58;40;2021;7;14;5;3;8;1;1;0;0;0;0;0;0;452032,940603976021521;5669229,916121851652861;8,313861925000026;51,172485058000063;5210708313240780000;0
234709;5;7;54;28;2021;6;10;5;3;0;1;1;0;0;0;0;0;0;452817,436366297653876;5742896,427982139401138;8,315226460000076;51,834892477000039;5210603405228080000;0
234710;5;7;54;28;2021;11;13;7;3;3;6;1;1;0;0;0;0;0;452829,619970216648653;5742146,390711688436568;8,315505509000047;51,828150240000070;5211106405228080000;0
234711;5;7;54;4;2021;5;16;7;2;0;1;1;0;0;0;0;0;0;453690,567117849423084;5772302,750713507644832;8,323931066000057;52,099339759000031;5210529405104570000;0
234712;5;7;54;28;2021;9;15;4;3;8;1;1;0;0;0;0;0;0;453531,829136977670714;5746872,588657239452004;8,325059269000064;51,870700290000059;5210908405228770000;0
234713;5;7;54;28;2021;2;6;2;3;0;7;1;0;0;0;0;2;0;454671,267768314515706;5747021,769598000682890;8,341588604000037;51,872135277000041;5210201405228570000;2
234714;5;7;54;12;2021;9;14;7;2;0;7;1;0;1;0;0;0;0;455165,927551704226062;5764837,310119725763798;8,346448724000027;52,032344960000046;5210904405112770000;0
234715;5;7;54;12;2021;9;18;2;3;0;1;1;0;0;0;0;0;0;455327,357647082186304;5766337,395554929971695;8,348605740000039;52,045844232000036;5210906405112650000;0
234716;5;7;54;12;2021;2;20;4;3;9;1;1;0;0;0;0;2;0;455788,767989617830608;5768442,302281876094639;8,355060888000025;52,064804978000041;5210203405112870000;1
234717;5;7;54;8;2021;9;16;6;3;0;7;1;0;1;0;0;0;0;456990,981996212620288;5753543,267592795193195;8,374466984000037;51,930950997000082;5210924405108980000;0
234718;5;7;54;12;2021;4;11;5;2;0;3;1;0;0;0;1;0;0;458402,207703732943628;5768482,699075950309634;8,393177590000050;52,065370596000037;5210401405112080000;0
234719;5;7;54;40;2021;2;12;5;3;5;3;1;1;0;0;0;0;0;458615,186036733852234;5758934,155621130019426;8,397438980000061;51,979541082000026;5210225405140270000;0
234720;5;9;74;28;2021;9;14;1;3;4;6;1;1;0;0;0;0;0;459145,130273753311485;5729081,620989817194641;8,408681807000050;51,711184704000061;5210926316300680000;0
234721;5;7;54;32;2021;10;2;1;3;2;1;1;0;0;0;0;2;0;459470,346644575765822;5735174,264436673372984;8,412678852000056;51,765986572000031;5211010405232670000;0
234722;5;7;54;40;2021;9;17;3;3;2;6;1;1;0;0;0;0;0;459895,675908106844872;5763008,354671902954578;8,415605034000066;52,016264051000064;5210914405140080000;0
234723;5;9;74;20;2021;6;13;2;3;0;1;1;0;0;0;0;0;0;459784,178403421770781;5722468,238072548061609;8,418692555000064;51,651770062000026;5210614316500030000;0
234724;5;7;54;8;2021;6;12;4;3;4;6;1;0;0;0;0;0;0;460242,666233967058361;5749511,655256649479270;8,422222906000059;51,894946030000028;5210630405108480000;0
234725;5;7;70;44;2021;6;19;1;3;2;6;1;0;0;0;0;0;0;461256,676800670393277;5805386,055146773345768;8,430586753000057;52,397344785000030;5210620410250270000;0
234726;5;7;74;20;2021;5;14;2;2;6;6;1;0;1;0;0;0;0;461032,252140903554391;5730592,080194737762213;8,435824869000044;51,724899448000031;5210524411220230000;0
234727;5;7;54;32;2021;6;12;7;3;3;6;1;0;0;0;0;0;0;461138,925296303583309;5739622,144328579306602;8,436359001000028;51,806095113000026;5210619405232590000;0
234728;5;7;54;32;2021;10;13;7;3;4;6;1;0;0;0;0;0;0;461792,226449834706727;5740741,198661136440933;8,445710586000075;51,816201370000044;5211009405232180000;0
234729;5;7;58;28;2021;9;12;4;2;0;7;1;0;0;0;0;0;0;462186,466552419355139;5785164,381404321640730;8,446522946000073;52,215615609000054;5210908406240450000;0
234730;5;7;54;40;2021;7;22;6;3;8;1;1;0;0;0;0;2;0;462041,527267266879790;5761520,018420926295221;8,447037437000063;52,003034077000052;5210709405140090000;0
234731;5;9;58;36;2021;4;17;4;2;8;1;1;0;0;0;0;0;0;462596,110117544652894;5688985,407614983618259;8,462886902000037;51,350909106000074;5210428313212070000;0
234732;5;7;74;20;2021;11;21;3;3;0;1;1;0;0;0;0;2;0;463045,056260197132360;5737615,957905176095665;8,464218003000042;51,788186992000078;5211116411220590000;0
234733;5;9;74;28;2021;9;9;3;3;0;1;1;0;0;0;1;0;0;463699,550696316815447;5727368,357151092961431;8,474776016000021;51,696093916000052;5210928316300370000;1
234734;5;9;58;36;2021;9;18;3;2;0;1;1;0;0;0;0;0;0;464209,997543577279430;5686570,368873500265181;8,486303798000051;51,329297967000059;5210921313212580000;0
234735;5;9;58;36;2021;6;11;2;2;8;1;1;0;0;0;0;0;0;464404,294311041652691;5686660,043861798942089;8,489083472000061;51,330116488000044;5210621313212110000;1
234736;5;9;58;36;2021;9;15;6;3;0;1;1;0;0;0;0;0;0;465516,737399294623174;5683508,592520811595023;8,505354905000047;51,301848212000039;5210924313212210000;1
234737;5;9;58;48;2021;10;14;7;2;0;1;1;0;0;0;0;0;0;465802,045826429850422;5670256,468534233048558;8,510713217000045;51,182705023000040;5211030313231010000;1
234738;5;7;58;4;2021;4;9;6;2;5;3;1;1;0;0;0;0;0;467138,735435450798832;5784692,659732623025775;8,519052180000074;52,211692341000060;5210430406210070000;1
234739;5;9;58;48;2021;5;17;2;3;0;6;1;1;0;0;0;0;0;466830,950893211644143;5671205,757026487030089;8,525346043000070;51,191301566000050;5210510313231370000;1
234740;5;9;58;48;2021;7;17;6;3;8;6;1;0;0;0;0;0;0;467063,541090210434049;5676029,602700359188020;8,528231281000046;51,234690394000040;5210702313231010000;0
234741;5;7;70;40;2021;6;18;5;2;9;1;1;0;0;0;0;0;0;468783,326482200005557;5806485,469033189117908;8,541099580000036;52,407709604000047;5210603410240950000;1
234742;5;7;54;44;2021;4;16;3;3;4;6;1;1;0;0;0;0;0;469143,758559003821574;5748763,045169319957495;8,551640937000059;51,888779343000067;5210420405244050000;0
234743;5;7;11;0;2021;5;20;6;3;4;7;1;0;0;0;0;0;0;469709,104585535766091;5763504,538849934935570;8,558555792000050;52,021347602000048;5210521400200570000;0
234744;5;7;70;40;2021;6;17;1;2;4;1;1;1;0;0;0;0;0;470089,716492804698646;5805349,664322800934315;8,560405026000069;52,397571610000057;5210620410240580000;0
234745;5;7;74;16;2021;12;17;4;3;6;6;1;0;1;0;0;2;0;469972,327021784672979;5712959,940897293388844;8,566768356000068;51,566914668000038;5211215411216590000;1
234746;5;7;11;0;2021;5;21;7;3;0;7;1;0;0;0;0;2;0;470478,274469477764796;5756379,865995228290558;8,570378357000038;51,957333118000065;5210508400300480000;0
234747;5;7;74;20;2021;9;18;5;3;6;7;1;0;1;0;0;0;0;470466,884053071378730;5732218,782392413355410;8,572276696000074;51,740101684000081;5210902411220160000;0
234748;5;7;74;24;2021;4;17;7;3;0;7;1;0;1;0;0;0;0;471128,582562307943590;5743100,990729169920087;8,580953991000058;51,837978566000061;5210424411224130000;0
234749;5;7;74;36;2021;9;15;5;2;2;6;1;0;0;0;0;0;0;471282,139299201488029;5729468,957155563868582;8,584310400000049;51,715419996000037;5210909411236390000;0
234750;5;7;11;0;2021;6;17;7;3;4;6;1;0;0;0;0;0;0;472460,177567199454643;5765136,028644789941609;8,598516084000039;52,036159220000059;5210626400200170000;0
234751;5;7;74;16;2021;6;21;5;3;0;1;1;0;0;0;0;2;0;474462,814782216097228;5709530,725338374264538;8,631803408000053;51,536302276000072;5210603411216320000;1
234752;5;7;54;36;2021;5;14;7;3;6;4;1;0;1;0;0;0;0;474757,019626148394309;5746693,646882900036871;8,633354245000021;51,870455947000039;5210508405236970000;0
234753;5;7;58;12;2021;11;15;6;3;4;6;1;1;0;0;0;0;0;475082,086033957428299;5773361,748904353007674;8,636137487000042;52,110237946000041;5211112406110360000;0
234754;5;9;58;12;2021;5;10;6;3;0;7;1;0;0;0;0;0;0;475911,886016197735444;5694840,921052647754550;8,653697199000021;51,404281006000076;5210521313211780000;0
234755;5;7;74;24;2021;3;12;5;3;0;7;1;0;1;0;0;0;0;476518,099358761333860;5742247,603737148456275;8,659234859000037;51,830558368000027;5210304411224450000;0
234756;5;7;74;32;2021;2;17;1;3;0;1;1;0;0;0;0;0;0;476649,176485179981682;5734049,372834834270179;8,661688990000073;51,756852599000069;5210221411232780000;0
234757;5;7;58;12;2021;11;15;2;3;4;6;1;0;1;0;0;0;0;476990,166709511599038;5774131,910494614392519;8,663947535000034;52,117244870000036;5211101406110080000;0
234758;5;7;70;8;2021;5;15;1;3;2;1;1;0;0;0;0;0;0;477407,982945744588505;5798999,018913678824902;8,668387996000035;52,340828778000059;5210502410220010000;0
234759;5;9;58;12;2021;10;16;6;2;0;7;1;0;0;0;0;0;0;476992,203359051200096;5699380,576389482244849;8,668933280000033;51,445145055000069;5211001313211480000;0
234760;5;7;66;8;2021;2;15;6;3;0;3;1;1;0;0;0;0;0;477473,679737742524594;5766010,202976490370929;8,671545401000060;52,044245057000069;5210219404302480000;0
234761;5;7;58;12;2021;6;11;5;3;2;6;1;0;0;0;0;0;0;477534,320659623364918;5774043,385597042739391;8,671900460000074;52,116471355000044;5210617406110570000;0
234762;5;7;58;12;2021;6;13;6;2;4;6;1;0;0;0;0;0;0;477678,449750125582796;5773473,409901024773717;8,674042728000074;52,111352748000058;5210625406110880000;0
234763;5;7;58;12;2021;6;7;6;3;8;6;1;0;0;0;0;0;0;478003,532057506847195;5774019,489915242418647;8,678754474000073;52,116275385000051;5210625406110450000;0
234764;5;7;58;24;2021;4;18;6;2;0;1;1;0;0;0;0;0;0;478108,674632426467724;5783150,839937597513199;8,679701271000056;52,198375662000046;5210402406220080000;0
234765;5;7;66;56;2021;7;20;7;2;0;1;1;0;0;0;0;0;0;478299,957920592743903;5755557,541636791080236;8,684254918000022;51,950299963000077;5210703404102490000;0
234766;5;7;74;32;2021;4;14;7;3;0;1;1;0;1;0;0;0;0;478526,557815182371996;5733815,106841952539980;8,688902856000027;51,754821400000026;5210417411232580000;0
234767;5;7;74;32;2021;6;11;1;2;0;1;1;0;0;0;0;0;0;478844,951752945547923;5734324,508247674442828;8,693484520000027;51,759413649000066;5210627411232080000;0
234768;5;7;58;24;2021;5;16;1;3;1;6;1;0;0;0;0;0;0;479238,977940937911626;5782899,060654124245048;8,696254259000057;52,196155761000057;5210530406220340000;0
234769;5;9;58;28;2021;10;16;3;3;8;1;1;0;0;0;0;0;0;478996,653133644489571;5672809,794386489316821;8,699341842000024;51,206301876000055;5211005313233510000;0
234770;5;7;74;32;2021;10;17;1;3;6;4;1;0;1;0;0;0;0;479630,090237938566133;5733001,277449502609670;8,704937764000022;51,747545304000027;5211010411232370000;0
234771;5;7;74;32;2021;10;11;7;3;6;4;1;0;1;0;0;0;0;479696,857242022524588;5729346,179242402315140;8,706118092000054;51,714683813000079;5211002411132570000;0
234772;5;7;74;32;2021;2;9;4;3;5;3;1;1;0;0;0;0;0;479725,657002779014874;5730795,344512484967709;8,706450590000031;51,727714690000028;5210224411232880000;0
234773;5;7;74;32;2021;4;17;3;2;0;1;1;0;0;0;0;0;0;480010,499925017589703;5728484,828423177823424;8,710707323000065;51,706950426000049;5210420411232470000;1
234774;5;7;74;12;2021;11;20;3;3;0;1;1;0;0;0;0;2;0;480029,652235571295023;5722351,882897673174739;8,711335325000050;51,651807728000051;5211109411112070000;1
234775;5;7;74;32;2021;6;16;3;3;6;4;1;0;1;0;0;0;0;480142,590059475158341;5732820,365146380849183;8,712371656000073;51,745937080000033;5210601411232590000;0
234776;5;9;58;28;2021;3;18;2;3;7;7;1;0;0;0;1;0;0;480289,203841334558092;5671127,767178407870233;8,717936540000039;51,191223020000052;5210329313233040000;0
234777;5;7;66;56;2021;1;5;4;3;0;1;1;0;0;0;0;2;0;480770,592872476205230;5757710,300326569937170;8,720082719000061;51,969746138000062;5210113404102590000;2
234778;5;7;58;24;2021;9;16;7;1;0;1;1;0;0;0;0;0;0;480933,780108582577668;5783557,199984220787883;8,721012815000051;52,202134013000034;5210925406220930000;0
234779;5;7;74;32;2021;6;4;1;3;7;7;1;0;1;0;0;2;0;480750,050311292870902;5729421,661400277167559;8,721358376000069;51,715399633000061;5210620411132850000;1
234780;5;7;74;32;2021;6;7;6;3;4;6;1;0;0;0;0;0;0;481434,110546488314867;5731129,800762847065926;8,731168907000040;51,730781063000052;5210618411132040000;0
234781;5;7;70;4;2021;12;16;4;3;0;7;1;0;1;0;0;1;0;481720,886989999678917;5788324,824330000206828;8,732272391000038;52,245024088000036;5211229410230080000;1
234782;5;7;66;8;2021;5;9;1;3;0;1;1;0;0;0;0;0;0;482412,569278477167245;5769714,689547529444098;8,743367285000033;52,077729971000053;5210530404302190000;0
234783;5;7;74;32;2021;10;3;6;2;9;1;1;0;0;0;0;2;0;484384,670787911396474;5729955,874935906380415;8,773944803000063;51,720315893000077;5211008411132170000;0
234784;5;7;74;32;2021;6;11;2;3;5;3;1;0;0;0;0;0;0;485185,015535982907750;5730698,635038725100458;8,785499296000069;51,727016003000074;5210628411132490000;0
234785;5;7;74;12;2021;5;16;2;2;0;1;1;0;0;0;0;0;0;485893,424181593640242;5724056,422330902889371;8,796024685000020;51,667311704000042;5210531411112060000;0
234786;5;7;66;40;2021;10;16;5;3;5;2;1;1;0;0;0;0;0;486816,194717532489449;5758033,797847428359091;8,808073829000023;51,972830982000062;5211007404102090000;0
234787;5;7;74;32;2021;6;10;5;3;0;1;1;0;0;0;0;0;0;488627,867923728190362;5730921,736649883911014;8,835339544000021;51,729102396000030;5210603411133590000;0
234788;5;7;58;36;2021;5;12;3;2;0;1;1;0;0;0;0;0;0;489180,729178138193674;5777383,633551360107958;8,841882834000046;52,146853181000040;5210518406150180000;1
234789;5;7;66;64;2021;9;15;3;2;0;1;1;0;0;0;0;0;0;489460,440005917858798;5739316,681275061331689;8,847139822000031;51,804600007000033;5210921404000030000;0
234790;5;7;74;32;2021;6;18;6;2;0;1;1;0;0;0;0;0;0;489764,415641436295118;5732330,071695053949952;8,851754465000056;51,741787114000033;5210611411133430000;0
234791;5;7;70;24;2021;9;21;7;3;3;6;1;1;0;0;0;2;0;490322,263140317343641;5794416,514268393628299;8,858078256000056;52,300009983000052;5210925410110840000;0
234792;5;7;74;32;2021;2;17;4;3;1;1;1;1;0;0;0;0;0;490800,449641826387960;5733769,717628788203001;8,866721571000028;51,754749400000037;5210224411133250000;0
234793;5;7;74;8;2021;4;19;3;2;0;1;1;0;0;0;0;0;0;491226,759418380097486;5733943,707567915320396;8,872893323000028;51,756320639000080;5210427411108530000;0
234794;5;7;74;28;2021;6;22;3;2;0;1;1;0;0;0;0;1;0;491381,234221975668333;5718372,434266980737448;8,875515928000027;51,616315187000055;5210601411128990000;0
234795;5;7;74;28;2021;2;13;1;3;0;1;1;0;0;0;0;0;0;492579,312073755892925;5718858,421694991178811;8,892809888000045;51,620702029000029;5210221411128330000;0
234796;5;7;66;20;2021;6;7;3;3;5;2;1;1;0;0;0;0;0;492856,628416803898290;5753251,230449836701155;8,896107977000042;51,929941306000046;5210601404101990000;0
234797;5;7;58;36;2021;5;16;1;3;0;7;1;1;0;0;0;0;0;493496,147618417046033;5780433,023237534798682;8,904891544000066;52,174337009000055;5210523406150690000;0
234798;5;7;74;28;2021;5;15;1;2;0;7;1;0;0;0;0;0;0;493820,604565571760759;5719203,501748261973262;8,910733956000058;51,623819825000055;5210509411128780000;0
234799;5;7;70;24;2021;12;10;5;3;8;7;1;0;0;0;0;0;0;494577,743109749804717;5792904,119992916472256;8,920508127000062;52,286471298000038;5211202410110670000;1
234800;5;7;70;24;2021;5;17;2;2;6;1;1;0;1;0;0;0;0;494803,718559328699484;5792833,203946464695036;8,923822084000051;52,285835909000070;5210510410110070000;0
234801;5;7;70;24;2021;5;13;6;3;0;1;1;0;0;0;0;0;0;495430,833236502076034;5792034,049643702805042;8,933026462000043;52,278656669000043;5210528410110690000;0
234802;5;7;74;4;2021;6;13;3;2;0;1;1;0;0;0;0;0;0;495968,754761138639878;5733926,796435201540589;8,941595470000038;51,756222795000042;5210629411104730000;1
234803;5;7;62;4;2021;5;17;4;3;9;7;1;1;0;0;0;0;0;499858,520400866982527;5723240,101115574128926;8,997954586000048;51,660148858000071;5210512407209570000;0
234804;5;7;70;28;2021;12;16;2;3;9;6;1;1;0;0;0;2;0;500352,134508596383967;5804334,681187992915511;9,005174378000049;52,389263718000052;5211206410130340000;0
234805;5;7;62;4;2021;4;20;5;3;5;3;1;1;0;0;0;0;0;503960,353683029650711;5731645,282849643379450;9,057351475000075;51,735709427000074;5210429407201370000;0
234806;5;7;62;32;2021;6;17;6;3;0;1;1;0;0;0;0;0;0;507576,634732192091178;5747800,777175674214959;9,110073467000063;51,880930077000073;5210625407220020000;0
234807;5;7;62;36;2021;6;9;3;3;0;7;1;0;0;0;0;0;0;507772,424327257438563;5700255,694644523784518;9,111860074000049;51,453428004000045;5210622407316090000;0
234808;5;7;66;60;2021;9;14;2;2;8;1;1;1;0;0;0;0;0;508268,008518091577571;5752686,804796969518065;9,120234960000062;51,924850956000057;5210913404103970000;0
234809;5;7;62;36;2021;9;19;6;3;4;6;1;0;0;0;0;1;0;508897,517482050752733;5704647,777266934514046;9,128162894000070;51,492903934000026;5210903407301590000;0
234810;5;7;62;36;2021;3;16;7;3;2;6;1;0;0;0;0;0;0;512214,886451551690698;5703804,224799931049347;9,175918013000057;51,485257015000059;5210306407301450000;0
234811;5;7;66;52;2021;6;11;6;3;0;1;1;0;0;0;0;0;0;514361,712143651442602;5754284,868118706159294;9,208916974000033;51,939095288000033;5210604404130520000;0
234812;5;7;62;12;2021;9;18;3;2;2;6;1;0;0;0;0;0;0;514861,338702754699625;5712368,513728620484471;9,214393103000077;51,562200558000029;5210914407320070000;0
234813;5;7;62;16;2021;9;15;2;2;8;1;1;0;0;0;0;0;0;515984,980216807394754;5736451,080650374293327;9,231705014000056;51,778705626000033;5210927407144190000;1
234814;5;7;62;8;2021;6;18;5;2;0;1;1;0;1;0;0;0;0;527892,884002011152916;5721003,648739245720208;9,403072147000046;51,639348084000062;5210610407131190000;0
234815;5;7;62;20;2021;6;15;1;3;0;7;1;0;0;0;0;0;0;531486,557114644907415;5744993,729380372911692;9,457173832000024;51,854854669000076;5210627407113280000;0
234816;5;3;66;20;2021;8;15;7;3;2;6;1;0;0;0;0;0;0;313838,039321884221863;5582534,010280817747116;6,382345561000022;50,365392124000039;5210821603220170000;0
234817;5;3;14;0;2021;8;18;7;3;4;6;1;0;0;0;0;0;0;372279,658888804086018;5614202,503793442621827;7,192732705000026;50,665643637000073;5210814600380180000;0
234818;5;3;14;0;2021;8;8;7;3;4;1;1;1;0;0;0;0;0;366670,777791898290161;5616896,845319731160998;7,112439477000066;50,688603315000080;5210821600380020000;0
234819;5;3;14;0;2021;6;9;7;3;0;7;1;0;1;0;0;0;0;362993,617634297639597;5617884,597256168723106;7,060046527000054;50,696626699000035;5210619600310080000;0
234820;5;3;66;16;2021;6;11;7;3;0;7;1;0;0;0;0;0;0;345826,412966501142364;5618728,650108305737376;6,816791452000075;50,699914701000068;5210612603116980000;0
234821;5;3;82;24;2021;7;18;4;2;0;1;1;0;0;0;0;0;0;375152,468251368380152;5618272,032674884423614;7,231988161000061;50,702846560000069;5210728600120250000;0
234822;5;3;14;0;2021;8;23;7;3;1;5;1;1;0;0;0;2;0;370565,899641715572216;5619042,011506829410791;7,166800960000046;50,708764519000056;5210821600140070000;0
234823;5;3;34;2;2021;8;17;1;2;0;1;1;0;0;0;0;0;0;292437,148188087914605;5624798,514100026339293;6,058272452000040;50,737830357000064;5210815608100460000;0
234824;5;3;58;28;2021;7;20;4;3;5;2;1;1;0;0;0;0;0;323631,894169059174601;5623742,795714602805674;6,500403061000043;50,738657149000062;5210721609128430000;0
234825;5;3;14;0;2021;8;14;4;2;0;1;1;0;0;0;0;0;0;368298,007473714416847;5622829,668505754321814;7,133345738000060;50,742299194000054;5210804600140730000;0
234826;5;3;82;12;2021;7;0;1;2;9;1;1;0;0;0;0;2;0;354021,585868690512143;5624639,672026675194502;6,930418020000047;50,755152337000027;5210725600360070000;1
234827;5;3;34;2;2021;7;18;6;2;0;1;1;0;0;0;0;0;0;290229,535658220120240;5627001,991138323210180;6,025774677000072;50,756826241000056;5210723608100070000;0
234828;5;3;82;12;2021;8;11;6;3;6;7;1;0;1;0;0;0;0;351280,324999525852036;5626404,684494031593204;6,890868879000038;50,770318180000061;5210820600360380000;0
234829;5;3;82;68;2021;8;15;7;3;0;1;1;0;0;0;0;0;0;365155,197376561234705;5626338,268616149201989;7,087542599000074;50,773112678000075;5210821607100880000;0
234830;5;3;82;12;2021;8;0;4;3;0;7;1;0;0;0;0;2;0;362053,728568267426454;5626760,049241833388805;7,043424392000077;50,776174156000081;5210818600360660000;0
234831;5;3;82;12;2021;8;18;4;3;4;6;1;0;0;0;0;0;0;361569,805726634222083;5627358,880120130255818;7,036339453000039;50,781440879000058;5210804600360970000;0
234832;5;3;82;28;2021;7;19;2;3;0;1;1;0;0;0;0;0;0;375538,047316650161520;5631664,168613142333925;7,232916225000054;50,823305734000030;5210719607100070000;0
234833;5;3;62;32;2021;8;14;7;2;0;7;1;0;0;0;0;0;0;340412,506602475768887;5637196,506681364960968;6,732172438000021;50,864402985000027;5210807602400550000;0
234834;5;3;58;48;2021;8;10;5;1;0;1;1;0;0;0;0;0;0;320869,447894007607829;5638283,782187482342124;6,454199210000070;50,868447146000051;5210826609248780000;0
234835;5;3;15;0;2021;5;5;6;3;0;1;1;0;0;0;0;2;0;354547,768999999971129;5638656,101999999955297;6,932315404000065;50,881249200000070;5210507601200380000;1
234836;5;3;15;0;2021;7;17;7;3;0;1;1;0;0;0;0;0;0;359892,862462459830567;5641116,154038448818028;7,007305311000039;50,904679057000067;5210717601600360000;0
234837;5;3;15;0;2021;7;10;5;3;4;6;1;0;0;0;1;0;0;354864,928926757303998;5643606,331057846546173;6,934852927000065;50,925815710000052;5210722601200080000;0
234838;5;3;15;0;2021;7;16;6;3;0;3;1;0;0;0;0;0;0;352610,008182340126950;5644182,353252818807960;6,902557276000039;50,930420500000082;5210730601200080000;0
234839;5;3;15;0;2021;4;13;1;3;5;7;1;0;0;0;0;0;0;351556,423958018131088;5644578,091253499500453;6,887413864000052;50,933706618000031;5210425601300780000;0
234840;5;3;15;0;2021;8;18;4;2;0;1;1;0;0;0;0;0;0;361211,755685600917786;5649387,785772964358330;7,022899961000064;50,979336757000056;5210818601500360000;1
234841;5;3;62;4;2021;8;19;5;3;8;1;1;0;0;0;0;1;0;324574,716017046943307;5652410,198855268768966;6,500005703000056;50,996495920000029;5210819602200510000;0
234842;5;3;78;20;2021;8;16;5;2;4;2;1;1;0;0;0;0;0;366862,320133427041583;5654802,930654742754996;7,101360232000047;51,029339964000030;5210812606300580000;0
234843;5;9;66;24;2021;7;14;6;2;0;6;1;0;0;0;0;0;0;418527,510363728739321;5654739,157871089875698;7,837944008000022;51,038414065000040;5210730314110070000;0
234844;5;9;66;24;2021;8;17;3;2;8;1;1;0;0;0;0;0;0;418134,044388607959263;5654948,489914797246456;7,832285868000042;51,040240149000056;5210824314110090000;0
234845;5;3;16;0;2021;7;8;3;2;0;1;1;0;0;0;1;0;0;361269,927315732522402;5660689,810341184027493;7,019402085000024;51,080923059000042;5210720601700180000;0
234846;5;3;78;16;2021;9;7;5;3;5;1;1;0;0;0;0;0;1;361740,383957253419794;5661724,962459618225694;7,025718212000072;51,090339562000054;5210909606700990000;0
234847;5;1;58;20;2021;7;20;3;3;0;7;1;0;1;0;0;0;0;357857,562727962736972;5662908,639104185625911;6,969844185000056;51,100027787000045;5210720516800870000;0
234848;5;9;62;36;2021;8;13;7;3;0;1;1;0;0;0;0;0;0;415387,810069138999097;5664066,844543006271124;7,790988390000052;51,121819679000055;5210821307000560000;0
234849;5;1;16;0;2021;5;22;4;2;0;1;1;0;0;0;0;2;0;320870,679630973143503;5666617,707110119983554;6,440242053000077;51,122987429000034;5210505506100580000;1
234850;5;9;62;36;2021;8;18;3;3;0;7;1;0;0;0;0;0;0;406881,730328805162571;5665143,795038882642984;7,669201501000032;51,130181828000048;5210824307000070000;0
234851;5;1;11;0;2021;8;18;3;2;5;3;1;0;0;0;0;0;0;353069,517937974072993;5667099,796938886865973;6,899799494000035;51,136483696000028;5210824500300600000;0
234852;5;1;22;0;2021;7;15;4;3;0;1;1;0;0;0;0;0;0;368659,139143841515761;5667066,674749961122870;7,122511297000074;51,139974350000045;5210707503400670000;1
234853;5;1;58;16;2021;4;7;6;3;0;1;1;0;0;0;0;0;0;355332,790063055697829;5668371,760196431539953;6,931616613000074;51,148490368000068;5210423516500690000;0
234854;5;1;16;0;2021;6;14;1;2;0;7;1;0;1;0;0;0;0;319941,796986130299047;5670681,435522898100317;6,424951172000021;51,159201546000077;5210613506100580000;0
234855;5;1;22;0;2021;4;14;6;2;0;1;1;0;0;0;0;0;0;369139,280439000693150;5669301,285165888257325;7,128558499000064;51,160167789000070;5210416503400870000;0
234856;5;1;20;0;2021;7;16;6;3;8;6;1;0;0;0;0;0;0;378722,535995313141029;5669571,178306714631617;7,265447844000050;51,164705461000040;5210723503300070000;0