OID_;ULAND;UREGBEZ;UKREIS;UGEMEINDE;UJAHR;UMONAT;USTUNDE;UWOCHENTAG;UKATEGORIE;UART;UTYP1;IstRad;IstPKW;IstFuss;IstKrad;IstSonstige;ULICHTVERH;IstGkfz;LINREFX;LINREFY;XGCSWGS84;YGCSWGS84;UIDENTSTLAE;IstStrassenzustand
234857;5;9;58;28;2021;7;16;6;3;0;7;1;0;0;0;0;0;0;477165,183000000193715;5668585,429999999701977;8,673393793000059;51,168245826000032;5210730313233950000;0
234858;5;1;62;24;2021;7;15;7;3;0;6;1;0;0;0;1;0;0;340393,135756240924820;5671558,702774148434401;6,716775799000061;51,173154752000073;5210703513210430000;0
234859;5;1;20;0;2021;7;14;7;1;5;3;1;0;0;0;1;0;0;374372,407662950106896;5671048,819414600729942;7,202746714000057;51,177047382000069;5210717503300670000;0
234860;5;1;22;0;2021;7;20;6;3;8;7;1;0;0;0;0;0;0;361252,990788489230908;5671510,829313015565276;7,014994398000056;51,178166482000051;5210723503400570000;0
234861;5;1;11;0;2021;7;0;7;3;7;7;1;0;0;0;0;2;0;347697,581981518655084;5671985,217625063844025;6,821004441000071;51,178979317000028;5210724500300470000;0
234862;5;1;22;0;2021;6;13;6;2;0;7;1;0;0;0;0;0;0;368427,999029518105090;5671668,119051991030574;7,117526166000061;51,181276291000074;5210625503400490000;0
234863;5;1;11;0;2021;8;13;3;3;5;7;1;0;0;0;0;0;0;344661,217635080276523;5673041,689316231757402;6,777141016000030;51,187655325000037;5210824500300070000;0
234864;5;1;22;0;2021;6;12;7;2;0;1;1;0;0;0;0;0;0;366448,530838117119856;5672555,283568196929991;7,088891761000070;51,188790431000029;5210612503400400000;1
234865;5;1;22;0;2021;8;17;7;3;0;6;1;0;0;0;0;2;0;363756,734936379361898;5672766,452979268506169;7,050315994000073;51,190052883000078;5210821503400480000;0
234866;5;1;22;0;2021;7;19;4;2;9;1;1;0;0;0;0;0;0;364461,341970094246790;5673340,609081426635385;7,060176212000044;51,195380387000057;5210721503400770000;0
234867;5;9;66;12;2021;7;17;6;2;8;7;1;0;0;0;0;0;0;435598,778048668755218;5673417,404308400116861;8,078059183000050;51,208520187000033;5210730314220370000;0
234868;5;1;16;0;2021;4;18;5;3;0;7;1;0;1;0;0;0;0;318850,790924656728748;5676447,136169553734362;6,406458508000071;51,210650510000050;5210415506100000000;0
234869;5;1;62;16;2021;6;13;5;3;5;3;1;0;0;0;0;0;0;331507,318126895930618;5676379,761282702907920;6,587516926000035;51,213919449000059;5210603513110700000;0
234870;5;1;11;0;2021;8;17;6;3;5;3;1;0;0;0;1;0;0;344283,126066143973731;5677163,220573113299906;6,769946405000042;51,224585930000046;5210813500100170000;0
234871;5;1;11;0;2021;7;23;7;3;7;7;1;0;0;0;1;2;0;346099,445565026951954;5677961,198089854791760;6,795594830000027;51,232248729000048;5210717500200470000;0
234872;5;1;11;0;2021;8;15;2;3;5;3;1;0;0;0;0;0;0;347756,473775924125221;5678055,103223858401179;6,819270945000028;51,233536989000072;5210823500200500000;0
234873;5;1;62;22;2021;7;18;5;2;3;1;1;0;0;0;0;0;0;337794,891032131679822;5678774,015497926622629;6,676378163000038;51,237251810000032;5210722513130180000;0
234874;5;9;58;44;2021;7;17;7;2;0;7;1;0;0;0;0;0;0;430253,677091528195888;5677080,665381531231105;8,000840043000039;51,240827994000028;5210703313130980000;0
234875;5;1;11;0;2021;8;15;7;3;5;3;1;1;0;0;0;0;0;347484,277456027921289;5679163,862614814192057;6,814902905000054;51,243427160000067;5210814500200360000;0
234876;5;1;66;36;2021;8;12;1;3;0;7;1;0;0;0;0;0;0;325332,899973674793728;5679910,172746173106134;6,497479545000033;51,243780109000056;5210815514219990000;0
234877;5;1;11;0;2021;4;17;5;2;0;6;1;0;0;0;1;0;0;342318,693060789722949;5679848,261438209563494;6,740654700000050;51,248172157000056;5210401500100000000;0
234878;5;1;24;0;2021;8;14;3;3;0;7;1;0;1;0;0;0;0;370597,064095163950697;5681111,728237152099609;7,145133263000048;51,266645311000048;5210824503100990000;0
234879;5;1;24;0;2021;8;7;3;3;3;6;1;0;0;0;0;0;0;371185,285102705762256;5681284,976292777806520;7,153497719000029;51,268335611000055;5210831503100370000;0
234880;5;1;24;0;2021;2;14;1;3;6;4;1;0;1;0;0;0;0;372004,405304219922982;5681300,871368573047221;7,165227276000053;51,268663021000066;5210221503200500000;0
234881;5;1;24;0;2021;8;17;3;3;0;7;1;0;0;0;1;0;0;377913,587889462301973;5682773,391765278764069;7,249386866000066;51,283194390000062;5210824503200660000;0
234882;5;1;11;0;2021;8;17;7;3;3;6;1;0;0;0;0;0;0;341303,410159265855327;5684144,893107438459992;6,724212488000035;51,286495779000063;5210821500200970000;0
234883;5;1;58;36;2021;8;15;4;2;0;7;1;0;1;0;0;0;0;364855,070903194253333;5683768,473380726762116;7,061871948000032;51,289188722000063;5210804516200380000;1
234884;5;1;58;28;2021;7;13;5;3;0;1;1;0;0;0;0;0;0;350122,959230879379902;5684906,133794888854027;6,850271319000058;51,295725187000073;5210722516300570000;0
234885;5;1;62;22;2021;7;22;7;3;0;1;1;0;0;0;0;2;0;339994,489517833280843;5685508,889885996468365;6,704846768000039;51,298384870000064;5210731513130170000;1
234886;5;1;66;16;2021;8;10;3;3;5;2;1;1;0;0;0;0;0;308894,944245891761966;5686845,042795134708285;6,258536284000058;51,300798573000066;5210817514119080000;0
234887;5;9;62;4;2021;6;11;7;2;0;1;1;0;0;0;0;0;0;412433,341078612953424;5685494,069960052147508;7,743549724000047;51,314006611000082;5210612307000120000;1
234888;5;1;11;0;2021;8;14;3;3;2;6;1;0;0;0;1;0;0;346379,573881093470845;5687206,672000944614410;6,795630452000069;51,315398742000070;5210810500200470000;0
234889;5;1;11;0;2021;8;21;3;3;0;1;1;0;0;0;0;1;0;344054,748802826798055;5687828,090012397617102;6,762025783000070;51,320349865000026;5210803500200070000;0
234890;5;9;58;44;2021;7;17;1;2;0;7;1;0;0;0;0;0;0;428505,092790710215922;5686723,310003645718098;7,973864529000025;51,327304870000034;5210725313130080000;0
234891;5;1;11;0;2021;8;11;5;2;9;1;1;0;0;0;0;0;0;341657,837754899752326;5688860,402904695831239;6,727197835000027;51,328963038000040;5210812500200070000;0
234892;5;9;58;36;2021;8;15;1;3;8;1;1;0;0;0;0;0;0;464408,398777293739840;5686660,438586955890059;8,489142344000072;51,330120294000039;5210822313212990000;1
234893;5;9;54;16;2021;6;12;7;3;0;1;1;0;0;0;0;0;0;371734,046466394443996;5688384,668235674500465;7,158807815000046;51,332267117000072;5210612310110670000;0
234894;5;1;14;0;2021;8;12;3;2;6;6;1;0;1;0;0;0;0;334121,949209723621607;5689697,183650282211602;6,618738047000022;51,334332937000056;5210831505100080000;0
234895;5;1;58;32;2021;8;18;7;2;0;1;1;0;0;0;0;0;0;365298,974359680898488;5689019,154554689303041;7,066250823000075;51,336481213000070;5210807516100470000;1
234896;5;1;11;0;2021;6;13;1;3;0;2;1;1;0;0;0;0;0;343499,609993744175881;5689866,680999804288149;6,753170091000072;51,338514312000029;5210606500200580000;0
234897;5;1;58;32;2021;8;14;7;2;0;1;1;0;0;0;0;0;0;362528,394776250293944;5689470,910029047168791;7,026327449000064;51,339877822000062;5210821516100070000;0
234898;5;9;58;12;2021;8;11;7;3;0;1;1;0;0;0;0;0;0;475929,256867708521895;5688508,334411279298365;8,654375976000040;51,347340673000076;5210821313211980000;0
234899;5;1;12;0;2021;8;13;7;3;4;6;1;0;0;0;0;0;0;339042,367410398845095;5691153,919438008219004;6,688651913000058;51,348835311000073;5210821501320770000;0
234900;5;9;58;32;2021;8;11;4;2;9;1;1;0;0;0;0;0;0;451898,890866525529418;5689158,158894851803780;8,309264067000072;51,351657465000073;5210804313121880000;1
234901;5;1;12;0;2021;7;8;6;3;0;7;1;0;0;0;0;0;0;342991,533082357782405;5691379,665793879888952;6,745214499000042;51,351968394000039;5210723501329870000;0
234902;5;9;58;44;2021;8;20;7;3;0;1;1;0;0;0;0;1;0;428725,696168256574310;5690465,102384034544230;7,976280936000023;51,360973268000066;5210821313110170000;0
234903;5;1;66;8;2021;8;17;1;3;0;7;1;0;1;0;0;0;0;316247,582833091611974;5694968,018610566854477;6,359698591000040;51,376183270000070;5210829514213940000;0
234904;5;1;66;12;2021;8;15;2;3;0;1;1;0;0;0;0;0;0;319204,222953617456369;5695128,174790330231190;6,402053178000074;51,378571030000046;5210802514210990000;0
234905;5;1;14;0;2021;8;15;1;3;0;6;1;0;0;0;0;0;0;334175,881961618782952;5694710,497529308311641;6,617174663000071;51,379389148000030;5210815505200990000;0
234906;5;1;13;0;2021;5;13;7;3;0;7;1;0;0;0;0;0;0;367916,577318177791312;5694572,783419659361243;7,101743649000070;51,387005862000080;5210501502233460000;0
234907;5;1;17;0;2021;8;10;1;3;0;1;1;0;1;0;0;0;0;349797,130870234104805;5695249,114004379138350;6,841237857000067;51,388577170000076;5210801502407880000;1
234908;5;9;62;16;2021;5;14;7;3;8;1;1;0;0;0;0;0;0;414251,263667557737790;5694061,347790513187647;7,767562722000037;51,391302269000050;5210501307000050000;0
234909;5;1;70;28;2021;8;15;7;3;0;7;1;0;0;0;0;0;0;328974,097035088576376;5697437,580868937075138;6,541186291000031;51,402345062000052;5210821518210070000;0
234910;5;9;58;4;2021;8;13;4;2;0;1;1;0;0;0;0;0;0;434412,321489093767013;5695132,949662081897259;8,057084012000075;51,403625573000056;5210825313110990000;0
234911;5;1;17;0;2021;8;14;4;3;6;6;1;0;1;0;0;0;0;352322,672780443972442;5697397,945485659874976;6,876614503000042;51,408548760000031;5210811502407770000;0
234912;5;1;54;60;2021;8;15;1;3;4;6;1;0;0;0;0;0;0;314166,495943696703762;5698754,193719164468348;6,327848768000024;51,409513855000057;5210822515210990000;0
234913;5;9;74;44;2021;7;17;5;2;0;7;1;0;0;0;0;1;0;454692,953150807064958;5697061,931975028477609;8,348375566000072;51,422952499000075;5210715316400670000;1
234914;5;1;13;0;2021;8;11;2;3;0;7;1;0;0;0;0;0;0;367195,527284131851047;5698893,219051767140627;7,089769514000068;51,425664804000064;5210816502243680000;0
234915;5;1;17;0;2021;7;12;6;2;0;7;1;0;0;0;0;0;0;352357,099025596224237;5699750,365285649895668;6,876129263000053;51,429695797000079;5210716502408070000;0
234916;5;9;11;0;2021;8;12;1;2;0;1;1;0;0;0;0;0;0;380791,037155770696700;5702662,553820115514100;7,283955147000029;51,462565712000071;5210808300300640000;0
234917;5;1;12;0;2021;8;15;4;3;0;7;1;1;0;0;0;0;0;348332,266913577972446;5703922,622168550267816;6,816487643000073;51,466121791000035;5210825501127570000;0
234918;5;7;62;36;2021;7;13;7;3;8;6;1;0;0;0;1;0;0;509011,797438256966416;5702984,418157387524843;9,129766557000039;51,477945653000063;5210724407317500000;0
234919;5;9;78;12;2021;8;11;5;3;0;7;1;0;0;0;0;0;0;419125,460998506285250;5703867,401036134921014;7,835362042000042;51,480174106000050;5210826317130980000;0
234920;5;1;70;20;2021;7;16;5;2;4;6;1;1;0;0;0;0;0;326805,968164424004499;5706326,145673451945186;6,505698339000048;51,481535943000040;5210722518300570000;0
234921;5;1;70;20;2021;8;13;4;3;0;7;1;0;1;0;0;0;0;327514,897221445455216;5706573,483045753091574;6,515777040000046;51,483974459000081;5210804518300990000;0
234922;5;1;13;0;2021;7;9;1;3;0;7;1;0;0;0;0;0;0;365583,450611336389557;5706092,060963219963014;7,063859742000034;51,489978315000030;5210718502339860000;0
234923;5;5;13;0;2021;7;12;5;3;6;4;1;0;1;0;0;0;0;369083,135737222619355;5709102,245778706856072;7,113122235000048;51,517851493000080;5210715700000350000;0
234924;5;1;70;20;2021;8;13;6;3;5;3;1;0;0;0;1;0;0;328340,801899971265811;5710512,744373188354075;6,525743459000068;51,519613440000057;5210820518300990000;0
234925;5;7;74;16;2021;7;19;5;3;0;6;1;0;0;0;0;0;0;471369,687440282199532;5709748,572486776858568;8,587189980000062;51,538112617000081;5210715411216480000;0
234926;5;7;62;40;2021;6;17;1;2;0;5;1;1;0;0;0;0;0;507536,158079057815485;5710812,826839192770422;9,108685318000028;51,548357873000043;5210606407000290000;0
234927;5;5;62;4;2021;8;19;4;3;0;7;1;0;1;0;0;0;0;383158,147988090058789;5715216,201387227512896;7,313851913000065;51,575889136000058;5210811701800410000;1
234928;5;7;74;28;2021;7;12;7;2;8;1;1;0;0;0;0;0;0;497401,647295865463093;5715047,189961558207870;8,962495611000065;51,586476015000073;5210724411128270000;0
234929;5;9;78;8;2021;8;15;1;3;0;7;1;0;0;0;0;0;0;413484,210634240647778;5716075,121874229982495;7,751145020000024;51,589081165000039;5210815317230010000;0
234930;5;9;78;24;2021;8;7;5;3;4;6;1;0;0;1;0;0;0;398580,869617284217384;5717837,867836019024253;7,535575866000045;51,602440359000070;5210826301301050000;1
234931;5;5;62;20;2021;8;10;4;2;5;3;1;0;0;0;0;0;0;370930,417175271664746;5719003,514200945384800;7,136095950000026;51,607258094000031;5210818701200860000;1
234932;5;9;78;4;2021;5;14;7;3;0;1;1;0;0;0;0;0;0;403316,258983446285129;5718717,486630568280816;7,603686743000026;51,611180066000031;5210501317220610000;0
234933;5;7;74;16;2021;8;16;1;2;8;1;1;0;0;0;0;0;0;474837,448410318465903;5718682,743483273312449;8,636549005000063;51,618608812000048;5210822411216040000;0
234934;5;1;70;16;2021;7;15;7;2;0;1;1;0;0;0;0;0;0;348690,746015765587799;5721546,323914723470807;6,814066373000060;51,624569011000062;5210731518410570000;0
234935;5;5;62;8;2021;3;11;5;3;5;3;1;0;0;0;1;0;0;383011,648877317667939;5720639,533763693645597;7,309929862000047;51,624601831000064;5210318701910300000;0
234936;5;9;74;48;2021;8;17;1;3;9;1;1;0;0;0;0;0;0;428000,295547861314844;5721041,669381417334080;7,959623410000063;51,635772930000030;5210815316200880000;0
234937;5;5;62;24;2021;7;20;4;3;2;2;1;1;0;0;0;0;0;364547,010071149270516;5722557,070282051339746;7,042595161000065;51,637692060000063;5210728701500060000;1
234938;5;9;74;16;2021;8;14;4;2;5;2;1;0;0;0;0;0;0;455797,743888501892798;5721046,149638941511512;8,361253244000068;51,638684810000029;5210825316300370000;0
234939;5;1;70;48;2021;7;13;1;3;0;7;1;0;0;0;0;0;0;334467,088284469675273;5724306,971231966279447;6,607459378000044;51,645366130000070;5210718518100750000;0
234940;5;1;54;56;2021;7;16;2;3;8;1;1;0;0;0;0;0;0;315066,833582882070914;5725994,096611525863409;6,326476116000038;51,654475154000068;5210726515211660000;0
234941;5;1;70;48;2021;8;22;7;3;3;6;1;0;0;0;0;2;0;331397,998292935779318;5727843,890536468476057;6,561437020000028;51,676227727000025;5210807518100990000;0
234942;5;7;62;16;2021;8;13;1;2;0;1;1;0;0;0;0;0;0;512391,828299153130502;5726569,283865741454065;9,179270100000053;51,689946309000049;5210801407140990000;0
234943;5;1;70;12;2021;6;13;7;3;8;1;1;0;0;0;0;0;0;336080,389188777247909;5730377,571541657671332;6,627907009000069;51,700375498000028;5210612518110550000;0
234944;5;5;62;12;2021;7;6;2;3;0;1;1;0;0;0;0;1;0;361876,821756190620363;5730091,142789139412344;7,001054848000024;51,704743859000075;5210726701610280000;0
234945;5;5;62;16;2021;8;13;7;3;5;3;1;0;0;0;0;0;0;369043,538218536763452;5730498,689440837129951;7,104556992000028;51,710124629000063;5210814701700870000;0
234946;5;7;74;32;2021;7;17;7;3;9;1;1;0;0;0;0;0;0;476799,684169065265451;5728917,588370911777020;8,664211646000069;51,710717888000033;5210703411232090000;0
234947;5;7;74;32;2021;7;14;5;3;5;2;1;1;0;0;0;0;0;487081,861492114607245;5728933,888370120897889;8,813028313000075;51,711195480000072;5210722411132990000;0
234948;5;9;74;28;2021;7;15;7;3;0;7;1;0;0;0;0;0;0;458883,140490668127313;5729283,890630782581866;8,404866216000073;51,712984151000057;5210717316300070000;0
234949;5;7;74;32;2021;7;13;7;2;5;1;1;1;0;0;0;0;0;489543,301088204840198;5729384,121728674508631;8,848640489000047;51,715294980000067;5210717411133990000;0
234950;5;9;15;0;2021;7;17;7;3;5;3;1;1;0;0;0;0;0;421230,435929831874091;5730427,805489951744676;7,859703213000046;51,719243930000061;5210703303100570000;0
234951;5;7;74;32;2021;8;17;7;2;0;7;1;0;0;0;0;0;0;480319,871479616616853;5729916,778323984704912;8,715103678000048;51,719836438000073;5210821411132290000;0
234952;5;1;70;12;2021;8;15;1;2;8;1;1;0;0;0;0;0;0;340074,723325391067192;5734255,278759509325027;6,683877785000050;51,736365363000061;5210815518110440000;0
234953;5;5;58;24;2021;7;17;1;3;0;1;1;0;0;0;0;0;0;393703,692604243755341;5733746,525982111692429;7,460337606000053;51,744531471000073;5210725706300080000;0
234954;5;5;70;4;2021;8;22;5;2;8;1;1;0;0;0;0;2;0;422642,566518488514703;5733900,583957707509398;7,879369511000050;51,750659550000080;5210812711215800000;0
234955;5;1;70;12;2021;8;12;4;3;3;2;1;1;0;0;0;0;0;331688,448986740026157;5736201,301334798336029;6,561597441000060;51,751391640000065;5210825518110990000;0
234956;5;7;62;16;2021;7;18;3;2;9;1;1;0;0;0;0;0;0;515536,973299767472781;5735513,839770369231701;9,225169191000020;51,770291291000035;5210720407144770000;0
234957;5;1;54;44;2021;8;18;7;3;3;6;1;0;0;0;0;0;0;321726,088529636617750;5740878,339392744004726;6,415021873000057;51,790320299000030;5210821515111580000;0
234958;5;7;54;32;2021;7;23;1;3;0;1;1;0;0;0;0;2;0;464447,748750086408108;5740366,155393199995160;8,484271639000042;51,813004651000028;5210725405232990000;0
234959;5;5;54;48;2021;5;14;5;2;0;6;1;0;0;0;0;0;0;343000,486954185529612;5743745,906394682824612;6,721921779000070;51,822458150000045;5210513705000600000;0
234960;5;5;58;44;2021;7;20;3;3;0;7;1;0;0;0;0;0;0;392853,184893531608395;5743782,056106828153133;7,444923681000034;51,834568560000037;5210720706300990000;0
234961;5;7;62;32;2021;7;14;1;3;0;1;1;0;0;0;0;0;0;506139,219071962987073;5743142,287523816339672;9,089107918000025;51,839062518000048;5210725407220170000;1
234962;5;5;54;12;2021;8;18;5;3;4;1;1;0;0;0;0;0;0;353455,307330153300427;5745765,894516083411872;6,872650033000070;51,843447428000047;5210812705000990000;0
234963;5;1;54;8;2021;8;12;6;2;0;7;1;0;0;0;0;0;0;304735,888953184883576;5749887,193874571472406;6,163893660000042;51,865550886000051;5210827515111990000;1
234964;5;5;54;48;2021;8;0;1;3;9;1;1;0;0;0;0;2;0;342555,074105017352849;5748706,377135433256626;6,713206123000020;51,866897886000061;5210822705000360000;1
234965;5;5;58;16;2021;7;16;5;3;8;6;1;0;0;0;1;0;0;377437,677463152387645;5748024,355915153399110;7,219795603000023;51,869523606000030;5210722706100810000;0
234966;5;7;66;20;2021;7;12;2;3;5;3;1;1;0;0;0;0;0;495119,483932305476628;5750280,454883175902069;8,929060648000075;51,903255270000045;5210719404101320000;0
234967;5;5;54;8;2021;8;12;1;2;8;1;1;0;0;0;0;0;0;341522,655520643864293;5753477,328636726364493;6,696032195000043;51,909467160000077;5210808705000990000;1
234968;5;7;66;20;2021;7;13;6;3;0;7;1;0;0;0;0;0;0;489100,018777452351060;5754034,750130840577185;8,841447824000056;51,936925059000032;5210730404101480000;0
234969;5;5;70;52;2021;8;18;3;2;2;2;1;0;0;0;0;0;0;430898,728948950592894;5756426,000280536711216;7,994447131000072;51,954237979000027;5210824711111580000;0
234970;5;7;54;16;2021;8;14;3;3;8;7;1;0;0;0;0;0;0;449019,837071091169491;5757482,644354431889951;8,257958207000058;51,965694052000060;5210831405116980000;0
234971;5;5;54;16;2021;8;13;1;3;5;3;1;1;0;0;0;0;0;367142,595367013884243;5760504,283038938418031;7,065532315000041;51,979310920000046;5210801705000990000;1
234972;5;5;15;0;2021;8;17;3;3;4;6;1;0;0;0;0;0;0;405754,440280106849968;5760060,140577986836433;7,627651308000054;51,983210626000073;5210817702100660000;1
234973;5;5;15;0;2021;8;7;2;3;0;7;1;0;0;0;0;0;0;407229,878960674453992;5762127,056212655268610;7,648569984000062;52,002037372000075;5210830702100060000;0
234974;5;7;11;0;2021;7;10;4;3;0;7;1;0;1;0;0;0;0;468204,471635910449550;5761947,665257650427520;8,536773364000055;52,007266112000082;5210721400300200000;0
234975;5;7;11;0;2021;7;10;4;3;0;6;1;0;1;0;0;0;0;468208,105756271281280;5761954,628257282078266;8,536825663000059;52,007328922000056;5210721400300970000;0
234976;5;7;66;44;2021;7;1;1;2;0;1;1;0;0;0;0;2;0;491417,943218911241274;5763462,947394656017423;8,874928636000050;52,021734266000067;5210718404301260000;0
234977;5;5;54;36;2021;8;14;1;3;8;6;1;0;0;0;0;0;0;365762,926276722108014;5765910,121630903333426;7,043338483000070;52,027554643000030;5210815705000340000;0
234978;5;7;66;44;2021;7;8;7;2;0;7;1;0;0;0;0;1;0;494604,971077803056687;5765346,802226885221899;8,921345296000027;52,038711973000034;5210731404301380000;0
234979;5;7;11;0;2021;8;17;4;2;9;1;1;0;0;0;0;0;0;471892,217720507702325;5767106,256408236920834;8,590074387000072;52,053844366000078;5210811400100990000;0
234980;5;7;11;0;2021;8;16;3;3;0;6;1;1;0;0;0;0;0;471789,622293343534693;5767145,342173736542463;8,588574943000026;52,054190559000062;5210831400100260000;0
234981;5;5;54;4;2021;4;15;1;3;4;1;1;1;0;0;0;0;0;362868,262017537665088;5770637,824175210669637;6,999275893000060;52,069326921000027;5210425705000580000;0
234982;5;7;54;52;2021;8;22;3;3;7;7;1;0;0;0;0;2;0;461584,705112373805605;5771898,909534773789346;8,439216106000060;52,096313576000057;5210824405152050000;0
234983;5;5;54;24;2021;8;15;3;3;9;1;1;0;0;0;0;0;0;368556,836272306158207;5776567,835925896652043;7,079932373000076;52,123991818000036;5210831705000990000;0
234984;5;5;66;44;2021;8;10;7;3;5;3;1;0;0;0;1;0;0;426433,227756289998069;5778616,007694276049733;7,924699076000024;52,153137782000044;5210821709800040000;0
234985;5;5;66;44;2021;7;14;4;3;3;6;1;1;0;0;0;0;0;426011,048568802361842;5778855,764987000264227;7,918477178000046;52,155236579000075;5210721709800170000;0
234986;5;5;66;8;2021;8;14;6;3;0;1;1;0;0;0;0;0;0;399940,867174669750966;5780151,289777542464435;7,537135260000071;52,162771752000026;5210806709110570000;1
234987;5;5;66;84;2021;7;13;1;2;7;1;1;0;0;0;0;0;0;383217,985387079068460;5780807,406326605938375;7,292530122000073;52,165383685000052;5210725709300090000;0
234988;5;5;66;40;2021;4;14;2;2;0;1;1;0;0;0;0;0;0;417016,893274813424796;5783801,901981815695763;7,785826508000071;52,198417260000042;5210426709800180000;0
234989;5;7;70;4;2021;8;18;5;2;0;7;1;0;0;0;0;0;0;485957,510724400286563;5783984,747880127280951;8,794504409000069;52,206128806000038;5210812410230280000;0
234990;5;7;70;4;2021;7;15;1;3;0;1;1;0;0;0;0;0;0;487002,178955692215823;5784691,854125538840890;8,809764676000043;52,212511736000067;5210718410230070000;0
234991;5;5;54;20;2021;8;8;7;2;5;3;1;1;0;0;0;0;0;369542,889785543899052;5787594,759277489967644;7,090087404000030;52,223310069000036;5210814705000130000;0
234992;5;7;70;4;2021;7;13;7;3;4;6;1;0;0;0;0;0;0;488654,777718647674192;5786198,507845939137042;8,833901368000056;52,226093941000045;5210703410230580000;0
234993;5;5;66;28;2021;8;15;2;3;5;3;1;1;0;0;0;0;0;416939,677893593674526;5788930,742630654014647;7,783437728000024;52,244506690000037;5210809709700770000;1
234994;5;7;70;4;2021;7;6;3;3;0;1;1;0;0;0;0;0;0;485161,318459500675090;5789941,039360374212265;8,782591693000029;52,259658200000047;5210720410230170000;0
234995;5;7;70;20;2021;8;23;2;3;0;1;1;1;0;0;0;2;0;474751,830004557967186;5798076,355199895799160;8,629470403000028;52,332417950000035;5210809410210130000;0
234996;5;5;66;20;2021;7;14;3;2;0;6;1;0;0;0;0;0;0;405220,131697217351757;5806503,789819903671741;7,606883591000042;52,400556601000062;5210727709000970000;0
234997;5;3;14;0;2021;5;16;7;3;6;4;1;0;1;0;0;0;0;370765,804951556026936;5617302,318883572705090;7,170239515000048;50,693171990000053;5210501600380370000;0
234998;5;3;62;24;2021;8;12;7;3;0;1;1;0;0;0;0;0;0;343257,188040442648344;5644922,962565302848816;6,769247503000031;50,934609898000076;5210821602500680000;0
234999;5;3;15;0;2021;8;7;3;2;4;6;1;0;0;0;0;0;0;353742,813111548952293;5653905,918234699405730;6,914755071000059;51,018090538000081;5210824601410920000;0
235000;5;1;11;0;2021;7;13;1;3;8;1;1;0;0;0;0;0;0;353322,929025552468374;5671892,906421528197825;6,901465161000033;51,179620621000026;5210718500300930000;0
235001;5;1;11;0;2021;8;19;2;3;0;1;1;0;0;0;0;0;0;343170,714826939976774;5676175,122524007223547;6,754460615000028;51,215403092000031;5210809500300560000;1
235002;5;1;12;0;2021;8;20;1;2;0;1;1;0;0;0;0;1;0;347950,266203069186304;5693016,204529637470841;6,815670344000068;51,368021840000040;5210808501321680000;0
235003;5;9;54;32;2021;8;14;4;3;8;1;1;0;0;0;0;0;0;386471,248863069864456;5694609,754054225981236;7,368267354000068;51,391353577000075;5210825310120990000;0
235004;5;9;14;0;2021;8;12;1;3;6;7;1;0;1;0;0;0;0;392611,248999999836087;5695955,623999999836087;7,456074004000072;51,404646399000057;5210801302100880000;0
235005;5;9;74;4;2021;7;18;1;2;0;6;1;1;0;0;0;0;0;451622,601479804608971;5709936,266160408966243;8,302456234000033;51,538453051000033;5210725316300080000;0
235006;5;1;70;48;2021;7;12;1;3;8;1;1;0;0;0;0;0;0;332105,877310124982614;5727032,006387107074261;6,572055666000040;51,669146276000049;5210718518100780000;0
235007;5;9;74;24;2021;7;15;1;3;1;5;1;0;0;0;0;0;0;435513,636974310036749;5727189,390204329043627;8,067038260000061;51,691954286000055;5210718316100080000;0
235008;5;5;15;0;2021;8;20;3;3;0;6;1;0;0;0;0;0;0;405790,726255255867727;5757135,665001995861530;7,628982076000057;51,956930347000082;5210824702100430000;0
235009;5;7;54;48;2021;7;0;4;3;0;1;1;0;0;0;0;2;0;443832,097026029543485;5764930,299678666517138;8,181235345000061;52,032148808000045;5210707405148990000;0
235010;5;3;58;12;2021;8;18;4;3;0;1;1;0;0;0;0;0;0;321587,412518052908126;5611596,661069333553314;6,477318773000036;50,628908855000077;5210825609112830000;0
235011;5;3;82;24;2021;7;17;7;3;0;1;1;0;0;0;0;0;0;372455,735318403574638;5615443,437084281817079;7,194795041000020;50,676836418000050;5210717600120870000;0
235012;5;3;14;0;2021;4;9;2;3;5;2;1;1;0;0;0;0;0;367242,852050539862830;5615566,209300137124956;7,121011604000046;50,676774188000081;5210426600380760000;0
235013;5;3;66;16;2021;8;11;4;3;1;1;1;1;0;0;0;0;0;346314,701264007017016;5617149,401870171539485;6,824357514000042;50,685852056000044;5210825603116170000;0
235014;5;3;58;28;2021;2;13;3;2;0;6;1;0;0;0;1;0;0;319643,153178079344798;5620974,096749978139997;6,445285380000030;50,712558308000041;5210223609128500000;0
235015;5;3;14;0;2021;8;22;4;2;0;1;1;0;0;0;0;2;0;369593,722740309487563;5619951,601976308971643;7,152718035000021;50,716722896000078;5210811600140670000;1
235016;5;9;58;32;2021;7;15;1;3;6;6;1;0;1;0;0;0;0;443464,808313586632721;5689378,761303506791592;8,188126967000073;51,352864294000028;5210725313121110000;0
235017;5;1;58;28;2021;8;9;5;3;0;1;1;0;0;0;0;0;0;347340,072910439630505;5686352,073091877624393;6,809768044000066;51,307978305000063;5210805516320890000;1
235018;5;1;11;0;2021;7;12;5;2;0;7;1;0;0;0;0;0;0;353301,877802733797580;5675091,259198103100061;6,899857489000055;51,208356123000044;5210722500300540000;0